name,TIME,axes.mach.l.p[X],axes.mach.l.p[Y],axes.mach.l.v[X],axes.mach.l.v[Y],axes.mach.d.p[X],axes.mach.s.p[X],axes.mach.s.p[Y],axes.mach.f.p[X],axes.mach.f.p[Y],axes.mach.f.v[X],axes.mach.f.v[Y]
units,sec,mm,mm,mm/min,mm/min,mm,mm,mm,mm,mm,mm/min,mm/min
0,   0.000000,     101.849243,       2.121320,       0.000000,       0.000000,     101.640753,     101.640753,       2.121320,     101.640753,       2.121320,       0.000000,       0.000000
1,   0.381000,     101.849243,       2.121320,       0.000000,       0.000000,     101.640753,     101.640753,       2.121320,     101.640753,       2.121320,       0.000000,       0.000000
2,   0.382000,     101.849243,       2.121320,       0.000000,       0.000000,     101.640753,     101.640753,       2.121320,     101.640753,       2.121320,      -0.000000,       0.000000
3,   0.383000,     101.849243,       2.121320,       0.000000,       0.000000,     101.640753,     101.640753,       2.121320,     101.640753,       2.121320,       0.000000,       0.000000
4,   0.387000,     101.849243,       2.121320,       0.000000,       0.000000,     101.640753,     101.640753,       2.121320,     101.640753,       2.121320,       0.000000,       0.000000
5,   0.388000,     101.849250,       2.121326,       1.050000,       1.050000,     101.640753,     101.640753,       2.121320,     101.640753,       2.121320,       0.000000,       0.000000
6,   0.389000,     101.849288,       2.121367,       4.200000,       4.200000,     101.640753,     101.640753,       2.121326,     101.640753,       2.121320,       0.000000,       0.000000
7,   0.390000,     101.849400,       2.121478,       9.450000,       9.450000,     101.640798,     101.640798,       2.121367,     101.640753,       2.121326,       0.000347,       0.000350
8,   0.391000,     101.849616,       2.121694,      16.800000,      16.800000,     101.640902,     101.640902,       2.121478,     101.640798,       2.121367,       0.002426,       0.002450
9,   0.392000,     101.849973,       2.122049,      26.250001,      26.250001,     101.641119,     101.641119,       2.121694,     101.640902,       2.121478,       0.006584,       0.006650
10,   0.393000,     101.850502,       2.122580,      37.800001,      37.800001,     101.641469,     101.641469,       2.122049,     101.641119,       2.121694,       0.012820,       0.012950
11,   0.394000,     101.851240,       2.123321,      51.450001,      51.450001,     101.641998,     101.641998,       2.122580,     101.641469,       2.122049,       0.021137,       0.021350
12,   0.395000,     101.852231,       2.124307,      67.200002,      67.200002,     101.642728,     101.642728,       2.123321,     101.641998,       2.122580,       0.031532,       0.031850
13,   0.396000,     101.853497,       2.125573,      85.049998,      85.049998,     101.643704,     101.643704,       2.124307,     101.642728,       2.123321,       0.044005,       0.044450
14,   0.397000,     101.855077,       2.127154,     105.000003,     105.000003,     101.644963,     101.644963,       2.125573,     101.643704,       2.124307,       0.058559,       0.059150
15,   0.398000,     101.857007,       2.129084,     127.049997,     127.049997,     101.646528,     101.646528,       2.127154,     101.644963,       2.125573,       0.075191,       0.075950
16,   0.399000,     101.859324,       2.131400,     151.200006,     151.200006,     101.648435,     101.648435,       2.129084,     101.646528,       2.127154,       0.093901,       0.094850
17,   0.400000,     101.862058,       2.134136,     177.450003,     177.450003,     101.650730,     101.650730,       2.131400,     101.648435,       2.129084,       0.114692,       0.115850
18,   0.401000,     101.865247,       2.137327,     205.800002,     205.800002,     101.653434,     101.653434,       2.134136,     101.650730,       2.131400,       0.137560,       0.138950
19,   0.402000,     101.868927,       2.141008,     236.250004,     236.250004,     101.656593,     101.656593,       2.137327,     101.653434,       2.134136,       0.162508,       0.164150
20,   0.403000,     101.873137,       2.145214,     268.800007,     268.800007,     101.660244,     101.660244,       2.141008,     101.656593,       2.137327,       0.189535,       0.191450
21,   0.404000,     101.877898,       2.149980,     303.450013,     303.450013,     101.664402,     101.664402,       2.145214,     101.660244,       2.141008,       0.218641,       0.220850
22,   0.405000,     101.883262,       2.155340,     340.199992,     340.199992,     101.669125,     101.669125,       2.149980,     101.664402,       2.145214,       0.249826,       0.252350
23,   0.406000,     101.889253,       2.161331,     379.050002,     379.050002,     101.674430,     101.674430,       2.155340,     101.669125,       2.149980,       0.283091,       0.285950
24,   0.407000,     101.895906,       2.167987,     420.000013,     420.000013,     101.680361,     101.680361,       2.161331,     101.674430,       2.155340,       0.318433,       0.321650
25,   0.408000,     101.903267,       2.175343,     463.049999,     463.049999,     101.686947,     101.686947,       2.167987,     101.680361,       2.161331,       0.355855,       0.359450
26,   0.409000,     101.911359,       2.183434,     508.199986,     508.199986,     101.694234,     101.694234,       2.175343,     101.686947,       2.167987,       0.395357,       0.399350
27,   0.410000,     101.920217,       2.192294,     555.450004,     555.450004,     101.702243,     101.702243,       2.183434,     101.694234,       2.175343,       0.436936,       0.441350
28,   0.411000,     101.929881,       2.201960,     604.800023,     604.800023,     101.711012,     101.711012,       2.192294,     101.702243,       2.183434,       0.480596,       0.485450
29,   0.412000,     101.940386,       2.212466,     656.249989,     656.249989,     101.720586,     101.720586,       2.201960,     101.711012,       2.192294,       0.526333,       0.531650
30,   0.413000,     101.951770,       2.223847,     709.800012,     709.800012,     101.730987,     101.730987,       2.212466,     101.720586,       2.201960,       0.574150,       0.579950
31,   0.414000,     101.964056,       2.236138,     765.449982,     765.449982,     101.742253,     101.742253,       2.223847,     101.729944,       2.211416,       0.561642,       0.567315
32,   0.415000,     101.977289,       2.249368,     821.973346,     821.973346,     101.754420,     101.754420,       2.236138,     101.741023,       2.222604,       0.664584,       0.671296
33,   0.416000,     101.991445,       2.263526,     876.513440,     876.513440,     101.767518,     101.767518,       2.249368,     101.753078,       2.234784,       0.723526,       0.730835
34,   0.417000,     102.006495,       2.278574,     928.953476,     928.953476,     101.781532,     101.781532,       2.263526,     101.766072,       2.247910,       0.779662,       0.787537
35,   0.418000,     102.022402,       2.294479,     979.293510,     979.293510,     101.796433,     101.796433,       2.278574,     101.779990,       2.261964,       0.834798,       0.843230
36,   0.419000,     102.039129,       2.311205,    1027.533598,    1027.533598,     101.812176,     101.812176,       2.294479,     101.794787,       2.276913,       0.887971,       0.896941
37,   0.420000,     102.056637,       2.328718,    1073.673628,    1073.673628,     101.828739,     101.828739,       2.311205,     101.810440,       2.292722,       0.939077,       0.948563
38,   0.421000,     102.074906,       2.346983,    1117.713712,    1117.713712,     101.846077,     101.846077,       2.328718,     101.826906,       2.309357,       0.988105,       0.998086
39,   0.422000,     102.093883,       2.365964,    1159.653738,    1159.653738,     101.864159,     101.864159,       2.346983,     101.844154,       2.326782,       1.035054,       1.045509
40,   0.423000,     102.113545,       2.385626,    1199.493818,    1199.493818,     101.882949,     101.882949,       2.365964,     101.862155,       2.344963,       1.079924,       1.090833
41,   0.424000,     102.133855,       2.405935,    1237.233840,    1237.233840,     101.902410,     101.902410,       2.385626,     101.880871,       2.363864,       1.122716,       1.134056
42,   0.425000,     102.154776,       2.426856,    1272.873916,    1272.873916,     101.922520,     101.922520,       2.405935,     101.900257,       2.383450,       1.163428,       1.175179
43,   0.426000,     102.176271,       2.448353,    1306.414045,    1306.414045,     101.943232,     101.943232,       2.426856,     101.920292,       2.403687,       1.202061,       1.214203
44,   0.427000,     102.198310,       2.470391,    1337.854005,    1337.854005,     101.964511,     101.964511,       2.448353,     101.940937,       2.424539,       1.238615,       1.251126
45,   0.428000,     102.220856,       2.492936,    1367.194131,    1367.194131,     101.986334,     101.986334,       2.470391,     101.962157,       2.445971,       1.273090,       1.285950
46,   0.429000,     102.243878,       2.515953,    1394.434199,    1394.434199,     102.008648,     102.008648,       2.492936,     101.983912,       2.467949,       1.305486,       1.318673
47,   0.430000,     102.267325,       2.539406,    1419.574209,    1419.574209,     102.031440,     102.031440,       2.515953,     102.006175,       2.490438,       1.335803,       1.349297
48,   0.431000,     102.291182,       2.563260,    1442.614272,    1442.614272,     102.054656,     102.054656,       2.539406,     102.028906,       2.513401,       1.364042,       1.377820
49,   0.432000,     102.315404,       2.587481,    1463.554278,    1463.554278,     102.078274,     102.078274,       2.563260,     102.052078,       2.536805,       1.390201,       1.404243
50,   0.433000,     102.339953,       2.612034,    1482.394338,    1482.394338,     102.102250,     102.102250,       2.587481,     102.075651,       2.560615,       1.414281,       1.428567
51,   0.434000,     102.364808,       2.636883,    1499.134451,    1499.134451,     102.126554,     102.126554,       2.612034,     102.099590,       2.584795,       1.436282,       1.450790
52,   0.435000,     102.389917,       2.661993,    1513.774507,    1513.774507,     102.151155,     102.151155,       2.636883,     102.123857,       2.609310,       1.456204,       1.470913
53,   0.436000,     102.415249,       2.687330,    1526.314616,    1526.314616,     102.176018,     102.176018,       2.661993,     102.148429,       2.634125,       1.474047,       1.488937
54,   0.437000,     102.440782,       2.712859,    1536.754668,    1536.754668,     102.201097,     102.201097,       2.687330,     102.173254,       2.659206,       1.489812,       1.504860
55,   0.438000,     102.466464,       2.738544,    1545.094661,    1545.094661,     102.226377,     102.226377,       2.712859,     102.198318,       2.684518,       1.503497,       1.518684
56,   0.439000,     102.492273,       2.764350,    1551.334709,    1551.334709,     102.251798,     102.251798,       2.738544,     102.223568,       2.710025,       1.515103,       1.530407
57,   0.440000,     102.518164,       2.790243,    1555.474810,    1555.474810,     102.277346,     102.277346,       2.764350,     102.248974,       2.735692,       1.524630,       1.540030
58,   0.441000,     102.544107,       2.816188,    1557.514854,    1557.514854,     102.302983,     102.302983,       2.790243,     102.274515,       2.761484,       1.532078,       1.547554
59,   0.442000,     102.570072,       2.842149,    1557.454951,    1557.454951,     102.328666,     102.328666,       2.816188,     102.300137,       2.787367,       1.537447,       1.552977
60,   0.443000,     102.596015,       2.868091,    1555.294991,    1555.294991,     102.354370,     102.354370,       2.842149,     102.325812,       2.813305,       1.540738,       1.556301
61,   0.444000,     102.621906,       2.893980,    1551.034972,    1551.034972,     102.380052,     102.380052,       2.868091,     102.351516,       2.839264,       1.541949,       1.557524
62,   0.445000,     102.647699,       2.919781,    1544.675119,    1544.675119,     102.405682,     102.405682,       2.893980,     102.377199,       2.865208,       1.541081,       1.556647
63,   0.446000,     102.673382,       2.945458,    1536.215097,    1536.215097,     102.431223,     102.431223,       2.919781,     102.402836,       2.891103,       1.538134,       1.553671
64,   0.447000,     102.698900,       2.970976,    1525.655240,    1525.655240,     102.456644,     102.456644,       2.945458,     102.428384,       2.916913,       1.533108,       1.548594
65,   0.448000,     102.724224,       2.996301,    1512.995213,    1512.995213,     102.481909,     102.481909,       2.970976,     102.453820,       2.942603,       1.526003,       1.541417
66,   0.449000,     102.749318,       3.021398,    1498.235352,    1498.235352,     102.506980,     102.506980,       2.996301,     102.479100,       2.968139,       1.516820,       1.532141
67,   0.450000,     102.774151,       3.046231,    1481.375322,    1481.375322,     102.531828,     102.531828,       3.021398,     102.504194,       2.993485,       1.505557,       1.520764
68,   0.451000,     102.798685,       3.070765,    1462.415457,    1462.415457,     102.556407,     102.556407,       3.046231,     102.529064,       3.018606,       1.492215,       1.507288
69,   0.452000,     102.822885,       3.094966,    1441.355422,    1441.355422,     102.580704,     102.580704,       3.070765,     102.553673,       3.043468,       1.476794,       1.491711
70,   0.453000,     102.846719,       3.118799,    1418.195553,    1418.195553,     102.604657,     102.604657,       3.094966,     102.577999,       3.068035,       1.459294,       1.474035
71,   0.454000,     102.870151,       3.142228,    1392.935626,    1392.935626,     102.628253,     102.628253,       3.118799,     102.601990,       3.092273,       1.439715,       1.454258
72,   0.455000,     102.893144,       3.165218,    1365.575641,    1365.575641,     102.651447,     102.651447,       3.142228,     102.625631,       3.116146,       1.418057,       1.432381
73,   0.456000,     102.915660,       3.187735,    1336.115710,    1336.115710,     102.674209,     102.674209,       3.165218,     102.648869,       3.139619,       1.394321,       1.408405
74,   0.457000,     102.937669,       3.209744,    1304.555722,    1304.555722,     102.696501,     102.696501,       3.187735,     102.671675,       3.162658,       1.368505,       1.382328
75,   0.458000,     102.959134,       3.231209,    1270.895787,    1270.895787,     102.718286,     102.718286,       3.209744,     102.694020,       3.185228,       1.340610,       1.354151
76,   0.459000,     102.980018,       3.252095,    1235.135905,    1235.135905,     102.739543,     102.739543,       3.231209,     102.715865,       3.207292,       1.310636,       1.323875
77,   0.460000,     103.000291,       3.272368,    1197.275966,    1197.275966,     102.760218,     102.760218,       3.252095,     102.737173,       3.228817,       1.278583,       1.291498
78,   0.461000,     103.019916,       3.291993,    1157.315969,    1157.315969,     102.780290,     102.780290,       3.272368,     102.757916,       3.249767,       1.244451,       1.257022
79,   0.462000,     103.038855,       3.310934,    1115.256026,    1115.256026,     102.799714,     102.799714,       3.291993,     102.778047,       3.270108,       1.208241,       1.220445
80,   0.463000,     103.057079,       3.329156,    1071.096137,    1071.096137,     102.818467,     102.818467,       3.310934,     102.797545,       3.289804,       1.169951,       1.181768
81,   0.464000,     103.074551,       3.346625,    1024.836190,    1024.836190,     102.836505,     102.836505,       3.329156,     102.816373,       3.308821,       1.129582,       1.140992
82,   0.465000,     103.091225,       3.363306,     976.476185,     976.476185,     102.853805,     102.853805,       3.346625,     102.834493,       3.327123,       1.087134,       1.098115
83,   0.466000,     103.107087,       3.379163,     926.016290,     926.016290,     102.870315,     102.870315,       3.363306,     102.851868,       3.344675,       1.042607,       1.053139
84,   0.467000,     103.122085,       3.394161,     873.456337,     873.456337,     102.886014,     102.886014,       3.379163,     102.868468,       3.361443,       0.996001,       1.006062
85,   0.468000,     103.136189,       3.408266,     818.796381,     818.796381,     102.900863,     102.900863,       3.394161,     102.884263,       3.377391,       0.947316,       0.956885
86,   0.469000,     103.149362,       3.421443,     762.216523,     762.216523,     102.914825,     102.914825,       3.408266,     102.899201,       3.392484,       0.896553,       0.905609
87,   0.470000,     103.161603,       3.433681,     706.686359,     706.686359,     102.927871,     102.927871,       3.421443,     102.913260,       3.406688,       0.843710,       0.852232
88,   0.471000,     103.172936,       3.445011,     653.256252,     653.256252,     102.939986,     102.939986,       3.433681,     102.926411,       3.419968,       0.788804,       0.796771
89,   0.472000,     103.183389,       3.455468,     601.926148,     601.926148,     102.951206,     102.951206,       3.445011,     102.938630,       3.432310,       0.733121,       0.740526
90,   0.473000,     103.193007,       3.465087,     552.696045,     552.696045,     102.961555,     102.961555,       3.455468,     102.949947,       3.443741,       0.679011,       0.685869
91,   0.474000,     103.201821,       3.473903,     505.565945,     505.565945,     102.971077,     102.971077,       3.465087,     102.960393,       3.454295,       0.626929,       0.633262
92,   0.475000,     103.209876,       3.481951,     460.535819,     460.535819,     102.979809,     102.979809,       3.473903,     102.970012,       3.464008,       0.576921,       0.582749
93,   0.476000,     103.217185,       3.489266,     417.605694,     417.605694,     102.987774,     102.987774,       3.481951,     102.979809,       3.473903,       0.587769,       0.593706
94,   0.477000,     103.223808,       3.495883,     376.775600,     376.775600,     102.995016,     102.995016,       3.489266,     102.987774,       3.481951,       0.478047,       0.482876
95,   0.478000,     103.229761,       3.501837,     338.045480,     338.045480,     103.001565,     103.001565,       3.495883,     102.995016,       3.489266,       0.434507,       0.438896
96,   0.479000,     103.235081,       3.507162,     301.415361,     301.415361,     103.007458,     103.007458,       3.501837,     103.001565,       3.495883,       0.393045,       0.397016
97,   0.480000,     103.239819,       3.511895,     266.885245,     266.885245,     103.012733,     103.012733,       3.507162,     103.007458,       3.501837,       0.353663,       0.357236
98,   0.481000,     103.243992,       3.516070,     234.455131,     234.455131,     103.017420,     103.017420,       3.511895,     103.012733,       3.507162,       0.316360,       0.319555
99,   0.482000,     103.247643,       3.519722,     204.125019,     204.125019,     103.021555,     103.021555,       3.516070,     103.017420,       3.511895,       0.281136,       0.283975
100,   0.483000,     103.250809,       3.522886,     175.894909,     175.894909,     103.025168,     103.025168,       3.519722,     103.021555,       3.516070,       0.247990,       0.250495
101,   0.484000,     103.253521,       3.525597,     149.764786,     149.764786,     103.028297,     103.028297,       3.522886,     103.025168,       3.519722,       0.216924,       0.219115
102,   0.485000,     103.255808,       3.527890,     125.734680,     125.734680,     103.030987,     103.030987,       3.525597,     103.028297,       3.522886,       0.187937,       0.189835
103,   0.486000,     103.257723,       3.529800,     103.804562,     103.804562,     103.033252,     103.033252,       3.527890,     103.030987,       3.525597,       0.161028,       0.162655
104,   0.487000,     103.259280,       3.531362,      83.974446,      83.974446,     103.035145,     103.035145,       3.529800,     103.033252,       3.527890,       0.136199,       0.137575
105,   0.488000,     103.260532,       3.532611,      66.244332,      66.244332,     103.036694,     103.036694,       3.531362,     103.035145,       3.529800,       0.113449,       0.114595
106,   0.489000,     103.261501,       3.533582,      50.614220,      50.614220,     103.037931,     103.037931,       3.532611,     103.036694,       3.531362,       0.092777,       0.093715
107,   0.490000,     103.262231,       3.534310,      37.084107,      37.084107,     103.038892,     103.038892,       3.533582,     103.037931,       3.532611,       0.074185,       0.074934
108,   0.491000,     103.262752,       3.534829,      25.653992,      25.653992,     103.039607,     103.039607,       3.534310,     103.038892,       3.533582,       0.057672,       0.058254
109,   0.492000,     103.263095,       3.535176,      16.323879,      16.323879,     103.040121,     103.040121,       3.534829,     103.039607,       3.534310,       0.043237,       0.043674
110,   0.493000,     103.263304,       3.535385,       9.093764,       9.093764,     103.040464,     103.040464,       3.535176,     103.040121,       3.534829,       0.030882,       0.031194
111,   0.494000,     103.263415,       3.535491,       3.963650,       3.963650,     103.040673,     103.040673,       3.535385,     103.040464,       3.535176,       0.020606,       0.020814
112,   0.495000,     103.263453,       3.535529,       0.933536,       0.933536,     103.040777,     103.040777,       3.535491,     103.040673,       3.535385,       0.012408,       0.012534
113,   0.496000,     103.263453,       3.535534,       0.000000,       0.000000,     103.040814,     103.040814,       3.535529,     103.040777,       3.535491,       0.006290,       0.006354
114,   0.497000,     103.263453,       3.535534,       0.000000,       0.000000,     103.040822,     103.040822,       3.535534,     103.040814,       3.535529,       0.002251,       0.002274
115,   0.498000,     103.263453,       3.535534,       0.000000,       0.000000,     103.040822,     103.040822,       3.535534,     103.040822,       3.535534,       0.000290,       0.000293
116,   0.499000,     103.263453,       3.535534,       0.000000,       0.000000,     103.040822,     103.040822,       3.535534,     103.040822,       3.535534,       0.000000,       0.000000
117,   0.500000,     103.263460,       3.535535,       0.212132,       0.212132,     103.040822,     103.040822,       3.535534,     103.040822,       3.535534,       0.000000,       0.000000
118,   0.501000,     103.263468,       3.535543,       0.848528,       0.848528,     103.040822,     103.040822,       3.535535,     103.040822,       3.535534,       0.000000,       0.000000
119,   0.502000,     103.263490,       3.535566,       1.909188,       1.909188,     103.040829,     103.040829,       3.535543,     103.040822,       3.535535,       0.000070,       0.000071
120,   0.503000,     103.263535,       3.535609,       3.394113,       3.394113,     103.040852,     103.040852,       3.535566,     103.040829,       3.535543,       0.000490,       0.000495
121,   0.504000,     103.263602,       3.535681,       5.303301,       5.303301,     103.040896,     103.040896,       3.535609,     103.040852,       3.535566,       0.001330,       0.001344
122,   0.505000,     103.263713,       3.535789,       7.636753,       7.636753,     103.040971,     103.040971,       3.535681,     103.040896,       3.535609,       0.002590,       0.002616
123,   0.506000,     103.263862,       3.535938,      10.394470,      10.394470,     103.041075,     103.041075,       3.535789,     103.040971,       3.535681,       0.004270,       0.004313
124,   0.507000,     103.264056,       3.536137,      13.576451,      13.576451,     103.041224,     103.041224,       3.535938,     103.041075,       3.535789,       0.006370,       0.006435
125,   0.508000,     103.264317,       3.536393,      17.182695,      17.182695,     103.041418,     103.041418,       3.536137,     103.041224,       3.535938,       0.008890,       0.008980
126,   0.509000,     103.264637,       3.536712,      21.213203,      21.213203,     103.041671,     103.041671,       3.536393,     103.041418,       3.536137,       0.011831,       0.011950
127,   0.510000,     103.265025,       3.537103,      25.667975,      25.667975,     103.041992,     103.041992,       3.536712,     103.041671,       3.536393,       0.015191,       0.015344
128,   0.511000,     103.265494,       3.537570,      30.547011,      30.547011,     103.042372,     103.042372,       3.537103,     103.041992,       3.536712,       0.018971,       0.019163
129,   0.512000,     103.266045,       3.538123,      35.850315,      35.850315,     103.042841,     103.042841,       3.537570,     103.042372,       3.537103,       0.023171,       0.023405
130,   0.513000,     103.266686,       3.538768,      41.577879,      41.577879,     103.043385,     103.043385,       3.538123,     103.042841,       3.537570,       0.027791,       0.028072
131,   0.514000,     103.267431,       3.539511,      47.729707,      47.729707,     103.044026,     103.044026,       3.538768,     103.043385,       3.538123,       0.032832,       0.033163
132,   0.515000,     103.268281,       3.540361,      54.305802,      54.305802,     103.044756,     103.044756,       3.539511,     103.044026,       3.538768,       0.038292,       0.038679
133,   0.516000,     103.269249,       3.541324,      61.306155,      61.306155,     103.045598,     103.045598,       3.540361,     103.044756,       3.539511,       0.044172,       0.044618
134,   0.517000,     103.270330,       3.542407,      68.730782,      68.730782,     103.046551,     103.046551,       3.541324,     103.045598,       3.540361,       0.050473,       0.050982
135,   0.518000,     103.271537,       3.543617,      76.579666,      76.579666,     103.047624,     103.047624,       3.542407,     103.046551,       3.541324,       0.057193,       0.057771
136,   0.519000,     103.272885,       3.544962,      84.852814,      84.852814,     103.048824,     103.048824,       3.543617,     103.047624,       3.542407,       0.064333,       0.064983
137,   0.520000,     103.274368,       3.546448,      93.550226,      93.550226,     103.050157,     103.050157,       3.544962,     103.048824,       3.543617,       0.071894,       0.072620
138,   0.521000,     103.276007,       3.548083,     102.671902,     102.671902,     103.051625,     103.051625,       3.546448,     103.050157,       3.544962,       0.079874,       0.080681
139,   0.522000,     103.277795,       3.549873,     112.217849,     112.217849,     103.053242,     103.053242,       3.548083,     103.051625,       3.546448,       0.088275,       0.089166
140,   0.523000,     103.279747,       3.551826,     122.188046,     122.188046,     103.055015,     103.055015,       3.549873,     103.053242,       3.548083,       0.097095,       0.098076
141,   0.524000,     103.281870,       3.553948,     132.582528,     132.582528,     103.056952,     103.056952,       3.551826,     103.055015,       3.549873,       0.106335,       0.107410
142,   0.525000,     103.284173,       3.556247,     143.401260,     143.401260,     103.059053,     103.059053,       3.553948,     103.056952,       3.551826,       0.115996,       0.117168
143,   0.526000,     103.286654,       3.558730,     154.644256,     154.644256,     103.061326,     103.061326,       3.556247,     103.059053,       3.553948,       0.126076,       0.127350
144,   0.527000,     103.289329,       3.561405,     166.311515,     166.311515,     103.063785,     103.063785,       3.558730,     103.061326,       3.556247,       0.136577,       0.137957
145,   0.528000,     103.292197,       3.564277,     178.403039,     178.403039,     103.066437,     103.066437,       3.561405,     103.063785,       3.558730,       0.147498,       0.148987
146,   0.529000,     103.295274,       3.567354,     190.918827,     190.918827,     103.069276,     103.069276,       3.564277,     103.066437,       3.561405,       0.158838,       0.160443
147,   0.530000,     103.298567,       3.570643,     203.858879,     203.858879,     103.072323,     103.072323,       3.567354,     103.069276,       3.564277,       0.170599,       0.172322
148,   0.531000,     103.302076,       3.574151,     217.223209,     217.223209,     103.075579,     103.075579,       3.570643,     103.072323,       3.567354,       0.182779,       0.184626
149,   0.532000,     103.305809,       3.577886,     231.011789,     231.011789,     103.079051,     103.079051,       3.574151,     103.075579,       3.570643,       0.195380,       0.197354
150,   0.533000,     103.309773,       3.581854,     245.224619,     245.224619,     103.082754,     103.082754,       3.577886,     103.079051,       3.574151,       0.208401,       0.210506
151,   0.534000,     103.313982,       3.586062,     259.861741,     259.861741,     103.086680,     103.086680,       3.581854,     103.082754,       3.577886,       0.221841,       0.224082
152,   0.535000,     103.318438,       3.590519,     274.923127,     274.923127,     103.090845,     103.090845,       3.586062,     103.086680,       3.581854,       0.235702,       0.238083
153,   0.536000,     103.323154,       3.595229,     290.397936,     290.397936,     103.095256,     103.095256,       3.590519,     103.090845,       3.586062,       0.249983,       0.252508
154,   0.537000,     103.328116,       3.600198,     305.748079,     305.748079,     103.099920,     103.099920,       3.595229,     103.095256,       3.590519,       0.264684,       0.267357
155,   0.538000,     103.333339,       3.605418,     320.673957,     320.673957,     103.104837,     103.104837,       3.600198,     103.099920,       3.595229,       0.279804,       0.282630
156,   0.539000,     103.338808,       3.610884,     335.175572,     335.175572,     103.110008,     103.110008,       3.605418,     103.104837,       3.600198,       0.295127,       0.298108
157,   0.540000,     103.344508,       3.616588,     349.252922,     349.252922,     103.115417,     103.115417,       3.610884,     103.110008,       3.605418,       0.310114,       0.313246
158,   0.541000,     103.350446,       3.622524,     362.906009,     362.906009,     103.121065,     103.121065,       3.616588,     103.115417,       3.610884,       0.324681,       0.327960
159,   0.542000,     103.356607,       3.628683,     376.134831,     376.134831,     103.126943,     103.126943,       3.622524,     103.121065,       3.616588,       0.338827,       0.342250
160,   0.543000,     103.362978,       3.635059,     388.939390,     388.939390,     103.133038,     103.133038,       3.628683,     103.126943,       3.622524,       0.352554,       0.356115
161,   0.544000,     103.369564,       3.641645,     401.319684,     401.319684,     103.139348,     103.139348,       3.635059,     103.133038,       3.628683,       0.365860,       0.369556
162,   0.545000,     103.376359,       3.648434,     413.275715,     413.275715,     103.145875,     103.145875,       3.641645,     103.139348,       3.635059,       0.378747,       0.382572
163,   0.546000,     103.383340,       3.655419,     424.807454,     424.807454,     103.152595,     103.152595,       3.648434,     103.145875,       3.641645,       0.391213,       0.395165
164,   0.547000,     103.390515,       3.662592,     435.914956,     435.914956,     103.159510,     103.159510,       3.655419,     103.152595,       3.648434,       0.403260,       0.407333
165,   0.548000,     103.397869,       3.669947,     446.598195,     446.598195,     103.166610,     103.166610,       3.662592,     103.159510,       3.655419,       0.414886,       0.419077
166,   0.549000,     103.405401,       3.677476,     456.857169,     456.857169,     103.173889,     103.173889,       3.669947,     103.166610,       3.662592,       0.426093,       0.430397
167,   0.550000,     103.413098,       3.685173,     466.691880,     466.691880,     103.181347,     103.181347,       3.677476,     103.173889,       3.669947,       0.436879,       0.441292
168,   0.551000,     103.420950,       3.693030,     476.102326,     476.102326,     103.188962,     103.188962,       3.685173,     103.181347,       3.677476,       0.447245,       0.451763
169,   0.552000,     103.428960,       3.701041,     485.088509,     485.088509,     103.196740,     103.196740,       3.693030,     103.188962,       3.685173,       0.457192,       0.461810
170,   0.553000,     103.437118,       3.709198,     493.650399,     493.650399,     103.204675,     103.204675,       3.701041,     103.196740,       3.693030,       0.466718,       0.471432
171,   0.554000,     103.445418,       3.717493,     501.788054,     501.788054,     103.212751,     103.212751,       3.709198,     103.204675,       3.701041,       0.475824,       0.480631
172,   0.555000,     103.453845,       3.725922,     509.501472,     509.501472,     103.220962,     103.220962,       3.717493,     103.212751,       3.709198,       0.484511,       0.489405
173,   0.556000,     103.462398,       3.734475,     516.790599,     516.790599,     103.229307,     103.229307,       3.725922,     103.220962,       3.717493,       0.492777,       0.497755
174,   0.557000,     103.471071,       3.743145,     523.655433,     523.655433,     103.237770,     103.237770,       3.734475,     103.229307,       3.725922,       0.500623,       0.505680
175,   0.558000,     103.479847,       3.751927,     530.096032,     530.096032,     103.246354,     103.246354,       3.743145,     103.237770,       3.734475,       0.508050,       0.513181
176,   0.559000,     103.488736,       3.760813,     536.112394,     536.112394,     103.255048,     103.255048,       3.751927,     103.246354,       3.743145,       0.515056,       0.520258
177,   0.560000,     103.497714,       3.769795,     541.704465,     541.704465,     103.263848,     103.263848,       3.760813,     103.255048,       3.751927,       0.521642,       0.526911
178,   0.561000,     103.506789,       3.778867,     546.872243,     546.872243,     103.272744,     103.272744,       3.769795,     103.263848,       3.760813,       0.527808,       0.533140
179,   0.562000,     103.515945,       3.788022,     551.615786,     551.615786,     103.281721,     103.281721,       3.778867,     103.272744,       3.769795,       0.533554,       0.538944
180,   0.563000,     103.525177,       3.797252,     555.935036,     555.935036,     103.290781,     103.290781,       3.788022,     103.281721,       3.778867,       0.538880,       0.544324
181,   0.564000,     103.534475,       3.806551,     559.830051,     559.830051,     103.299923,     103.299923,       3.797252,     103.290781,       3.788022,       0.543787,       0.549279
182,   0.565000,     103.543833,       3.815911,     563.300829,     563.300829,     103.309125,     103.309125,       3.806551,     103.299923,       3.797252,       0.548273,       0.553811
183,   0.566000,     103.553250,       3.825325,     566.347316,     566.347316,     103.318393,     103.318393,       3.815911,     103.309125,       3.806551,       0.552339,       0.557918
184,   0.567000,     103.562705,       3.834787,     568.969510,     568.969510,     103.327714,     103.327714,       3.825325,     103.318393,       3.815911,       0.555985,       0.561601
185,   0.568000,     103.572212,       3.844289,     571.167469,     571.167469,     103.337079,     103.337079,       3.834787,     103.327714,       3.825325,       0.559211,       0.564859
186,   0.569000,     103.581749,       3.853823,     572.941191,     572.941191,     103.346489,     103.346489,       3.844289,     103.337079,       3.834787,       0.562017,       0.567694
187,   0.570000,     103.591308,       3.863384,     574.290622,     574.290622,     103.355929,     103.355929,       3.853823,     103.346489,       3.844289,       0.564403,       0.570104
188,   0.571000,     103.600889,       3.872964,     575.215761,     575.215761,     103.365391,     103.365391,       3.863384,     103.355929,       3.853823,       0.566369,       0.572090
189,   0.572000,     103.610478,       3.882556,     575.716663,     575.716663,     103.374876,     103.374876,       3.872964,     103.365391,       3.863384,       0.567915,       0.573651
190,   0.573000,     103.620075,       3.892152,     575.793274,     575.793274,     103.384376,     103.384376,       3.882556,     103.374876,       3.872964,       0.569041,       0.574789
191,   0.574000,     103.629671,       3.901746,     575.445648,     575.445648,     103.393875,     103.393875,       3.892152,     103.384376,       3.882556,       0.569747,       0.575502
192,   0.575000,     103.639252,       3.911331,     574.673787,     574.673787,     103.403375,     103.403375,       3.901746,     103.393875,       3.892152,       0.570032,       0.575790
193,   0.576000,     103.648819,       3.920900,     573.477633,     573.477633,     103.412859,     103.412859,       3.911331,     103.403375,       3.901746,       0.569898,       0.575655
194,   0.577000,     103.658371,       3.930445,     571.857188,     571.857188,     103.422336,     103.422336,       3.920900,     103.412859,       3.911331,       0.569344,       0.575095
195,   0.578000,     103.667885,       3.939960,     569.812506,     569.812506,     103.431784,     103.431784,       3.930445,     103.422336,       3.920900,       0.568370,       0.574111
196,   0.579000,     103.677355,       3.949436,     567.343533,     567.343533,     103.441201,     103.441201,       3.939960,     103.431784,       3.930445,       0.566976,       0.572703
197,   0.580000,     103.686787,       3.958868,     564.450324,     564.450324,     103.450581,     103.450581,       3.949436,     103.441201,       3.939960,       0.565161,       0.570870
198,   0.581000,     103.696167,       3.968249,     561.132878,     561.132878,     103.459924,     103.459924,       3.958868,     103.450581,       3.949436,       0.562927,       0.568613
199,   0.582000,     103.705496,       3.977571,     557.391141,     557.391141,     103.469208,     103.469208,       3.968249,     103.459924,       3.958868,       0.560273,       0.565932
200,   0.583000,     103.714749,       3.986826,     553.225111,     553.225111,     103.478439,     103.478439,       3.977571,     103.469208,       3.968249,       0.557199,       0.562827
201,   0.584000,     103.723928,       3.996009,     548.634846,     548.634846,     103.487603,     103.487603,       3.986826,     103.478439,       3.977571,       0.553704,       0.559297
202,   0.585000,     103.733033,       4.005112,     543.620288,     543.620288,     103.496693,     103.496693,       3.996009,     103.487603,       3.986826,       0.549790,       0.555343
203,   0.586000,     103.742048,       4.014127,     538.181495,     538.181495,     103.505701,     103.505701,       4.005112,     103.496693,       3.996009,       0.545456,       0.550965
204,   0.587000,     103.750974,       4.023049,     532.318465,     532.318465,     103.514627,     103.514627,       4.014127,     103.505701,       4.005112,       0.540701,       0.546163
205,   0.588000,     103.759788,       4.031869,     526.031144,     526.031144,     103.523463,     103.523463,       4.023049,     103.514627,       4.014127,       0.535527,       0.540936
206,   0.589000,     103.768505,       4.040581,     519.319531,     519.319531,     103.532195,     103.532195,       4.031869,     103.523463,       4.023049,       0.529933,       0.535285
207,   0.590000,     103.777096,       4.049177,     512.183681,     512.183681,     103.540815,     103.540815,       4.040581,     103.532195,       4.031869,       0.523918,       0.529210
208,   0.591000,     103.785574,       4.057651,     504.623540,     504.623540,     103.549331,     103.549331,       4.049177,     103.540815,       4.040581,       0.517484,       0.522711
209,   0.592000,     103.793919,       4.065996,     496.639162,     496.639162,     103.557721,     103.557721,       4.057651,     103.549331,       4.049177,       0.510629,       0.515787
210,   0.593000,     103.802122,       4.074204,     488.230549,     488.230549,     103.565976,     103.565976,       4.065996,     103.557721,       4.057651,       0.503355,       0.508439
211,   0.594000,     103.810191,       4.082268,     479.397643,     479.397643,     103.574105,     103.574105,       4.074204,     103.565976,       4.065996,       0.495660,       0.500667
212,   0.595000,     103.818104,       4.090181,     470.140446,     470.140446,     103.582084,     103.582084,       4.082268,     103.574105,       4.074204,       0.487546,       0.492470
213,   0.596000,     103.825860,       4.097937,     460.459013,     460.459013,     103.589922,     103.589922,       4.090181,     103.582084,       4.082268,       0.479011,       0.483849
214,   0.597000,     103.833452,       4.105527,     450.353315,     450.353315,     103.597604,     103.597604,       4.097937,     103.589922,       4.090181,       0.470056,       0.474804
215,   0.598000,     103.840865,       4.112946,     439.823354,     439.823354,     103.605114,     103.605114,       4.105527,     103.597604,       4.097937,       0.460682,       0.465335
216,   0.599000,     103.848107,       4.120186,     428.869100,     428.869100,     103.612460,     103.612460,       4.112946,     103.605114,       4.105527,       0.450887,       0.455442
217,   0.600000,     103.855163,       4.127239,     417.490611,     417.490611,     103.619628,     103.619628,       4.120186,     103.612460,       4.112946,       0.440672,       0.445124
218,   0.601000,     103.862025,       4.134100,     405.687857,     405.687857,     103.626609,     103.626609,       4.127239,     103.619628,       4.120186,       0.430038,       0.434382
219,   0.602000,     103.868686,       4.140760,     393.460840,     393.460840,     103.633404,     103.633404,       4.134100,     103.626609,       4.127239,       0.418983,       0.423215
220,   0.603000,     103.875138,       4.147213,     380.809559,     380.809559,     103.639998,     103.639998,       4.140760,     103.633404,       4.134100,       0.407508,       0.411625
221,   0.604000,     103.881374,       4.153451,     367.733985,     367.733985,     103.646383,     103.646383,       4.147213,     103.639998,       4.140760,       0.395614,       0.399610
222,   0.605000,     103.887387,       4.159468,     354.234176,     354.234176,     103.652559,     103.652559,       4.153451,     103.646383,       4.147213,       0.383299,       0.387171
223,   0.606000,     103.893176,       4.165257,     340.310102,     340.310102,     103.658520,     103.658520,       4.159468,     103.652559,       4.153451,       0.370564,       0.374307
224,   0.607000,     103.898734,       4.170809,     325.961765,     325.961765,     103.664249,     103.664249,       4.165257,     103.658520,       4.159468,       0.357409,       0.361019
225,   0.608000,     103.904039,       4.176120,     311.189136,     311.189136,     103.669748,     103.669748,       4.170809,     103.664249,       4.165257,       0.343834,       0.347307
226,   0.609000,     103.909105,       4.181180,     295.992270,     295.992270,     103.675000,     103.675000,       4.176120,     103.669748,       4.170809,       0.329840,       0.333171
227,   0.610000,     103.913903,       4.185984,     280.468510,     280.468510,     103.680015,     103.680015,       4.181180,     103.675000,       4.176120,       0.315425,       0.318611
228,   0.611000,     103.918456,       4.190531,     265.253875,     265.253875,     103.684768,     103.684768,       4.185984,     103.680015,       4.181180,       0.300590,       0.303626
229,   0.612000,     103.922747,       4.194828,     250.463476,     250.463476,     103.689268,     103.689268,       4.190531,     103.684768,       4.185984,       0.285350,       0.288233
230,   0.613000,     103.926808,       4.198882,     236.097369,     236.097369,     103.693523,     103.693523,       4.194828,     103.689268,       4.190531,       0.270098,       0.272826
231,   0.614000,     103.930622,       4.202701,     222.155512,     222.155512,     103.697538,     103.697538,       4.198882,     103.693523,       4.194828,       0.255245,       0.257823
232,   0.615000,     103.934214,       4.206290,     208.637933,     208.637933,     103.701316,     103.701316,       4.202701,     103.697538,       4.198882,       0.240813,       0.243245
233,   0.616000,     103.937581,       4.209658,     195.544604,     195.544604,     103.704870,     103.704870,       4.206290,     103.701316,       4.202701,       0.226800,       0.229091
234,   0.617000,     103.940733,       4.212810,     182.875539,     182.875539,     103.708200,     103.708200,       4.209658,     103.704870,       4.206290,       0.213208,       0.215361
235,   0.618000,     103.943676,       4.215755,     170.630752,     170.630752,     103.711322,     103.711322,       4.212810,     103.708200,       4.209658,       0.200035,       0.202056
236,   0.619000,     103.946425,       4.218501,     158.810215,     158.810215,     103.714243,     103.714243,       4.215755,     103.711322,       4.212810,       0.187283,       0.189175
237,   0.620000,     103.948973,       4.221052,     147.413956,     147.413956,     103.716955,     103.716955,       4.218501,     103.714243,       4.215755,       0.174951,       0.176718
238,   0.621000,     103.951335,       4.223417,     136.441947,     136.441947,     103.719480,     103.719480,       4.221052,     103.716955,       4.218501,       0.163038,       0.164685
239,   0.622000,     103.953525,       4.225602,     125.894202,     125.894202,     103.721827,     103.721827,       4.223417,     103.719480,       4.221052,       0.151546,       0.153077
240,   0.623000,     103.955537,       4.227615,     115.770735,     115.770735,     103.723988,     103.723988,       4.225602,     103.721827,       4.223417,       0.140474,       0.141893
241,   0.624000,     103.957385,       4.229464,     106.071518,     106.071518,     103.725985,     103.725985,       4.227615,     103.723988,       4.225602,       0.129821,       0.131133
242,   0.625000,     103.959076,       4.231154,      96.796572,      96.796572,     103.727810,     103.727810,       4.229464,     103.725985,       4.227615,       0.119589,       0.120797
243,   0.626000,     103.960611,       4.232693,      87.945890,      87.945890,     103.729486,     103.729486,       4.231154,     103.727810,       4.229464,       0.109777,       0.110886
244,   0.627000,     103.962012,       4.234087,      79.519472,      79.519472,     103.731006,     103.731006,       4.232693,     103.729486,       4.231154,       0.100385,       0.101399
245,   0.628000,     103.963271,       4.235345,      71.517318,      71.517318,     103.732392,     103.732392,       4.234087,     103.731006,       4.232693,       0.091413,       0.092336
246,   0.629000,     103.964396,       4.236474,      63.939427,      63.939427,     103.733636,     103.733636,       4.235345,     103.732392,       4.234087,       0.082860,       0.083697
247,   0.630000,     103.965402,       4.237479,      56.785801,      56.785801,     103.734754,     103.734754,       4.236474,     103.733636,       4.235345,       0.074728,       0.075483
248,   0.631000,     103.966288,       4.238369,      50.056436,      50.056436,     103.735745,     103.735745,       4.237479,     103.734754,       4.236474,       0.067016,       0.067693
249,   0.632000,     103.967071,       4.239150,      43.751338,      43.751338,     103.736632,     103.736632,       4.238369,     103.735745,       4.237479,       0.059724,       0.060327
250,   0.633000,     103.967749,       4.239830,      37.870504,      37.870504,     103.737399,     103.737399,       4.239150,     103.736632,       4.238369,       0.052852,       0.053386
251,   0.634000,     103.968337,       4.240415,      32.413934,      32.413934,     103.738077,     103.738077,       4.239830,     103.737399,       4.239150,       0.046400,       0.046869
252,   0.635000,     103.968836,       4.240912,      27.381628,      27.381628,     103.738651,     103.738651,       4.240415,     103.738077,       4.239830,       0.040368,       0.040776
253,   0.636000,     103.969254,       4.241330,      22.773586,      22.773586,     103.739142,     103.739142,       4.240912,     103.738651,       4.240415,       0.034756,       0.035107
254,   0.637000,     103.969596,       4.241674,      18.589806,      18.589806,     103.739560,     103.739560,       4.241330,     103.739142,       4.240912,       0.029564,       0.029862
255,   0.638000,     103.969872,       4.241952,      14.830292,      14.830292,     103.739902,     103.739902,       4.241674,     103.739560,       4.241330,       0.024792,       0.025042
256,   0.639000,     103.970096,       4.242171,      11.495042,      11.495042,     103.740178,     103.740178,       4.241952,     103.739902,       4.241674,       0.020440,       0.020646
257,   0.640000,     103.970259,       4.242337,       8.584056,       8.584056,     103.740394,     103.740394,       4.242171,     103.740178,       4.241952,       0.016508,       0.016675
258,   0.641000,     103.970379,       4.242459,       6.097334,       6.097334,     103.740558,     103.740558,       4.242337,     103.740394,       4.242171,       0.012996,       0.013127
259,   0.642000,     103.970468,       4.242543,       4.034876,       4.034876,     103.740677,     103.740677,       4.242459,     103.740558,       4.242337,       0.009904,       0.010004
260,   0.643000,     103.970520,       4.242596,       2.396682,       2.396682,     103.740759,     103.740759,       4.242543,     103.740677,       4.242459,       0.007232,       0.007305
261,   0.644000,     103.970565,       4.242640,       0.000000,       0.000000,     103.740811,     103.740811,       4.242596,     103.740759,       4.242543,       0.004980,       0.005031
262,   0.645000,     103.970565,       4.242640,       0.000000,       0.000000,     103.740856,     103.740856,       4.242640,     103.740811,       4.242596,       0.003149,       0.003180
263,   0.646000,     103.970565,       4.242640,       0.000000,       0.000000,     103.740856,     103.740856,       4.242640,     103.740856,       4.242640,       0.002658,       0.002685
264,   0.647000,     103.970565,       4.242640,       0.000000,       0.000000,     103.740856,     103.740856,       4.242640,     103.740856,       4.242640,       0.000000,       0.000000
265,   0.648000,     103.970565,       4.242640,       0.212132,      -0.212132,     103.740856,     103.740856,       4.242640,     103.740856,       4.242640,       0.000000,       0.000000
266,   0.649000,     103.970572,       4.242631,       0.848524,      -0.848532,     103.740856,     103.740856,       4.242640,     103.740856,       4.242640,       0.000000,       0.000000
267,   0.650000,     103.970595,       4.242609,       1.909160,      -1.909217,     103.740864,     103.740864,       4.242631,     103.740856,       4.242640,       0.000070,      -0.000071
268,   0.651000,     103.970639,       4.242565,       3.393992,      -3.394233,     103.740886,     103.740886,       4.242609,     103.740864,       4.242631,       0.000490,      -0.000495
269,   0.652000,     103.970706,       4.242493,       5.302932,      -5.303669,     103.740931,     103.740931,       4.242565,     103.740886,       4.242609,       0.001330,      -0.001344
270,   0.653000,     103.970818,       4.242386,       7.635837,      -7.637670,     103.741005,     103.741005,       4.242493,     103.740931,       4.242565,       0.002590,      -0.002616
271,   0.654000,     103.970967,       4.242236,      10.392489,     -10.396450,     103.741109,     103.741109,       4.242386,     103.741005,       4.242493,       0.004270,      -0.004314
272,   0.655000,     103.971168,       4.242037,      13.572588,     -13.580311,     103.741258,     103.741258,       4.242236,     103.741109,       4.242386,       0.006370,      -0.006435
273,   0.656000,     103.971422,       4.241781,      17.175735,     -17.189652,     103.741452,     103.741452,       4.242037,     103.741258,       4.242236,       0.008889,      -0.008982
274,   0.657000,     103.971742,       4.241462,      21.201415,     -21.224985,     103.741705,     103.741705,       4.241781,     103.741452,       4.242037,       0.011828,      -0.011953
275,   0.658000,     103.972130,       4.241072,      25.648989,     -25.686950,     103.742026,     103.742026,       4.241462,     103.741705,       4.241781,       0.015186,      -0.015350
276,   0.659000,     103.972599,       4.240603,      30.517675,     -30.576324,     103.742406,     103.742406,       4.241072,     103.742026,       4.241462,       0.018962,      -0.019172
277,   0.660000,     103.973150,       4.240050,      35.806530,     -35.894044,     103.742875,     103.742875,       4.240603,     103.742406,       4.241072,       0.023156,      -0.023420
278,   0.661000,     103.973791,       4.239405,      41.514449,     -41.641215,     103.743419,     103.743419,       4.240050,     103.742875,       4.240603,       0.027768,      -0.028096
279,   0.662000,     103.974536,       4.238660,      47.640132,     -47.819117,     103.744060,     103.744060,       4.239405,     103.743419,       4.240050,       0.032796,      -0.033199
280,   0.663000,     103.975385,       4.237808,      54.182085,     -54.429236,     103.744790,     103.744790,       4.238660,     103.744060,       4.239405,       0.038239,      -0.038732
281,   0.664000,     103.976347,       4.236843,      61.138601,     -61.473262,     103.745632,     103.745632,       4.237808,     103.744790,       4.238660,       0.044097,      -0.044694
282,   0.665000,     103.977427,       4.235757,      68.507732,     -68.953105,     103.746578,     103.746578,       4.236843,     103.745632,       4.237808,       0.050368,      -0.051088
283,   0.666000,     103.978634,       4.234542,      76.287298,     -76.870916,     103.747651,     103.747651,       4.235757,     103.746578,       4.236843,       0.057050,      -0.057915
284,   0.667000,     103.979968,       4.233192,      84.474853,     -85.229098,     103.748843,     103.748843,       4.234542,     103.747651,       4.235757,       0.064141,      -0.065177
285,   0.668000,     103.981450,       4.231698,      93.067673,     -94.030306,     103.750169,     103.750169,       4.233192,     103.748843,       4.234542,       0.071640,      -0.072875
286,   0.669000,     103.983074,       4.230055,     102.062754,    -103.277466,     103.751637,     103.751637,       4.231698,     103.750169,       4.233192,       0.079544,      -0.081013
287,   0.670000,     103.984855,       4.228253,     111.456758,    -112.973806,     103.753246,     103.753246,       4.230055,     103.751637,       4.231698,       0.087850,      -0.089593
288,   0.671000,     103.986792,       4.226286,     121.246059,    -123.122837,     103.755005,     103.755005,       4.228253,     103.753246,       4.230055,       0.096557,      -0.098617
289,   0.672000,     103.988893,       4.224147,     131.426649,    -133.728404,     103.756927,     103.756927,       4.226286,     103.755005,       4.228253,       0.105659,      -0.108088
290,   0.673000,     103.991173,       4.221826,     141.994203,    -144.794625,     103.759006,     103.759006,       4.224147,     103.756927,       4.226286,       0.115155,      -0.118010
291,   0.674000,     103.993632,       4.219318,     152.944000,    -156.326015,     103.761263,     103.761263,       4.221826,     103.759006,       4.224147,       0.125041,      -0.128387
292,   0.675000,     103.996277,       4.216613,     164.270941,    -168.327363,     103.763692,     103.763692,       4.219318,     103.761263,       4.221826,       0.135312,      -0.139223
293,   0.676000,     103.999108,       4.213704,     175.969480,    -180.803854,     103.766315,     103.766315,       4.216613,     103.763692,       4.219318,       0.145963,      -0.150521
294,   0.677000,     104.002140,       4.210583,     188.033679,    -193.761033,     103.769116,     103.769116,       4.213704,     103.766315,       4.216613,       0.156991,      -0.162287
295,   0.678000,     104.005381,       4.207243,     200.457140,    -207.204795,     103.772119,     103.772119,       4.210583,     103.769116,       4.213704,       0.168389,      -0.174526
296,   0.679000,     104.008824,       4.203674,     213.233004,    -221.141414,     103.775322,     103.775322,       4.207243,     103.772119,       4.210583,       0.180152,      -0.187242
297,   0.680000,     104.012489,       4.199869,     226.353896,    -235.577580,     103.778735,     103.778735,       4.203674,     103.775322,       4.207243,       0.192274,      -0.200442
298,   0.681000,     104.016371,       4.195819,     239.811977,    -250.520362,     103.782363,     103.782363,       4.199869,     103.778735,       4.203674,       0.204748,      -0.214132
299,   0.682000,     104.020484,       4.191515,     253.598839,    -265.977206,     103.786208,     103.786208,       4.195819,     103.782363,       4.199869,       0.217567,      -0.228318
300,   0.683000,     104.024827,       4.186950,     267.705554,    -281.955991,     103.790283,     103.790283,       4.191515,     103.786208,       4.195819,       0.230725,      -0.243006
301,   0.684000,     104.029410,       4.182113,     282.122595,    -298.464959,     103.794582,     103.794582,       4.186950,     103.790283,       4.191515,       0.244212,      -0.258206
302,   0.685000,     104.034238,       4.176998,     296.839820,    -315.512856,     103.799120,     103.799120,       4.182113,     103.794582,       4.186950,       0.258020,      -0.273923
303,   0.686000,     104.039304,       4.171594,     311.846528,    -333.108734,     103.803895,     103.803895,       4.176998,     103.799120,       4.182113,       0.272140,      -0.290166
304,   0.687000,     104.044631,       4.165891,     327.131320,    -351.262148,     103.808910,     103.808910,       4.171594,     103.803895,       4.176998,       0.286562,      -0.306944
305,   0.688000,     104.050212,       4.159882,     342.682125,    -369.983045,     103.814185,     103.814185,       4.165891,     103.808910,       4.171594,       0.301276,      -0.324265
306,   0.689000,     104.056053,       4.153555,     358.486203,    -389.281735,     103.819713,     103.819713,       4.159882,     103.814185,       4.165891,       0.316272,      -0.342139
307,   0.690000,     104.062162,       4.146902,     374.530088,    -409.169029,     103.825495,     103.825495,       4.153555,     103.819713,       4.159882,       0.331536,      -0.360575
308,   0.691000,     104.068540,       4.139913,     390.799502,    -429.656133,     103.831545,     103.831545,       4.146902,     103.825495,       4.153555,       0.347058,      -0.379584
309,   0.692000,     104.075193,       4.132577,     407.279469,    -450.754585,     103.837855,     103.837855,       4.139913,     103.831545,       4.146902,       0.362824,      -0.399176
310,   0.693000,     104.082115,       4.124884,     423.954120,    -472.476427,     103.844441,     103.844441,       4.132577,     103.837855,       4.139913,       0.378820,      -0.419362
311,   0.694000,     104.089327,       4.116824,     440.806802,    -494.833980,     103.851296,     103.851296,       4.124884,     103.844441,       4.132577,       0.395032,      -0.440154
312,   0.695000,     104.096815,       4.108386,     457.819970,    -517.840069,     103.858434,     103.858434,       4.116824,     103.851296,       4.124884,       0.411445,      -0.461563
313,   0.696000,     104.104586,       4.099559,     474.975128,    -541.507825,     103.865847,     103.865847,       4.108386,     103.858434,       4.116824,       0.428043,      -0.483602
314,   0.697000,     104.112647,       4.090332,     492.252968,    -565.850716,     103.873536,     103.873536,       4.099559,     103.865847,       4.108386,       0.444808,      -0.506282
315,   0.698000,     104.120992,       4.080694,     509.633012,    -590.882655,     103.881516,     103.881516,       4.090332,     103.873536,       4.099559,       0.461723,      -0.529618
316,   0.699000,     104.129635,       4.070632,     527.093913,    -616.617724,     103.889786,     103.889786,       4.080694,     103.881516,       4.090332,       0.478769,      -0.553622
317,   0.700000,     104.138561,       4.060136,     544.613265,    -643.070508,     103.898339,     103.898339,       4.070632,     103.889786,       4.080694,       0.495926,      -0.578309
318,   0.701000,     104.147784,       4.049192,     562.167484,    -670.255758,     103.907175,     103.907175,       4.060136,     103.898339,       4.071638,       0.513174,      -0.543322
319,   0.702000,     104.157306,       4.037790,     579.731986,    -698.188394,     103.916310,     103.916310,       4.049192,     103.907175,       4.061286,       0.530491,      -0.621138
320,   0.703000,     104.167111,       4.025915,     597.280953,    -726.883840,     103.925727,     103.925727,       4.037790,     103.916310,       4.050402,       0.547855,      -0.653055
321,   0.704000,     104.177214,       4.013556,     614.787340,    -756.357461,     103.935443,     103.935443,       4.025915,     103.925727,       4.039051,       0.565240,      -0.681049
322,   0.705000,     104.187608,       4.000699,     632.222928,    -786.624961,     103.945442,     103.945442,       4.013556,     103.935443,       4.027229,       0.582624,      -0.709330
323,   0.706000,     104.198284,       3.987330,     649.558157,    -817.702040,     103.955731,     103.955731,       4.000699,     103.945442,       4.014923,       0.599978,      -0.738333
324,   0.707000,     104.209259,       3.973437,     666.762181,    -849.604737,     103.966303,     103.966303,       3.987330,     103.954703,       4.002121,       0.555549,      -0.768115
325,   0.708000,     104.220510,       3.959006,     683.802757,    -882.348865,     103.977166,     103.977166,       3.973437,     103.965141,       3.988810,       0.626597,      -0.798697
326,   0.709000,     104.232050,       3.944021,     700.646192,    -915.950406,     103.988305,     103.988305,       3.959006,     103.975959,       3.974975,       0.649091,      -0.830095
327,   0.710000,     104.243867,       3.928469,     717.257392,    -950.425342,     103.999726,     103.999726,       3.944021,     103.987068,       3.960603,       0.666599,      -0.862325
328,   0.711000,     104.255952,       3.912335,     733.599756,    -985.789485,     104.011424,     104.011424,       3.928469,     103.998460,       3.945679,       0.683448,      -0.895402
329,   0.712000,     104.268312,       3.895605,     749.635119,   -1022.058427,     104.023397,     104.023397,       3.912335,     104.010127,       3.930190,       0.700039,      -0.929343
330,   0.713000,     104.280941,       3.878262,     765.323639,   -1059.247814,     104.035631,     104.035631,       3.895605,     104.022071,       3.914121,       0.716382,      -0.964164
331,   0.714000,     104.293823,       3.860291,     780.623965,   -1097.372845,     104.048133,     104.048133,       3.878262,     104.034275,       3.897456,       0.732444,      -0.999880
332,   0.715000,     104.306959,       3.841677,     795.493070,   -1136.448272,     104.060888,     104.060888,       3.860291,     104.046747,       3.880181,       0.748186,      -1.036506
333,   0.716000,     104.320340,       3.822404,     809.886027,   -1176.488623,     104.073890,     104.073890,       3.841677,     104.059473,       3.862280,       0.763569,      -1.074059
334,   0.717000,     104.333952,       3.802455,     823.756233,   -1217.507981,     104.087137,     104.087137,       3.822404,     104.072452,       3.843738,       0.778551,      -1.112554
335,   0.718000,     104.347795,       3.781815,     837.055352,   -1259.519532,     104.100615,     104.100615,       3.802455,     104.085669,       3.824537,       0.793088,      -1.152004
336,   0.719000,     104.361854,       3.760466,     849.733092,   -1302.536242,     104.114316,     104.114316,       3.781815,     104.099117,       3.804664,       0.807137,      -1.192425
337,   0.720000,     104.376115,       3.738391,     861.737207,   -1346.569955,     104.128234,     104.128234,       3.760466,     104.112796,       3.784100,       0.820650,      -1.233830
338,   0.721000,     104.390569,       3.715575,     873.013660,   -1391.631737,     104.142353,     104.142353,       3.738391,     104.126692,       3.762829,       0.833577,      -1.276232
339,   0.722000,     104.405209,       3.691998,     883.506183,   -1437.731870,     104.156666,     104.156666,       3.715575,     104.140788,       3.740835,       0.845870,      -1.319644
340,   0.723000,     104.420014,       3.667644,     893.156771,   -1484.879404,     104.171157,     104.171157,       3.691998,     104.155079,       3.718101,       0.857475,      -1.364078
341,   0.724000,     104.434974,       3.642496,     901.905131,   -1533.082165,     104.185820,     104.185820,       3.667644,     104.169548,       3.694608,       0.868337,      -1.409543
342,   0.725000,     104.450077,       3.616536,     909.689069,   -1582.346633,     104.200624,     104.200624,       3.642496,     104.184188,       3.670341,       0.878402,      -1.456051
343,   0.726000,     104.465291,       3.589745,     916.444045,   -1632.678062,     104.215577,     104.215577,       3.616536,     104.198985,       3.645281,       0.887610,      -1.503608
344,   0.727000,     104.480617,       3.562107,     922.103617,   -1684.079804,     104.230642,     104.230642,       3.589745,     104.213916,       3.619410,       0.895900,      -1.552224
345,   0.728000,     104.496025,       3.533603,     926.598944,   -1736.553870,     104.245812,     104.245812,       3.562107,     104.228966,       3.592712,       0.903211,      -1.601903
346,   0.729000,     104.511499,       3.504216,     929.825250,   -1790.034547,     104.261063,     104.261063,       3.533603,     104.244128,       3.565168,       0.909478,      -1.652651
347,   0.730000,     104.527012,       3.473935,     931.322817,   -1843.736842,     104.276381,     104.276381,       3.504216,     104.259372,       3.536760,       0.914634,      -1.704470
348,   0.731000,     104.542531,       3.442758,     930.946805,   -1897.408515,     104.291737,     104.291737,       3.473935,     104.274683,       3.507471,       0.918606,      -1.757354
349,   0.732000,     104.558028,       3.410688,     928.673688,   -1951.018050,     104.307108,     104.307108,       3.442758,     104.290031,       3.477288,       0.921140,      -1.810934
350,   0.733000,     104.573473,       3.377725,     924.481340,   -2004.531473,     104.322448,     104.322448,       3.410688,     104.305401,       3.446212,       0.921895,      -1.864612
351,   0.734000,     104.588836,       3.343871,     918.349363,   -2057.913020,     104.337744,     104.337744,       3.377725,     104.320742,       3.414240,       0.920792,      -1.918259
352,   0.735000,     104.604073,       3.309129,     910.258871,   -2111.124694,     104.352944,     104.352944,       3.343871,     104.336038,       3.381377,       0.917803,      -1.971832
353,   0.736000,     104.619168,       3.273502,     900.192820,   -2164.126262,     104.368038,     104.368038,       3.309129,     104.351260,       3.347622,       0.912906,      -2.025295
354,   0.737000,     104.634069,       3.236993,     888.135955,   -2216.875702,     104.382977,     104.382977,       3.273502,     104.366355,       3.312978,       0.906082,      -2.078611
355,   0.738000,     104.648761,       3.199607,     874.074753,   -2269.328535,     104.397729,     104.397729,       3.236993,     104.381315,       3.277449,       0.897312,      -2.131741
356,   0.739000,     104.663193,       3.161350,     857.997872,   -2321.439162,     104.412273,     104.412273,       3.199607,     104.396090,       3.241038,       0.886580,      -2.184645
357,   0.740000,     104.677349,       3.122228,     839.895755,   -2373.159751,     104.426563,     104.426563,       3.161350,     104.410656,       3.203750,       0.873872,      -2.237280
358,   0.741000,     104.691185,       3.082247,     819.761083,   -2424.440905,     104.440577,     104.440577,       3.122228,     104.424976,       3.165590,       0.859176,      -2.289601
359,   0.742000,     104.704663,       3.041416,     797.588490,   -2475.231439,     104.454271,     104.454271,       3.082247,     104.439013,       3.126564,       0.842480,      -2.341561
360,   0.743000,     104.717754,       2.999743,     773.375072,   -2525.478825,     104.467615,     104.467615,       3.041416,     104.452744,       3.086679,       0.823776,      -2.393111
361,   0.744000,     104.730427,       2.957237,     747.119989,   -2575.128973,     104.480579,     104.480579,       2.999743,     104.466125,       3.045943,       0.803058,      -2.444202
362,   0.745000,     104.742646,       2.913909,     718.824863,   -2624.126896,     104.493126,     104.493126,       2.957237,     104.479134,       3.004363,       0.780322,      -2.494782
363,   0.746000,     104.754381,       2.869770,     688.493662,   -2672.415823,     104.505226,     104.505226,       2.913909,     104.491726,       2.961949,       0.755564,      -2.544799
364,   0.747000,     104.765587,       2.824833,     656.132810,   -2719.938308,     104.516834,     104.516834,       2.869770,     104.503870,       2.918713,       0.728786,      -2.594196
365,   0.748000,     104.776241,       2.779110,     621.751193,   -2766.635343,     104.527935,     104.527935,       2.824833,     104.515538,       2.874664,       0.699990,      -2.642919
366,   0.749000,     104.786299,       2.732616,     585.360322,   -2812.447920,     104.538478,     104.538478,       2.779110,     104.526691,       2.829816,       0.669180,      -2.690911
367,   0.750000,     104.795739,       2.685367,     546.974335,   -2857.315242,     104.548439,     104.548439,       2.732616,     104.537301,       2.784180,       0.636365,      -2.738113
368,   0.751000,     104.804523,       2.637378,     506.609939,   -2901.176736,     104.557782,     104.557782,       2.685367,     104.547322,       2.737773,       0.601553,      -2.784467
369,   0.752000,     104.812615,       2.588667,     464.286581,   -2943.970934,     104.566477,     104.566477,       2.637378,     104.556739,       2.690607,       0.564758,      -2.829913
370,   0.753000,     104.819991,       2.539252,     420.026360,   -2985.636145,     104.574494,     104.574494,       2.588667,     104.566477,       2.642701,       0.584438,      -2.874391
371,   0.754000,     104.826607,       2.489152,     373.854199,   -3026.110008,     104.581788,     104.581788,       2.539252,     104.574494,       2.594070,       0.480755,      -2.917838
372,   0.755000,     104.832441,       2.438389,     325.797731,   -3065.330610,     104.588337,     104.588337,       2.489152,     104.581788,       2.544734,       0.437894,      -2.960194
373,   0.756000,     104.837455,       2.386982,     275.887437,   -3103.235811,     104.594119,     104.594119,       2.438389,     104.588337,       2.494710,       0.393128,      -3.001397
374,   0.757000,     104.841627,       2.334955,     224.156566,   -3139.763474,     104.599081,     104.599081,       2.386982,     104.594119,       2.444021,       0.346482,      -3.041384
375,   0.758000,     104.844920,       2.282331,     170.641174,   -3174.851909,     104.603209,     104.603209,       2.334955,     104.599081,       2.392686,       0.297986,      -3.080094
376,   0.759000,     104.847305,       2.229135,     115.380145,   -3208.440095,     104.606472,     104.606472,       2.282331,     104.603209,       2.340728,       0.247671,      -3.117465
377,   0.760000,     104.848757,       2.175392,      58.415174,   -3240.467235,     104.608834,     104.608834,       2.229135,     104.606472,       2.288171,       0.195571,      -3.153434
378,   0.761000,     104.849242,       2.121128,      -0.209251,   -3270.873204,     104.610264,     104.610264,       2.175392,     104.608834,       2.235039,       0.141723,      -3.187940
379,   0.762000,     104.848742,       2.066372,     -60.445857,   -3299.599215,     104.610749,     104.610749,       2.121128,     104.610264,       2.181357,       0.086167,      -3.220922
380,   0.763000,     104.847223,       2.011152,    -122.244610,   -3326.587155,     104.610249,     104.610249,       2.066372,     104.610749,       2.127151,       0.028947,      -3.252319
381,   0.764000,     104.844660,       1.955496,    -185.552747,   -3351.779804,     104.608744,     104.608744,       2.011152,     104.610249,       2.072450,      -0.029893,      -3.282073
382,   0.765000,     104.841024,       1.899436,    -250.314809,   -3375.121951,     104.606211,     104.606211,       1.955496,     104.608744,       2.017281,      -0.090305,      -3.310124
383,   0.766000,     104.836307,       1.843002,    -316.472696,   -3396.559507,     104.602613,     104.602613,       1.899436,     104.606211,       1.961674,      -0.152237,      -3.336414
384,   0.767000,     104.830466,       1.786228,    -383.965708,   -3416.039497,     104.597941,     104.597941,       1.843002,     104.602613,       1.905660,      -0.215637,      -3.360888
385,   0.768000,     104.823500,       1.729146,    -452.730563,   -3433.511183,     104.592167,     104.592167,       1.786228,     104.597941,       1.849268,      -0.280447,      -3.383490
386,   0.769000,     104.815371,       1.671789,    -522.701573,   -3448.925838,     104.585260,     104.585260,       1.729146,     104.592167,       1.792532,      -0.346609,      -3.404167
387,   0.770000,     104.806066,       1.614193,    -593.810510,   -3462.236077,     104.577221,     104.577221,       1.671789,     104.585260,       1.735484,      -0.414062,      -3.422867
388,   0.771000,     104.795575,       1.556393,    -665.986966,   -3473.397419,     104.568005,     104.568005,       1.614193,     104.577221,       1.678159,      -0.482742,      -3.439540
389,   0.772000,     104.783863,       1.498425,    -739.158131,   -3482.366949,     104.557618,     104.557618,       1.556393,     104.568005,       1.620590,      -0.552582,      -3.454136
390,   0.773000,     104.770929,       1.440327,    -813.249182,   -3489.104658,     104.546025,     104.546025,       1.498425,     104.558654,       1.562813,      -0.561163,      -3.466612
391,   0.774000,     104.756750,       1.382134,    -888.183117,   -3493.572548,     104.533218,     104.533218,       1.440327,     104.547285,       1.504864,      -0.682037,      -3.476921
392,   0.775000,     104.741320,       1.323887,    -963.880979,   -3495.735750,     104.519181,     104.519181,       1.382134,     104.534626,       1.446780,      -0.759736,      -3.485023
393,   0.776000,     104.724616,       1.265623,   -1040.262021,   -3495.561853,     104.503907,     104.503907,       1.323887,     104.520731,       1.388599,      -0.833902,      -3.490879
394,   0.777000,     104.706638,       1.207381,   -1117.243655,   -3493.021354,     104.487374,     104.487374,       1.265623,     104.505584,       1.330358,      -0.908431,      -3.494451
395,   0.778000,     104.687370,       1.149202,   -1194.741838,   -3488.087431,     104.469575,     104.469575,       1.207381,     104.489192,       1.272096,      -0.983641,      -3.495705
396,   0.779000,     104.666814,       1.091125,   -1272.670738,   -3480.737060,     104.450502,     104.450502,       1.149202,     104.471534,       1.213853,      -1.059491,      -3.494612
397,   0.780000,     104.644947,       1.033191,   -1350.943409,   -3470.949233,     104.430147,     104.430147,       1.091125,     104.452603,       1.155667,      -1.135904,      -3.491141
398,   0.781000,     104.621775,       0.975441,   -1429.471672,   -3458.707184,     104.408503,     104.408503,       1.033191,     104.432389,       1.097579,      -1.212794,      -3.485267
399,   0.782000,     104.597300,       0.917915,   -1508.166119,   -3443.996832,     104.385562,     104.385562,       0.975441,     104.410887,       1.039630,      -1.290077,      -3.476969
400,   0.783000,     104.571506,       0.860654,   -1586.936451,   -3426.807895,     104.361326,     104.361326,       0.917915,     104.388095,       0.981860,      -1.367667,      -3.466227
401,   0.784000,     104.544401,       0.803701,   -1665.691584,   -3407.133222,     104.335792,     104.335792,       0.860654,     104.364000,       0.924309,      -1.445475,      -3.453025
402,   0.785000,     104.515985,       0.747097,   -1744.339652,   -3384.969234,     104.308955,     104.308955,       0.803701,     104.338616,       0.867020,      -1.523413,      -3.437351
403,   0.786000,     104.486257,       0.690883,   -1822.788678,   -3360.315934,     104.280822,     104.280822,       0.747097,     104.311921,       0.810033,      -1.601392,      -3.419195
404,   0.787000,     104.455225,       0.635100,   -1900.945902,   -3333.176896,     104.251392,     104.251392,       0.690883,     104.283936,       0.753391,      -1.679319,      -3.398552
405,   0.788000,     104.422897,       0.579791,   -1978.718564,   -3303.559273,     104.220673,     104.220673,       0.635100,     104.254648,       0.697134,      -1.757106,      -3.375420
406,   0.789000,     104.389273,       0.524995,   -2056.014016,   -3271.474019,     104.188666,     104.188666,       0.579791,     104.224071,       0.641304,      -1.834659,      -3.349800
407,   0.790000,     104.354367,       0.470755,   -2132.739723,   -3236.935884,     104.155377,     104.155377,       0.524995,     104.192205,       0.585942,      -1.911889,      -3.321697
408,   0.791000,     104.318187,       0.417111,   -2208.803371,   -3199.962527,     104.120821,     104.120821,       0.470755,     104.159065,       0.531090,      -1.988701,      -3.291119
409,   0.792000,     104.280740,       0.364103,   -2284.112871,   -3160.576522,     104.084998,     104.084998,       0.417111,     104.124643,       0.476789,      -2.065006,      -3.258080
410,   0.793000,     104.242049,       0.311772,   -2358.577698,   -3118.803129,     104.047932,     104.047932,       0.364103,     104.088970,       0.423079,      -2.140711,      -3.222594
411,   0.794000,     104.202129,       0.260156,   -2432.106882,   -3074.671626,     104.009628,     104.009628,       0.311772,     104.052037,       0.370001,      -2.215725,      -3.184682
412,   0.795000,     104.160987,       0.209296,   -2504.611462,   -3028.215095,     103.970103,     103.970103,       0.260156,     104.013875,       0.317595,      -2.289957,      -3.144367
413,   0.796000,     104.118645,       0.159229,   -2576.003373,   -2979.469746,     103.929378,     103.929378,       0.209296,     103.974484,       0.265900,      -2.363318,      -3.101676
414,   0.797000,     104.075126,       0.109993,   -2646.195665,   -2928.476036,     103.887461,     103.887461,       0.159229,     103.933886,       0.214956,      -2.435719,      -3.056640
415,   0.798000,     104.030445,       0.061625,   -2715.102956,   -2875.277326,     103.844374,     103.844374,       0.109993,     103.892103,       0.164801,      -2.507072,      -3.009292
416,   0.799000,     103.984632,       0.014162,   -2782.641426,   -2819.921002,     103.800140,     103.800140,       0.061625,     103.849150,       0.115473,      -2.577289,      -2.959672
417,   0.800000,     103.937700,      -0.032361,   -2848.729491,   -2762.457579,     103.754781,     103.754781,       0.014162,     103.805043,       0.067010,      -2.646286,      -2.907820
418,   0.801000,     103.889681,      -0.077909,   -2913.286909,   -2702.940479,     103.708327,     103.708327,      -0.032361,     103.759810,       0.019447,      -2.713978,      -2.853781
419,   0.802000,     103.840597,      -0.122448,   -2976.235896,   -2641.427368,     103.660785,     103.660785,      -0.077909,     103.713475,      -0.027180,      -2.780284,      -2.797604
420,   0.803000,     103.790484,      -0.165945,   -3037.501127,   -2577.978149,     103.612192,     103.612192,      -0.122448,     103.666052,      -0.072836,      -2.845123,      -2.739342
421,   0.804000,     103.739358,      -0.208370,   -3097.009063,   -2512.656301,     103.562579,     103.562579,      -0.165945,     103.617579,      -0.117486,      -2.908417,      -2.679047
422,   0.805000,     103.687257,      -0.249691,   -3154.689297,   -2445.527986,     103.511967,     103.511967,      -0.208370,     103.568077,      -0.161099,      -2.970089,      -2.616780
423,   0.806000,     103.634216,      -0.289878,   -3210.473880,   -2376.662716,     103.460386,     103.460386,      -0.249691,     103.517577,      -0.203643,      -3.030066,      -2.552601
424,   0.807000,     103.580251,      -0.328903,   -3264.297768,   -2306.132242,     103.407875,     103.407875,      -0.289878,     103.466108,      -0.245086,      -3.088277,      -2.486576
425,   0.808000,     103.525415,      -0.366740,   -3316.098377,   -2234.010994,     103.354454,     103.354454,      -0.328903,     103.413694,      -0.285399,      -3.144651,      -2.418771
426,   0.809000,     103.469729,      -0.403362,   -3365.816921,   -2160.376087,     103.300162,     103.300162,      -0.366740,     103.360377,      -0.324553,      -3.199124,      -2.349257
427,   0.810000,     103.413232,      -0.438745,   -3413.397074,   -2085.307091,     103.245035,     103.245035,      -0.403362,     103.306182,      -0.362521,      -3.251631,      -2.278107
428,   0.811000,     103.355959,      -0.472865,   -3458.913714,   -2008.958682,     103.189103,     103.189103,      -0.438745,     103.251144,      -0.399278,      -3.302113,      -2.205396
429,   0.812000,     103.297949,      -0.505704,   -3502.699658,   -1931.604445,     103.132404,     103.132404,      -0.472865,     103.195302,      -0.434798,      -3.350512,      -2.131201
430,   0.813000,     103.239216,      -0.537247,   -3544.755802,   -1853.296012,     103.074968,     103.074968,      -0.505704,     103.138693,      -0.469058,      -3.396800,      -2.055621
431,   0.814000,     103.179798,      -0.567476,   -3585.061580,   -1774.072610,     103.016824,     103.016824,      -0.537247,     103.081338,      -0.502040,      -3.441206,      -1.978889
432,   0.815000,     103.119723,      -0.596377,   -3623.596877,   -1693.973131,     102.958001,     102.958001,      -0.567476,     103.023276,      -0.533726,      -3.483891,      -1.901164
433,   0.816000,     103.059024,      -0.623937,   -3660.343140,   -1613.037139,     102.898523,     102.898523,      -0.596377,     102.964528,      -0.564101,      -3.524854,      -1.822499
434,   0.817000,     102.997720,      -0.650141,   -3695.281595,   -1531.304531,     102.838427,     102.838427,      -0.623937,     102.905124,      -0.593150,      -3.564075,      -1.742935
435,   0.818000,     102.935851,      -0.674976,   -3728.395477,   -1448.815875,     102.777742,     102.777742,      -0.650141,     102.845103,      -0.620858,      -3.601536,      -1.662509
436,   0.819000,     102.873452,      -0.698431,   -3759.668022,   -1365.611739,     102.716498,     102.716498,      -0.674976,     102.784477,      -0.647213,      -3.637219,      -1.581263
437,   0.820000,     102.810539,      -0.720493,   -3789.084256,   -1281.733252,     102.654718,     102.654718,      -0.698431,     102.723293,      -0.672200,      -3.671106,      -1.499236
438,   0.821000,     102.747157,      -0.741152,   -3816.629201,   -1197.221875,     102.592438,     102.592438,      -0.720493,     102.661572,      -0.695808,      -3.703180,      -1.416468
439,   0.822000,     102.683336,      -0.760397,   -3842.289895,   -1112.119295,     102.529690,     102.529690,      -0.741152,     102.599353,      -0.718024,      -3.733426,      -1.333001
440,   0.823000,     102.619097,      -0.778219,   -3866.052926,   -1026.467532,     102.466501,     102.466501,      -0.760397,     102.536656,      -0.738839,      -3.761827,      -1.248876
441,   0.824000,     102.554478,      -0.794610,   -3887.906671,    -940.308832,     102.402903,     102.402903,      -0.778219,     102.473512,      -0.758241,      -3.788372,      -1.164134
442,   0.825000,     102.489509,      -0.809560,   -3907.840848,    -853.685830,     102.338932,     102.338932,      -0.794610,     102.409966,      -0.776221,      -3.813045,      -1.078817
443,   0.826000,     102.424227,      -0.823064,   -3925.845176,    -766.641330,     102.274612,     102.274612,      -0.809560,     102.346033,      -0.792771,      -3.835836,      -0.992968
444,   0.827000,     102.358654,      -0.835113,   -3941.911161,    -679.218192,     102.209978,     102.209978,      -0.823064,     102.281757,      -0.807881,      -3.856732,      -0.906628
445,   0.828000,     102.292836,      -0.845702,   -3956.030309,    -591.459665,     102.145068,     102.145068,      -0.835113,     102.217160,      -0.821545,      -3.875724,      -0.819840
446,   0.829000,     102.226801,      -0.854827,   -3968.195915,    -503.409114,     102.079906,     102.079906,      -0.845702,     102.152281,      -0.833756,      -3.892802,      -0.732648
447,   0.830000,     102.160573,      -0.862481,   -3978.402168,    -415.109927,     102.014534,     102.014534,      -0.854827,     102.087148,      -0.844508,      -3.907958,      -0.645093
448,   0.831000,     102.094196,      -0.868662,   -3986.643702,    -326.605774,     101.948969,     101.948969,      -0.862481,     102.021791,      -0.853795,      -3.921184,      -0.557221
449,   0.832000,     102.027699,      -0.873367,   -3992.916942,    -237.940354,     101.883255,     101.883255,      -0.868662,     101.956248,      -0.862481,      -3.932473,      -0.521192
450,   0.833000,     101.961114,      -0.876593,   -3997.217864,    -149.157420,     101.817422,     101.817422,      -0.873367,     101.890557,      -0.868662,      -3.941821,      -0.370873
451,   0.834000,     101.894468,      -0.878339,   -3999.545574,     -60.300843,     101.751499,     101.751499,      -0.876593,     101.824731,      -0.873367,      -3.949223,      -0.282285
452,   0.835000,     101.827800,      -0.878603,   -3999.897838,      28.585520,     101.685524,     101.685524,      -0.878339,     101.758823,      -0.876593,      -3.954674,      -0.193557
453,   0.836000,     101.761147,      -0.877386,   -3998.275101,     117.457760,     101.619527,     101.619527,      -0.878603,     101.692855,      -0.878339,      -3.958172,      -0.104733
454,   0.837000,     101.694539,      -0.874688,   -3994.677812,     206.272015,     101.553537,     101.553537,      -0.877386,     101.626858,      -0.878603,      -3.959716,      -0.015858
455,   0.838000,     101.628006,      -0.870511,   -3989.108205,     294.984402,     101.487592,     101.487592,      -0.874688,     101.560868,      -0.877386,      -3.959304,       0.073025
456,   0.839000,     101.561576,      -0.864856,   -3981.568515,     383.551111,     101.421721,     101.421721,      -0.870511,     101.494923,      -0.874688,      -3.956938,       0.161872
457,   0.840000,     101.495296,      -0.857727,   -3972.062767,     471.928418,     101.355962,     101.355962,      -0.864856,     101.429045,      -0.870511,      -3.952617,       0.250639
458,   0.841000,     101.429187,      -0.849126,   -3960.595876,     560.072735,     101.290345,     101.290345,      -0.857727,     101.363271,      -0.864856,      -3.946345,       0.339282
459,   0.842000,     101.363286,      -0.839059,   -3947.172761,     647.940449,     101.224899,     101.224899,      -0.849126,     101.297639,      -0.857727,      -3.938123,       0.427757
460,   0.843000,     101.297624,      -0.827530,   -3931.800574,     735.488199,     101.159655,     101.159655,      -0.839059,     101.232171,      -0.849126,      -3.927957,       0.516022
461,   0.844000,     101.232238,      -0.814545,   -3914.486915,     822.672732,     101.094648,     101.094648,      -0.827530,     101.166904,      -0.840066,      -3.915851,       0.543628
462,   0.845000,     101.167157,      -0.800110,   -3895.240724,     909.451079,     101.029918,     101.029918,      -0.814545,     101.101875,      -0.828784,      -3.901812,       0.676931
463,   0.846000,     101.102404,      -0.784232,   -3874.070495,     995.780267,     100.965485,     100.965485,      -0.800110,     101.037115,      -0.815969,      -3.885846,       0.768894
464,   0.847000,     101.038031,      -0.766920,   -3850.987405,    1081.617773,     100.901380,     100.901380,      -0.784232,     100.972645,      -0.801696,      -3.867961,       0.856377
465,   0.848000,     100.974053,      -0.748181,   -3826.002628,    1166.921183,     100.837648,     100.837648,      -0.766920,     100.908510,      -0.785979,      -3.848167,       0.943027
466,   0.849000,     100.910507,      -0.728026,   -3799.128234,    1251.648366,     100.774311,     100.774311,      -0.748181,     100.844733,      -0.768826,      -3.826472,       1.029170
467,   0.850000,     100.847423,      -0.706463,   -3770.378083,    1335.757412,     100.711398,     100.711398,      -0.728026,     100.781351,      -0.750246,      -3.802887,       1.114801
468,   0.851000,     100.784838,      -0.683504,   -3739.766255,    1419.206969,     100.648947,     100.648947,      -0.706463,     100.718394,      -0.730248,      -3.777424,       1.199881
469,   0.852000,     100.722775,      -0.659160,   -3707.307503,    1501.955576,     100.586988,     100.586988,      -0.683504,     100.655891,      -0.708842,      -3.750096,       1.284369
470,   0.853000,     100.661270,      -0.633443,   -3673.018143,    1583.962552,     100.525551,     100.525551,      -0.659160,     100.593880,      -0.686038,      -3.720917,       1.368222
471,   0.854000,     100.600354,      -0.606366,   -3636.914939,    1665.187441,     100.464657,     100.464657,      -0.633443,     100.532383,      -0.661848,      -3.689900,       1.451399
472,   0.855000,     100.540049,      -0.577942,   -3599.015996,    1745.590009,     100.404352,     100.404352,      -0.606366,     100.471430,      -0.636284,      -3.657060,       1.533860
473,   0.856000,     100.480393,      -0.548184,   -3559.339643,    1825.130470,     100.344650,     100.344650,      -0.577942,     100.411057,      -0.609358,      -3.622415,       1.615564
474,   0.857000,     100.421414,      -0.517109,   -3517.905772,    1903.769821,     100.285590,     100.285590,      -0.548184,     100.351289,      -0.581083,      -3.585981,       1.696469
475,   0.858000,     100.363143,      -0.484731,   -3474.734500,    1981.468946,     100.227199,     100.227199,      -0.517109,     100.292161,      -0.551474,      -3.547777,       1.776537
476,   0.859000,     100.305602,      -0.451065,   -3429.847732,    2058.189735,     100.169510,     100.169510,      -0.484731,     100.233696,      -0.520545,      -3.507820,       1.855728
477,   0.860000,     100.248821,      -0.416130,   -3383.266926,    2133.894190,     100.112543,     100.112543,      -0.451065,     100.175925,      -0.488312,      -3.466132,       1.934002
478,   0.861000,     100.192837,      -0.379941,   -3335.015774,    2208.544761,     100.056335,     100.056335,      -0.416130,     100.118883,      -0.454790,      -3.422731,       2.011321
479,   0.862000,     100.137666,      -0.342518,   -3285.117522,    2282.104790,     100.000903,     100.000903,      -0.379941,     100.062586,      -0.419996,      -3.377641,       2.087647
480,   0.863000,     100.083336,      -0.303878,   -3233.597204,    2354.538068,      99.946290,      99.946290,      -0.342518,     100.007072,      -0.383947,      -3.330882,       2.162943
481,   0.864000,     100.029886,      -0.264040,   -3180.480078,    2425.808385,      99.892505,      99.892505,      -0.303878,      99.952362,      -0.346661,      -3.282479,       2.237170
482,   0.865000,      99.977329,      -0.223024,   -3125.792295,    2495.881096,      99.839590,      99.839590,      -0.264040,      99.898495,      -0.308156,      -3.232455,       2.310292
483,   0.866000,      99.925704,      -0.180850,   -3069.561124,    2564.721107,      99.787556,      99.787556,      -0.223024,      99.845476,      -0.268451,      -3.180834,       2.382274
484,   0.867000,      99.875018,      -0.137540,   -3011.814058,    2632.294670,      99.736445,      99.736445,      -0.180850,      99.793352,      -0.227567,      -3.127643,       2.453079
485,   0.868000,      99.825315,      -0.093115,   -2952.579930,    2698.568478,      99.686272,      99.686272,      -0.137540,      99.742137,      -0.185522,      -3.072908,       2.522673
486,   0.869000,      99.776611,      -0.047595,   -2891.887575,    2763.509676,      99.637061,      99.637061,      -0.093115,      99.691860,      -0.142338,      -3.016655,       2.591021
487,   0.870000,      99.728927,      -0.001005,   -2829.767391,    2827.086300,      99.588841,      99.588841,      -0.047595,      99.642545,      -0.098037,      -2.958912,       2.658089
488,   0.871000,      99.682294,       0.046633,   -2766.249776,    2889.266834,      99.541642,      99.541642,      -0.001005,      99.594213,      -0.052640,      -2.899709,       2.723845
489,   0.872000,      99.636726,       0.095296,   -2701.366022,    2950.020656,      99.495471,      99.495471,       0.046633,      99.546894,      -0.006169,      -2.839073,       2.788256
490,   0.873000,      99.592254,       0.144959,   -2635.148540,    3009.317592,      99.450357,      99.450357,       0.095296,      99.500611,       0.041353,      -2.777035,       2.851290
491,   0.874000,      99.548899,       0.195598,   -2567.629516,    3067.128584,      99.406332,      99.406332,       0.144959,      99.455386,       0.089902,      -2.713627,       2.912917
492,   0.875000,      99.506676,       0.247188,   -2498.842925,    3123.425022,      99.363409,      99.363409,       0.195598,      99.411234,       0.139453,      -2.648878,       2.973104
493,   0.876000,      99.465609,       0.299704,   -2428.822070,    3178.179190,      99.321604,      99.321604,       0.247188,      99.368192,       0.189984,      -2.582821,       3.031824
494,   0.877000,      99.425718,       0.353119,   -2357.602045,    3231.363818,      99.280953,      99.280953,       0.299704,      99.326268,       0.241468,      -2.515488,       3.089046
495,   0.878000,      99.387027,       0.407407,   -2285.217717,    3282.952979,      99.241465,      99.241465,       0.353119,      99.285483,       0.293880,      -2.446914,       3.144743
496,   0.879000,      99.349551,       0.462542,   -2211.705074,    3332.920745,      99.203154,      99.203154,       0.407407,      99.245861,       0.347195,      -2.377131,       3.198887
497,   0.880000,      99.313311,       0.518495,   -2137.100101,    3381.242752,      99.166058,      99.166058,       0.462542,      99.207431,       0.401386,      -2.306174,       3.251452
498,   0.881000,      99.278323,       0.575240,   -2061.439902,    3427.895084,      99.130176,      99.130176,       0.518495,      99.170193,       0.456426,      -2.234079,       3.302411
499,   0.882000,      99.244602,       0.632749,   -1984.761804,    3472.854719,      99.095538,      99.095538,       0.575240,      99.134177,       0.512288,      -2.160880,       3.351739
500,   0.883000,      99.212170,       0.690993,   -1907.103583,    3516.099527,      99.062152,      99.062152,       0.632749,      99.099405,       0.568945,      -2.086615,       3.399412
501,   0.884000,      99.181034,       0.749943,   -1828.503571,    3557.608053,      99.030048,      99.030048,       0.690993,      99.065877,       0.626369,      -2.011318,       3.445406
502,   0.885000,      99.151224,       0.809570,   -1749.000661,    3597.359732,      98.999225,      98.999225,       0.749943,      99.033631,       0.684530,      -1.935029,       3.489700
503,   0.886000,      99.122740,       0.869845,   -1668.634079,    3635.334894,      98.969713,      98.969713,       0.809570,      99.002667,       0.743401,      -1.857784,       3.532269
504,   0.887000,      99.095605,       0.930738,   -1587.443501,    3671.514988,      98.941512,      98.941512,       0.869845,      98.973006,       0.802953,      -1.779622,       3.573095
505,   0.888000,      99.069834,       0.992219,   -1505.469047,    3705.882132,      98.914653,      98.914653,       0.930738,      98.944664,       0.863156,      -1.700581,       3.612156
506,   0.889000,      99.045426,       1.054257,   -1422.751173,    3738.419339,      98.889135,      98.889135,       0.992219,      98.917648,       0.923980,      -1.620700,       3.649433
507,   0.890000,      99.022411,       1.116822,   -1339.330785,    3769.110292,      98.864973,      98.864973,       1.054257,      98.891981,       0.985395,      -1.540019,       3.684909
508,   0.891000,      99.000789,       1.179884,   -1255.248897,    3797.940463,      98.842189,      98.842189,       1.116822,      98.867677,       1.047371,      -1.458578,       3.718565
509,   0.892000,      98.980568,       1.243410,   -1170.547307,    3824.894428,      98.820776,      98.820776,       1.179884,      98.844737,       1.109877,      -1.376416,       3.750384
510,   0.893000,      98.961771,       1.307370,   -1085.267588,    3849.960119,      98.800763,      98.800763,       1.243410,      98.823175,       1.172883,      -1.293574,       3.780351
511,   0.894000,      98.944396,       1.371731,    -999.451987,    3873.124570,      98.782152,      98.782152,       1.307370,      98.803006,       1.236357,      -1.210094,       3.808452
512,   0.895000,      98.928459,       1.436463,    -913.142916,    3894.376606,      98.764956,      98.764956,       1.371731,      98.784238,       1.300268,      -1.126016,       3.834672
513,   0.896000,      98.913960,       1.501533,    -826.382898,    3913.705498,      98.749176,      98.749176,       1.436463,      98.766886,       1.364585,      -1.041382,       3.858999
514,   0.897000,      98.900914,       1.566909,    -739.214737,    3931.101859,      98.734826,      98.734826,       1.501533,      98.750949,       1.429275,      -0.956234,       3.881419
515,   0.898000,      98.889321,       1.632559,    -651.681628,    3946.556747,      98.721907,      98.721907,       1.566909,      98.736435,       1.494307,      -0.870614,       3.901923
516,   0.899000,      98.879196,       1.698450,    -563.826654,    3960.063010,      98.710433,      98.710433,       1.632559,      98.723359,       1.559649,      -0.784564,       3.920501
517,   0.900000,      98.870531,       1.764550,    -475.693289,    3971.613944,      98.700404,      98.700404,       1.698450,      98.711722,       1.625268,      -0.698126,       3.937142
518,   0.901000,      98.863341,       1.830827,    -387.325035,    3981.203288,      98.691829,      98.691829,       1.764550,      98.701537,       1.691132,      -0.611344,       3.951839
519,   0.902000,      98.857619,       1.897246,    -298.765507,    3988.826573,      98.684706,      98.684706,       1.830827,      98.691829,       1.757208,      -0.582511,       3.964586
520,   0.903000,      98.853379,       1.963777,    -210.058428,    3994.480669,      98.679043,      98.679043,       1.897246,      98.684706,       1.823465,      -0.427212,       3.975373
521,   0.904000,      98.850623,       2.030385,    -121.247638,    3998.162001,      98.674849,      98.674849,       1.963777,      98.679043,       1.889868,      -0.339629,       3.984198
522,   0.905000,      98.849341,       2.097038,     -32.376966,    3999.868780,      98.672114,      98.672114,       2.030385,      98.674849,       1.956386,      -0.251878,       3.991056
523,   0.906000,      98.849542,       2.163703,      56.509688,    3999.601007,      98.670848,      98.670848,       2.097038,      98.672114,       2.022985,      -0.164003,       3.995943
524,   0.907000,      98.851226,       2.230347,     145.368436,    3997.357786,      98.671049,      98.671049,       2.163703,      98.670848,       2.089632,      -0.076047,       3.998856
525,   0.908000,      98.854385,       2.296937,     234.155408,    3993.140459,      98.672710,      98.672710,       2.230347,      98.671049,       2.156296,       0.011946,       3.999795
526,   0.909000,      98.859027,       2.363440,     322.826738,    3986.951709,      98.675840,      98.675840,       2.296937,      98.672710,       2.222941,       0.099934,       3.998759
527,   0.910000,      98.865144,       2.429824,     411.338657,    3978.793770,      98.680437,      98.680437,       2.363440,      98.675840,       2.289537,       0.187872,       3.995748
528,   0.911000,      98.872736,       2.496056,     499.647483,    3968.671560,      98.686494,      98.686494,       2.429824,      98.680437,       2.356050,       0.275718,       3.990764
529,   0.912000,      98.881803,       2.562102,     587.709546,    3956.589103,      98.694012,      98.694012,       2.496056,      98.686494,       2.422447,       0.363427,       3.983809
530,   0.913000,      98.892331,       2.627931,     675.481427,    3942.553103,      98.702982,      98.702982,       2.562102,      98.694012,       2.488695,       0.450957,       3.974888
531,   0.914000,      98.904312,       2.693510,     762.919709,    3926.570266,      98.713405,      98.713405,       2.627931,      98.702982,       2.554762,       0.538264,       3.964003
532,   0.915000,      98.917753,       2.758806,     849.981252,    3908.648193,      98.725274,      98.725274,       2.693510,      98.712362,       2.620614,       0.562775,       3.951161
533,   0.916000,      98.932646,       2.823788,     936.623141,    3888.796270,      98.738581,      98.738581,       2.758806,      98.723978,       2.686220,       0.697112,       3.936367
534,   0.917000,      98.948978,       2.888422,    1022.802405,    3867.023885,      98.753318,      98.753318,       2.823788,      98.737121,       2.751548,       0.788288,       3.919630
535,   0.918000,      98.966733,       2.952678,    1108.476743,    3843.342215,      98.769486,      98.769486,       2.888422,      98.751701,       2.816564,       0.874794,       3.900957
536,   0.919000,      98.985918,       3.016523,    1193.603575,    3817.762434,      98.787069,      98.787069,       2.952678,      98.767705,       2.881236,       0.960439,       3.880358
537,   0.920000,      99.006519,       3.079926,    1278.141104,    3790.297508,      98.806061,      98.806061,       3.016523,      98.785132,       2.945534,       1.045568,       3.857843
538,   0.921000,      99.028520,       3.142856,    1362.047419,    3760.960847,      98.826453,      98.826453,       3.079926,      98.803967,       3.009424,       1.130176,       3.833423
539,   0.922000,      99.051915,       3.205281,    1445.281170,    3729.766980,      98.848239,      98.848239,       3.142856,      98.824203,       3.072876,       1.214225,       3.807110
540,   0.923000,      99.076696,       3.267171,    1527.801231,    3696.731552,      98.871395,      98.871395,       3.205281,      98.845832,       3.135858,       1.297675,       3.778917
541,   0.924000,      99.102840,       3.328495,    1609.566808,    3661.870435,      98.895930,      98.895930,       3.267171,      98.868839,       3.198339,       1.380484,       3.748858
542,   0.925000,      99.130340,       3.389223,    1690.537557,    3625.201061,      98.921813,      98.921813,       3.328495,      98.893218,       3.260288,       1.462611,       3.716948
543,   0.926000,      99.159189,       3.449325,    1770.673580,    3586.741537,      98.949037,      98.949037,       3.389223,      98.918952,       3.321675,       1.544016,       3.683202
544,   0.927000,      99.189356,       3.508772,    1849.935204,    3546.510860,      98.977596,      98.977596,       3.449325,      98.946027,       3.382469,       1.624659,       3.647637
545,   0.928000,      99.220842,       3.567533,    1928.283200,    3504.528925,      99.007465,      99.007465,       3.508772,      98.974437,       3.442640,       1.704499,       3.610271
546,   0.929000,      99.253632,       3.625580,    2005.679235,    3460.816517,      99.038638,      99.038638,       3.567533,      99.004164,       3.502158,       1.783497,       3.571123
547,   0.930000,      99.287696,       3.682884,    2082.074359,    3415.378109,      99.071093,      99.071093,       3.625580,      99.035189,       3.560995,       1.861615,       3.530211
548,   0.931000,      99.323027,       3.739414,    2157.202810,    3367.890492,      99.104822,      99.104822,       3.682884,      99.067502,       3.619121,       1.938814,       3.487556
549,   0.932000,      99.359594,       3.795135,    2230.900526,    3318.262026,      99.139795,      99.139795,       3.739414,      99.101089,       3.676508,       2.015054,       3.443177
550,   0.933000,      99.397384,       3.850011,    2303.087711,    3266.549036,      99.175997,      99.175997,       3.795135,      99.135928,       3.733123,       2.090207,       3.396951
551,   0.934000,      99.436358,       3.904009,    2373.687699,    3212.810308,      99.213406,      99.213406,       3.850011,      99.171989,       3.788934,       2.164030,       3.348622
552,   0.935000,      99.476494,       3.957094,    2442.625612,    3157.107979,      99.251993,      99.251993,       3.904009,      99.209264,       3.843904,       2.236410,       3.298181
553,   0.936000,      99.517770,       4.009235,    2509.829253,    3099.507317,      99.291727,      99.291727,       3.957094,      99.247716,       3.897998,       2.307265,       3.245679
554,   0.937000,      99.560142,       4.060401,    2575.229555,    3040.075824,      99.332586,      99.332586,       4.009235,      99.287331,       3.951184,       2.376520,       3.191176
555,   0.938000,      99.603601,       4.110561,    2638.759911,    2978.884131,      99.374540,      99.374540,       4.060401,      99.328063,       4.003430,       2.444102,       3.134734
556,   0.939000,      99.648096,       4.159688,    2700.357065,    2916.005328,      99.417560,      99.417560,       4.110561,      99.369898,       4.054704,       2.509940,       3.076420
557,   0.940000,      99.693596,       4.207752,    2759.960219,    2851.514965,      99.461615,      99.461615,       4.159688,      99.412791,       4.104976,       2.573968,       3.016303
558,   0.941000,      99.740081,       4.254729,    2817.512602,    2785.490602,      99.506661,      99.506661,       4.207752,      99.456728,       4.154216,       2.636119,       2.954454
559,   0.942000,      99.787503,       4.300594,    2872.959897,    2718.012258,      99.552676,      99.552676,       4.254729,      99.501669,       4.202399,       2.696333,       2.890947
560,   0.943000,      99.835835,       4.345322,    2926.251590,    2649.161741,      99.599630,      99.599630,       4.300594,      99.547580,       4.249496,       2.754552,       2.825859
561,   0.944000,      99.885032,       4.388892,    2977.340296,    2579.022646,      99.647477,      99.647477,       4.345322,      99.594422,       4.295484,       2.810719,       2.759268
562,   0.945000,      99.935062,       4.431283,    3026.182204,    2507.680133,      99.696182,      99.696182,       4.388892,      99.642172,       4.340339,       2.864782,       2.691255
563,   0.946000,      99.985890,       4.472475,    3072.737306,    2435.221151,      99.745713,      99.745713,       4.431283,      99.690780,       4.384037,       2.916694,       2.621902
564,   0.947000,     100.037478,       4.512451,    3116.968721,    2361.733764,      99.796034,      99.796034,       4.472475,      99.740222,       4.426559,       2.966407,       2.551294
565,   0.948000,     100.089781,       4.551195,    3158.843145,    2287.307158,      99.847101,      99.847101,       4.512451,      99.790454,       4.467884,       3.013880,       2.479515
566,   0.949000,     100.142762,       4.588690,    3198.331743,    2212.031633,      99.898882,      99.898882,       4.551195,      99.841438,       4.507995,       3.059076,       2.406655
567,   0.950000,     100.196376,       4.624925,    3235.408366,    2135.998383,      99.951334,      99.951334,       4.588690,      99.893138,       4.546875,       3.101958,       2.332801
568,   0.951000,     100.250594,       4.659886,    3270.050883,    2059.299052,     100.004412,     100.004412,       4.624925,      99.945515,       4.584508,       3.142495,       2.258043
569,   0.952000,     100.305364,       4.693565,    3302.240968,    1982.026175,     100.058086,     100.058086,       4.659886,      99.998526,       4.620883,       3.180661,       2.182471
570,   0.953000,     100.360654,       4.725951,    3331.964090,    1904.271841,     100.112312,     100.112312,       4.693565,     100.052133,       4.655986,       3.216430,       2.106178
571,   0.954000,     100.416414,       4.757038,    3359.208852,    1826.129146,     100.167044,     100.167044,       4.725951,     100.106291,       4.689807,       3.249782,       2.029254
572,   0.955000,     100.472614,       4.786821,    3383.968323,    1747.690625,     100.222252,     100.222252,       4.757038,     100.160971,       4.722337,       3.280700,       1.951792
573,   0.956000,     100.529201,       4.815293,    3406.238705,    1669.049151,     100.277886,     100.277886,       4.786821,     100.216128,       4.753568,       3.309172,       1.873885
574,   0.957000,     100.586139,       4.842455,    3426.019549,    1590.296701,     100.333907,     100.333907,       4.815293,     100.271709,       4.783495,       3.335187,       1.795626
575,   0.958000,     100.643389,       4.868303,    3443.314433,    1511.525139,     100.390278,     100.390278,       4.842455,     100.327693,       4.812114,       3.358741,       1.717107
576,   0.959000,     100.700907,       4.892840,    3458.130062,    1432.825662,     100.446954,     100.446954,       4.868303,     100.384019,       4.839421,       3.379830,       1.638421
577,   0.960000,     100.758649,       4.916065,    3470.477164,    1354.288459,     100.503892,     100.503892,       4.892840,     100.440659,       4.865415,       3.398456,       1.559660
578,   0.961000,     100.816570,       4.937984,    3480.369374,    1276.003048,     100.561060,     100.561060,       4.916065,     100.497574,       4.890097,       3.414623,       1.480915
579,   0.962000,     100.874647,       4.958601,    3487.823457,    1198.057719,     100.618407,     100.618407,       4.937984,     100.554712,       4.913468,       3.428340,       1.402277
580,   0.963000,     100.932822,       4.977921,    3492.859975,    1120.539419,     100.675896,     100.675896,       4.958601,     100.612037,       4.935532,       3.439618,       1.323837
581,   0.964000,     100.991063,       4.995955,    3495.502174,    1043.533981,     100.733489,     100.733489,       4.977921,     100.669511,       4.956294,       3.448472,       1.245682
582,   0.965000,     101.049326,       5.012709,    3495.776430,     967.125669,     100.791149,     100.791149,       4.995955,     100.727096,       4.975759,       3.454920,       1.167902
583,   0.966000,     101.107575,       5.028196,    3493.712246,     891.396962,     100.848831,     100.848831,       5.012709,     100.784741,       4.993935,       3.458984,       1.090582
584,   0.967000,     101.165771,       5.042427,    3489.341810,     816.428829,     100.906499,     100.906499,       5.028196,     100.842424,       5.010832,       3.460688,       1.013807
585,   0.968000,     101.223871,       5.055415,    3482.700214,     742.300227,     100.964114,     100.964114,       5.042427,     100.900091,       5.026460,       3.460058,       0.937662
586,   0.969000,     101.281844,       5.067175,    3473.825008,     669.088271,     101.021633,     101.021633,       5.055415,     100.957707,       5.040830,       3.457126,       0.862228
587,   0.970000,     101.339653,       5.077723,    3462.756425,     596.867893,     101.079024,     101.079024,       5.067175,     101.015240,       5.053957,       3.451925,       0.787585
588,   0.971000,     101.397261,       5.087077,    3449.536934,     525.711961,     101.136260,     101.136260,       5.077723,     101.072647,       5.065853,       3.444489,       0.713812
589,   0.972000,     101.454623,       5.095254,    3434.211016,     455.691023,     101.193286,     101.193286,       5.087077,     101.129897,       5.076536,       3.434857,       0.640984
590,   0.973000,     101.511724,       5.102273,    3416.826054,     386.873363,     101.250082,     101.250082,       5.095254,     101.186946,       5.086023,       3.423070,       0.569177
591,   0.974000,     101.568513,       5.108156,    3397.430778,     319.324806,     101.306602,     101.306602,       5.102273,     101.243764,       5.095254,       3.409171,       0.553846
592,   0.975000,     101.624958,       5.112925,    3376.075700,     253.108693,     101.362824,     101.362824,       5.108156,     101.300322,       5.102273,       3.393205,       0.421179
593,   0.976000,     101.681031,       5.116601,    3352.813795,     188.285890,     101.418711,     101.418711,       5.112925,     101.356573,       5.108156,       3.375219,       0.352991
594,   0.977000,     101.736709,       5.119209,    3327.698708,     124.914581,     101.474226,     101.474226,       5.116601,     101.412497,       5.112925,       3.355263,       0.286103
595,   0.978000,     101.791948,       5.120773,    3300.786316,      63.050352,     101.529337,     101.529337,       5.119209,     101.468049,       5.116601,       3.333386,       0.220579
596,   0.979000,     101.846725,       5.121319,    3272.133172,       2.746072,     101.584032,     101.584032,       5.120773,     101.523213,       5.119209,       3.309642,       0.156477
597,   0.980000,     101.901010,       5.120873,    3241.797611,     -55.948104,     101.638258,     101.638258,       5.121319,     101.577945,       5.120773,       3.284086,       0.093855
598,   0.981000,     101.954773,       5.119463,    3209.838420,    -112.984786,     101.691999,     101.691999,       5.120873,     101.632230,       5.121319,       3.256771,       0.032766
599,   0.982000,     102.007993,       5.117117,    3176.315725,    -168.319372,     101.745225,     101.745225,       5.119463,     101.686023,       5.120873,       3.227756,      -0.026737
600,   0.983000,     102.060646,       5.113862,    3141.289875,    -221.910034,     101.797916,     101.797916,       5.117117,     101.739310,       5.119463,       3.197098,      -0.084606
601,   0.984000,     102.112696,       5.109730,    3104.822338,    -273.717782,     101.850040,     101.850040,       5.113862,     101.792052,       5.117117,       3.164855,      -0.140796
602,   0.985000,     102.164134,       5.104749,    3066.974804,    -323.706446,     101.901568,     101.901568,       5.109730,     101.844236,       5.113862,       3.131088,      -0.195262
603,   0.986000,     102.214925,       5.098950,    3027.808964,    -371.842626,     101.952493,     101.952493,       5.104749,     101.895839,       5.109730,       3.095857,      -0.247964
604,   0.987000,     102.265052,       5.092364,    2987.387180,    -418.095728,     102.002770,     102.002770,       5.098950,     101.946823,       5.104749,       3.059222,      -0.298865
605,   0.988000,     102.314495,       5.085024,    2945.771813,    -462.438036,     102.052398,     102.052398,       5.092364,     101.997182,       5.098950,       3.021244,      -0.347930
606,   0.989000,     102.363236,       5.076961,    2903.024331,    -504.844487,     102.101348,     102.101348,       5.085024,     102.046877,       5.092364,       2.981985,      -0.395127
607,   0.990000,     102.411255,       5.068207,    2859.207094,    -545.292869,     102.149606,     102.149606,       5.076961,     102.095902,       5.085024,       2.941507,      -0.440427
608,   0.991000,     102.458537,       5.058795,    2814.381346,    -583.763625,     102.197148,     102.197148,       5.068207,     102.144234,       5.076961,       2.899871,      -0.483804
609,   0.992000,     102.505066,       5.048759,    2768.608108,    -620.239880,     102.243952,     102.243952,       5.058795,     102.191851,       5.068207,       2.857138,      -0.525233
610,   0.993000,     102.550820,       5.038131,    2721.947506,    -654.707439,     102.290012,     102.290012,       5.048759,     102.238744,       5.058795,       2.813370,      -0.564694
611,   0.994000,     102.595791,       5.026947,    2674.458995,    -687.154680,     102.335311,     102.335311,       5.038131,     102.284886,       5.049763,       2.768627,      -0.541952
612,   0.995000,     102.639966,       5.015238,    2626.201585,    -717.572663,     102.379836,     102.379836,       5.026947,     102.330267,       5.039295,       2.722969,      -0.628073
613,   0.996000,     102.683328,       5.003039,    2577.232718,    -745.954737,     102.423564,     102.423564,       5.015238,     102.374874,       5.028182,       2.676455,      -0.666797
614,   0.997000,     102.725871,       4.990384,    2527.609169,    -772.296824,     102.466494,     102.466494,       5.003039,     102.418698,       5.016532,       2.629145,      -0.698959
615,   0.998000,     102.767579,       4.977307,    2477.386147,    -796.597358,     102.508612,     102.508612,       4.990384,     102.461718,       5.004388,       2.581095,      -0.728636
616,   0.999000,     102.808446,       4.963842,    2426.617742,    -818.856899,     102.549903,     102.549903,       4.977307,     102.503918,       4.991784,       2.532363,      -0.756230
617,   1.000000,     102.848463,       4.950023,    2375.356480,    -839.078464,     102.590360,     102.590360,       4.963842,     102.545306,       4.978755,       2.483004,      -0.781779
618,   1.001000,     102.887623,       4.935884,    2323.653549,    -857.267138,     102.629974,     102.629974,       4.950023,     102.585852,       4.965333,       2.433073,      -0.805285
619,   1.002000,     102.925919,       4.921459,    2271.558568,    -873.430241,     102.668747,     102.668747,       4.935884,     102.625564,       4.951554,       2.382621,      -0.826752
620,   1.003000,     102.963336,       4.906781,    2219.119370,    -887.577161,     102.706656,     102.706656,       4.921459,     102.664426,       4.937451,       2.331702,      -0.846183
621,   1.004000,     102.999881,       4.891884,    2166.381776,    -899.719298,     102.743708,     102.743708,       4.906781,     102.702431,       4.923058,       2.280365,      -0.863584
622,   1.005000,     103.035547,       4.876801,    2113.390043,    -909.869950,     102.779888,     102.779888,       4.891884,     102.739580,       4.908409,       2.228657,      -0.878963
623,   1.006000,     103.070326,       4.861566,    2060.186639,    -918.044373,     102.815196,     102.815196,       4.876801,     102.775857,       4.893537,       2.176627,      -0.892330
624,   1.007000,     103.104219,       4.846211,    2006.811351,    -924.259555,     102.849625,     102.849625,       4.861566,     102.811262,       4.878475,       2.124318,      -0.903697
625,   1.008000,     103.137225,       4.830768,    1953.302845,    -928.534213,     102.883182,     102.883182,       4.846211,     102.845788,       4.863257,       2.071774,      -0.913079
626,   1.009000,     103.169329,       4.815270,    1899.696663,    -930.888746,     102.915853,     102.915853,       4.830768,     102.879442,       4.847915,       2.019036,      -0.920491
627,   1.010000,     103.200547,       4.799749,    1846.027113,    -931.345224,     102.947637,     102.947637,       4.815270,     102.912210,       4.832483,       1.966143,      -0.925951
628,   1.011000,     103.230864,       4.784236,    1792.325489,    -929.927062,     102.978542,     102.978542,       4.799749,     102.944098,       4.816992,       1.913132,      -0.929479
629,   1.012000,     103.260294,       4.768761,    1738.815978,    -926.763732,     103.008553,     103.008553,       4.784236,     102.975093,       4.801473,       1.860037,      -0.931095
630,   1.013000,     103.288829,       4.753351,    1686.296202,    -922.319591,     103.037685,     103.037685,       4.768761,     103.005208,       4.785960,       1.806891,      -0.930822
631,   1.014000,     103.316508,       4.738024,    1634.848751,    -916.708298,     103.065945,     103.065945,       4.753351,     103.034437,       4.770481,       1.753760,      -0.928703
632,   1.015000,     103.343330,       4.722800,    1584.471725,    -909.998640,     103.093341,     103.093341,       4.738024,     103.062794,       4.755064,       1.701184,      -0.925048
633,   1.016000,     103.369325,       4.707696,    1535.161771,    -902.257338,     103.119902,     103.119902,       4.722800,     103.090286,       4.739728,       1.649609,      -0.920152
634,   1.017000,     103.394508,       4.692730,    1486.913860,    -893.548764,     103.145637,     103.145637,       4.707696,     103.116937,       4.724493,       1.599089,      -0.914113
635,   1.018000,     103.418894,       4.677916,    1439.721510,    -883.935448,     103.170566,     103.170566,       4.692730,     103.142768,       4.709376,       1.549627,      -0.907001
636,   1.019000,     103.442505,       4.663270,    1393.576898,    -873.477627,     103.194706,     103.194706,       4.677916,     103.167787,       4.694395,       1.501219,      -0.898883
637,   1.020000,     103.465356,       4.648805,    1348.470971,    -862.233471,     103.218079,     103.218079,       4.663270,     103.192016,       4.679564,       1.453860,      -0.889822
638,   1.021000,     103.487462,       4.634533,    1304.393671,    -850.259252,     103.240699,     103.240699,       4.648805,     103.215478,       4.664900,       1.407543,      -0.879879
639,   1.022000,     103.508838,       4.620467,    1261.333823,    -837.609172,     103.262588,     103.262588,       4.634533,     103.238180,       4.650414,       1.362260,      -0.869115
640,   1.023000,     103.529513,       4.606616,    1219.279580,    -824.335534,     103.283755,     103.283755,       4.620467,     103.260145,       4.636121,       1.318001,      -0.857586
641,   1.024000,     103.549488,       4.592992,    1178.218201,    -810.488630,     103.304215,     103.304215,       4.606616,     103.281394,       4.622032,       1.274757,      -0.845348
642,   1.025000,     103.568792,       4.579603,    1138.136387,    -796.117019,     103.323996,     103.323996,       4.592992,     103.301935,       4.608158,       1.232515,      -0.832455
643,   1.026000,     103.587434,       4.566458,    1099.020056,    -781.267360,     103.343099,     103.343099,       4.579603,     103.321791,       4.594509,       1.191264,      -0.818958
644,   1.027000,     103.605427,       4.553563,    1060.854793,    -765.984524,     103.361554,     103.361554,       4.566458,     103.340968,       4.581093,       1.150990,      -0.804906
645,   1.028000,     103.622802,       4.540927,    1023.625843,    -750.311650,     103.379376,     103.379376,       4.553563,     103.359498,       4.567921,       1.111681,      -0.790348
646,   1.029000,     103.639558,       4.528555,     987.317897,    -734.290313,     103.396572,     103.396572,       4.540927,     103.377387,       4.554999,       1.073322,      -0.775329
647,   1.030000,     103.655718,       4.516452,     951.915532,    -717.960242,     103.413157,     103.413157,       4.528555,     103.394650,       4.542334,       1.035899,      -0.759894
648,   1.031000,     103.671290,       4.504624,     917.402990,    -701.359771,     103.429161,     103.429161,       4.516452,     103.411309,       4.529933,       0.999398,      -0.744085
649,   1.032000,     103.686303,       4.493075,     883.764513,    -684.525501,     103.444576,     103.444576,       4.504624,     103.427373,       4.517800,       0.963802,      -0.727943
650,   1.033000,     103.700757,       4.481808,     850.984119,    -667.492636,     103.459440,     103.459440,       4.493075,     103.442855,       4.505942,       0.929096,      -0.711507
651,   1.034000,     103.714667,       4.470826,     819.045883,    -650.294926,     103.473745,     103.473745,       4.481808,     103.457779,       4.494362,       0.895265,      -0.694815
652,   1.035000,     103.728063,       4.460132,     787.933879,    -632.964615,     103.487521,     103.487521,       4.470826,     103.472151,       4.483063,       0.862294,      -0.677903
653,   1.036000,     103.740938,       4.449727,     757.632181,    -615.532715,     103.500783,     103.500783,       4.460132,     103.485987,       4.472050,       0.830166,      -0.660806
654,   1.037000,     103.753321,       4.439615,     728.125032,    -598.028731,     103.513531,     103.513531,       4.449727,     103.499301,       4.461324,       0.798865,      -0.643556
655,   1.038000,     103.765212,       4.429793,     699.396729,    -580.481049,     103.525788,     103.525788,       4.439615,     103.512108,       4.450887,       0.768377,      -0.626186
656,   1.039000,     103.776641,       4.420265,     671.431851,    -562.916659,     103.537560,     103.537560,       4.429793,     103.524417,       4.440742,       0.738684,      -0.608726
657,   1.040000,     103.787601,       4.411030,     644.215029,    -545.361489,     103.548869,     103.548869,       4.420265,     103.536248,       4.430889,       0.709772,      -0.591204
658,   1.041000,     103.798114,       4.402087,     617.731344,    -527.840182,     103.559725,     103.559725,       4.411030,     103.547610,       4.421328,       0.681625,      -0.573650
659,   1.042000,     103.808194,       4.393435,     591.965932,    -510.376319,     103.570133,     103.570133,       4.402087,     103.558511,       4.412060,       0.654228,      -0.556089
660,   1.043000,     103.817850,       4.385073,     566.904265,    -492.992364,     103.580110,     103.580110,       4.393435,     103.568971,       4.402087,       0.627566,      -0.598385
661,   1.044000,     103.827097,       4.377001,     542.532261,    -475.709774,     103.589676,     103.589676,       4.385073,     103.579000,       4.393435,       0.601624,      -0.519103
662,   1.045000,     103.835940,       4.369216,     518.836007,    -458.548944,     103.598826,     103.598826,       4.377001,     103.588603,       4.385073,       0.576387,      -0.501677
663,   1.046000,     103.844397,       4.361715,     495.801978,    -441.529350,     103.607580,     103.607580,       4.369216,     103.597805,       4.377001,       0.551842,      -0.484342
664,   1.047000,     103.852473,       4.354497,     473.416988,    -424.669459,     103.615947,     103.615947,       4.361715,     103.607580,       4.369216,       0.586638,      -0.467118
665,   1.048000,     103.860177,       4.347559,     451.668324,    -407.986846,     103.623949,     103.623949,       4.354497,     103.615947,       4.361715,       0.502192,      -0.450027
666,   1.049000,     103.867531,       4.340896,     430.543525,    -391.498273,     103.631578,     103.631578,       4.347559,     103.623949,       4.354497,       0.479710,      -0.433085
667,   1.050000,     103.874534,       4.334508,     410.030605,    -375.219556,     103.638850,     103.638850,       4.340896,     103.631578,       4.347559,       0.457865,      -0.416313
668,   1.051000,     103.881203,       4.328388,     390.117941,    -359.165780,     103.645787,     103.645787,       4.334508,     103.638850,       4.340896,       0.436644,      -0.399726
669,   1.052000,     103.887543,       4.322534,     370.794358,    -343.351169,     103.652388,     103.652388,       4.328388,     103.645787,       4.334508,       0.416034,      -0.383341
670,   1.053000,     103.893563,       4.316941,     352.049042,    -327.789299,     103.658661,     103.658661,       4.322534,     103.652388,       4.328388,       0.396024,      -0.367173
671,   1.054000,     103.899278,       4.311606,     333.871627,    -312.492913,     103.664629,     103.664629,       4.316941,     103.658661,       4.322534,       0.376603,      -0.351238
672,   1.055000,     103.904694,       4.306524,     316.252140,    -297.474107,     103.670284,     103.670284,       4.311606,     103.664629,       4.316941,       0.357760,      -0.335549
673,   1.056000,     103.909820,       4.301689,     299.181081,    -282.744309,     103.675649,     103.675649,       4.306524,     103.670284,       4.311606,       0.339484,      -0.320118
674,   1.057000,     103.914671,       4.297097,     282.649286,    -268.314248,     103.680722,     103.680722,       4.301689,     103.675649,       4.306524,       0.321766,      -0.304960
675,   1.058000,     103.919245,       4.292743,     266.648065,    -254.194094,     103.685528,     103.685528,       4.297097,     103.680722,       4.301689,       0.304595,      -0.290085
676,   1.059000,     103.923559,       4.288622,     251.169121,    -240.393402,     103.690058,     103.690058,       4.292743,     103.685528,       4.297097,       0.287962,      -0.275504
677,   1.060000,     103.927620,       4.284728,     236.204574,    -226.921127,     103.694327,     103.694327,       4.288622,     103.690058,       4.292743,       0.271859,      -0.261228
678,   1.061000,     103.931442,       4.281056,     221.746950,    -213.785679,     103.698343,     103.698343,       4.284728,     103.694327,       4.288622,       0.256277,      -0.247267
679,   1.062000,     103.935018,       4.277600,     207.789140,    -200.994951,     103.702120,     103.702120,       4.281056,     103.698343,       4.284728,       0.241208,      -0.233630
680,   1.063000,     103.938371,       4.274354,     194.324492,    -188.556318,     103.705667,     103.705667,       4.277600,     103.702120,       4.281056,       0.226644,      -0.220325
681,   1.064000,     103.941500,       4.271313,     181.346680,    -176.476655,     103.708982,     103.708982,       4.274354,     103.705667,       4.277600,       0.212579,      -0.207361
682,   1.065000,     103.944413,       4.268470,     168.849807,    -164.762386,     103.712082,     103.712082,       4.271313,     103.708982,       4.274354,       0.199006,      -0.194746
683,   1.066000,     103.947125,       4.265819,     156.828300,    -153.419492,     103.714973,     103.714973,       4.268470,     103.712082,       4.271313,       0.185917,      -0.182486
684,   1.067000,     103.949644,       4.263354,     145.276976,    -142.453504,     103.717655,     103.717655,       4.265819,     103.714973,       4.268470,       0.173308,      -0.170589
685,   1.068000,     103.951976,       4.261069,     134.191001,    -131.869535,     103.720151,     103.720151,       4.263354,     103.717655,       4.265819,       0.161172,      -0.159060
686,   1.069000,     103.954121,       4.258956,     123.565877,    -121.672349,     103.722453,     103.722453,       4.261069,     103.720151,       4.263354,       0.149504,      -0.147905
687,   1.070000,     103.956096,       4.257010,     113.397448,    -111.866277,     103.724577,     103.724577,       4.258956,     103.722453,       4.261069,       0.138298,      -0.137129
688,   1.071000,     103.957906,       4.255225,     103.681865,    -102.455334,     103.726536,     103.726536,       4.257010,     103.724577,       4.258956,       0.127552,      -0.126739
689,   1.072000,     103.959553,       4.253593,      94.415615,     -93.443168,     103.728324,     103.728324,       4.255225,     103.726536,       4.257010,       0.117259,      -0.116737
690,   1.073000,     103.961051,       4.252108,      85.595450,     -84.833123,     103.729956,     103.729956,       4.253593,     103.728324,       4.255225,       0.107417,      -0.107128
691,   1.074000,     103.962407,       4.250763,      77.218430,     -76.628225,     103.731446,     103.731446,       4.252108,     103.729956,       4.253593,       0.098021,      -0.097916
692,   1.075000,     103.963628,       4.249551,      69.281885,     -68.831204,     103.732787,     103.732787,       4.250763,     103.731446,       4.252108,       0.089069,      -0.089105
693,   1.076000,     103.964724,       4.248466,      61.783399,     -61.444519,     103.733994,     103.733994,       4.249551,     103.732787,       4.250763,       0.080556,      -0.080697
694,   1.077000,     103.965692,       4.247501,      54.720825,     -54.470364,     103.735074,     103.735074,       4.248466,     103.733994,       4.249551,       0.072481,      -0.072696
695,   1.078000,     103.966549,       4.246648,      48.092235,     -47.910690,     103.736036,     103.736036,       4.247501,     103.735074,       4.248466,       0.064841,      -0.065104
696,   1.079000,     103.967294,       4.245901,      41.895927,     -41.767219,     103.736885,     103.736885,       4.246648,     103.736036,       4.247501,       0.057634,      -0.057923
697,   1.080000,     103.967950,       4.245254,      36.130414,     -36.041454,     103.737622,     103.737622,       4.245901,     103.736885,       4.246648,       0.050857,      -0.051156
698,   1.081000,     103.968501,       4.244698,      30.794400,     -30.734700,     103.738263,     103.738263,       4.245254,     103.737622,       4.245901,       0.044509,      -0.044804
699,   1.082000,     103.968978,       4.244227,      25.886773,     -25.848071,     103.738822,     103.738822,       4.244698,     103.738263,       4.245254,       0.038588,      -0.038869
700,   1.083000,     103.969365,       4.243834,      21.406595,     -21.382518,     103.739284,     103.739284,       4.244227,     103.738822,       4.244698,       0.033092,      -0.033353
701,   1.084000,     103.969693,       4.243512,      17.353077,     -17.338826,     103.739671,     103.739671,       4.243834,     103.739284,       4.244227,       0.028022,      -0.028256
702,   1.085000,     103.969947,       4.243254,      13.725577,     -13.717645,     103.739992,     103.739992,       4.243512,     103.739671,       4.243834,       0.023375,      -0.023580
703,   1.086000,     103.970148,       4.243052,      10.523576,     -10.519493,     103.740253,     103.740253,       4.243254,     103.739992,       4.243512,       0.019151,      -0.019325
704,   1.087000,     103.970304,       4.242901,       7.746670,      -7.744772,     103.740446,     103.740446,       4.243052,     103.740253,       4.243254,       0.015349,      -0.015493
705,   1.088000,     103.970408,       4.242792,       5.394556,      -5.393787,     103.740603,     103.740603,       4.242901,     103.740446,       4.243052,       0.011968,      -0.012083
706,   1.089000,     103.970483,       4.242719,       3.467014,      -3.466759,     103.740707,     103.740707,       4.242792,     103.740603,       4.242901,       0.009009,      -0.009097
707,   1.090000,     103.970528,       4.242674,       1.963896,      -1.963835,     103.740782,     103.740782,       4.242719,     103.740707,       4.242792,       0.006470,      -0.006534
708,   1.091000,     103.970550,       4.242651,       0.885112,      -0.885104,     103.740826,     103.740826,       4.242674,     103.740782,       4.242719,       0.004351,      -0.004395
709,   1.092000,     103.970565,       4.242642,       0.230615,      -0.230615,     103.740849,     103.740849,       4.242651,     103.740826,       4.242674,       0.002653,      -0.002680
710,   1.093000,     103.970565,       4.242641,       0.000386,      -0.000386,     103.740856,     103.740856,       4.242642,     103.740849,       4.242651,       0.001375,      -0.001389
711,   1.094000,     103.970565,       4.242640,       0.000000,       0.000000,     103.740856,     103.740856,       4.242641,     103.740856,       4.242642,       0.000517,      -0.000523
712,   1.095000,     103.970565,       4.242640,       0.000000,       0.000000,     103.740856,     103.740856,       4.242640,     103.740856,       4.242641,       0.000079,      -0.000080
713,   1.096000,     103.970565,       4.242640,       0.000000,       0.000000,     103.740856,     103.740856,       4.242640,     103.740856,       4.242640,       0.000000,      -0.000000
714,   1.097000,     103.970565,       4.242640,       0.000000,       0.000000,     103.740856,     103.740856,       4.242640,     103.740856,       4.242640,       0.000000,       0.000000
715,   1.591000,     103.970565,       4.242640,       0.000000,       0.000000,     103.740856,     103.740856,       4.242640,     103.740856,       4.242640,       0.000000,       0.000000
