name,FINISHED,axes.mach.l.p[X],axes.mach.l.p[Y],axes.mach.l.v[X],axes.mach.l.v[Y],axes.mach.f.p[X],axes.mach.f.p[Y],axes.mach.f.v[X],axes.mach.f.v[Y]
units,sec,mm,mm,mm/min,mm/min,mm,mm,mm/min,mm/min
0,   0.000000,   -1079.864740,   -1265.604615,       0.000000,       0.000000,   -1079.864740,   -1265.604615,       0.000000,       0.000000
1,   0.139000,   -1079.864740,   -1265.604615,       0.000000,       0.000000,   -1079.864740,   -1265.604615,       0.000000,       0.000000
2,   0.140000,   -1079.864740,   -1265.604615,       0.000000,       0.000000,   -1079.864860,   -1265.604615,       0.000000,       0.000000
3,   0.141000,   -1079.864740,   -1265.604615,       0.000000,       0.000000,   -1079.864740,   -1265.604615,       0.000000,       0.000000
4,   0.290000,   -1079.864740,   -1265.604615,       0.000000,       0.000000,   -1079.864740,   -1265.604615,       0.000000,       0.000000
5,   0.291000,   -1079.864740,   -1265.604615,       0.000000,       0.000000,   -1079.864860,   -1265.604615,       0.000000,       0.000000
6,   0.292000,   -1079.864740,   -1265.604615,       0.000000,       0.000000,   -1079.864740,   -1265.604615,       0.000000,       0.000000
7,   0.343000,   -1079.864740,   -1265.604615,       0.000000,       0.000000,   -1079.864740,   -1265.604615,       0.000000,       0.000000
8,   0.344000,   -1079.864740,   -1265.604615,       1.470000,       0.000000,   -1079.864740,   -1265.604615,       0.000000,       0.000000
9,   0.345000,   -1079.864740,   -1265.604615,       5.880000,       0.000000,   -1079.864740,   -1265.604615,       0.000000,       0.000000
10,   0.346000,   -1079.864621,   -1265.604615,      13.230000,       0.000000,   -1079.864740,   -1265.604615,       0.000000,       0.000000
11,   0.347000,   -1079.864264,   -1265.604615,      23.519999,       0.000000,   -1079.864740,   -1265.604615,       0.000000,       0.000000
12,   0.348000,   -1079.863787,   -1265.604615,      36.750000,       0.000000,   -1079.864740,   -1265.604615,       0.000000,       0.000000
13,   0.349000,   -1079.863071,   -1265.604615,      52.920001,       0.000000,   -1079.864740,   -1265.604615,       0.000000,       0.000000
14,   0.350000,   -1079.861999,   -1265.604615,      72.029997,       0.000000,   -1079.864740,   -1265.604615,       0.000000,       0.000000
15,   0.351000,   -1079.860568,   -1265.604615,      94.079997,       0.000000,   -1079.864740,   -1265.604615,       0.000000,       0.000000
16,   0.352000,   -1079.858780,   -1265.604615,     119.070006,       0.000000,   -1079.864740,   -1265.604615,       0.000000,       0.000000
17,   0.353000,   -1079.856634,   -1265.604615,     147.000002,       0.000000,   -1079.864740,   -1265.604615,       0.000000,       0.000000
18,   0.354000,   -1079.853892,   -1265.604615,     177.870006,       0.000000,   -1079.864740,   -1265.604615,       0.000000,       0.000000
19,   0.355000,   -1079.850674,   -1265.604615,     211.680005,       0.000000,   -1079.864740,   -1265.604615,       0.000000,       0.000000
20,   0.356000,   -1079.846859,   -1265.604615,     248.429999,       0.000000,   -1079.864740,   -1265.604615,       0.000000,       0.000000
21,   0.357000,   -1079.842329,   -1265.604615,     288.119987,       0.000000,   -1079.864740,   -1265.604615,       0.000000,       0.000000
22,   0.358000,   -1079.837203,   -1265.604615,     330.750011,       0.000000,   -1079.864740,   -1265.604615,       0.000000,       0.000000
23,   0.359000,   -1079.831362,   -1265.604615,     376.319988,       0.000000,   -1079.864740,   -1265.604615,       0.000000,       0.000000
24,   0.360000,   -1079.824686,   -1265.604615,     424.830001,       0.000000,   -1079.864740,   -1265.604615,       0.000000,       0.000000
25,   0.361000,   -1079.817176,   -1265.604615,     476.280022,       0.000000,   -1079.864740,   -1265.604615,       0.000000,       0.000000
26,   0.362000,   -1079.808831,   -1265.604615,     530.670024,       0.000000,   -1079.864740,   -1265.604615,       0.000000,       0.000000
27,   0.363000,   -1079.799414,   -1265.604615,     588.000007,       0.000000,   -1079.864740,   -1265.604615,       0.000000,       0.000000
28,   0.364000,   -1079.789162,   -1265.604615,     648.270026,       0.000000,   -1079.864740,   -1265.604615,       0.000000,       0.000000
29,   0.365000,   -1079.777837,   -1265.604615,     711.480025,       0.000000,   -1079.864740,   -1265.604615,       0.000000,       0.000000
30,   0.366000,   -1079.765439,   -1265.604615,     777.630005,       0.000000,   -1079.864740,   -1265.604615,       0.000000,       0.000000
31,   0.367000,   -1079.751849,   -1265.604615,     846.720021,       0.000000,   -1079.864740,   -1265.604615,       0.000000,       0.000000
32,   0.368000,   -1079.737186,   -1265.604615,     918.750018,       0.000000,   -1079.864740,   -1265.604615,       0.000000,       0.000000
33,   0.369000,   -1079.721212,   -1265.604615,     993.719995,       0.000000,   -1079.864740,   -1265.604615,       0.000000,       0.000000
34,   0.370000,   -1079.704046,   -1265.604615,    1071.630009,       0.000000,   -1079.864740,   -1265.604615,       0.000000,       0.000000
35,   0.371000,   -1079.685569,   -1265.604615,    1152.479947,       0.000000,   -1079.864621,   -1265.604615,       0.000000,       0.000000
36,   0.372000,   -1079.665661,   -1265.604615,    1236.270033,       0.000000,   -1079.864621,   -1265.604615,       0.000000,       0.000000
37,   0.373000,   -1079.644322,   -1265.604615,    1323.000044,       0.000000,   -1079.864383,   -1265.604615,       0.000000,       0.000000
38,   0.374000,   -1079.621553,   -1265.604615,    1412.669979,       0.000000,   -1079.864264,   -1265.604615,       0.000000,       0.000000
39,   0.375000,   -1079.597235,   -1265.604615,    1505.279951,       0.000000,   -1079.864025,   -1265.604615,       0.000000,       0.000000
40,   0.376000,   -1079.571247,   -1265.604615,    1600.829959,       0.000000,   -1079.863667,   -1265.604615,       0.000000,       0.000000
41,   0.377000,   -1079.543829,   -1265.604615,    1699.320003,       0.000000,   -1079.863310,   -1265.604615,       0.000000,       0.000000
42,   0.378000,   -1079.514623,   -1265.604615,    1800.749972,       0.000000,   -1079.862833,   -1265.604615,       0.000000,       0.000000
43,   0.379000,   -1079.483747,   -1265.604615,    1905.120090,       0.000000,   -1079.862356,   -1265.604615,       0.000000,       0.000000
44,   0.380000,   -1079.451084,   -1265.604615,    2012.429908,       0.000000,   -1079.861522,   -1265.604615,       0.000000,       0.000000
45,   0.381000,   -1079.416633,   -1265.604615,    2120.241299,       0.000000,   -1079.860687,   -1265.604615,       0.000000,       0.000000
46,   0.382000,   -1079.380512,   -1265.604615,    2225.136012,       0.000000,   -1079.859614,   -1265.604615,       0.000000,       0.000000
47,   0.383000,   -1079.342484,   -1265.604615,    2327.090800,       0.000000,   -1079.858422,   -1265.604615,       0.000000,       0.000000
48,   0.384000,   -1079.302907,   -1265.604615,    2426.105663,       0.000000,   -1079.856992,   -1265.604615,       0.000000,       0.000000
49,   0.385000,   -1079.261661,   -1265.604615,    2522.180378,       0.000000,   -1079.855204,   -1265.604615,       0.000000,       0.000000
50,   0.386000,   -1079.218864,   -1265.604615,    2615.315169,       0.000000,   -1079.853058,   -1265.604615,       0.000000,       0.000000
51,   0.387000,   -1079.174519,   -1265.604615,    2705.509812,       0.000000,   -1079.850674,   -1265.604615,       0.000000,       0.000000
52,   0.388000,   -1079.128742,   -1265.604615,    2792.764530,       0.000000,   -1079.847455,   -1265.604615,       0.000000,       0.000000
53,   0.389000,   -1079.081416,   -1265.604615,    2877.079323,       0.000000,   -1079.842567,   -1265.604615,       0.000000,       0.000000
54,   0.390000,   -1079.032779,   -1265.604615,    2958.454192,       0.000000,   -1079.837084,   -1265.604615,       0.000000,       0.000000
55,   0.391000,   -1078.982830,   -1265.604615,    3036.888912,       0.000000,   -1079.832554,   -1265.604615,       0.000000,       0.000000
56,   0.392000,   -1078.931570,   -1265.604615,    3112.383708,       0.000000,   -1079.828143,   -1265.604615,       0.000000,       0.000000
57,   0.393000,   -1078.879118,   -1265.604615,    3184.938356,       0.000000,   -1079.822779,   -1265.604615,       0.000000,       0.000000
58,   0.394000,   -1078.825474,   -1265.604615,    3254.553080,       0.000000,   -1079.816103,   -1265.604615,       0.000000,       0.000000
59,   0.395000,   -1078.770638,   -1265.604615,    3321.227878,       0.000000,   -1079.808950,   -1265.604615,       0.000000,       0.000000
60,   0.396000,   -1078.714728,   -1265.604615,    3384.962529,       0.000000,   -1079.801083,   -1265.604615,       0.000000,       0.000000
61,   0.397000,   -1078.657866,   -1265.604615,    3445.757478,       0.000000,   -1079.792500,   -1265.604615,       0.000000,       0.000000
62,   0.398000,   -1078.599930,   -1265.604615,    3503.612056,       0.000000,   -1079.783320,   -1265.604615,       0.000000,       0.000000
63,   0.399000,   -1078.541040,   -1265.604615,    3558.526933,       0.000000,   -1079.773426,   -1265.604496,       0.000000,       0.000000
64,   0.400000,   -1078.481317,   -1265.604615,    3610.501662,       0.000000,   -1079.762459,   -1265.604615,       0.000000,       0.000000
65,   0.401000,   -1078.420758,   -1265.604615,    3659.536466,       0.000000,   -1079.750896,   -1265.604615,       0.000000,       0.000000
66,   0.402000,   -1078.359365,   -1265.604615,    3705.631122,       0.000000,   -1079.738379,   -1265.604615,       0.000000,       0.000000
67,   0.403000,   -1078.297257,   -1265.604615,    3748.785853,       0.000000,   -1079.724669,   -1265.604615,       0.000000,       0.000000
68,   0.404000,   -1078.234434,   -1265.604615,    3789.000660,       0.000000,   -1079.710364,   -1265.604615,       0.000000,       0.000000
69,   0.405000,   -1078.170896,   -1265.604615,    3826.275319,       0.000000,   -1079.694629,   -1265.604615,       0.000000,       0.000000
70,   0.406000,   -1078.106880,   -1265.604615,    3860.610276,       0.000000,   -1079.677820,   -1265.604615,       0.000000,       0.000000
71,   0.407000,   -1078.042269,   -1265.604615,    3892.005086,       0.000000,   -1079.659939,   -1265.604615,       0.000000,       0.000000
72,   0.408000,   -1077.977180,   -1265.604615,    3920.459747,       0.000000,   -1079.640865,   -1265.604615,       0.000000,       0.000000
73,   0.409000,   -1077.911615,   -1265.604615,    3945.974261,       0.000000,   -1079.620481,   -1265.604615,       0.000000,       0.000000
74,   0.410000,   -1077.845693,   -1265.604615,    3968.549073,       0.000000,   -1079.599023,   -1265.604615,       0.000000,       0.000000
75,   0.411000,   -1077.779293,   -1265.604615,    3988.183737,       0.000000,   -1079.576254,   -1265.604615,       0.000000,       0.000000
76,   0.412000,   -1077.712655,   -1265.604615,    4004.878700,       0.000000,   -1079.552293,   -1265.604615,       0.000000,       0.000000
77,   0.413000,   -1077.645898,   -1265.604615,    4018.633515,       0.000000,   -1079.527020,   -1265.604615,       0.000000,       0.000000
78,   0.414000,   -1077.578783,   -1265.604615,    4029.448181,       0.000000,   -1079.500198,   -1265.604615,       0.000000,       0.000000
79,   0.415000,   -1077.511549,   -1265.604615,    4037.322700,       0.000000,   -1079.472184,   -1265.604615,       0.000000,       0.000000
80,   0.416000,   -1077.444196,   -1265.604615,    4042.257518,       0.000000,   -1079.442620,   -1265.604615,       0.000000,       0.000000
81,   0.417000,   -1077.376842,   -1265.604615,    4044.252634,       0.000000,   -1079.411745,   -1265.604615,       0.000000,       0.000000
82,   0.418000,   -1077.309370,   -1265.604615,    4043.307155,       0.000000,   -1079.379559,   -1265.604615,       0.000000,       0.000000
83,   0.419000,   -1077.242017,   -1265.604615,    4039.421976,       0.000000,   -1079.345822,   -1265.604615,       0.000000,       0.000000
84,   0.420000,   -1077.174783,   -1265.604615,    4032.596648,       0.000000,   -1079.310775,   -1265.604615,       0.000000,       0.000000
85,   0.421000,   -1077.107668,   -1265.604615,    4022.831619,       0.000000,   -1079.274416,   -1265.604615,       0.000000,       0.000000
86,   0.422000,   -1077.040672,   -1265.604615,    4010.125995,       0.000000,   -1079.236507,   -1265.604615,       0.000000,       0.000000
87,   0.423000,   -1076.974034,   -1265.604615,    3994.481117,       0.000000,   -1079.197288,   -1265.604615,       0.000000,       0.000000
88,   0.424000,   -1076.907635,   -1265.604615,    3975.895643,       0.000000,   -1079.156756,   -1265.604615,       0.000000,       0.000000
89,   0.425000,   -1076.841474,   -1265.604615,    3954.370469,       0.000000,   -1079.114795,   -1265.604615,       0.000000,       0.000000
90,   0.426000,   -1076.775789,   -1265.604615,    3929.905146,       0.000000,   -1079.071522,   -1265.604615,       0.000000,       0.000000
91,   0.427000,   -1076.710463,   -1265.604615,    3902.500123,       0.000000,   -1079.026937,   -1265.604615,       0.000000,       0.000000
92,   0.428000,   -1076.645732,   -1265.604615,    3872.154504,       0.000000,   -1078.981280,   -1265.604615,       0.000000,       0.000000
93,   0.429000,   -1076.581478,   -1265.604615,    3838.869631,       0.000000,   -1078.934312,   -1265.604615,       0.000000,       0.000000
94,   0.430000,   -1076.517820,   -1265.604615,    3802.644163,       0.000000,   -1078.885913,   -1265.604615,       0.000000,       0.000000
95,   0.431000,   -1076.454759,   -1265.604615,    3763.478994,       0.000000,   -1078.836322,   -1265.604615,       0.000000,       0.000000
96,   0.432000,   -1076.392293,   -1265.604615,    3721.373677,       0.000000,   -1078.785658,   -1265.604615,       0.000000,       0.000000
97,   0.433000,   -1076.330662,   -1265.604615,    3676.328436,       0.000000,   -1078.734040,   -1265.604615,       0.000000,       0.000000
98,   0.434000,   -1076.269865,   -1265.604615,    3628.343269,       0.000000,   -1078.681231,   -1265.604615,       0.000000,       0.000000
99,   0.435000,   -1076.209784,   -1265.604615,    3577.417955,       0.000000,   -1078.627467,   -1265.604615,       0.000000,       0.000000
100,   0.436000,   -1076.150537,   -1265.604615,    3523.552716,       0.000000,   -1078.572750,   -1265.604615,       0.000000,       0.000000
101,   0.437000,   -1076.092362,   -1265.604615,    3466.747552,       0.000000,   -1078.516960,   -1265.604615,       0.000000,       0.000000
102,   0.438000,   -1076.035023,   -1265.604615,    3407.002240,       0.000000,   -1078.460336,   -1265.604615,       0.000000,       0.000000
103,   0.439000,   -1075.978756,   -1265.604615,    3344.317004,       0.000000,   -1078.402996,   -1265.604615,       0.000000,       0.000000
104,   0.440000,   -1075.923562,   -1265.604615,    3278.691620,       0.000000,   -1078.344703,   -1265.604615,       0.000000,       0.000000
105,   0.441000,   -1075.869441,   -1265.604615,    3210.126534,       0.000000,   -1078.285813,   -1265.604615,       0.000000,       0.000000
106,   0.442000,   -1075.816631,   -1265.604615,    3138.621300,       0.000000,   -1078.226089,   -1265.604615,       0.000000,       0.000000
107,   0.443000,   -1075.764894,   -1265.604615,    3064.175919,       0.000000,   -1078.165889,   -1265.604615,       0.000000,       0.000000
108,   0.444000,   -1075.714469,   -1265.604615,    2986.790836,       0.000000,   -1078.104973,   -1265.604615,       0.000000,       0.000000
109,   0.445000,   -1075.665355,   -1265.604615,    2906.465381,       0.000000,   -1078.043461,   -1265.604615,       0.000000,       0.000000
110,   0.446000,   -1075.617552,   -1265.604615,    2823.200226,       0.000000,   -1077.981353,   -1265.604615,       0.000000,       0.000000
111,   0.447000,   -1075.571299,   -1265.604615,    2736.994922,       0.000000,   -1077.918887,   -1265.604615,       0.000000,       0.000000
112,   0.448000,   -1075.526357,   -1265.604615,    2647.849694,       0.000000,   -1077.855945,   -1265.604615,       0.000000,       0.000000
113,   0.449000,   -1075.482965,   -1265.604615,    2555.764541,       0.000000,   -1077.792525,   -1265.604615,       0.000000,       0.000000
114,   0.450000,   -1075.441241,   -1265.604615,    2460.739240,       0.000000,   -1077.728868,   -1265.604615,       0.000000,       0.000000
115,   0.451000,   -1075.400949,   -1265.604615,    2362.774014,       0.000000,   -1077.664971,   -1265.604615,       0.000000,       0.000000
116,   0.452000,   -1075.362444,   -1265.604615,    2261.868641,       0.000000,   -1077.600598,   -1265.604615,       0.000000,       0.000000
117,   0.453000,   -1075.325608,   -1265.604615,    2158.023566,       0.000000,   -1077.536225,   -1265.604615,       0.000000,       0.000000
118,   0.454000,   -1075.290561,   -1265.604615,    2051.238343,       0.000000,   -1077.471852,   -1265.604615,       0.000000,       0.000000
119,   0.455000,   -1075.257301,   -1265.604615,    1943.089440,       0.000000,   -1077.407241,   -1265.604615,       0.000000,       0.000000
120,   0.456000,   -1075.225711,   -1265.604615,    1837.670021,       0.000000,   -1077.342749,   -1265.604615,       0.000000,       0.000000
121,   0.457000,   -1075.196028,   -1265.604615,    1735.190526,       0.000000,   -1077.278137,   -1265.604615,       0.000000,       0.000000
122,   0.458000,   -1075.167894,   -1265.604615,    1635.650955,       0.000000,   -1077.213645,   -1265.604615,       0.000000,       0.000000
123,   0.459000,   -1075.141430,   -1265.604615,    1539.051421,       0.000000,   -1077.149272,   -1265.604615,       0.000000,       0.000000
124,   0.460000,   -1075.116634,   -1265.604615,    1445.391923,       0.000000,   -1077.085018,   -1265.604615,       0.000000,       0.000000
125,   0.461000,   -1075.093269,   -1265.604615,    1354.672462,       0.000000,   -1077.021122,   -1265.604615,       0.000000,       0.000000
126,   0.462000,   -1075.071454,   -1265.604615,    1266.892925,       0.000000,   -1076.957464,   -1265.604615,       0.000000,       0.000000
127,   0.463000,   -1075.050950,   -1265.604615,    1182.053424,       0.000000,   -1076.894045,   -1265.604615,       0.000000,       0.000000
128,   0.464000,   -1075.031996,   -1265.604615,    1100.153960,       0.000000,   -1076.830983,   -1265.604615,       0.000000,       0.000000
129,   0.465000,   -1075.014353,   -1265.604615,    1021.194421,       0.000000,   -1076.768160,   -1265.604615,       0.000000,       0.000000
130,   0.466000,   -1074.997902,   -1265.604615,     945.174918,       0.000000,   -1076.705933,   -1265.604615,       0.000000,       0.000000
131,   0.467000,   -1074.982762,   -1265.604615,     872.095451,       0.000000,   -1076.644182,   -1265.604615,       0.000000,       0.000000
132,   0.468000,   -1074.968815,   -1265.604615,     801.955909,       0.000000,   -1076.583028,   -1265.604615,       0.000000,       0.000000
133,   0.469000,   -1074.956059,   -1265.604615,     734.756403,       0.000000,   -1076.522589,   -1265.604615,       0.000000,       0.000000
134,   0.470000,   -1074.944377,   -1265.604615,     670.496933,       0.000000,   -1076.462746,   -1265.604615,       0.000000,       0.000000
135,   0.471000,   -1074.933648,   -1265.604615,     609.177388,       0.000000,   -1076.403499,   -1265.604615,       0.000000,       0.000000
136,   0.472000,   -1074.923992,   -1265.604615,     550.797936,       0.000000,   -1076.345086,   -1265.604615,       0.000000,       0.000000
137,   0.473000,   -1074.915290,   -1265.604615,     495.358407,       0.000000,   -1076.287389,   -1265.604615,       0.000000,       0.000000
138,   0.474000,   -1074.907541,   -1265.604615,     442.858888,       0.000000,   -1076.230526,   -1265.604615,       0.000000,       0.000000
139,   0.475000,   -1074.900508,   -1265.604615,     393.299405,       0.000000,   -1076.174617,   -1265.604615,       0.000000,       0.000000
140,   0.476000,   -1074.894309,   -1265.604615,     346.679902,       0.000000,   -1076.119542,   -1265.604615,       0.000000,       0.000000
141,   0.477000,   -1074.888945,   -1265.604615,     303.000379,       0.000000,   -1076.065660,   -1265.604615,       0.000000,       0.000000
142,   0.478000,   -1074.884295,   -1265.604615,     262.260893,       0.000000,   -1076.012731,   -1265.604615,       0.000000,       0.000000
143,   0.479000,   -1074.880242,   -1265.604615,     224.461374,       0.000000,   -1075.960636,   -1265.604615,       0.000000,       0.000000
144,   0.480000,   -1074.876785,   -1265.604615,     189.601877,       0.000000,   -1075.909615,   -1265.604615,       0.000000,       0.000000
145,   0.481000,   -1074.873805,   -1265.604615,     157.682374,       0.000000,   -1075.859785,   -1265.604615,       0.000000,       0.000000
146,   0.482000,   -1074.871421,   -1265.604615,     128.702866,       0.000000,   -1075.811148,   -1265.604615,       0.000000,       0.000000
147,   0.483000,   -1074.869514,   -1265.604615,     102.663359,       0.000000,   -1075.763822,   -1265.604615,       0.000000,       0.000000
148,   0.484000,   -1074.868083,   -1265.604615,      79.563854,       0.000000,   -1075.717688,   -1265.604615,       0.000000,       0.000000
149,   0.485000,   -1074.866891,   -1265.604615,      59.404350,       0.000000,   -1075.672865,   -1265.604615,       0.000000,       0.000000
150,   0.486000,   -1074.866056,   -1265.604615,      42.184847,       0.000000,   -1075.629473,   -1265.604615,       0.000000,       0.000000
151,   0.487000,   -1074.865460,   -1265.604615,      27.905341,       0.000000,   -1075.587273,   -1265.604615,       0.000000,       0.000000
152,   0.488000,   -1074.865103,   -1265.604615,      16.565836,       0.000000,   -1075.546503,   -1265.604615,       0.000000,       0.000000
153,   0.489000,   -1074.864864,   -1265.604615,       8.166332,       0.000000,   -1075.506926,   -1265.604615,       0.000000,       0.000000
154,   0.490000,   -1074.864864,   -1265.604615,       2.706828,       0.000000,   -1075.468898,   -1265.604615,       0.000000,       0.000000
155,   0.491000,   -1074.864745,   -1265.604615,       0.187323,       0.000000,   -1075.432062,   -1265.604615,       0.000000,       0.000000
156,   0.492000,   -1074.864745,   -1265.604615,       0.000000,       0.000000,   -1075.396776,   -1265.604615,       0.000000,       0.000000
157,   0.493000,   -1074.864745,   -1265.604615,       0.000000,       0.000000,   -1075.362921,   -1265.604615,       0.000000,       0.000000
158,   0.494000,   -1074.864745,   -1265.604615,       0.000000,       0.000000,   -1075.330257,   -1265.604615,       0.000000,       0.000000
159,   0.495000,   -1074.864745,   -1265.604615,       0.000000,       0.000000,   -1075.299025,   -1265.604615,       0.000000,       0.000000
160,   0.496000,   -1074.864745,   -1265.604615,      -0.000002,      -1.299000,   -1075.269103,   -1265.604615,       0.000000,       0.000000
161,   0.497000,   -1074.864745,   -1265.604615,      -0.000059,      -5.196000,   -1075.240850,   -1265.604615,       0.000000,       0.000000
162,   0.498000,   -1074.864745,   -1265.604734,      -0.000453,     -11.691000,   -1075.213790,   -1265.604615,       0.000000,       0.000000
163,   0.499000,   -1074.864745,   -1265.605092,      -0.001916,     -20.783999,   -1075.188160,   -1265.604615,       0.000000,       0.000000
164,   0.500000,   -1074.864745,   -1265.605450,      -0.005852,     -32.474999,   -1075.163603,   -1265.604615,       0.000000,       0.000000
165,   0.501000,   -1074.864745,   -1265.606165,      -0.014569,     -46.763996,   -1075.140715,   -1265.604615,       0.000000,       0.000000
166,   0.502000,   -1074.864745,   -1265.607119,      -0.031498,     -63.650992,   -1075.118661,   -1265.604615,       0.000000,       0.000000
167,   0.503000,   -1074.864745,   -1265.608311,      -0.061419,     -83.135976,   -1075.098157,   -1265.604615,       0.000000,       0.000000
168,   0.504000,   -1074.864745,   -1265.609860,      -0.110689,    -105.218939,   -1075.078726,   -1265.604615,       0.000000,       0.000000
169,   0.505000,   -1074.864745,   -1265.611768,      -0.187462,    -129.899872,   -1075.060368,   -1265.604615,       0.000000,       0.000000
170,   0.506000,   -1074.864745,   -1265.614152,      -0.301920,    -157.178706,   -1075.043321,   -1265.604615,       0.000000,       0.000000
171,   0.507000,   -1074.864745,   -1265.617013,      -0.466494,    -187.055413,   -1075.027347,   -1265.604615,       0.000000,       0.000000
172,   0.508000,   -1074.864864,   -1265.620470,      -0.696087,    -219.529895,   -1075.012445,   -1265.604615,       0.000000,       0.000000
173,   0.509000,   -1074.864864,   -1265.624404,      -1.008306,    -254.602013,   -1074.998736,   -1265.604615,       0.000000,       0.000000
174,   0.510000,   -1074.864864,   -1265.628934,      -1.423679,    -292.271543,   -1074.985862,   -1265.604615,       0.000000,       0.000000
175,   0.511000,   -1074.864864,   -1265.634179,      -1.965885,    -332.538178,   -1074.974060,   -1265.604615,       0.000000,       0.000000
176,   0.512000,   -1074.864864,   -1265.640020,      -2.661976,    -375.401555,   -1074.962974,   -1265.604615,       0.000000,       0.000000
177,   0.513000,   -1074.864984,   -1265.646696,      -3.542603,    -420.861086,   -1074.952841,   -1265.604615,       0.000000,       0.000000
178,   0.514000,   -1074.864984,   -1265.654087,      -4.642241,    -468.916018,   -1074.943781,   -1265.604615,       0.000000,       0.000000
179,   0.515000,   -1074.865103,   -1265.662313,      -5.999407,    -519.565344,   -1074.935317,   -1265.604615,       0.000000,       0.000000
180,   0.516000,   -1074.865222,   -1265.671372,      -7.656894,    -572.807807,   -1074.927688,   -1265.604615,       0.000000,       0.000000
181,   0.517000,   -1074.865341,   -1265.681386,      -9.661983,    -628.641732,   -1074.920774,   -1265.604615,       0.000000,       0.000000
182,   0.518000,   -1074.865580,   -1265.692353,     -12.066672,    -687.065050,   -1074.914575,   -1265.604615,       0.000000,       0.000000
183,   0.519000,   -1074.865818,   -1265.704393,     -14.927899,    -748.075079,   -1074.908972,   -1265.604615,       0.000000,       0.000000
184,   0.520000,   -1074.866056,   -1265.717387,     -18.307753,    -811.668579,   -1074.904203,   -1265.604615,       0.000000,       0.000000
185,   0.521000,   -1074.866414,   -1265.731454,     -22.273703,    -877.841469,   -1074.900389,   -1265.604734,       0.000000,       0.000000
186,   0.522000,   -1074.866772,   -1265.746593,     -26.898807,    -946.588889,   -1074.897647,   -1265.604734,       0.000000,       0.000000
187,   0.523000,   -1074.867249,   -1265.762925,     -32.261938,   -1017.904915,   -1074.895263,   -1265.604854,       0.000000,       0.000000
188,   0.524000,   -1074.867845,   -1265.780568,     -38.447982,   -1091.782227,   -1074.892759,   -1265.604973,       0.000000,       0.000000
189,   0.525000,   -1074.868560,   -1265.799403,     -45.548055,   -1168.212444,   -1074.889779,   -1265.605092,       0.000000,       0.000000
190,   0.526000,   -1074.869394,   -1265.819550,     -53.659711,   -1247.185171,   -1074.886680,   -1265.605211,       0.000000,       0.000000
191,   0.527000,   -1074.870348,   -1265.841007,     -62.887142,   -1328.688562,   -1074.883819,   -1265.605450,       0.000000,       0.000000
192,   0.528000,   -1074.871540,   -1265.863776,     -73.341366,   -1412.708536,   -1074.881434,   -1265.605688,       0.000000,       0.000000
193,   0.529000,   -1074.872851,   -1265.888095,     -85.140432,   -1499.228440,   -1074.879646,   -1265.606046,       0.000000,       0.000000
194,   0.530000,   -1074.874401,   -1265.913844,     -98.409571,   -1588.229053,   -1074.878335,   -1265.606403,       0.000000,       0.000000
195,   0.531000,   -1074.876070,   -1265.941024,    -113.281421,   -1679.688357,   -1074.877262,   -1265.606999,       0.000000,       0.000000
196,   0.532000,   -1074.878097,   -1265.969753,    -129.896142,   -1773.580648,   -1074.876308,   -1265.607595,       0.000000,       0.000000
197,   0.533000,   -1074.880481,   -1266.000152,    -148.401582,   -1869.876310,   -1074.875355,   -1265.608430,       0.000000,       0.000000
198,   0.534000,   -1074.883103,   -1266.032100,    -168.953449,   -1968.542039,   -1074.874163,   -1265.609384,       0.000000,       0.000000
199,   0.535000,   -1074.886084,   -1266.065836,    -191.715388,   -2069.539055,   -1074.873090,   -1265.610576,       0.000000,       0.000000
200,   0.536000,   -1074.889541,   -1266.101122,    -216.859113,   -2172.823995,   -1074.872136,   -1265.611887,       0.000000,       0.000000
201,   0.537000,   -1074.893355,   -1266.138196,    -244.564489,   -2278.347462,   -1074.871182,   -1265.613556,       0.000000,       0.000000
202,   0.538000,   -1074.897647,   -1266.177058,    -275.019631,   -2386.053801,   -1074.870348,   -1265.615582,       0.000000,       0.000000
203,   0.539000,   -1074.902534,   -1266.217828,    -308.420844,   -2495.880201,   -1074.869633,   -1265.617847,       0.000000,       0.000000
204,   0.540000,   -1074.908018,   -1266.260266,    -344.972787,   -2607.756257,   -1074.869037,   -1265.620470,       0.000000,       0.000000
205,   0.541000,   -1074.914098,   -1266.304731,    -384.888360,   -2721.603289,   -1074.868560,   -1265.623927,       0.000000,       0.000000
206,   0.542000,   -1074.920774,   -1266.351104,    -428.388594,   -2837.333679,   -1074.867964,   -1265.628695,       0.000000,       0.000000
207,   0.543000,   -1074.928403,   -1266.399264,    -475.702733,   -2954.849079,   -1074.867606,   -1265.632629,       0.000000,       0.000000
208,   0.544000,   -1074.936748,   -1266.449571,    -527.067874,   -3074.041307,   -1074.867368,   -1265.637517,       0.000000,       0.000000
209,   0.545000,   -1074.945927,   -1266.501784,    -582.729075,   -3194.789886,   -1074.867129,   -1265.642762,       0.000000,       0.000000
210,   0.546000,   -1074.956179,   -1266.556025,    -642.938800,   -3316.962048,   -1074.866891,   -1265.648603,       0.000000,       0.000000
211,   0.547000,   -1074.967384,   -1266.612411,    -707.956888,   -3440.410718,   -1074.866772,   -1265.655637,       0.000000,       0.000000
212,   0.548000,   -1074.979782,   -1266.670704,    -778.049883,   -3564.974517,   -1074.866652,   -1265.662789,       0.000000,       0.000000
213,   0.549000,   -1074.993372,   -1266.731143,    -853.491034,   -3690.476641,   -1074.866652,   -1265.671015,       0.000000,       0.000000
214,   0.550000,   -1075.008273,   -1266.793728,    -934.559405,   -3816.722631,   -1074.866652,   -1265.679359,       0.000000,       0.000000
215,   0.551000,   -1075.024605,   -1266.858459,   -1021.369435,   -3942.850381,   -1074.866772,   -1265.688658,       0.000000,       0.000000
216,   0.552000,   -1075.042367,   -1266.925216,   -1113.118194,   -4064.885974,   -1074.866891,   -1265.698552,       0.000000,       0.000000
217,   0.553000,   -1075.061679,   -1266.993880,   -1209.660508,   -4182.052463,   -1074.867129,   -1265.709162,       0.000000,       0.000000
218,   0.554000,   -1075.082660,   -1267.064571,   -1310.981400,   -4294.177294,   -1074.867249,   -1265.720725,       0.000000,       0.000000
219,   0.555000,   -1075.105429,   -1267.137051,   -1417.047791,   -4401.084781,   -1074.867606,   -1265.733004,       0.000000,       0.000000
220,   0.556000,   -1075.129986,   -1267.211199,   -1527.809277,   -4502.596557,   -1074.867964,   -1265.746355,       0.000000,       0.000000
221,   0.557000,   -1075.156331,   -1267.287016,   -1643.197685,   -4598.533362,   -1074.868441,   -1265.760541,       0.000000,       0.000000
222,   0.558000,   -1075.184703,   -1267.364502,   -1763.126850,   -4688.713700,   -1074.869037,   -1265.775800,       0.000000,       0.000000
223,   0.559000,   -1075.215101,   -1267.443299,   -1887.493506,   -4772.957861,   -1074.869752,   -1265.792131,       0.000000,       0.000000
224,   0.560000,   -1075.247645,   -1267.523527,   -2016.176730,   -4851.084799,   -1074.870467,   -1265.809536,       0.000000,       0.000000
225,   0.561000,   -1075.282335,   -1267.604947,   -2149.038613,   -4922.917038,   -1074.871421,   -1265.828371,       0.000000,       0.000000
226,   0.562000,   -1075.319290,   -1267.687559,   -2285.923809,   -4988.278449,   -1074.872494,   -1265.847802,       0.000000,       0.000000
227,   0.563000,   -1075.358629,   -1267.771244,   -2426.660657,   -5046.997815,   -1074.873567,   -1265.869260,       0.000000,       0.000000
228,   0.564000,   -1075.400233,   -1267.855763,   -2571.060508,   -5098.907948,   -1074.874997,   -1265.891314,       0.000000,       0.000000
229,   0.565000,   -1075.444341,   -1267.941117,   -2718.919292,   -5143.846571,   -1074.876785,   -1265.915036,       0.000000,       0.000000
230,   0.566000,   -1075.490952,   -1268.027186,   -2870.017067,   -5181.659907,   -1074.879050,   -1265.940309,       0.000000,       0.000000
231,   0.567000,   -1075.540066,   -1268.113852,   -3024.118245,   -5212.199539,   -1074.881673,   -1265.966177,       0.000000,       0.000000
232,   0.568000,   -1075.591683,   -1268.200874,   -3180.973157,   -5235.327333,   -1074.884534,   -1265.994787,       0.000000,       0.000000
233,   0.569000,   -1075.646043,   -1268.288255,   -3340.317607,   -5250.913650,   -1074.888229,   -1266.023278,       0.000000,       0.000000
234,   0.570000,   -1075.703025,   -1268.375874,   -3501.874208,   -5258.840024,   -1074.893355,   -1266.054869,       0.000000,       0.000000
235,   0.571000,   -1075.762749,   -1268.463492,   -3665.352836,   -5258.998722,   -1074.898720,   -1266.086578,       0.000000,       0.000000
236,   0.572000,   -1075.825214,   -1268.551111,   -3830.451071,   -5251.294523,   -1074.903250,   -1266.120791,       0.000000,       0.000000
237,   0.573000,   -1075.890541,   -1268.638492,   -3996.855766,   -5235.645622,   -1074.907660,   -1266.156316,       0.000000,       0.000000
238,   0.574000,   -1075.958490,   -1268.725634,   -4164.242595,   -5211.984515,   -1074.913025,   -1266.193390,       0.000000,       0.000000
239,   0.575000,   -1076.029301,   -1268.812180,   -4332.278520,   -5180.257112,   -1074.919343,   -1266.232252,       0.000000,       0.000000
240,   0.576000,   -1076.102853,   -1268.898249,   -4500.621557,   -5140.426308,   -1074.926615,   -1266.272545,       0.000000,       0.000000
241,   0.577000,   -1076.179266,   -1268.983483,   -4668.922573,   -5092.470199,   -1074.934363,   -1266.314983,       0.000000,       0.000000
242,   0.578000,   -1076.258540,   -1269.068003,   -4836.825728,   -5036.384314,   -1074.942827,   -1266.358614,       0.000000,       0.000000
243,   0.579000,   -1076.340556,   -1269.151330,   -5003.970265,   -4972.180724,   -1074.951887,   -1266.404390,       0.000000,       0.000000
244,   0.580000,   -1076.425314,   -1269.233704,   -5169.990063,   -4899.890721,   -1074.961782,   -1266.451478,       0.000000,       0.000000
245,   0.581000,   -1076.512814,   -1269.314647,   -5334.516764,   -4819.563031,   -1074.972630,   -1266.500592,       0.000000,       0.000000
246,   0.582000,   -1076.603174,   -1269.394279,   -5497.180670,   -4731.265157,   -1074.984193,   -1266.551375,       0.000000,       0.000000
247,   0.583000,   -1076.696038,   -1269.472361,   -5657.610297,   -4635.083377,   -1074.996710,   -1266.603947,       0.000000,       0.000000
248,   0.584000,   -1076.791644,   -1269.548774,   -5815.435499,   -4531.123638,   -1075.010538,   -1266.658306,       0.000000,       0.000000
249,   0.585000,   -1076.889873,   -1269.623280,   -5970.287025,   -4419.511557,   -1075.025201,   -1266.714215,       0.000000,       0.000000
250,   0.586000,   -1076.990724,   -1269.695997,   -6121.800095,   -4300.391078,   -1075.041056,   -1266.772032,       0.000000,       0.000000
251,   0.587000,   -1077.093959,   -1269.766569,   -6269.613504,   -4173.926264,   -1075.058460,   -1266.831398,       0.000000,       0.000000
252,   0.588000,   -1077.199697,   -1269.835114,   -6413.370967,   -4040.300399,   -1075.076699,   -1266.892433,       0.000000,       0.000000
253,   0.589000,   -1077.307701,   -1269.901276,   -6552.724242,   -3899.715990,   -1075.096607,   -1266.955018,       0.000000,       0.000000
254,   0.590000,   -1077.418089,   -1269.965053,   -6687.333137,   -3752.393425,   -1075.118065,   -1267.019391,       0.000000,       0.000000
255,   0.591000,   -1077.530622,   -1270.026326,   -6816.866398,   -3598.572984,   -1075.140715,   -1267.085195,       0.000000,       0.000000
256,   0.592000,   -1077.645302,   -1270.084977,   -6941.002607,   -3438.511714,   -1075.165153,   -1267.152309,       0.000000,       0.000000
257,   0.593000,   -1077.761889,   -1270.140886,   -7059.434205,   -3272.484764,   -1075.191259,   -1267.221212,       0.000000,       0.000000
258,   0.594000,   -1077.880502,   -1270.194054,   -7171.864361,   -3100.783825,   -1075.219035,   -1267.291427,       0.000000,       0.000000
259,   0.595000,   -1078.000903,   -1270.244241,   -7278.011441,   -2923.717350,   -1075.248480,   -1267.362833,       0.000000,       0.000000
260,   0.596000,   -1078.123093,   -1270.291448,   -7377.609015,   -2741.608322,   -1075.280070,   -1267.435551,       0.000000,       0.000000
261,   0.597000,   -1078.246832,   -1270.335555,   -7470.405400,   -2554.795146,   -1075.313330,   -1267.509460,       0.000000,       0.000000
262,   0.598000,   -1078.372121,   -1270.376563,   -7556.167245,   -2363.629639,   -1075.348377,   -1267.584443,       0.000000,       0.000000
263,   0.599000,   -1078.498721,   -1270.414352,   -7634.679079,   -2168.475911,   -1075.385809,   -1267.660499,       0.000000,       0.000000
264,   0.600000,   -1078.626513,   -1270.448804,   -7705.743313,   -1969.710812,   -1075.425148,   -1267.737389,       0.000000,       0.000000
265,   0.601000,   -1078.755498,   -1270.480037,   -7769.182026,   -1767.720804,   -1075.466633,   -1267.815113,       0.000000,       0.000000
266,   0.602000,   -1078.885436,   -1270.507693,   -7824.837863,   -1562.902518,   -1075.510263,   -1267.893672,       0.000000,       0.000000
267,   0.603000,   -1079.016328,   -1270.532012,   -7872.573137,   -1355.660520,   -1075.556278,   -1267.972827,       0.000000,       0.000000
268,   0.604000,   -1079.147816,   -1270.552874,   -7912.273407,   -1146.406978,   -1075.604558,   -1268.052459,       0.000000,       0.000000
269,   0.605000,   -1079.280019,   -1270.570278,   -7943.843901,    -935.559366,   -1075.654984,   -1268.132567,       0.000000,       0.000000
270,   0.606000,   -1079.412580,   -1270.584106,   -7967.213094,    -723.540410,   -1075.707793,   -1268.213034,       0.000000,       0.000000
271,   0.607000,   -1079.545498,   -1270.594358,   -7983.672917,    -510.849338,   -1075.762987,   -1268.293738,       0.000000,       0.000000
272,   0.608000,   -1079.678655,   -1270.601153,   -7994.455397,    -297.794994,   -1075.820565,   -1268.374443,       0.000000,       0.000000
273,   0.609000,   -1079.811931,   -1270.604253,   -7999.553382,     -84.528895,   -1075.880647,   -1268.455148,       0.000000,       0.000000
274,   0.610000,   -1079.945326,   -1270.603895,   -7998.963296,     128.797302,   -1075.942993,   -1268.535852,       0.000000,       0.000000
275,   0.611000,   -1080.078602,   -1270.599961,   -7992.685139,     342.031913,   -1076.008081,   -1268.616319,       0.000000,       0.000000
276,   0.612000,   -1080.211639,   -1270.592570,   -7980.723381,     555.023309,   -1076.075554,   -1268.696308,       0.000000,       0.000000
277,   0.613000,   -1080.344558,   -1270.581484,   -7963.040471,     767.662469,   -1076.145411,   -1268.775702,       0.000000,       0.000000
278,   0.614000,   -1080.477118,   -1270.566940,   -7937.964499,     981.266610,   -1076.217890,   -1268.854618,       0.000000,       0.000000
279,   0.615000,   -1080.609083,   -1270.548820,   -7904.699743,    1196.209230,   -1076.292634,   -1268.932819,       0.000000,       0.000000
280,   0.616000,   -1080.740571,   -1270.527124,   -7863.323092,    1412.068829,   -1076.370120,   -1269.010067,       0.000000,       0.000000
281,   0.617000,   -1080.871224,   -1270.501733,   -7813.932002,    1628.428772,   -1076.450109,   -1269.086480,       0.000000,       0.000000
282,   0.618000,   -1081.000924,   -1270.472765,   -7756.644487,    1844.878457,   -1076.532602,   -1269.161701,       0.000000,       0.000000
283,   0.619000,   -1081.129670,   -1270.440221,   -7691.600025,    2061.014771,   -1076.617479,   -1269.235730,       0.000000,       0.000000
284,   0.620000,   -1081.257224,   -1270.404100,   -7618.955970,    2276.443318,   -1076.704621,   -1269.308448,       0.000000,       0.000000
285,   0.621000,   -1081.383586,   -1270.364404,   -7538.889349,    2490.779087,   -1076.794267,   -1269.379735,       0.000000,       0.000000
286,   0.622000,   -1081.508517,   -1270.321131,   -7451.595515,    2703.648359,   -1076.886177,   -1269.449353,       0.000000,       0.000000
287,   0.623000,   -1081.631899,   -1270.274282,   -7357.285023,    2914.688811,   -1076.980591,   -1269.517422,       0.000000,       0.000000
288,   0.624000,   -1081.753731,   -1270.223975,   -7256.184071,    3123.551756,   -1077.077150,   -1269.583702,       0.000000,       0.000000
289,   0.625000,   -1081.873775,   -1270.170093,   -7148.534954,    3329.901919,   -1077.175975,   -1269.648075,       0.000000,       0.000000
290,   0.626000,   -1081.992030,   -1270.112991,   -7034.591585,    3533.418775,   -1077.276826,   -1269.710422,       0.000000,       0.000000
291,   0.627000,   -1082.108259,   -1270.052433,   -6914.621294,    3733.797446,   -1077.379942,   -1269.770741,       0.000000,       0.000000
292,   0.628000,   -1082.222462,   -1269.988537,   -6788.901687,    3930.749595,   -1077.485204,   -1269.828916,       0.000000,       0.000000
293,   0.629000,   -1082.334518,   -1269.921422,   -6657.719314,    4124.002755,   -1077.592015,   -1269.884706,       0.000000,       0.000000
294,   0.630000,   -1082.444310,   -1269.851089,   -6521.369219,    4313.303232,   -1077.700973,   -1269.938111,       0.000000,       0.000000
295,   0.631000,   -1082.551837,   -1269.777656,   -6380.154043,    4498.414546,   -1077.811718,   -1269.988894,       0.000000,       0.000000
296,   0.632000,   -1082.656980,   -1269.701123,   -6234.380454,    4679.118991,   -1077.924252,   -1270.037293,       0.000000,       0.000000
297,   0.633000,   -1082.759619,   -1269.621730,   -6084.359139,    4855.216742,   -1078.038335,   -1270.082951,       0.000000,       0.000000
298,   0.634000,   -1082.859755,   -1269.539356,   -5930.403471,    5026.527643,   -1078.153729,   -1270.125985,       0.000000,       0.000000
299,   0.635000,   -1082.957268,   -1269.454122,   -5772.827715,    5192.889869,   -1078.271031,   -1270.166397,       0.000000,       0.000000
300,   0.636000,   -1083.052158,   -1269.366264,   -5611.944348,    5354.160815,   -1078.389645,   -1270.203710,       0.000000,       0.000000
301,   0.637000,   -1083.144307,   -1269.275665,   -5448.065847,    5510.216206,   -1078.509212,   -1270.238042,       0.000000,       0.000000
302,   0.638000,   -1083.233833,   -1269.182563,   -5281.498879,    5660.951436,   -1078.629851,   -1270.269632,       0.000000,       0.000000
303,   0.639000,   -1083.320379,   -1269.087076,   -5112.546086,    5806.278884,   -1078.752041,   -1270.298004,       0.000000,       0.000000
304,   0.640000,   -1083.404183,   -1268.989086,   -4941.503406,    5946.130604,   -1078.875065,   -1270.323277,       0.000000,       0.000000
305,   0.641000,   -1083.485126,   -1268.888831,   -4768.658727,    6080.455184,   -1078.998685,   -1270.345449,       0.000000,       0.000000
306,   0.642000,   -1083.563089,   -1268.786430,   -4594.290555,    6209.218204,   -1079.123259,   -1270.364523,       0.000000,       0.000000
307,   0.643000,   -1083.638191,   -1268.681884,   -4418.666661,    6332.402229,   -1079.248667,   -1270.379901,       0.000000,       0.000000
308,   0.644000,   -1083.710432,   -1268.575430,   -4242.043197,    6450.004131,   -1079.374552,   -1270.392776,       0.000000,       0.000000
309,   0.645000,   -1083.779693,   -1268.466949,   -4064.662009,    6562.037319,   -1079.500556,   -1270.401359,       0.000000,       0.000000
310,   0.646000,   -1083.845854,   -1268.356681,   -3886.751086,    6668.527722,   -1079.627037,   -1270.406127,       0.000000,       0.000000
311,   0.647000,   -1083.909154,   -1268.244743,   -3708.522543,    6769.515127,   -1079.753757,   -1270.408034,       0.000000,       0.000000
312,   0.648000,   -1083.969474,   -1268.131137,   -3530.171290,    6865.050495,   -1079.880714,   -1270.406485,       0.000000,       0.000000
313,   0.649000,   -1084.026814,   -1268.015862,   -3351.874575,    6955.195963,   -1080.007553,   -1270.402431,       0.000000,       0.000000
314,   0.650000,   -1084.081292,   -1267.899275,   -3173.790649,    7040.023059,   -1080.134392,   -1270.395160,       0.000000,       0.000000
315,   0.651000,   -1084.132671,   -1267.781258,   -2996.057868,    7119.610459,   -1080.260873,   -1270.383954,       0.000000,       0.000000
316,   0.652000,   -1084.181070,   -1267.661929,   -2818.793580,    7194.046229,   -1080.386996,   -1270.370364,       0.000000,       0.000000
317,   0.653000,   -1084.226608,   -1267.541528,   -2642.093897,    7263.421118,   -1080.512285,   -1270.351887,       0.000000,       0.000000
318,   0.654000,   -1084.269166,   -1267.419934,   -2466.032580,    7327.831686,   -1080.637097,   -1270.331621,       0.000000,       0.000000
319,   0.655000,   -1084.308863,   -1267.297268,   -2290.660143,    7387.376279,   -1080.761433,   -1270.306587,       0.000000,       0.000000
320,   0.656000,   -1084.345579,   -1267.173648,   -2116.003856,    7442.154586,   -1080.884814,   -1270.278692,       0.000000,       0.000000
321,   0.657000,   -1084.379315,   -1267.049193,   -1942.066625,    7492.264509,   -1081.007481,   -1270.247698,       0.000000,       0.000000
322,   0.658000,   -1084.410310,   -1266.923904,   -1768.827550,    7537.803054,   -1081.129193,   -1270.212173,       0.000000,       0.000000
323,   0.659000,   -1084.438324,   -1266.798019,   -1596.240364,    7578.863204,   -1081.249952,   -1270.174861,       0.000000,       0.000000
324,   0.660000,   -1084.463477,   -1266.671300,   -1424.234100,    7615.529895,   -1081.369400,   -1270.132303,       0.000000,       0.000000
325,   0.661000,   -1084.485769,   -1266.544104,   -1252.712533,    7647.881806,   -1081.487417,   -1270.088434,       0.000000,       0.000000
326,   0.662000,   -1084.505200,   -1266.416430,   -1081.554182,    7675.989568,   -1081.603885,   -1270.039558,       0.000000,       0.000000
327,   0.663000,   -1084.521890,   -1266.288280,    -910.612643,    7699.911296,   -1081.719160,   -1269.988656,       0.000000,       0.000000
328,   0.664000,   -1084.535599,   -1266.159773,    -739.716031,    7719.691694,   -1081.832409,   -1269.934177,       0.000000,       0.000000
329,   0.665000,   -1084.546566,   -1266.031027,    -568.667985,    7735.360265,   -1081.943870,   -1269.876242,       0.000000,       0.000000
330,   0.666000,   -1084.554553,   -1265.901923,    -397.247309,    7746.932209,   -1082.053781,   -1269.816160,       0.000000,       0.000000
331,   0.667000,   -1084.559798,   -1265.772820,    -225.208928,    7754.400373,   -1082.161784,   -1269.751549,       0.000000,       0.000000
332,   0.668000,   -1084.562063,   -1265.643477,     -52.284084,    7757.738829,   -1082.267761,   -1269.685745,       0.000000,       0.000000
333,   0.669000,   -1084.561467,   -1265.514255,     121.198855,    7756.907344,   -1082.371473,   -1269.615293,       0.000000,       0.000000
334,   0.670000,   -1084.558010,   -1265.385032,     293.737398,    7751.922011,   -1082.473397,   -1269.543290,       0.000000,       0.000000
335,   0.671000,   -1084.551692,   -1265.255809,     465.499163,    7742.819488,   -1082.573295,   -1269.467592,       0.000000,       0.000000
336,   0.672000,   -1084.542513,   -1265.126944,     636.743568,    7729.618549,   -1082.670689,   -1269.389391,       0.000000,       0.000000
337,   0.673000,   -1084.530473,   -1264.998198,     807.706285,    7712.316513,   -1082.765818,   -1269.309044,       0.000000,       0.000000
338,   0.674000,   -1084.515572,   -1264.869809,     978.598595,    7690.893710,   -1082.858920,   -1269.225001,       0.000000,       0.000000
339,   0.675000,   -1084.497809,   -1264.741898,    1149.607189,    7665.312588,   -1082.949400,   -1269.139886,       0.000000,       0.000000
340,   0.676000,   -1084.477305,   -1264.614344,    1320.893839,    7635.523975,   -1083.037615,   -1269.050717,       0.000000,       0.000000
341,   0.677000,   -1084.453821,   -1264.487386,    1492.595114,    7601.464391,   -1083.123207,   -1268.960476,       0.000000,       0.000000
342,   0.678000,   -1084.427476,   -1264.361024,    1664.822325,    7563.060522,   -1083.206177,   -1268.867016,       0.000000,       0.000000
343,   0.679000,   -1084.398389,   -1264.235258,    1837.661639,    7520.229220,   -1083.286643,   -1268.771887,       0.000000,       0.000000
344,   0.680000,   -1084.366202,   -1264.110327,    2011.174187,    7472.883314,   -1083.364248,   -1268.674493,       0.000000,       0.000000
345,   0.681000,   -1084.331274,   -1263.986230,    2185.396403,    7420.928031,   -1083.439350,   -1268.574715,       0.000000,       0.000000
346,   0.682000,   -1084.293365,   -1263.862967,    2360.339239,    7364.265472,   -1083.511710,   -1268.473625,       0.000000,       0.000000
347,   0.683000,   -1084.252596,   -1263.740778,    2535.990402,    7302.797288,   -1083.580852,   -1268.369675,       0.000000,       0.000000
348,   0.684000,   -1084.208846,   -1263.619661,    2712.313011,    7236.423343,   -1083.647609,   -1268.264890,       0.000000,       0.000000
349,   0.685000,   -1084.162235,   -1263.499618,    2889.247164,    7165.046632,   -1083.711505,   -1268.157601,       0.000000,       0.000000
350,   0.686000,   -1084.112525,   -1263.380766,    3066.710383,    7088.572383,   -1083.772898,   -1268.049002,       0.000000,       0.000000
351,   0.687000,   -1084.059954,   -1263.263345,    3244.598061,    7006.910741,   -1083.831191,   -1267.938852,       0.000000,       0.000000
352,   0.688000,   -1084.004402,   -1263.147235,    3422.784358,    6919.977218,   -1083.886862,   -1267.826915,       0.000000,       0.000000
353,   0.689000,   -1083.945870,   -1263.032675,    3601.122871,    6827.695817,   -1083.939672,   -1267.713904,       0.000000,       0.000000
354,   0.690000,   -1083.884358,   -1262.919664,    3779.447526,    6729.998589,   -1083.989501,   -1267.599106,       0.000000,       0.000000
355,   0.691000,   -1083.819866,   -1262.808442,    3957.573920,    6626.827419,   -1084.036469,   -1267.483592,       0.000000,       0.000000
356,   0.692000,   -1083.752394,   -1262.698889,    4135.300666,    6518.135816,   -1084.080577,   -1267.366290,       0.000000,       0.000000
357,   0.693000,   -1083.682060,   -1262.591124,    4312.408268,    6403.889805,   -1084.121823,   -1267.248392,       0.000000,       0.000000
358,   0.694000,   -1083.608747,   -1262.485385,    4488.663822,    6284.067929,   -1084.160089,   -1267.129302,       0.000000,       0.000000
359,   0.695000,   -1083.532453,   -1262.381673,    4663.819671,    6158.663929,   -1084.195733,   -1267.009139,       0.000000,       0.000000
360,   0.696000,   -1083.453298,   -1262.280226,    4837.614298,    6027.685404,   -1084.228277,   -1266.888380,       0.000000,       0.000000
361,   0.697000,   -1083.371162,   -1262.180805,    5009.775907,    5891.156942,   -1084.257841,   -1266.766667,       0.000000,       0.000000
362,   0.698000,   -1083.286285,   -1262.083888,    5180.022418,    5749.119669,   -1084.284782,   -1266.644359,       0.000000,       0.000000
363,   0.699000,   -1083.198547,   -1261.989236,    5348.061919,    5601.631701,   -1084.308624,   -1266.521335,       0.000000,       0.000000
364,   0.700000,   -1083.108068,   -1261.897087,    5513.595790,    5448.769033,   -1084.329844,   -1266.397834,       0.000000,       0.000000
365,   0.701000,   -1083.014727,   -1261.807680,    5676.320046,    5290.625095,   -1084.347844,   -1266.273737,       0.000000,       0.000000
366,   0.702000,   -1082.918882,   -1261.720777,    5835.924894,    5127.312988,   -1084.363222,   -1266.149282,       0.000000,       0.000000
367,   0.703000,   -1082.820296,   -1261.636734,    5992.098302,    4958.964139,   -1084.375978,   -1266.024590,       0.000000,       0.000000
368,   0.704000,   -1082.719088,   -1261.555552,    6144.526452,    4785.728753,   -1084.385157,   -1265.899420,       0.000000,       0.000000
369,   0.705000,   -1082.615495,   -1261.477232,    6292.895526,    4607.775807,   -1084.390044,   -1265.774488,       0.000000,       0.000000
370,   0.706000,   -1082.509398,   -1261.402011,    6436.892599,    4425.293505,   -1084.392071,   -1265.649080,       0.000000,       0.000000
371,   0.707000,   -1082.400918,   -1261.329770,    6576.209217,    4238.488376,   -1084.392309,   -1265.523791,       0.000000,       0.000000
372,   0.708000,   -1082.290173,   -1261.260748,    6710.539162,    4047.586173,   -1084.389806,   -1265.398622,       0.000000,       0.000000
373,   0.709000,   -1082.177281,   -1261.194825,    6839.583367,    3852.830082,   -1084.385157,   -1265.273452,       0.000000,       0.000000
374,   0.710000,   -1082.062244,   -1261.132360,    6963.049918,    3654.481396,   -1084.378481,   -1265.148520,       0.000000,       0.000000
375,   0.711000,   -1081.945181,   -1261.073112,    7080.655396,    3452.818841,   -1084.368229,   -1265.023708,       0.000000,       0.000000
376,   0.712000,   -1081.826210,   -1261.017203,    7192.126215,    3248.137459,   -1084.354877,   -1264.899492,       0.000000,       0.000000
377,   0.713000,   -1081.705451,   -1260.964870,    7297.199965,    3040.748388,   -1084.339142,   -1264.775395,       0.000000,       0.000000
378,   0.714000,   -1081.583023,   -1260.915875,    7395.628095,    2830.978185,   -1084.320426,   -1264.651895,       0.000000,       0.000000
379,   0.715000,   -1081.459045,   -1260.870457,    7487.173676,    2619.167715,   -1084.298491,   -1264.528990,       0.000000,       0.000000
380,   0.716000,   -1081.333518,   -1260.828614,    7571.616769,    2405.671030,   -1084.273815,   -1264.406800,       0.000000,       0.000000
381,   0.717000,   -1081.206679,   -1260.790229,    7648.752630,    2190.855145,   -1084.246159,   -1264.285326,       0.000000,       0.000000
382,   0.718000,   -1081.078649,   -1260.755539,    7718.394399,    1975.098476,   -1084.215403,   -1264.164567,       0.000000,       0.000000
383,   0.719000,   -1080.949426,   -1260.724425,    7780.370414,    1758.789606,   -1084.181905,   -1264.044762,       0.000000,       0.000000
384,   0.720000,   -1080.819249,   -1260.696888,    7834.533155,    1542.326957,   -1084.145427,   -1263.925910,       0.000000,       0.000000
385,   0.721000,   -1080.688357,   -1260.673046,    7880.749404,    1326.116435,   -1084.105730,   -1263.808250,       0.000000,       0.000000
386,   0.722000,   -1080.556631,   -1260.652781,    7918.909192,    1110.571325,   -1084.063292,   -1263.691664,       0.000000,       0.000000
387,   0.723000,   -1080.424428,   -1260.635972,    7948.924005,     896.110442,   -1084.018111,   -1263.576150,       0.000000,       0.000000
388,   0.724000,   -1080.291748,   -1260.622859,    7970.782220,     683.105551,   -1083.970189,   -1263.461947,       0.000000,       0.000000
389,   0.725000,   -1080.158710,   -1260.613203,    7986.162007,     470.333677,   -1083.919048,   -1263.349056,       0.000000,       0.000000
390,   0.726000,   -1080.025554,   -1260.607123,    7995.863557,     257.227365,   -1083.865047,   -1263.237834,       0.000000,       0.000000
391,   0.727000,   -1079.892278,   -1260.604620,    7999.879718,      43.938142,   -1083.808541,   -1263.127923,       0.000000,       0.000000
392,   0.728000,   -1079.758883,   -1260.605693,    7998.206913,    -169.382310,   -1083.748937,   -1263.019681,       0.000000,       0.000000
393,   0.729000,   -1079.625726,   -1260.610342,    7990.846932,    -382.582331,   -1083.686352,   -1262.913108,       0.000000,       0.000000
394,   0.730000,   -1079.492569,   -1260.618448,    7977.804244,    -595.510304,   -1083.620906,   -1262.808323,       0.000000,       0.000000
395,   0.731000,   -1079.359770,   -1260.630131,    7958.902717,    -807.995182,   -1083.552957,   -1262.705445,       0.000000,       0.000000
396,   0.732000,   -1079.227328,   -1260.645390,    7932.263911,   -1019.599065,   -1083.482265,   -1262.604475,       0.000000,       0.000000
397,   0.733000,   -1079.095364,   -1260.664105,    7897.449732,   -1229.862794,   -1083.408594,   -1262.505412,       0.000000,       0.000000
398,   0.734000,   -1078.964114,   -1260.686398,    7854.539752,   -1438.365988,   -1083.332419,   -1262.408614,       0.000000,       0.000000
399,   0.735000,   -1078.833699,   -1260.712028,    7803.638577,   -1644.692682,   -1083.253503,   -1262.313843,       0.000000,       0.000000
400,   0.736000,   -1078.704119,   -1260.741234,    7744.869590,   -1848.433949,   -1083.171725,   -1262.221456,       0.000000,       0.000000
401,   0.737000,   -1078.575492,   -1260.773659,    7678.377628,   -2049.188018,   -1083.087683,   -1262.131333,       0.000000,       0.000000
402,   0.738000,   -1078.448176,   -1260.809422,    7604.328096,   -2246.562168,   -1083.001137,   -1262.043715,       0.000000,       0.000000
403,   0.739000,   -1078.322053,   -1260.848522,    7522.907853,   -2440.173849,   -1082.911849,   -1261.958480,       0.000000,       0.000000
404,   0.740000,   -1078.197479,   -1260.890841,    7434.320301,   -2629.650906,   -1082.820058,   -1261.875868,       0.000000,       0.000000
405,   0.741000,   -1078.074336,   -1260.936141,    7338.789403,   -2814.634144,   -1082.726240,   -1261.795878,       0.000000,       0.000000
406,   0.742000,   -1077.952862,   -1260.984540,    7236.555666,   -2994.776890,   -1082.629800,   -1261.718512,       0.000000,       0.000000
407,   0.743000,   -1077.833176,   -1261.035919,    7127.876133,   -3169.746771,   -1082.531214,   -1261.644125,       0.000000,       0.000000
408,   0.744000,   -1077.715278,   -1261.090159,    7013.023943,   -3339.226618,   -1082.430482,   -1261.572480,       0.000000,       0.000000
409,   0.745000,   -1077.599406,   -1261.147261,    6892.286986,   -3502.914235,   -1082.327485,   -1261.503816,       0.000000,       0.000000
410,   0.746000,   -1077.485561,   -1261.206985,    6765.966117,   -3660.525084,   -1082.222342,   -1261.437893,       0.000000,       0.000000
411,   0.747000,   -1077.373862,   -1261.269212,    6634.374708,   -3811.790496,   -1082.115293,   -1261.374950,       0.000000,       0.000000
412,   0.748000,   -1077.264428,   -1261.333942,    6497.838199,   -3956.459910,   -1082.006454,   -1261.315227,       0.000000,       0.000000
413,   0.749000,   -1077.157378,   -1261.401057,    6356.691420,   -4094.301760,   -1081.895351,   -1261.258483,       0.000000,       0.000000
414,   0.750000,   -1077.052593,   -1261.470437,    6211.278588,   -4225.101918,   -1081.782818,   -1261.205077,       0.000000,       0.000000
415,   0.751000,   -1076.950312,   -1261.541843,    6061.950624,   -4348.665923,   -1081.668854,   -1261.154532,       0.000000,       0.000000
416,   0.752000,   -1076.850533,   -1261.615276,    5909.066051,   -4464.818090,   -1081.553221,   -1261.107564,       0.000000,       0.000000
417,   0.753000,   -1076.753378,   -1261.690617,    5752.987415,   -4573.402405,   -1081.435919,   -1261.063576,       0.000000,       0.000000
418,   0.754000,   -1076.658845,   -1261.767745,    5594.081730,   -4674.281627,   -1081.317186,   -1261.023283,       0.000000,       0.000000
419,   0.755000,   -1076.566935,   -1261.846423,    5432.719141,   -4767.339081,   -1081.197381,   -1260.985970,       0.000000,       0.000000
420,   0.756000,   -1076.477766,   -1261.926532,    5269.269794,   -4852.475524,   -1081.076145,   -1260.951996,       0.000000,       0.000000
421,   0.757000,   -1076.391220,   -1262.008071,    5104.104728,   -4929.612726,   -1080.953717,   -1260.921597,       0.000000,       0.000000
422,   0.758000,   -1076.307535,   -1262.090921,    4937.593639,   -4998.690784,   -1080.830455,   -1260.894537,       0.000000,       0.000000
423,   0.759000,   -1076.226711,   -1262.174726,    4770.103544,   -5059.667677,   -1080.706716,   -1260.870695,       0.000000,       0.000000
424,   0.760000,   -1076.148629,   -1262.259483,    4601.999223,   -5112.520158,   -1080.582023,   -1260.850310,       0.000000,       0.000000
425,   0.761000,   -1076.073289,   -1262.345076,    4433.639199,   -5157.242417,   -1080.456614,   -1260.833740,       0.000000,       0.000000
426,   0.762000,   -1076.000810,   -1262.431383,    4265.377074,   -5193.846077,   -1080.330729,   -1260.819674,       0.000000,       0.000000
427,   0.763000,   -1075.931072,   -1262.518167,    4097.558856,   -5222.359300,   -1080.204606,   -1260.810494,       0.000000,       0.000000
428,   0.764000,   -1075.864196,   -1262.605429,    3930.523396,   -5242.825896,   -1080.077887,   -1260.804176,       0.000000,       0.000000
429,   0.765000,   -1075.800061,   -1262.692809,    3764.600158,   -5255.305320,   -1079.951167,   -1260.802507,       0.000000,       0.000000
430,   0.766000,   -1075.738668,   -1262.780547,    3600.109220,   -5259.870887,   -1079.824448,   -1260.802627,       0.000000,       0.000000
431,   0.767000,   -1075.680017,   -1262.868166,    3437.359706,   -5256.609768,   -1079.697728,   -1260.806680,       0.000000,       0.000000
432,   0.768000,   -1075.624108,   -1262.955666,    3276.648894,   -5245.622993,   -1079.571009,   -1260.812759,       0.000000,       0.000000
433,   0.769000,   -1075.570822,   -1263.042927,    3118.262440,   -5227.021873,   -1079.444647,   -1260.823131,       0.000000,       0.000000
434,   0.770000,   -1075.520158,   -1263.129830,    2962.472141,   -5200.929344,   -1079.318881,   -1260.836005,       0.000000,       0.000000
435,   0.771000,   -1075.472116,   -1263.216257,    2809.536606,   -5167.479068,   -1079.193354,   -1260.852456,       0.000000,       0.000000
436,   0.772000,   -1075.426459,   -1263.302088,    2659.700140,   -5126.813203,   -1079.068780,   -1260.872602,       0.000000,       0.000000
437,   0.773000,   -1075.383425,   -1263.387084,    2513.191625,   -5079.081953,   -1078.944564,   -1260.894656,       0.000000,       0.000000
438,   0.774000,   -1075.342655,   -1263.471365,    2370.225415,   -5024.443567,   -1078.821182,   -1260.921836,       0.000000,       0.000000
439,   0.775000,   -1075.304389,   -1263.554573,    2230.999097,   -4963.061661,   -1078.698754,   -1260.950089,       0.000000,       0.000000
440,   0.776000,   -1075.268269,   -1263.636708,    2095.694840,   -4895.105213,   -1078.577280,   -1260.982990,       0.000000,       0.000000
441,   0.777000,   -1075.234532,   -1263.717771,    1964.477822,   -4820.747674,   -1078.456759,   -1261.018276,       0.000000,       0.000000
442,   0.778000,   -1075.202823,   -1263.797402,    1837.496012,   -4740.166068,   -1078.337550,   -1261.056066,       0.000000,       0.000000
443,   0.779000,   -1075.173259,   -1263.875723,    1714.881063,   -4653.538764,   -1078.219533,   -1261.098146,       0.000000,       0.000000
444,   0.780000,   -1075.145602,   -1263.952494,    1596.746854,   -4561.046809,   -1078.103065,   -1261.140823,       0.000000,       0.000000
445,   0.781000,   -1075.119972,   -1264.027715,    1483.189836,   -4462.870359,   -1077.988148,   -1261.188626,       0.000000,       0.000000
446,   0.782000,   -1075.096130,   -1264.101267,    1374.288909,   -4359.190464,   -1077.874899,   -1261.236668,       0.000000,       0.000000
447,   0.783000,   -1075.074077,   -1264.173031,    1270.105205,   -4250.186384,   -1077.763557,   -1261.289239,       0.000000,       0.000000
448,   0.784000,   -1075.053811,   -1264.242887,    1170.682423,   -4136.035144,   -1077.653766,   -1261.342883,       0.000000,       0.000000
449,   0.785000,   -1075.035095,   -1264.310837,    1076.046154,   -4016.911536,   -1077.546000,   -1261.399388,       0.000000,       0.000000
450,   0.786000,   -1075.017929,   -1264.376760,     986.204445,   -3892.985433,   -1077.440143,   -1261.458755,       0.000000,       0.000000
451,   0.787000,   -1075.002193,   -1264.440536,     901.618414,   -3766.423613,   -1077.336550,   -1261.518955,       0.000000,       0.000000
452,   0.788000,   -1074.987769,   -1264.502287,     822.822377,   -3640.448973,   -1077.234745,   -1261.582971,       0.000000,       0.000000
453,   0.789000,   -1074.974656,   -1264.561892,     749.541912,   -3515.297994,   -1077.134848,   -1261.647105,       0.000000,       0.000000
454,   0.790000,   -1074.962854,   -1264.619470,     681.500081,   -3391.157314,   -1077.037215,   -1261.714697,       0.000000,       0.000000
455,   0.791000,   -1074.952006,   -1264.674902,     618.426371,   -3268.198147,   -1076.942086,   -1261.782765,       0.000000,       0.000000
456,   0.792000,   -1074.942112,   -1264.728427,     560.056809,   -3146.575615,   -1076.848984,   -1261.853337,       0.000000,       0.000000
457,   0.793000,   -1074.933290,   -1264.779806,     506.134406,   -3026.430979,   -1076.757789,   -1261.925101,       0.000000,       0.000000
458,   0.794000,   -1074.925303,   -1264.829278,     456.409687,   -2907.892093,   -1076.669455,   -1261.997819,       0.000000,       0.000000
459,   0.795000,   -1074.918032,   -1264.876842,     410.640724,   -2791.074291,   -1076.583624,   -1262.072682,       0.000000,       0.000000
460,   0.796000,   -1074.911594,   -1264.922380,     368.593493,   -2676.082179,   -1076.500058,   -1262.147784,       0.000000,       0.000000
461,   0.797000,   -1074.905753,   -1264.966011,     330.042019,   -2563.009188,   -1076.418757,   -1262.224793,       0.000000,       0.000000
462,   0.798000,   -1074.900508,   -1265.007854,     294.768484,   -2451.939583,   -1076.340079,   -1262.302160,       0.000000,       0.000000
463,   0.799000,   -1074.895859,   -1265.047789,     262.563257,   -2342.948467,   -1076.264024,   -1262.380481,       0.000000,       0.000000
464,   0.800000,   -1074.891806,   -1265.085936,     233.225045,   -2236.103565,   -1076.190233,   -1262.459636,       0.000000,       0.000000
465,   0.801000,   -1074.888110,   -1265.122294,     206.560758,   -2131.464332,   -1076.119065,   -1262.539148,       0.000000,       0.000000
466,   0.802000,   -1074.884892,   -1265.156984,     182.385603,   -2029.083967,   -1076.050520,   -1262.619257,       0.000000,       0.000000
467,   0.803000,   -1074.882030,   -1265.190005,     160.522945,   -1929.009408,   -1075.984001,   -1262.699604,       0.000000,       0.000000
468,   0.804000,   -1074.879527,   -1265.221238,     140.804294,   -1831.282228,   -1075.920105,   -1262.780190,       0.000000,       0.000000
469,   0.805000,   -1074.877262,   -1265.251040,     123.069179,   -1735.938974,   -1075.858831,   -1262.861013,       0.000000,       0.000000
470,   0.806000,   -1074.875355,   -1265.279174,     107.165042,   -1643.011272,   -1075.799942,   -1262.941599,       0.000000,       0.000000
471,   0.807000,   -1074.873686,   -1265.305758,      92.947106,   -1552.527174,   -1075.743675,   -1263.022304,       0.000000,       0.000000
472,   0.808000,   -1074.872255,   -1265.330911,      80.278222,   -1464.510933,   -1075.689673,   -1263.102531,       0.000000,       0.000000
473,   0.809000,   -1074.871063,   -1265.354633,      69.028724,   -1378.983445,   -1075.637937,   -1263.182521,       0.000000,       0.000000
474,   0.810000,   -1074.869990,   -1265.376925,      59.076247,   -1295.962818,   -1075.588703,   -1263.261795,       0.000000,       0.000000
475,   0.811000,   -1074.869037,   -1265.397787,      50.305570,   -1215.464585,   -1075.541615,   -1263.340831,       0.000000,       0.000000
476,   0.812000,   -1074.868321,   -1265.417457,      42.608413,   -1137.501933,   -1075.496793,   -1263.419032,       0.000000,       0.000000
477,   0.813000,   -1074.867606,   -1265.435815,      35.883245,   -1062.086150,   -1075.454116,   -1263.496399,       0.000000,       0.000000
478,   0.814000,   -1074.867129,   -1265.452862,      30.035104,    -989.226848,   -1075.413823,   -1263.572812,       0.000000,       0.000000
479,   0.815000,   -1074.866652,   -1265.468717,      24.975372,    -918.931905,   -1075.375319,   -1263.648510,       0.000000,       0.000000
480,   0.816000,   -1074.866295,   -1265.483499,      20.621581,    -851.208027,   -1075.338960,   -1263.722897,       0.000000,       0.000000
481,   0.817000,   -1074.865937,   -1265.497088,      16.897197,    -786.060691,   -1075.304747,   -1263.796329,       0.000000,       0.000000
482,   0.818000,   -1074.865699,   -1265.509725,      13.731414,    -723.494533,   -1075.272083,   -1263.868332,       0.000000,       0.000000
483,   0.819000,   -1074.865460,   -1265.521288,      11.058925,    -663.513243,   -1075.241685,   -1263.939142,       0.000000,       0.000000
484,   0.820000,   -1074.865341,   -1265.531898,       8.819719,    -606.119726,   -1075.212836,   -1264.008880,       0.000000,       0.000000
485,   0.821000,   -1074.865222,   -1265.541434,       6.958850,    -551.316496,   -1075.185776,   -1264.076948,       0.000000,       0.000000
486,   0.822000,   -1074.865103,   -1265.550256,       5.426222,    -499.105453,   -1075.160384,   -1264.143586,       0.000000,       0.000000
487,   0.823000,   -1074.864984,   -1265.558124,       4.176367,    -449.488079,   -1075.136542,   -1264.208794,       0.000000,       0.000000
488,   0.824000,   -1074.864984,   -1265.565276,       3.168219,    -402.465547,   -1075.114131,   -1264.272451,       0.000000,       0.000000
489,   0.825000,   -1074.864864,   -1265.571594,       2.364896,    -358.038750,   -1075.093389,   -1264.334440,       0.000000,       0.000000
490,   0.826000,   -1074.864864,   -1265.577197,       1.733472,    -316.208331,   -1075.073957,   -1264.394760,       0.000000,       0.000000
491,   0.827000,   -1074.864864,   -1265.582085,       1.244753,    -276.974821,   -1075.055957,   -1264.453530,       0.000000,       0.000000
492,   0.828000,   -1074.864864,   -1265.586376,       0.873057,    -240.338556,   -1075.039148,   -1264.510632,       0.000000,       0.000000
493,   0.829000,   -1074.864864,   -1265.590191,       0.595985,    -206.299815,   -1075.023532,   -1264.565825,       0.000000,       0.000000
494,   0.830000,   -1074.864745,   -1265.593290,       0.394197,    -174.858766,   -1075.009108,   -1264.619470,       0.000000,       0.000000
495,   0.831000,   -1074.864745,   -1265.596032,       0.251191,    -146.015519,   -1074.996114,   -1264.671445,       0.000000,       0.000000
496,   0.832000,   -1074.864745,   -1265.598178,       0.153072,    -119.770174,   -1074.983478,   -1264.721632,       0.000000,       0.000000
497,   0.833000,   -1074.864745,   -1265.599966,       0.088332,     -96.122758,   -1074.972391,   -1264.770031,       0.000000,       0.000000
498,   0.834000,   -1074.864745,   -1265.601397,       0.047622,     -75.073319,   -1074.961782,   -1264.816761,       0.000000,       0.000000
499,   0.835000,   -1074.864745,   -1265.602469,       0.023530,     -56.621858,   -1074.952483,   -1264.861703,       0.000000,       0.000000
500,   0.836000,   -1074.864745,   -1265.603304,       0.010354,     -40.768393,   -1074.944139,   -1264.905214,       0.000000,       0.000000
501,   0.837000,   -1074.864745,   -1265.603900,       0.003876,     -27.512925,   -1074.935794,   -1264.946699,       0.000000,       0.000000
502,   0.838000,   -1074.864745,   -1265.604258,       0.001141,     -16.855455,   -1074.928522,   -1264.986515,       0.000000,       0.000000
503,   0.839000,   -1074.864745,   -1265.604496,       0.000226,      -8.795986,   -1074.922323,   -1265.024662,       0.000000,       0.000000
504,   0.840000,   -1074.864745,   -1265.604615,       0.000020,      -3.334517,   -1074.916840,   -1265.061378,       0.000000,       0.000000
505,   0.841000,   -1074.864745,   -1265.604615,       0.000000,      -0.471048,   -1074.911475,   -1265.096307,       0.000000,       0.000000
506,   0.842000,   -1074.864745,   -1265.604615,       0.000000,      -0.000000,   -1074.906826,   -1265.129566,       0.000000,       0.000000
507,   0.843000,   -1074.864745,   -1265.604615,       0.000000,      -0.000000,   -1074.903488,   -1265.161753,       0.000000,       0.000000
508,   0.844000,   -1074.864745,   -1265.604615,       0.000000,      -0.000000,   -1074.901223,   -1265.191913,       0.000000,       0.000000
509,   0.845000,   -1074.864745,   -1265.604615,       0.000000,      -0.000000,   -1074.898958,   -1265.220881,       0.000000,       0.000000
510,   0.846000,   -1074.864745,   -1265.604615,       0.000000,      -0.000000,   -1074.895978,   -1265.248060,       0.000000,       0.000000
511,   0.847000,   -1074.864745,   -1265.604615,       0.000000,      -0.000000,   -1074.892759,   -1265.274286,       0.000000,       0.000000
512,   0.848000,   -1074.864745,   -1265.604615,       0.000000,      -0.000000,   -1074.889660,   -1265.298724,       0.000000,       0.000000
513,   0.849000,   -1074.864745,   -1265.604615,       0.000000,      -0.000000,   -1074.886918,   -1265.322208,       0.000000,       0.000000
514,   0.850000,   -1074.864745,   -1265.604615,       0.000000,      -0.000000,   -1074.884653,   -1265.344024,       0.000000,       0.000000
515,   0.851000,   -1074.864745,   -1265.604615,       0.000000,      -0.000000,   -1074.882865,   -1265.364885,       0.000000,       0.000000
516,   0.852000,   -1074.864745,   -1265.604615,       0.000000,      -0.000000,   -1074.881554,   -1265.384078,       0.000000,       0.000000
517,   0.853000,   -1074.864745,   -1265.604615,       0.000000,      -0.000000,   -1074.880242,   -1265.402794,       0.000000,       0.000000
518,   0.854000,   -1074.864745,   -1265.604615,       0.000000,      -0.000000,   -1074.878931,   -1265.419722,       0.000000,       0.000000
519,   0.855000,   -1074.864745,   -1265.604615,       0.000000,      -0.000000,   -1074.877620,   -1265.435815,       0.000000,       0.000000
520,   0.856000,   -1074.864745,   -1265.604615,       0.000000,      -0.000000,   -1074.876189,   -1265.451074,       0.000000,       0.000000
521,   0.857000,   -1074.864745,   -1265.604615,       0.000000,      -0.000000,   -1074.874997,   -1265.464783,       0.000000,       0.000000
522,   0.858000,   -1074.864745,   -1265.604615,       0.000000,      -0.000000,   -1074.873805,   -1265.477896,       0.000000,       0.000000
523,   0.859000,   -1074.864745,   -1265.604615,       0.000000,      -0.000000,   -1074.872851,   -1265.490055,       0.000000,       0.000000
524,   0.860000,   -1074.864745,   -1265.604615,       0.000000,      -0.000000,   -1074.871898,   -1265.501142,       0.000000,       0.000000
525,   0.861000,   -1074.864745,   -1265.604615,       0.000000,      -0.000000,   -1074.871063,   -1265.511513,       0.000000,       0.000000
526,   0.862000,   -1074.864745,   -1265.604615,       0.000000,      -0.000000,   -1074.870348,   -1265.521049,       0.000000,       0.000000
527,   0.863000,   -1074.864745,   -1265.604615,       0.000000,      -0.000000,   -1074.869633,   -1265.529633,       0.000000,       0.000000
528,   0.864000,   -1074.864745,   -1265.604615,       0.000000,      -0.000000,   -1074.869037,   -1265.537739,       0.000000,       0.000000
529,   0.865000,   -1074.864745,   -1265.604615,       0.000000,      -0.000000,   -1074.868441,   -1265.545130,       0.000000,       0.000000
530,   0.866000,   -1074.864745,   -1265.604615,       0.000000,      -0.000000,   -1074.867964,   -1265.551567,       0.000000,       0.000000
531,   0.867000,   -1074.864745,   -1265.604615,       0.000000,      -0.000000,   -1074.867487,   -1265.557408,       0.000000,       0.000000
532,   0.868000,   -1074.864745,   -1265.604615,       0.000000,      -0.000000,   -1074.867249,   -1265.562773,       0.000000,       0.000000
533,   0.869000,   -1074.864745,   -1265.604615,       0.000000,      -0.000000,   -1074.866891,   -1265.567422,       0.000000,       0.000000
534,   0.870000,   -1074.864745,   -1265.604615,       0.000000,      -0.000000,   -1074.866772,   -1265.571475,       0.000000,       0.000000
535,   0.871000,   -1074.864745,   -1265.604615,       0.000000,      -0.000000,   -1074.866533,   -1265.574217,       0.000000,       0.000000
536,   0.872000,   -1074.864745,   -1265.604615,       0.000000,      -0.000000,   -1074.866414,   -1265.577316,       0.000000,       0.000000
537,   0.873000,   -1074.864745,   -1265.604615,       0.000000,      -0.000000,   -1074.866176,   -1265.580416,       0.000000,       0.000000
538,   0.874000,   -1074.864745,   -1265.604615,       0.000000,      -0.000000,   -1074.866056,   -1265.583038,       0.000000,       0.000000
539,   0.875000,   -1074.864745,   -1265.604615,       0.000000,      -0.000000,   -1074.865937,   -1265.585303,       0.000000,       0.000000
540,   0.876000,   -1074.864745,   -1265.604615,       0.000000,      -0.000000,   -1074.865818,   -1265.587449,       0.000000,       0.000000
541,   0.877000,   -1074.864745,   -1265.604615,       0.000000,      -0.000000,   -1074.865699,   -1265.589476,       0.000000,       0.000000
542,   0.878000,   -1074.864745,   -1265.604615,       0.000000,      -0.000000,   -1074.865699,   -1265.591145,       0.000000,       0.000000
543,   0.879000,   -1074.864745,   -1265.604615,       0.000000,      -0.000000,   -1074.865580,   -1265.592694,       0.000000,       0.000000
544,   0.880000,   -1074.864745,   -1265.604615,       0.000000,      -0.000000,   -1074.865460,   -1265.594125,       0.000000,       0.000000
545,   0.881000,   -1074.864745,   -1265.604615,       0.000000,      -0.000000,   -1074.865460,   -1265.595317,       0.000000,       0.000000
546,   0.882000,   -1074.864745,   -1265.604615,       0.000000,      -0.000000,   -1074.865341,   -1265.596509,       0.000000,       0.000000
547,   0.883000,   -1074.864745,   -1265.604615,       0.000000,      -0.000000,   -1074.865341,   -1265.597463,       0.000000,       0.000000
548,   0.884000,   -1074.864745,   -1265.604615,       0.000000,      -0.000000,   -1074.865341,   -1265.598297,       0.000000,       0.000000
549,   0.885000,   -1074.864745,   -1265.604615,       0.000000,      -0.000000,   -1074.865341,   -1265.599132,       0.000000,       0.000000
550,   0.886000,   -1074.864745,   -1265.604615,       0.000000,      -0.000000,   -1074.865222,   -1265.599847,       0.000000,       0.000000
551,   0.887000,   -1074.864745,   -1265.604615,       0.000000,      -0.000000,   -1074.865222,   -1265.600324,       0.000000,       0.000000
552,   0.888000,   -1074.864745,   -1265.604615,       0.000000,      -0.000000,   -1074.865103,   -1265.600920,       0.000000,       0.000000
553,   0.889000,   -1074.864745,   -1265.604615,       0.000000,      -0.000000,   -1074.865103,   -1265.601397,       0.000000,       0.000000
554,   0.890000,   -1074.864745,   -1265.604615,       0.000000,      -0.000000,   -1074.864984,   -1265.601754,       0.000000,       0.000000
555,   0.891000,   -1074.864745,   -1265.604615,       0.000000,      -0.000000,   -1074.864984,   -1265.602112,       0.000000,       0.000000
556,   0.892000,   -1074.864745,   -1265.604615,       0.000000,      -0.000000,   -1074.864984,   -1265.602469,       0.000000,       0.000000
557,   0.893000,   -1074.864745,   -1265.604615,       0.000000,      -0.000000,   -1074.864864,   -1265.602708,       0.000000,       0.000000
558,   0.894000,   -1074.864745,   -1265.604615,       0.000000,      -0.000000,   -1074.864864,   -1265.602946,       0.000000,       0.000000
559,   0.895000,   -1074.864745,   -1265.604615,       0.000000,      -0.000000,   -1074.864864,   -1265.603185,       0.000000,       0.000000
560,   0.896000,   -1074.864745,   -1265.604615,       0.000000,      -0.000000,   -1074.864864,   -1265.603304,       0.000000,       0.000000
561,   0.897000,   -1074.864745,   -1265.604615,       0.000000,      -0.000000,   -1074.864864,   -1265.603542,       0.000000,       0.000000
562,   0.898000,   -1074.864745,   -1265.604615,       0.000000,      -0.000000,   -1074.864864,   -1265.603662,       0.000000,       0.000000
563,   0.899000,   -1074.864745,   -1265.604615,       0.000000,      -0.000000,   -1074.864864,   -1265.603781,       0.000000,       0.000000
564,   0.900000,   -1074.864745,   -1265.604615,       0.000000,      -0.000000,   -1074.864864,   -1265.603900,       0.000000,       0.000000
565,   0.901000,   -1074.864745,   -1265.604615,       0.000000,      -0.000000,   -1074.864864,   -1265.603900,       0.000000,       0.000000
566,   0.902000,   -1074.864745,   -1265.604615,       0.000000,      -0.000000,   -1074.864864,   -1265.604019,       0.000000,       0.000000
567,   0.903000,   -1074.864745,   -1265.604615,       0.000000,      -0.000000,   -1074.864864,   -1265.604138,       0.000000,       0.000000
568,   0.905000,   -1074.864745,   -1265.604615,       0.000000,      -0.000000,   -1074.864864,   -1265.604138,       0.000000,       0.000000
569,   0.906000,   -1074.864745,   -1265.604615,       0.000000,      -0.000000,   -1074.864864,   -1265.604258,       0.000000,       0.000000
570,   0.908000,   -1074.864745,   -1265.604615,       0.000000,      -0.000000,   -1074.864864,   -1265.604258,       0.000000,       0.000000
571,   0.909000,   -1074.864745,   -1265.604615,       0.000000,      -0.000000,   -1074.864864,   -1265.604377,       0.000000,       0.000000
572,   0.910000,   -1074.864745,   -1265.604615,       0.000000,      -0.000000,   -1074.864864,   -1265.604377,       0.000000,       0.000000
573,   0.911000,   -1074.864745,   -1265.604615,       0.000000,      -0.000000,   -1074.864864,   -1265.604496,       0.000000,       0.000000
574,   0.914000,   -1074.864745,   -1265.604615,       0.000000,      -0.000000,   -1074.864864,   -1265.604496,       0.000000,       0.000000
575,   0.915000,   -1074.864745,   -1265.604615,       0.000000,      -0.000000,   -1074.864745,   -1265.604496,       0.000000,       0.000000
576,   0.924000,   -1074.864745,   -1265.604615,       0.000000,      -0.000000,   -1074.864745,   -1265.604496,       0.000000,       0.000000
577,   0.925000,   -1074.864745,   -1265.604615,       0.000000,      -0.000000,   -1074.864745,   -1265.604615,       0.000000,       0.000000
578,   0.946000,   -1074.864745,   -1265.604615,       0.000000,      -0.000000,   -1074.864745,   -1265.604615,       0.000000,       0.000000
579,   0.947000,   -1074.864745,   -1265.604615,       0.000000,      -0.000000,   -1074.864864,   -1265.604615,       0.000000,       0.000000
580,   0.955000,   -1074.864745,   -1265.604615,       0.000000,      -0.000000,   -1074.864864,   -1265.604615,       0.000000,       0.000000
581,   0.956000,   -1074.864745,   -1265.604615,       0.000000,      -0.000000,   -1074.864745,   -1265.604615,       0.000000,       0.000000
582,   0.975000,   -1074.864745,   -1265.604615,       0.000000,      -0.000000,   -1074.864745,   -1265.604615,       0.000000,       0.000000
583,   0.976000,   -1074.864745,   -1265.604615,       0.000000,      -0.000000,   -1074.864864,   -1265.604615,       0.000000,       0.000000
584,   0.983000,   -1074.864745,   -1265.604615,       0.000000,      -0.000000,   -1074.864864,   -1265.604615,       0.000000,       0.000000
585,   0.984000,   -1074.864745,   -1265.604615,       0.000000,      -0.000000,   -1074.864745,   -1265.604615,       0.000000,       0.000000
586,   0.999000,   -1074.864745,   -1265.604615,       0.000000,      -0.000000,   -1074.864745,   -1265.604615,       0.000000,       0.000000
587,   1.000000,   -1074.864745,   -1265.604615,       0.000000,      -0.000000,   -1074.864745,   -1265.604615,       0.000000,       0.000000
588,   1.030000,   -1074.864745,   -1265.604615,       0.000000,      -0.000000,   -1074.864745,   -1265.604615,       0.000000,       0.000000
589,   1.031000,   -1074.864745,   -1265.604615,       0.000000,      -0.000000,   -1074.864864,   -1265.604615,       0.000000,       0.000000
590,   1.034000,   -1074.864745,   -1265.604615,       0.000000,      -0.000000,   -1074.864864,   -1265.604615,       0.000000,       0.000000
591,   1.035000,   -1074.864745,   -1265.604615,       0.000000,      -0.000000,   -1074.864745,   -1265.604615,       0.000000,       0.000000
592,   1.038000,   -1074.864745,   -1265.604615,       0.000000,      -0.000000,   -1074.864745,   -1265.604615,       0.000000,       0.000000
593,   1.039000,   -1074.864745,   -1265.604615,       0.000000,      -0.000000,   -1074.864864,   -1265.604615,       0.000000,       0.000000
594,   1.040000,   -1074.864745,   -1265.604615,       0.000000,      -0.000000,   -1074.864864,   -1265.604615,       0.000000,       0.000000
595,   1.041000,   -1074.864745,   -1265.604615,       0.000000,      -0.000000,   -1074.864745,   -1265.604615,       0.000000,       0.000000
596,   1.057000,   -1074.864745,   -1265.604615,       0.000000,      -0.000000,   -1074.864745,   -1265.604615,       0.000000,       0.000000
597,   1.058000,   -1074.864745,   -1265.604615,       0.000000,      -0.000000,   -1074.864864,   -1265.604615,       0.000000,       0.000000
598,   1.059000,   -1074.864745,   -1265.604615,       0.000000,      -0.000000,   -1074.864864,   -1265.604615,       0.000000,       0.000000
599,   1.060000,   -1074.864745,   -1265.604615,       0.000000,      -0.000000,   -1074.864745,   -1265.604615,       0.000000,       0.000000
600,   1.071000,   -1074.864745,   -1265.604615,       0.000000,      -0.000000,   -1074.864745,   -1265.604615,       0.000000,       0.000000
601,   1.072000,   -1074.864745,   -1265.604615,       0.000000,      -0.000000,   -1074.864864,   -1265.604615,       0.000000,       0.000000
602,   1.073000,   -1074.864745,   -1265.604615,       0.000000,      -0.000000,   -1074.864864,   -1265.604615,       0.000000,       0.000000
603,   1.074000,   -1074.864745,   -1265.604615,       0.000000,      -0.000000,   -1074.864745,   -1265.604615,       0.000000,       0.000000
604,   1.075000,   -1074.864745,   -1265.604615,       0.000000,      -0.000000,   -1074.864864,   -1265.604615,       0.000000,       0.000000
605,   1.076000,   -1074.864745,   -1265.604615,       0.000000,      -0.000000,   -1074.864745,   -1265.604615,       0.000000,       0.000000
606,   1.086000,   -1074.864745,   -1265.604615,       0.000000,      -0.000000,   -1074.864745,   -1265.604615,       0.000000,       0.000000
607,   1.087000,   -1074.864745,   -1265.604615,       0.000000,      -0.000000,   -1074.864864,   -1265.604615,       0.000000,       0.000000
608,   1.091000,   -1074.864745,   -1265.604615,       0.000000,      -0.000000,   -1074.864864,   -1265.604615,       0.000000,       0.000000
609,   1.092000,   -1074.864745,   -1265.604615,       0.000000,      -0.000000,   -1074.864745,   -1265.604615,       0.000000,       0.000000
610,   1.100000,   -1074.864745,   -1265.604615,       0.000000,      -0.000000,   -1074.864745,   -1265.604615,       0.000000,       0.000000
611,   1.101000,   -1074.864745,   -1265.604615,       0.000000,      -0.000000,   -1074.864864,   -1265.604615,       0.000000,       0.000000
612,   1.103000,   -1074.864745,   -1265.604615,       0.000000,      -0.000000,   -1074.864864,   -1265.604615,       0.000000,       0.000000
613,   1.104000,   -1074.864745,   -1265.604615,       0.000000,      -0.000000,   -1074.864745,   -1265.604615,       0.000000,       0.000000
614,   1.116000,   -1074.864745,   -1265.604615,       0.000000,      -0.000000,   -1074.864745,   -1265.604615,       0.000000,       0.000000
615,   1.117000,   -1074.864745,   -1265.604615,       0.000000,      -0.000000,   -1074.864864,   -1265.604615,       0.000000,       0.000000
616,   1.119000,   -1074.864745,   -1265.604615,       0.000000,      -0.000000,   -1074.864864,   -1265.604615,       0.000000,       0.000000
617,   1.120000,   -1074.864745,   -1265.604615,       0.000000,      -0.000000,   -1074.864745,   -1265.604615,       0.000000,       0.000000
618,   1.130000,   -1074.864745,   -1265.604615,       0.000000,      -0.000000,   -1074.864745,   -1265.604615,       0.000000,       0.000000
619,   1.131000,   -1074.864745,   -1265.604615,       0.000000,      -0.000000,   -1074.864864,   -1265.604615,       0.000000,       0.000000
620,   1.132000,   -1074.864745,   -1265.604615,       0.000000,      -0.000000,   -1074.864745,   -1265.604615,       0.000000,       0.000000
621,   1.144000,   -1074.864745,   -1265.604615,       0.000000,      -0.000000,   -1074.864745,   -1265.604615,       0.000000,       0.000000
622,   1.145000,   -1074.864745,   -1265.604615,       0.000000,      -0.000000,   -1074.864864,   -1265.604615,       0.000000,       0.000000
623,   1.147000,   -1074.864745,   -1265.604615,       0.000000,      -0.000000,   -1074.864864,   -1265.604615,       0.000000,       0.000000
624,   1.148000,   -1074.864745,   -1265.604615,       0.000000,      -0.000000,   -1074.864745,   -1265.604615,       0.000000,       0.000000
625,   1.149000,   -1074.864745,   -1265.604615,       0.000000,      -0.000000,   -1074.864864,   -1265.604615,       0.000000,       0.000000
626,   1.150000,   -1074.864745,   -1265.604615,       0.000000,      -0.000000,   -1074.864745,   -1265.604615,       0.000000,       0.000000
627,   1.161000,   -1074.864745,   -1265.604615,       0.000000,      -0.000000,   -1074.864745,   -1265.604615,       0.000000,       0.000000
628,   1.162000,   -1074.864745,   -1265.604615,       0.000000,      -0.000000,   -1074.864864,   -1265.604615,       0.000000,       0.000000
629,   1.166000,   -1074.864745,   -1265.604615,       0.000000,      -0.000000,   -1074.864864,   -1265.604615,       0.000000,       0.000000
630,   1.167000,   -1074.864745,   -1265.604615,       0.000000,      -0.000000,   -1074.864745,   -1265.604615,       0.000000,       0.000000
631,   1.184000,   -1074.864745,   -1265.604615,       0.000000,      -0.000000,   -1074.864745,   -1265.604615,       0.000000,       0.000000
632,   1.185000,   -1074.864745,   -1265.604615,       0.000000,      -0.000000,   -1074.864864,   -1265.604615,       0.000000,       0.000000
633,   1.186000,   -1074.864745,   -1265.604615,       0.000000,      -0.000000,   -1074.864864,   -1265.604615,       0.000000,       0.000000
634,   1.187000,   -1074.864745,   -1265.604615,       0.000000,      -0.000000,   -1074.864745,   -1265.604615,       0.000000,       0.000000
635,   1.201000,   -1074.864745,   -1265.604615,       0.000000,      -0.000000,   -1074.864745,   -1265.604615,       0.000000,       0.000000
636,   1.202000,   -1074.864745,   -1265.604615,       0.000000,      -0.000000,   -1074.864864,   -1265.604615,       0.000000,       0.000000
637,   1.206000,   -1074.864745,   -1265.604615,       0.000000,      -0.000000,   -1074.864864,   -1265.604615,       0.000000,       0.000000
638,   1.207000,   -1074.864745,   -1265.604615,       0.000000,      -0.000000,   -1074.864745,   -1265.604615,       0.000000,       0.000000
639,   1.221000,   -1074.864745,   -1265.604615,       0.000000,      -0.000000,   -1074.864745,   -1265.604615,       0.000000,       0.000000
640,   1.222000,   -1074.864745,   -1265.604615,       0.000000,      -0.000000,   -1074.864864,   -1265.604615,       0.000000,       0.000000
641,   1.223000,   -1074.864745,   -1265.604615,       0.000000,      -0.000000,   -1074.864745,   -1265.604615,       0.000000,       0.000000
642,   1.238000,   -1074.864745,   -1265.604615,       0.000000,      -0.000000,   -1074.864745,   -1265.604615,       0.000000,       0.000000
643,   1.239000,   -1074.864745,   -1265.604615,       0.000000,      -0.000000,   -1074.864864,   -1265.604615,       0.000000,       0.000000
644,   1.241000,   -1074.864745,   -1265.604615,       0.000000,      -0.000000,   -1074.864864,   -1265.604615,       0.000000,       0.000000
645,   1.242000,   -1074.864745,   -1265.604615,       0.000000,      -0.000000,   -1074.864745,   -1265.604615,       0.000000,       0.000000
646,   1.257000,   -1074.864745,   -1265.604615,       0.000000,      -0.000000,   -1074.864745,   -1265.604615,       0.000000,       0.000000
647,   1.258000,   -1074.864745,   -1265.604615,       0.000000,      -0.000000,   -1074.864864,   -1265.604615,       0.000000,       0.000000
648,   1.259000,   -1074.864745,   -1265.604615,       0.000000,      -0.000000,   -1074.864864,   -1265.604615,       0.000000,       0.000000
649,   1.260000,   -1074.864745,   -1265.604615,       0.000000,      -0.000000,   -1074.864745,   -1265.604615,       0.000000,       0.000000
650,   1.277000,   -1074.864745,   -1265.604615,       0.000000,      -0.000000,   -1074.864745,   -1265.604615,       0.000000,       0.000000
651,   1.278000,   -1074.864745,   -1265.604615,       0.000000,      -0.000000,   -1074.864864,   -1265.604615,       0.000000,       0.000000
652,   1.279000,   -1074.864745,   -1265.604615,       0.000000,      -0.000000,   -1074.864745,   -1265.604615,       0.000000,       0.000000
653,   1.287000,   -1074.864745,   -1265.604615,       0.000000,      -0.000000,   -1074.864745,   -1265.604615,       0.000000,       0.000000
654,   1.288000,   -1074.864745,   -1265.604615,       0.000000,      -0.000000,   -1074.864864,   -1265.604615,       0.000000,       0.000000
655,   1.290000,   -1074.864745,   -1265.604615,       0.000000,      -0.000000,   -1074.864864,   -1265.604615,       0.000000,       0.000000
656,   1.291000,   -1074.864745,   -1265.604615,       0.000000,      -0.000000,   -1074.864745,   -1265.604615,       0.000000,       0.000000
657,   1.360000,   -1074.864745,   -1265.604615,       0.000000,      -0.000000,   -1074.864745,   -1265.604615,       0.000000,       0.000000
658,   1.361000,   -1074.864745,   -1265.604615,       0.000000,      -0.000000,   -1074.864864,   -1265.604615,       0.000000,       0.000000
659,   1.363000,   -1074.864745,   -1265.604615,       0.000000,      -0.000000,   -1074.864864,   -1265.604615,       0.000000,       0.000000
660,   1.364000,   -1074.864745,   -1265.604615,       0.000000,      -0.000000,   -1074.864745,   -1265.604615,       0.000000,       0.000000
661,   1.378000,   -1074.864745,   -1265.604615,       0.000000,      -0.000000,   -1074.864745,   -1265.604615,       0.000000,       0.000000
662,   1.379000,   -1074.864745,   -1265.604615,       0.000000,      -0.000000,   -1074.864864,   -1265.604615,       0.000000,       0.000000
663,   1.380000,   -1074.864745,   -1265.604615,       0.000000,      -0.000000,   -1074.864745,   -1265.604615,       0.000000,       0.000000
664,   1.409000,   -1074.864745,   -1265.604615,       0.000000,      -0.000000,   -1074.864745,   -1265.604615,       0.000000,       0.000000
665,   1.410000,   -1074.864745,   -1265.604615,       0.000000,      -0.000000,   -1074.864864,   -1265.604615,       0.000000,       0.000000
666,   1.411000,   -1074.864745,   -1265.604615,       0.000000,      -0.000000,   -1074.864745,   -1265.604615,       0.000000,       0.000000
667,   1.426000,   -1074.864745,   -1265.604615,       0.000000,      -0.000000,   -1074.864745,   -1265.604615,       0.000000,       0.000000
668,   1.427000,   -1074.864745,   -1265.604615,       0.000000,      -0.000000,   -1074.864864,   -1265.604615,       0.000000,       0.000000
669,   1.431000,   -1074.864745,   -1265.604615,       0.000000,      -0.000000,   -1074.864864,   -1265.604615,       0.000000,       0.000000
670,   1.432000,   -1074.864745,   -1265.604615,       0.000000,      -0.000000,   -1074.864745,   -1265.604615,       0.000000,       0.000000
671,   1.449000,   -1074.864745,   -1265.604615,       0.000000,      -0.000000,   -1074.864745,   -1265.604615,       0.000000,       0.000000
672,   1.450000,   -1074.864745,   -1265.604615,       0.000000,      -0.000000,   -1074.864864,   -1265.604615,       0.000000,       0.000000
673,   1.454000,   -1074.864745,   -1265.604615,       0.000000,      -0.000000,   -1074.864864,   -1265.604615,       0.000000,       0.000000
674,   1.455000,   -1074.864745,   -1265.604615,       0.000000,      -0.000000,   -1074.864745,   -1265.604615,       0.000000,       0.000000
675,   1.469000,   -1074.864745,   -1265.604615,       0.000000,      -0.000000,   -1074.864745,   -1265.604615,       0.000000,       0.000000
676,   1.470000,   -1074.864745,   -1265.604615,       0.000000,      -0.000000,   -1074.864864,   -1265.604615,       0.000000,       0.000000
677,   1.472000,   -1074.864745,   -1265.604615,       0.000000,      -0.000000,   -1074.864864,   -1265.604615,       0.000000,       0.000000
678,   1.473000,   -1074.864745,   -1265.604615,       0.000000,      -0.000000,   -1074.864745,   -1265.604615,       0.000000,       0.000000
679,   1.484000,   -1074.864745,   -1265.604615,       0.000000,      -0.000000,   -1074.864745,   -1265.604615,       0.000000,       0.000000
680,   1.485000,   -1074.864745,   -1265.604615,       0.000000,      -0.000000,   -1074.864864,   -1265.604615,       0.000000,       0.000000
681,   1.487000,   -1074.864745,   -1265.604615,       0.000000,      -0.000000,   -1074.864864,   -1265.604615,       0.000000,       0.000000
682,   1.488000,   -1074.864745,   -1265.604615,       0.000000,      -0.000000,   -1074.864745,   -1265.604615,       0.000000,       0.000000
683,   1.500000,   -1074.864745,   -1265.604615,       0.000000,      -0.000000,   -1074.864745,   -1265.604615,       0.000000,       0.000000
684,   1.501000,   -1074.864745,   -1265.604615,       0.000000,      -0.000000,   -1074.864864,   -1265.604615,       0.000000,       0.000000
685,   1.502000,   -1074.864745,   -1265.604615,       0.000000,      -0.000000,   -1074.864745,   -1265.604615,       0.000000,       0.000000
686,   1.503000,   -1074.864745,   -1265.604615,       0.000000,      -0.000000,   -1074.864864,   -1265.604615,       0.000000,       0.000000
687,   1.504000,   -1074.864745,   -1265.604615,       0.000000,      -0.000000,   -1074.864745,   -1265.604615,       0.000000,       0.000000
688,   1.513000,   -1074.864745,   -1265.604615,       0.000000,      -0.000000,   -1074.864745,   -1265.604615,       0.000000,       0.000000
689,   1.514000,   -1074.864745,   -1265.604615,       0.000000,      -0.000000,   -1074.864864,   -1265.604615,       0.000000,       0.000000
690,   1.517000,   -1074.864745,   -1265.604615,       0.000000,      -0.000000,   -1074.864864,   -1265.604615,       0.000000,       0.000000
691,   1.518000,   -1074.864745,   -1265.604615,       0.000000,      -0.000000,   -1074.864745,   -1265.604615,       0.000000,       0.000000
692,   1.528000,   -1074.864745,   -1265.604615,       0.000000,      -0.000000,   -1074.864745,   -1265.604615,       0.000000,       0.000000
693,   1.529000,   -1074.864745,   -1265.604615,       0.000000,      -0.000000,   -1074.864864,   -1265.604615,       0.000000,       0.000000
694,   1.531000,   -1074.864745,   -1265.604615,       0.000000,      -0.000000,   -1074.864864,   -1265.604615,       0.000000,       0.000000
695,   1.532000,   -1074.864745,   -1265.604615,       0.000000,      -0.000000,   -1074.864745,   -1265.604615,       0.000000,       0.000000
696,   1.548000,   -1074.864745,   -1265.604615,       0.000000,      -0.000000,   -1074.864745,   -1265.604615,       0.000000,       0.000000
697,   1.549000,   -1074.864745,   -1265.604615,       0.000000,      -0.000000,   -1074.864864,   -1265.604615,       0.000000,       0.000000
698,   1.551000,   -1074.864745,   -1265.604615,       0.000000,      -0.000000,   -1074.864864,   -1265.604615,       0.000000,       0.000000
699,   1.552000,   -1074.864745,   -1265.604615,       0.000000,      -0.000000,   -1074.864745,   -1265.604615,       0.000000,       0.000000
700,   1.567000,   -1074.864745,   -1265.604615,       0.000000,      -0.000000,   -1074.864745,   -1265.604615,       0.000000,       0.000000
701,   1.568000,   -1074.864745,   -1265.604615,       0.000000,      -0.000000,   -1074.864864,   -1265.604615,       0.000000,       0.000000
702,   1.569000,   -1074.864745,   -1265.604615,       0.000000,      -0.000000,   -1074.864864,   -1265.604615,       0.000000,       0.000000
703,   1.570000,   -1074.864745,   -1265.604615,       0.000000,      -0.000000,   -1074.864745,   -1265.604615,       0.000000,       0.000000
704,   1.598000,   -1074.864745,   -1265.604615,       0.000000,      -0.000000,   -1074.864745,   -1265.604615,       0.000000,       0.000000
705,   1.599000,   -1074.864745,   -1265.604615,       0.000000,      -0.000000,   -1074.864864,   -1265.604615,       0.000000,       0.000000
706,   1.600000,   -1074.864745,   -1265.604615,       0.000000,      -0.000000,   -1074.864745,   -1265.604615,       0.000000,       0.000000
707,   1.601000,   -1074.864745,   -1265.604615,       0.000000,      -0.000000,   -1074.864864,   -1265.604615,       0.000000,       0.000000
708,   1.602000,   -1074.864745,   -1265.604615,       0.000000,      -0.000000,   -1074.864745,   -1265.604615,       0.000000,       0.000000
709,   1.616000,   -1074.864745,   -1265.604615,       0.000000,      -0.000000,   -1074.864745,   -1265.604615,       0.000000,       0.000000
710,   1.617000,   -1074.864745,   -1265.604615,       0.000000,      -0.000000,   -1074.864864,   -1265.604615,       0.000000,       0.000000
711,   1.618000,   -1074.864745,   -1265.604615,       0.000000,      -0.000000,   -1074.864745,   -1265.604615,       0.000000,       0.000000
712,   1.629000,   -1074.864745,   -1265.604615,       0.000000,      -0.000000,   -1074.864745,   -1265.604615,       0.000000,       0.000000
713,   1.630000,   -1074.864745,   -1265.604615,       0.000000,      -0.000000,   -1074.864864,   -1265.604615,       0.000000,       0.000000
714,   1.631000,   -1074.864745,   -1265.604615,       0.000000,      -0.000000,   -1074.864864,   -1265.604615,       0.000000,       0.000000
715,   1.632000,   -1074.864745,   -1265.604615,       0.000000,      -0.000000,   -1074.864745,   -1265.604615,       0.000000,       0.000000
716,   1.647000,   -1074.864745,   -1265.604615,       0.000000,      -0.000000,   -1074.864745,   -1265.604615,       0.000000,       0.000000
717,   1.648000,   -1074.864745,   -1265.604615,       0.000000,      -0.000000,   -1074.864864,   -1265.604615,       0.000000,       0.000000
718,   1.649000,   -1074.864745,   -1265.604615,       0.000000,      -0.000000,   -1074.864745,   -1265.604615,       0.000000,       0.000000
719,   1.650000,   -1074.864745,   -1265.604615,       0.000000,      -0.000000,   -1074.864745,   -1265.604615,       0.000000,       0.000000
720,   1.651000,   -1074.864745,   -1265.604615,       0.000000,      -0.000000,   -1074.864864,   -1265.604615,       0.000000,       0.000000
721,   1.652000,   -1074.864745,   -1265.604615,       0.000000,      -0.000000,   -1074.864745,   -1265.604615,       0.000000,       0.000000
722,   1.667000,   -1074.864745,   -1265.604615,       0.000000,      -0.000000,   -1074.864745,   -1265.604615,       0.000000,       0.000000
723,   1.668000,   -1074.864745,   -1265.604615,       0.000000,      -0.000000,   -1074.864864,   -1265.604615,       0.000000,       0.000000
724,   1.671000,   -1074.864745,   -1265.604615,       0.000000,      -0.000000,   -1074.864864,   -1265.604615,       0.000000,       0.000000
725,   1.672000,   -1074.864745,   -1265.604615,       0.000000,      -0.000000,   -1074.864745,   -1265.604615,       0.000000,       0.000000
726,   1.689000,   -1074.864745,   -1265.604615,       0.000000,      -0.000000,   -1074.864745,   -1265.604615,       0.000000,       0.000000
727,   1.690000,   -1074.864745,   -1265.604615,       0.000000,      -0.000000,   -1074.864864,   -1265.604615,       0.000000,       0.000000
728,   1.691000,   -1074.864745,   -1265.604615,       0.000000,      -0.000000,   -1074.864864,   -1265.604615,       0.000000,       0.000000
729,   1.692000,   -1074.864745,   -1265.604615,       0.000000,      -0.000000,   -1074.864745,   -1265.604615,       0.000000,       0.000000
730,   1.704000,   -1074.864745,   -1265.604615,       0.000000,      -0.000000,   -1074.864745,   -1265.604615,       0.000000,       0.000000
731,   1.705000,   -1074.864745,   -1265.604615,       0.000000,      -0.000000,   -1074.864864,   -1265.604615,       0.000000,       0.000000
732,   1.709000,   -1074.864745,   -1265.604615,       0.000000,      -0.000000,   -1074.864864,   -1265.604615,       0.000000,       0.000000
733,   1.710000,   -1074.864745,   -1265.604615,       0.000000,      -0.000000,   -1074.864745,   -1265.604615,       0.000000,       0.000000
734,   1.722000,   -1074.864745,   -1265.604615,       0.000000,      -0.000000,   -1074.864745,   -1265.604615,       0.000000,       0.000000
735,   1.723000,   -1074.864745,   -1265.604615,       0.000000,      -0.000000,   -1074.864864,   -1265.604615,       0.000000,       0.000000
736,   1.724000,   -1074.864745,   -1265.604615,       0.000000,      -0.000000,   -1074.864745,   -1265.604615,       0.000000,       0.000000
737,   1.725000,   -1074.864745,   -1265.604615,       0.000000,      -0.000000,   -1074.864864,   -1265.604615,       0.000000,       0.000000
738,   1.726000,   -1074.864745,   -1265.604615,       0.000000,      -0.000000,   -1074.864745,   -1265.604615,       0.000000,       0.000000
739,   1.737000,   -1074.864745,   -1265.604615,       0.000000,      -0.000000,   -1074.864745,   -1265.604615,       0.000000,       0.000000
740,   1.738000,   -1074.864745,   -1265.604615,       0.000000,      -0.000000,   -1074.864864,   -1265.604615,       0.000000,       0.000000
741,   1.739000,   -1074.864745,   -1265.604615,       0.000000,      -0.000000,   -1074.864864,   -1265.604615,       0.000000,       0.000000
742,   1.740000,   -1074.864745,   -1265.604615,       0.000000,      -0.000000,   -1074.864745,   -1265.604615,       0.000000,       0.000000
743,   1.764000,   -1074.864745,   -1265.604615,       0.000000,      -0.000000,   -1074.864745,   -1265.604615,       0.000000,       0.000000
744,   1.765000,   -1074.864745,   -1265.604615,       0.000000,      -0.000000,   -1074.864864,   -1265.604615,       0.000000,       0.000000
745,   1.769000,   -1074.864745,   -1265.604615,       0.000000,      -0.000000,   -1074.864864,   -1265.604615,       0.000000,       0.000000
746,   1.770000,   -1074.864745,   -1265.604615,       0.000000,      -0.000000,   -1074.864745,   -1265.604615,       0.000000,       0.000000
747,   1.787000,   -1074.864745,   -1265.604615,       0.000000,      -0.000000,   -1074.864745,   -1265.604615,       0.000000,       0.000000
748,   1.788000,   -1074.864745,   -1265.604615,       0.000000,      -0.000000,   -1074.864864,   -1265.604615,       0.000000,       0.000000
749,   1.792000,   -1074.864745,   -1265.604615,       0.000000,      -0.000000,   -1074.864864,   -1265.604615,       0.000000,       0.000000
750,   1.793000,   -1074.864745,   -1265.604615,       0.000000,      -0.000000,   -1074.864745,   -1265.604615,       0.000000,       0.000000
751,   1.805000,   -1074.864745,   -1265.604615,       0.000000,      -0.000000,   -1074.864745,   -1265.604615,       0.000000,       0.000000
752,   1.806000,   -1074.864745,   -1265.604615,       0.000000,      -0.000000,   -1074.864864,   -1265.604615,       0.000000,       0.000000
753,   1.811000,   -1074.864745,   -1265.604615,       0.000000,      -0.000000,   -1074.864864,   -1265.604615,       0.000000,       0.000000
754,   1.812000,   -1074.864745,   -1265.604615,       0.000000,      -0.000000,   -1074.864745,   -1265.604615,       0.000000,       0.000000
755,   1.824000,   -1074.864745,   -1265.604615,       0.000000,      -0.000000,   -1074.864745,   -1265.604615,       0.000000,       0.000000
756,   1.825000,   -1074.864745,   -1265.604615,       0.000000,      -0.000000,   -1074.864864,   -1265.604615,       0.000000,       0.000000
757,   1.827000,   -1074.864745,   -1265.604615,       0.000000,      -0.000000,   -1074.864864,   -1265.604615,       0.000000,       0.000000
758,   1.828000,   -1074.864745,   -1265.604615,       0.000000,      -0.000000,   -1074.864745,   -1265.604615,       0.000000,       0.000000
759,   1.840000,   -1074.864745,   -1265.604615,       0.000000,      -0.000000,   -1074.864745,   -1265.604615,       0.000000,       0.000000
760,   1.841000,   -1074.864745,   -1265.604615,       0.000000,      -0.000000,   -1074.864864,   -1265.604615,       0.000000,       0.000000
761,   1.844000,   -1074.864745,   -1265.604615,       0.000000,      -0.000000,   -1074.864864,   -1265.604615,       0.000000,       0.000000
762,   1.845000,   -1074.864745,   -1265.604615,       0.000000,      -0.000000,   -1074.864745,   -1265.604615,       0.000000,       0.000000
763,   1.858000,   -1074.864745,   -1265.604615,       0.000000,      -0.000000,   -1074.864745,   -1265.604615,       0.000000,       0.000000
764,   1.859000,   -1074.864745,   -1265.604615,       0.000000,      -0.000000,   -1074.864864,   -1265.604615,       0.000000,       0.000000
765,   1.861000,   -1074.864745,   -1265.604615,       0.000000,      -0.000000,   -1074.864864,   -1265.604615,       0.000000,       0.000000
766,   1.862000,   -1074.864745,   -1265.604615,       0.000000,      -0.000000,   -1074.864745,   -1265.604615,       0.000000,       0.000000
767,   1.877000,   -1074.864745,   -1265.604615,       0.000000,      -0.000000,   -1074.864745,   -1265.604615,       0.000000,       0.000000
768,   1.878000,   -1074.864745,   -1265.604615,       0.000000,      -0.000000,   -1074.864864,   -1265.604615,       0.000000,       0.000000
769,   1.881000,   -1074.864745,   -1265.604615,       0.000000,      -0.000000,   -1074.864864,   -1265.604615,       0.000000,       0.000000
770,   1.882000,   -1074.864745,   -1265.604615,       0.000000,      -0.000000,   -1074.864745,   -1265.604615,       0.000000,       0.000000
771,   1.884000,   -1074.864745,   -1265.604615,       0.000000,      -0.000000,   -1074.864745,   -1265.604615,       0.000000,       0.000000
772,   1.885000,   -1074.864745,   -1265.604615,       0.000000,      -0.000000,   -1074.864864,   -1265.604615,       0.000000,       0.000000
773,   1.886000,   -1074.864745,   -1265.604615,       0.000000,      -0.000000,   -1074.864745,   -1265.604615,       0.000000,       0.000000
774,   1.887000,   -1074.864745,   -1265.604615,       0.000000,      -0.000000,   -1074.864864,   -1265.604615,       0.000000,       0.000000
775,   1.888000,   -1074.864745,   -1265.604615,       0.000000,      -0.000000,   -1074.864745,   -1265.604615,       0.000000,       0.000000
776,   1.895000,   -1074.864745,   -1265.604615,       0.000000,      -0.000000,   -1074.864745,   -1265.604615,       0.000000,       0.000000
777,   1.896000,   -1074.864745,   -1265.604615,       0.000000,      -0.000000,   -1074.864864,   -1265.604615,       0.000000,       0.000000
778,   1.898000,   -1074.864745,   -1265.604615,       0.000000,      -0.000000,   -1074.864864,   -1265.604615,       0.000000,       0.000000
779,   1.899000,   -1074.864745,   -1265.604615,       0.000000,      -0.000000,   -1074.864745,   -1265.604615,       0.000000,       0.000000
780,   1.914000,   -1074.864745,   -1265.604615,       0.000000,      -0.000000,   -1074.864745,   -1265.604615,       0.000000,       0.000000
781,   1.915000,   -1074.864745,   -1265.604615,       0.000000,      -0.000000,   -1074.864864,   -1265.604615,       0.000000,       0.000000
782,   1.917000,   -1074.864745,   -1265.604615,       0.000000,      -0.000000,   -1074.864864,   -1265.604615,       0.000000,       0.000000
783,   1.918000,   -1074.864745,   -1265.604615,       0.000000,      -0.000000,   -1074.864745,   -1265.604615,       0.000000,       0.000000
784,   1.927000,   -1074.864745,   -1265.604615,       0.000000,      -0.000000,   -1074.864745,   -1265.604615,       0.000000,       0.000000
785,   1.928000,   -1074.864745,   -1265.604615,       0.000000,      -0.000000,   -1074.864864,   -1265.604615,       0.000000,       0.000000
786,   1.933000,   -1074.864745,   -1265.604615,       0.000000,      -0.000000,   -1074.864864,   -1265.604615,       0.000000,       0.000000
787,   1.934000,   -1074.864745,   -1265.604615,       0.000000,      -0.000000,   -1074.864745,   -1265.604615,       0.000000,       0.000000
788,   1.943000,   -1074.864745,   -1265.604615,       0.000000,      -0.000000,   -1074.864745,   -1265.604615,       0.000000,       0.000000
789,   1.944000,   -1074.864745,   -1265.604615,       0.000000,      -0.000000,   -1074.864864,   -1265.604615,       0.000000,       0.000000
790,   1.945000,   -1074.864745,   -1265.604615,       0.000000,      -0.000000,   -1074.864864,   -1265.604615,       0.000000,       0.000000
791,   1.946000,   -1074.864745,   -1265.604615,       0.000000,      -0.000000,   -1074.864745,   -1265.604615,       0.000000,       0.000000
792,   1.957000,   -1074.864745,   -1265.604615,       0.000000,      -0.000000,   -1074.864745,   -1265.604615,       0.000000,       0.000000
793,   1.958000,   -1074.864745,   -1265.604615,       0.000000,      -0.000000,   -1074.864864,   -1265.604615,       0.000000,       0.000000
794,   1.962000,   -1074.864745,   -1265.604615,       0.000000,      -0.000000,   -1074.864864,   -1265.604615,       0.000000,       0.000000
795,   1.963000,   -1074.864745,   -1265.604615,       0.000000,      -0.000000,   -1074.864745,   -1265.604615,       0.000000,       0.000000
796,   1.977000,   -1074.864745,   -1265.604615,       0.000000,      -0.000000,   -1074.864745,   -1265.604615,       0.000000,       0.000000
797,   1.978000,   -1074.864745,   -1265.604615,       0.000000,      -0.000000,   -1074.864864,   -1265.604615,       0.000000,       0.000000
798,   1.980000,   -1074.864745,   -1265.604615,       0.000000,      -0.000000,   -1074.864864,   -1265.604615,       0.000000,       0.000000
799,   1.981000,   -1074.864745,   -1265.604615,       0.000000,      -0.000000,   -1074.864745,   -1265.604615,       0.000000,       0.000000
800,   1.996000,   -1074.864745,   -1265.604615,       0.000000,      -0.000000,   -1074.864745,   -1265.604615,       0.000000,       0.000000
801,   1.997000,   -1074.864745,   -1265.604615,       0.000000,      -0.000000,   -1074.864864,   -1265.604615,       0.000000,       0.000000
802,   1.999000,   -1074.864745,   -1265.604615,       0.000000,      -0.000000,   -1074.864864,   -1265.604615,       0.000000,       0.000000
803,   2.000000,   -1074.864745,   -1265.604615,       0.000000,      -0.000000,   -1074.864864,   -1265.604615,       0.000000,       0.000000
804,   2.001000,   -1074.864745,   -1265.604615,       0.000000,      -0.000000,   -1074.864745,   -1265.604615,       0.000000,       0.000000
805,   2.015000,   -1074.864745,   -1265.604615,       0.000000,      -0.000000,   -1074.864745,   -1265.604615,       0.000000,       0.000000
806,   2.016000,   -1074.864745,   -1265.604615,       0.000000,      -0.000000,   -1074.864864,   -1265.604615,       0.000000,       0.000000
807,   2.017000,   -1074.864745,   -1265.604615,       0.000000,      -0.000000,   -1074.864745,   -1265.604615,       0.000000,       0.000000
808,   2.030000,   -1074.864745,   -1265.604615,       0.000000,      -0.000000,   -1074.864745,   -1265.604615,       0.000000,       0.000000
809,   2.031000,   -1074.864745,   -1265.604615,       0.000000,      -0.000000,   -1074.864864,   -1265.604615,       0.000000,       0.000000
810,   2.032000,   -1074.864745,   -1265.604615,       0.000000,      -0.000000,   -1074.864745,   -1265.604615,       0.000000,       0.000000
811,   2.046000,   -1074.864745,   -1265.604615,       0.000000,      -0.000000,   -1074.864745,   -1265.604615,       0.000000,       0.000000
812,   2.047000,   -1074.864745,   -1265.604615,       0.000000,      -0.000000,   -1074.864864,   -1265.604615,       0.000000,       0.000000
813,   2.048000,   -1074.864745,   -1265.604615,       0.000000,      -0.000000,   -1074.864745,   -1265.604615,       0.000000,       0.000000
814,   2.092000,   -1074.864745,   -1265.604615,       0.000000,      -0.000000,   -1074.864745,   -1265.604615,       0.000000,       0.000000
815,   2.093000,   -1074.864745,   -1265.604615,       0.000000,      -0.000000,   -1074.864864,   -1265.604615,       0.000000,       0.000000
816,   2.094000,   -1074.864745,   -1265.604615,       0.000000,      -0.000000,   -1074.864864,   -1265.604615,       0.000000,       0.000000
817,   2.095000,   -1074.864745,   -1265.604615,       0.000000,      -0.000000,   -1074.864745,   -1265.604615,       0.000000,       0.000000
818,   2.096000,   -1074.864745,   -1265.604615,       0.000000,      -0.000000,   -1074.864864,   -1265.604615,       0.000000,       0.000000
819,   2.097000,   -1074.864745,   -1265.604615,       0.000000,      -0.000000,   -1074.864745,   -1265.604615,       0.000000,       0.000000
820,   2.110000,   -1074.864745,   -1265.604615,       0.000000,      -0.000000,   -1074.864745,   -1265.604615,       0.000000,       0.000000
821,   2.111000,   -1074.864745,   -1265.604615,       0.000000,      -0.000000,   -1074.864864,   -1265.604615,       0.000000,       0.000000
822,   2.112000,   -1074.864745,   -1265.604615,       0.000000,      -0.000000,   -1074.864864,   -1265.604615,       0.000000,       0.000000
823,   2.113000,   -1074.864745,   -1265.604615,       0.000000,      -0.000000,   -1074.864745,   -1265.604615,       0.000000,       0.000000
824,   2.114000,   -1074.864745,   -1265.604615,       0.000000,      -0.000000,   -1074.864864,   -1265.604615,       0.000000,       0.000000
825,   2.115000,   -1074.864745,   -1265.604615,       0.000000,      -0.000000,   -1074.864745,   -1265.604615,       0.000000,       0.000000
826,   2.117000,   -1074.864745,   -1265.604615,       0.000000,      -0.000000,   -1074.864745,   -1265.604615,       0.000000,       0.000000
827,   2.118000,   -1074.864745,   -1265.604615,       0.000000,      -0.000000,   -1074.864864,   -1265.604615,       0.000000,       0.000000
828,   2.119000,   -1074.864745,   -1265.604615,       0.000000,      -0.000000,   -1074.864745,   -1265.604615,       0.000000,       0.000000
829,   2.135000,   -1074.864745,   -1265.604615,       0.000000,      -0.000000,   -1074.864745,   -1265.604615,       0.000000,       0.000000
830,   2.136000,   -1074.864745,   -1265.604615,       0.000000,      -0.000000,   -1074.864864,   -1265.604615,       0.000000,       0.000000
831,   2.137000,   -1074.864745,   -1265.604615,       0.000000,      -0.000000,   -1074.864864,   -1265.604615,       0.000000,       0.000000
832,   2.138000,   -1074.864745,   -1265.604615,       0.000000,      -0.000000,   -1074.864745,   -1265.604615,       0.000000,       0.000000
833,   2.139000,   -1074.864745,   -1265.604615,       0.000000,      -0.000000,   -1074.864864,   -1265.604615,       0.000000,       0.000000
834,   2.140000,   -1074.864745,   -1265.604615,       0.000000,      -0.000000,   -1074.864745,   -1265.604615,       0.000000,       0.000000
835,   2.167000,   -1074.864745,   -1265.604615,       0.000000,      -0.000000,   -1074.864745,   -1265.604615,       0.000000,       0.000000
836,   2.168000,   -1074.864745,   -1265.604615,       0.000000,      -0.000000,   -1074.864864,   -1265.604615,       0.000000,       0.000000
837,   2.174000,   -1074.864745,   -1265.604615,       0.000000,      -0.000000,   -1074.864864,   -1265.604615,       0.000000,       0.000000
838,   2.175000,   -1074.864745,   -1265.604615,       0.000000,      -0.000000,   -1074.864745,   -1265.604615,       0.000000,       0.000000
839,   2.202000,   -1074.864745,   -1265.604615,       0.000000,      -0.000000,   -1074.864745,   -1265.604615,       0.000000,       0.000000
840,   2.203000,   -1074.864745,   -1265.604615,       0.000000,      -0.000000,   -1074.864864,   -1265.604615,       0.000000,       0.000000
841,   2.204000,   -1074.864745,   -1265.604615,       0.000000,      -0.000000,   -1074.864864,   -1265.604615,       0.000000,       0.000000
842,   2.205000,   -1074.864745,   -1265.604615,       0.000000,      -0.000000,   -1074.864745,   -1265.604615,       0.000000,       0.000000
843,   2.206000,   -1074.864745,   -1265.604615,       0.000000,      -0.000000,   -1074.864745,   -1265.604615,       0.000000,       0.000000
844,   2.207000,   -1074.864745,   -1265.604615,       0.000000,      -0.000000,   -1074.864864,   -1265.604615,       0.000000,       0.000000
845,   2.208000,   -1074.864745,   -1265.604615,       0.000000,      -0.000000,   -1074.864745,   -1265.604615,       0.000000,       0.000000
846,   2.220000,   -1074.864745,   -1265.604615,       0.000000,      -0.000000,   -1074.864745,   -1265.604615,       0.000000,       0.000000
847,   2.221000,   -1074.864745,   -1265.604615,       0.000000,      -0.000000,   -1074.864864,   -1265.604615,       0.000000,       0.000000
848,   2.224000,   -1074.864745,   -1265.604615,       0.000000,      -0.000000,   -1074.864864,   -1265.604615,       0.000000,       0.000000
849,   2.225000,   -1074.864745,   -1265.604615,       0.000000,      -0.000000,   -1074.864745,   -1265.604615,       0.000000,       0.000000
850,   2.243000,   -1074.864745,   -1265.604615,       0.000000,      -0.000000,   -1074.864745,   -1265.604615,       0.000000,       0.000000
851,   2.244000,   -1074.864745,   -1265.604615,       0.000000,      -0.000000,   -1074.864864,   -1265.604615,       0.000000,       0.000000
852,   2.245000,   -1074.864745,   -1265.604615,       0.000000,      -0.000000,   -1074.864864,   -1265.604615,       0.000000,       0.000000
853,   2.246000,   -1074.864745,   -1265.604615,       0.000000,      -0.000000,   -1074.864745,   -1265.604615,       0.000000,       0.000000
854,   2.248000,   -1074.864745,   -1265.604615,       0.000000,      -0.000000,   -1074.864745,   -1265.604615,       0.000000,       0.000000
855,   2.249000,   -1074.864745,   -1265.604615,       0.000000,      -0.000000,   -1074.864864,   -1265.604615,       0.000000,       0.000000
856,   2.250000,   -1074.864745,   -1265.604615,       0.000000,      -0.000000,   -1074.864864,   -1265.604615,       0.000000,       0.000000
857,   2.251000,   -1074.864745,   -1265.604615,       0.000000,      -0.000000,   -1074.864745,   -1265.604615,       0.000000,       0.000000
858,   2.258000,   -1074.864745,   -1265.604615,       0.000000,      -0.000000,   -1074.864745,   -1265.604615,       0.000000,       0.000000
859,   2.259000,   -1074.864745,   -1265.604615,       0.000000,      -0.000000,   -1074.864864,   -1265.604615,       0.000000,       0.000000
860,   2.260000,   -1074.864745,   -1265.604615,       0.000000,      -0.000000,   -1074.864864,   -1265.604615,       0.000000,       0.000000
861,   2.261000,   -1074.864745,   -1265.604615,       0.000000,      -0.000000,   -1074.864745,   -1265.604615,       0.000000,       0.000000
862,   2.262000,   -1074.864745,   -1265.604615,       0.000000,      -0.000000,   -1074.864864,   -1265.604615,       0.000000,       0.000000
863,   2.263000,   -1074.864745,   -1265.604615,       0.000000,      -0.000000,   -1074.864864,   -1265.604615,       0.000000,       0.000000
864,   2.264000,   -1074.864745,   -1265.604615,       0.000000,      -0.000000,   -1074.864745,   -1265.604615,       0.000000,       0.000000
865,   2.276000,   -1074.864745,   -1265.604615,       0.000000,      -0.000000,   -1074.864745,   -1265.604615,       0.000000,       0.000000
866,   2.277000,   -1074.864745,   -1265.604615,       0.000000,      -0.000000,   -1074.864864,   -1265.604615,       0.000000,       0.000000
867,   2.278000,   -1074.864745,   -1265.604615,       0.000000,      -0.000000,   -1074.864745,   -1265.604615,       0.000000,       0.000000
868,   2.289000,   -1074.864745,   -1265.604615,       0.000000,      -0.000000,   -1074.864745,   -1265.604615,       0.000000,       0.000000
869,   2.290000,   -1074.864745,   -1265.604615,       0.000000,      -0.000000,   -1074.864864,   -1265.604615,       0.000000,       0.000000
870,   2.291000,   -1074.864745,   -1265.604615,       0.000000,      -0.000000,   -1074.864745,   -1265.604615,       0.000000,       0.000000
871,   2.292000,   -1074.864745,   -1265.604615,       0.000000,      -0.000000,   -1074.864864,   -1265.604615,       0.000000,       0.000000
872,   2.294000,   -1074.864745,   -1265.604615,       0.000000,      -0.000000,   -1074.864864,   -1265.604615,       0.000000,       0.000000
873,   2.295000,   -1074.864745,   -1265.604615,       0.000000,      -0.000000,   -1074.864745,   -1265.604615,       0.000000,       0.000000
874,   2.310000,   -1074.864745,   -1265.604615,       0.000000,      -0.000000,   -1074.864745,   -1265.604615,       0.000000,       0.000000
875,   2.311000,   -1074.864745,   -1265.604615,       0.000000,      -0.000000,   -1074.864864,   -1265.604615,       0.000000,       0.000000
876,   2.312000,   -1074.864745,   -1265.604615,       0.000000,      -0.000000,   -1074.864745,   -1265.604615,       0.000000,       0.000000
877,   2.324000,   -1074.864745,   -1265.604615,       0.000000,      -0.000000,   -1074.864745,   -1265.604615,       0.000000,       0.000000
878,   2.325000,   -1074.864745,   -1265.604615,       0.000000,      -0.000000,   -1074.864864,   -1265.604615,       0.000000,       0.000000
879,   2.327000,   -1074.864745,   -1265.604615,       0.000000,      -0.000000,   -1074.864864,   -1265.604615,       0.000000,       0.000000
880,   2.328000,   -1074.864745,   -1265.604615,       0.000000,      -0.000000,   -1074.864745,   -1265.604615,       0.000000,       0.000000
881,   2.356000,   -1074.864745,   -1265.604615,       0.000000,      -0.000000,   -1074.864745,   -1265.604615,       0.000000,       0.000000
882,   2.357000,   -1074.864745,   -1265.604615,       0.000000,      -0.000000,   -1074.864864,   -1265.604615,       0.000000,       0.000000
883,   2.358000,   -1074.864745,   -1265.604615,       0.000000,      -0.000000,   -1074.864864,   -1265.604615,       0.000000,       0.000000
884,   2.359000,   -1074.864745,   -1265.604615,       0.000000,      -0.000000,   -1074.864745,   -1265.604615,       0.000000,       0.000000
885,   2.375000,   -1074.864745,   -1265.604615,       0.000000,      -0.000000,   -1074.864745,   -1265.604615,       0.000000,       0.000000
886,   2.376000,   -1074.864745,   -1265.604615,       0.000000,      -0.000000,   -1074.864864,   -1265.604615,       0.000000,       0.000000
887,   2.379000,   -1074.864745,   -1265.604615,       0.000000,      -0.000000,   -1074.864864,   -1265.604615,       0.000000,       0.000000
888,   2.380000,   -1074.864745,   -1265.604615,       0.000000,      -0.000000,   -1074.864745,   -1265.604615,       0.000000,       0.000000
889,   2.408000,   -1074.864745,   -1265.604615,       0.000000,      -0.000000,   -1074.864745,   -1265.604615,       0.000000,       0.000000
890,   2.409000,   -1074.864745,   -1265.604615,       0.000000,      -0.000000,   -1074.864864,   -1265.604615,       0.000000,       0.000000
891,   2.411000,   -1074.864745,   -1265.604615,       0.000000,      -0.000000,   -1074.864864,   -1265.604615,       0.000000,       0.000000
892,   2.412000,   -1074.864745,   -1265.604615,       0.000000,      -0.000000,   -1074.864745,   -1265.604615,       0.000000,       0.000000
893,   2.428000,   -1074.864745,   -1265.604615,       0.000000,      -0.000000,   -1074.864745,   -1265.604615,       0.000000,       0.000000
894,   2.429000,   -1074.864745,   -1265.604615,       0.000000,      -0.000000,   -1074.864864,   -1265.604615,       0.000000,       0.000000
895,   2.430000,   -1074.864745,   -1265.604615,       0.000000,      -0.000000,   -1074.864745,   -1265.604615,       0.000000,       0.000000
896,   2.442000,   -1074.864745,   -1265.604615,       0.000000,      -0.000000,   -1074.864745,   -1265.604615,       0.000000,       0.000000
897,   2.443000,   -1074.864745,   -1265.604615,       0.000000,      -0.000000,   -1074.864864,   -1265.604615,       0.000000,       0.000000
898,   2.447000,   -1074.864745,   -1265.604615,       0.000000,      -0.000000,   -1074.864864,   -1265.604615,       0.000000,       0.000000
899,   2.448000,   -1074.864745,   -1265.604615,       0.000000,      -0.000000,   -1074.864745,   -1265.604615,       0.000000,       0.000000
900,   2.460000,   -1074.864745,   -1265.604615,       0.000000,      -0.000000,   -1074.864745,   -1265.604615,       0.000000,       0.000000
901,   2.461000,   -1074.864745,   -1265.604615,       0.000000,      -0.000000,   -1074.864864,   -1265.604615,       0.000000,       0.000000
902,   2.463000,   -1074.864745,   -1265.604615,       0.000000,      -0.000000,   -1074.864864,   -1265.604615,       0.000000,       0.000000
903,   2.464000,   -1074.864745,   -1265.604615,       0.000000,      -0.000000,   -1074.864745,   -1265.604615,       0.000000,       0.000000
904,   2.475000,   -1074.864745,   -1265.604615,       0.000000,      -0.000000,   -1074.864745,   -1265.604615,       0.000000,       0.000000
905,   2.476000,   -1074.864745,   -1265.604615,       0.000000,      -0.000000,   -1074.864864,   -1265.604615,       0.000000,       0.000000
906,   2.478000,   -1074.864745,   -1265.604615,       0.000000,      -0.000000,   -1074.864864,   -1265.604615,       0.000000,       0.000000
907,   2.479000,   -1074.864745,   -1265.604615,       0.000000,      -0.000000,   -1074.864745,   -1265.604615,       0.000000,       0.000000
908,   2.488000,   -1074.864745,   -1265.604615,       0.000000,      -0.000000,   -1074.864745,   -1265.604615,       0.000000,       0.000000
909,   2.489000,   -1074.864745,   -1265.604615,       0.000000,      -0.000000,   -1074.864864,   -1265.604615,       0.000000,       0.000000
910,   2.491000,   -1074.864745,   -1265.604615,       0.000000,      -0.000000,   -1074.864864,   -1265.604615,       0.000000,       0.000000
911,   2.492000,   -1074.864745,   -1265.604615,       0.000000,      -0.000000,   -1074.864745,   -1265.604615,       0.000000,       0.000000
912,   2.570000,   -1074.864745,   -1265.604615,       0.000000,      -0.000000,   -1074.864745,   -1265.604615,       0.000000,       0.000000
913,   2.571000,   -1074.864745,   -1265.604615,       0.000000,      -0.000000,   -1074.864864,   -1265.604615,       0.000000,       0.000000
914,   2.572000,   -1074.864745,   -1265.604615,       0.000000,      -0.000000,   -1074.864745,   -1265.604615,       0.000000,       0.000000
915,   2.582000,   -1074.864745,   -1265.604615,       0.000000,      -0.000000,   -1074.864745,   -1265.604615,       0.000000,       0.000000
916,   2.583000,   -1074.864745,   -1265.604615,       0.000000,      -0.000000,   -1074.864864,   -1265.604615,       0.000000,       0.000000
917,   2.584000,   -1074.864745,   -1265.604615,       0.000000,      -0.000000,   -1074.864745,   -1265.604615,       0.000000,       0.000000
918,   2.610000,   -1074.864745,   -1265.604615,       0.000000,      -0.000000,   -1074.864745,   -1265.604615,       0.000000,       0.000000
919,   2.611000,   -1074.864745,   -1265.604615,       0.000000,      -0.000000,   -1074.864864,   -1265.604615,       0.000000,       0.000000
920,   2.612000,   -1074.864745,   -1265.604615,       0.000000,      -0.000000,   -1074.864864,   -1265.604615,       0.000000,       0.000000
921,   2.613000,   -1074.864745,   -1265.604615,       0.000000,      -0.000000,   -1074.864745,   -1265.604615,       0.000000,       0.000000
922,   2.614000,   -1074.864745,   -1265.604615,       0.000000,      -0.000000,   -1074.864864,   -1265.604615,       0.000000,       0.000000
923,   2.615000,   -1074.864745,   -1265.604615,       0.000000,      -0.000000,   -1074.864745,   -1265.604615,       0.000000,       0.000000
924,   2.634000,   -1074.864745,   -1265.604615,       0.000000,      -0.000000,   -1074.864745,   -1265.604615,       0.000000,       0.000000
925,   2.635000,   -1074.864745,   -1265.604615,       0.000000,      -0.000000,   -1074.864864,   -1265.604615,       0.000000,       0.000000
926,   2.636000,   -1074.864745,   -1265.604615,       0.000000,      -0.000000,   -1074.864745,   -1265.604615,       0.000000,       0.000000
927,   2.652000,   -1074.864745,   -1265.604615,       0.000000,      -0.000000,   -1074.864745,   -1265.604615,       0.000000,       0.000000
928,   2.653000,   -1074.864745,   -1265.604615,       0.000000,      -0.000000,   -1074.864864,   -1265.604615,       0.000000,       0.000000
929,   2.654000,   -1074.864745,   -1265.604615,       0.000000,      -0.000000,   -1074.864745,   -1265.604615,       0.000000,       0.000000
930,   2.671000,   -1074.864745,   -1265.604615,       0.000000,      -0.000000,   -1074.864745,   -1265.604615,       0.000000,       0.000000
