name,TIME,axes.mach.l.p[X],axes.mach.l.p[Y],axes.mach.f.p[X],axes.mach.f.p[Y],servo.SV X1.droop,servo.SV X1.delay,servo.SV Y.droop,servo.SV Y.delay
units,sec,mm,mm,mm,mm,mm,mSec,mm,mSec
0,   0.000000,   -1209.527612,   -1112.314463,   -1209.525585,   -1112.366199,       0.000000,       0.000000,       0.000000,       0.000000
1,   0.159000,   -1209.527612,   -1112.314463,   -1209.525585,   -1112.366199,       0.000000,       0.000000,       0.000000,       0.000000
2,   0.160000,   -1209.527612,   -1112.314463,   -1209.525585,   -1112.366319,       0.000000,       0.000000,       0.000032,       0.000000
3,   0.161000,   -1209.527612,   -1112.314463,   -1209.525585,   -1112.366199,       0.000000,       0.000000,       0.000000,       0.000000
4,   0.565000,   -1209.527612,   -1112.314463,   -1209.525585,   -1112.366199,       0.000000,       0.000000,       0.000000,       0.000000
5,   0.566000,   -1209.527612,   -1112.314463,   -1209.525466,   -1112.366199,       0.000000,       0.000000,       0.000000,       0.000000
6,   0.567000,   -1209.527612,   -1112.314463,   -1209.525585,   -1112.366199,       0.000000,       0.000000,       0.000000,       0.000000
7,   0.572000,   -1209.527612,   -1112.314463,   -1209.525585,   -1112.366199,       0.000000,       0.000000,       0.000000,       0.000000
8,   0.573000,   -1209.527612,   -1112.314463,   -1209.525466,   -1112.366199,       0.000000,       0.000000,       0.000000,       0.000000
9,   0.574000,   -1209.527612,   -1112.314463,   -1209.525585,   -1112.366199,       0.000000,       0.000000,       0.000000,       0.000000
10,   0.600000,   -1209.527612,   -1112.314463,   -1209.525585,   -1112.366199,       0.000000,       0.000000,       0.000000,       0.000000
11,   0.601000,   -1209.527612,   -1112.314463,   -1209.525466,   -1112.366199,       0.000000,       0.000000,       0.000000,       0.000000
12,   0.602000,   -1209.527612,   -1112.314463,   -1209.525585,   -1112.366199,       0.000000,       0.000000,       0.000000,       0.000000
13,   0.604000,   -1209.527612,   -1112.314463,   -1209.525585,   -1112.366199,       0.000000,       0.000000,       0.000000,       0.000000
14,   0.605000,   -1209.527612,   -1112.314463,   -1209.525585,   -1112.366199,       0.000000,       0.000000,      -0.000032,       0.000000
15,   0.606000,   -1209.527612,   -1112.314463,   -1209.525585,   -1112.366199,       0.000000,       0.000000,       0.000000,       0.000000
16,   0.625000,   -1209.527612,   -1112.314463,   -1209.525585,   -1112.366199,       0.000000,       0.000000,       0.000000,       0.000000
17,   0.626000,   -1209.527612,   -1112.314463,   -1209.525585,   -1112.366319,       0.000000,       0.000000,       0.000032,       0.000000
18,   0.627000,   -1209.527612,   -1112.314463,   -1209.525585,   -1112.366199,       0.000000,       0.000000,       0.000000,       0.000000
19,   0.640000,   -1209.527612,   -1112.314463,   -1209.525585,   -1112.366199,       0.000000,       0.000000,       0.000000,       0.000000
20,   0.641000,   -1209.527612,   -1112.314463,   -1209.525585,   -1112.366199,       0.000000,       0.000000,      -0.000032,       0.000000
21,   0.643000,   -1209.527612,   -1112.314463,   -1209.525585,   -1112.366199,       0.000000,       0.000000,      -0.000032,       0.000000
22,   0.644000,   -1209.527612,   -1112.314463,   -1209.525585,   -1112.366199,       0.000000,       0.000000,       0.000000,       0.000000
23,   0.654000,   -1209.527612,   -1112.314463,   -1209.525585,   -1112.366199,       0.000000,       0.000000,       0.000000,       0.000000
24,   0.655000,   -1209.527612,   -1112.314463,   -1209.525585,   -1112.366319,       0.000000,       0.000000,       0.000032,       0.000000
25,   0.663000,   -1209.527612,   -1112.314463,   -1209.525585,   -1112.366319,       0.000000,       0.000000,       0.000032,       0.000000
26,   0.664000,   -1209.527612,   -1112.314463,   -1209.525585,   -1112.366199,       0.000000,       0.000000,       0.000000,       0.000000
27,   0.670000,   -1209.527612,   -1112.314463,   -1209.525585,   -1112.366199,       0.000000,       0.000000,       0.000000,       0.000000
28,   0.671000,   -1209.527612,   -1112.314463,   -1209.525585,   -1112.366199,       0.000000,       0.000000,      -0.000032,       0.000000
29,   0.682000,   -1209.527612,   -1112.314463,   -1209.525585,   -1112.366199,       0.000000,       0.000000,      -0.000032,       0.000000
30,   0.683000,   -1209.527612,   -1112.314463,   -1209.525585,   -1112.366199,       0.000000,       0.000000,       0.000000,       0.000000
31,   0.690000,   -1209.527612,   -1112.314463,   -1209.525585,   -1112.366199,       0.000000,       0.000000,       0.000000,       0.000000
32,   0.691000,   -1209.527612,   -1112.314463,   -1209.525585,   -1112.366319,       0.000000,       0.000000,       0.000032,       0.000000
33,   0.701000,   -1209.527612,   -1112.314463,   -1209.525585,   -1112.366319,       0.000000,       0.000000,       0.000032,       0.000000
34,   0.702000,   -1209.527612,   -1112.314463,   -1209.525585,   -1112.366199,       0.000000,       0.000000,       0.000000,       0.000000
35,   0.708000,   -1209.527612,   -1112.314463,   -1209.525585,   -1112.366199,       0.000000,       0.000000,       0.000000,       0.000000
36,   0.709000,   -1209.527612,   -1112.314463,   -1209.525585,   -1112.366199,       0.000000,       0.000000,      -0.000032,       0.000000
37,   0.718000,   -1209.527612,   -1112.314463,   -1209.525585,   -1112.366199,       0.000000,       0.000000,      -0.000032,       0.000000
38,   0.719000,   -1209.527612,   -1112.314463,   -1209.525585,   -1112.366199,       0.000000,       0.000000,       0.000000,       0.000000
39,   0.725000,   -1209.527612,   -1112.314463,   -1209.525585,   -1112.366199,       0.000000,       0.000000,       0.000000,       0.000000
40,   0.726000,   -1209.527612,   -1112.314463,   -1209.525585,   -1112.366319,       0.000000,       0.000000,       0.000032,       0.000000
41,   0.734000,   -1209.527612,   -1112.314463,   -1209.525585,   -1112.366319,       0.000000,       0.000000,       0.000032,       0.000000
42,   0.735000,   -1209.527612,   -1112.314463,   -1209.525585,   -1112.366199,       0.000000,       0.000000,       0.000000,       0.000000
43,   0.744000,   -1209.527612,   -1112.314463,   -1209.525585,   -1112.366199,       0.000000,       0.000000,       0.000000,       0.000000
44,   0.745000,   -1209.527612,   -1112.314463,   -1209.525585,   -1112.366199,       0.000000,       0.000000,      -0.000032,       0.000000
45,   0.753000,   -1209.527612,   -1112.314463,   -1209.525585,   -1112.366199,       0.000000,       0.000000,      -0.000032,       0.000000
46,   0.754000,   -1209.527612,   -1112.314463,   -1209.525585,   -1112.366199,       0.000000,       0.000000,       0.000000,       0.000000
47,   0.762000,   -1209.527612,   -1112.314463,   -1209.525585,   -1112.366199,       0.000000,       0.000000,       0.000000,       0.000000
48,   0.763000,   -1209.527612,   -1112.314463,   -1209.525585,   -1112.366319,       0.000000,       0.000000,       0.000032,       0.000000
49,   0.766000,   -1209.527612,   -1112.314463,   -1209.525585,   -1112.366319,       0.000000,       0.000000,       0.000032,       0.000000
50,   0.767000,   -1209.527612,   -1112.314463,   -1209.525585,   -1112.366199,       0.000000,       0.000000,       0.000000,       0.000000
51,   0.768000,   -1209.527612,   -1112.314463,   -1209.525585,   -1112.366319,       0.000000,       0.000000,       0.000032,       0.000000
52,   0.769000,   -1209.527612,   -1112.314463,   -1209.525585,   -1112.366199,       0.000000,       0.000000,       0.000000,       0.000000
53,   0.780000,   -1209.527612,   -1112.314463,   -1209.525585,   -1112.366199,       0.000000,       0.000000,       0.000000,       0.000000
54,   0.781000,   -1209.527612,   -1112.314463,   -1209.525585,   -1112.366199,       0.000000,       0.000000,      -0.000032,       0.000000
55,   0.783000,   -1209.527612,   -1112.314463,   -1209.525585,   -1112.366199,       0.000000,       0.000000,      -0.000032,       0.000000
56,   0.784000,   -1209.527612,   -1112.314463,   -1209.525585,   -1112.366199,       0.000000,       0.000000,       0.000000,       0.000000
57,   0.785000,   -1209.527612,   -1112.314463,   -1209.525585,   -1112.366199,       0.000000,       0.000000,      -0.000032,       0.000000
58,   0.787000,   -1209.527612,   -1112.314463,   -1209.525585,   -1112.366199,       0.000000,       0.000000,      -0.000032,       0.000000
59,   0.788000,   -1209.527612,   -1112.314463,   -1209.525585,   -1112.366199,       0.000000,       0.000000,       0.000000,       0.000000
60,   0.796000,   -1209.527612,   -1112.314463,   -1209.525585,   -1112.366199,       0.000000,       0.000000,       0.000000,       0.000000
61,   0.797000,   -1209.527612,   -1112.314463,   -1209.525585,   -1112.366319,       0.000000,       0.000000,       0.000032,       0.000000
62,   0.798000,   -1209.527612,   -1112.314463,   -1209.525585,   -1112.366319,       0.000000,       0.000000,       0.000032,       0.000000
63,   0.799000,   -1209.527612,   -1112.314463,   -1209.525585,   -1112.366199,       0.000000,       0.000000,       0.000000,       0.000000
64,   0.800000,   -1209.527612,   -1112.314463,   -1209.525585,   -1112.366199,       0.000000,       0.000000,       0.000000,       0.000000
65,   0.801000,   -1209.527612,   -1112.314463,   -1209.525585,   -1112.366319,       0.000000,       0.000000,       0.000032,       0.000000
66,   0.802000,   -1209.527612,   -1112.314463,   -1209.525585,   -1112.366319,       0.000000,       0.000000,       0.000032,       0.000000
67,   0.803000,   -1209.527612,   -1112.314463,   -1209.525585,   -1112.366199,       0.000000,       0.000000,       0.000000,       0.000000
68,   0.804000,   -1209.527612,   -1112.314463,   -1209.525585,   -1112.366319,       0.000000,       0.000000,       0.000032,       0.000000
69,   0.805000,   -1209.527612,   -1112.314463,   -1209.525585,   -1112.366199,       0.000000,       0.000000,       0.000000,       0.000000
70,   0.815000,   -1209.527612,   -1112.314463,   -1209.525585,   -1112.366199,       0.000000,       0.000000,       0.000000,       0.000000
71,   0.816000,   -1209.527612,   -1112.314463,   -1209.525585,   -1112.366199,       0.000000,       0.000000,      -0.000032,       0.000000
72,   0.818000,   -1209.527612,   -1112.314463,   -1209.525585,   -1112.366199,       0.000000,       0.000000,      -0.000032,       0.000000
73,   0.819000,   -1209.527612,   -1112.314463,   -1209.525466,   -1112.366199,       0.000000,       0.000000,      -0.000032,       0.000000
74,   0.820000,   -1209.527612,   -1112.314463,   -1209.525585,   -1112.366199,       0.000000,       0.000000,      -0.000032,       0.000000
75,   0.826000,   -1209.527612,   -1112.314463,   -1209.525585,   -1112.366199,       0.000000,       0.000000,      -0.000032,       0.000000
76,   0.827000,   -1209.527612,   -1112.314463,   -1209.525585,   -1112.366199,       0.000000,       0.000000,       0.000000,       0.000000
77,   0.835000,   -1209.527612,   -1112.314463,   -1209.525585,   -1112.366199,       0.000000,       0.000000,       0.000000,       0.000000
78,   0.836000,   -1209.527612,   -1112.314463,   -1209.525585,   -1112.366319,       0.000000,       0.000000,       0.000032,       0.000000
79,   0.844000,   -1209.527612,   -1112.314463,   -1209.525585,   -1112.366319,       0.000000,       0.000000,       0.000032,       0.000000
80,   0.845000,   -1209.527612,   -1112.314463,   -1209.525585,   -1112.366199,       0.000000,       0.000000,       0.000000,       0.000000
81,   0.853000,   -1209.527612,   -1112.314463,   -1209.525585,   -1112.366199,       0.000000,       0.000000,       0.000000,       0.000000
82,   0.854000,   -1209.527612,   -1112.314463,   -1209.525585,   -1112.366199,       0.000000,       0.000000,      -0.000032,       0.000000
83,   0.865000,   -1209.527612,   -1112.314463,   -1209.525585,   -1112.366199,       0.000000,       0.000000,      -0.000032,       0.000000
84,   0.866000,   -1209.527612,   -1112.314463,   -1209.525585,   -1112.366199,       0.000000,       0.000000,       0.000000,       0.000000
85,   0.999000,   -1209.527612,   -1112.314463,   -1209.525585,   -1112.366199,       0.000000,       0.000000,       0.000000,       0.000000
86,   1.000000,   -1209.527612,   -1112.314463,   -1209.525585,   -1112.366199,       0.000000,       0.000000,       0.000000,       0.000000
87,   1.018000,   -1209.527612,   -1112.314463,   -1209.525585,   -1112.366199,       0.000000,       0.000000,       0.000000,       0.000000
88,   1.019000,   -1209.527612,   -1112.314463,   -1209.525585,   -1112.366199,       0.000000,       0.000000,      -0.000032,       0.000000
89,   1.020000,   -1209.527612,   -1112.314463,   -1209.525585,   -1112.366199,       0.000000,       0.000000,       0.000000,       0.000000
90,   1.021000,   -1209.527612,   -1112.314463,   -1209.525585,   -1112.366199,       0.000000,       0.000000,      -0.000032,       0.000000
91,   1.023000,   -1209.527612,   -1112.314463,   -1209.525585,   -1112.366199,       0.000000,       0.000000,      -0.000032,       0.000000
92,   1.024000,   -1209.527612,   -1112.314463,   -1209.525585,   -1112.366199,       0.000000,       0.000000,       0.000000,       0.000000
93,   1.025000,   -1209.527612,   -1112.314463,   -1209.525585,   -1112.366199,       0.000000,       0.000000,      -0.000032,       0.000000
94,   1.029000,   -1209.527612,   -1112.314463,   -1209.525585,   -1112.366199,       0.000000,       0.000000,      -0.000032,       0.000000
95,   1.030000,   -1209.527612,   -1112.314463,   -1209.525585,   -1112.366199,       0.000000,       0.000000,       0.000000,       0.000000
96,   1.094000,   -1209.527612,   -1112.314463,   -1209.525585,   -1112.366199,       0.000000,       0.000000,       0.000000,       0.000000
97,   1.095000,   -1209.527612,   -1112.314463,   -1209.525585,   -1112.366199,       0.000000,       0.000000,      -0.000032,       0.000000
98,   1.096000,   -1209.527612,   -1112.314463,   -1209.525585,   -1112.366199,       0.000000,       0.000000,       0.000000,       0.000000
99,   1.183000,   -1209.527612,   -1112.314463,   -1209.525585,   -1112.366199,       0.000000,       0.000000,       0.000000,       0.000000
100,   1.184000,   -1209.527612,   -1112.314463,   -1209.525466,   -1112.366199,       0.000000,       0.000000,       0.000000,       0.000000
101,   1.185000,   -1209.527612,   -1112.314463,   -1209.525585,   -1112.366199,       0.000000,       0.000000,       0.000000,       0.000000
102,   1.520000,   -1209.527612,   -1112.314463,   -1209.525585,   -1112.366199,       0.000000,       0.000000,       0.000000,       0.000000
103,   1.521000,   -1209.527612,   -1112.314463,   -1209.525466,   -1112.366199,       0.000000,       0.000000,       0.000000,       0.000000
104,   1.522000,   -1209.527612,   -1112.314463,   -1209.525585,   -1112.366199,       0.000000,       0.000000,       0.000000,       0.000000
105,   1.631000,   -1209.527612,   -1112.314463,   -1209.525585,   -1112.366199,       0.000000,       0.000000,       0.000000,       0.000000
106,   1.632000,   -1209.527612,   -1112.314463,   -1209.525585,   -1112.366199,       0.000000,       0.000000,      -0.000032,       0.000000
107,   1.633000,   -1209.527612,   -1112.314463,   -1209.525585,   -1112.366199,       0.000000,       0.000000,       0.000000,       0.000000
108,   1.668000,   -1209.527612,   -1112.314463,   -1209.525585,   -1112.366199,       0.000000,       0.000000,       0.000000,       0.000000
109,   1.669000,   -1209.527612,   -1112.314463,   -1209.525585,   -1112.366199,       0.000000,       0.000000,      -0.000032,       0.000000
110,   1.670000,   -1209.527612,   -1112.314463,   -1209.525585,   -1112.366199,       0.000000,       0.000000,      -0.000032,       0.000000
111,   1.671000,   -1209.527612,   -1112.314463,   -1209.525585,   -1112.366199,       0.000000,       0.000000,       0.000000,       0.000000
112,   1.720000,   -1209.527612,   -1112.314463,   -1209.525585,   -1112.366199,       0.000000,       0.000000,       0.000000,       0.000000
113,   1.721000,   -1209.527612,   -1112.314463,   -1209.525585,   -1112.366319,       0.000000,       0.000000,       0.000032,       0.000000
114,   1.722000,   -1209.527612,   -1112.314463,   -1209.525585,   -1112.366199,       0.000000,       0.000000,       0.000000,       0.000000
115,   1.741000,   -1209.527612,   -1112.314463,   -1209.525585,   -1112.366199,       0.000000,       0.000000,       0.000000,       0.000000
116,   1.742000,   -1209.527612,   -1112.314463,   -1209.525585,   -1112.366199,       0.000000,       0.000000,      -0.000032,       0.000000
117,   1.743000,   -1209.527612,   -1112.314463,   -1209.525585,   -1112.366199,       0.000000,       0.000000,       0.000000,       0.000000
118,   1.744000,   -1209.527612,   -1112.314463,   -1209.525585,   -1112.366199,       0.000000,       0.000000,      -0.000032,       0.000000
119,   1.745000,   -1209.527612,   -1112.314463,   -1209.525585,   -1112.366199,       0.000000,       0.000000,       0.000000,       0.000000
120,   1.779000,   -1209.527612,   -1112.314463,   -1209.525585,   -1112.366199,       0.000000,       0.000000,       0.000000,       0.000000
121,   1.780000,   -1209.527612,   -1112.314463,   -1209.525585,   -1112.366199,       0.000000,       0.000000,      -0.000032,       0.000000
122,   1.781000,   -1209.527612,   -1112.314463,   -1209.525585,   -1112.366199,       0.000000,       0.000000,       0.000000,       0.000000
123,   1.801000,   -1209.527612,   -1112.314463,   -1209.525585,   -1112.366199,       0.000000,       0.000000,       0.000000,       0.000000
124,   1.802000,   -1209.527612,   -1112.314463,   -1209.525466,   -1112.366199,       0.000000,       0.000000,       0.000000,       0.000000
125,   1.803000,   -1209.527612,   -1112.314463,   -1209.525585,   -1112.366199,       0.000000,       0.000000,       0.000000,       0.000000
126,   1.999000,   -1209.527612,   -1112.314463,   -1209.525585,   -1112.366199,       0.000000,       0.000000,       0.000000,       0.000000
127,   2.000000,   -1209.527612,   -1112.314463,   -1209.525585,   -1112.366199,       0.000000,       0.000000,       0.000000,       0.000000
128,   2.124000,   -1209.527612,   -1112.314463,   -1209.525585,   -1112.366199,       0.000000,       0.000000,       0.000000,       0.000000
129,   2.125000,   -1209.527612,   -1112.314463,   -1209.525466,   -1112.366199,       0.000000,       0.000000,       0.000000,       0.000000
130,   2.126000,   -1209.527612,   -1112.314463,   -1209.525585,   -1112.366199,       0.000000,       0.000000,       0.000000,       0.000000
131,   2.336000,   -1209.527612,   -1112.314463,   -1209.525585,   -1112.366199,       0.000000,       0.000000,       0.000000,       0.000000
132,   2.337000,   -1209.527612,   -1112.314463,   -1209.525585,   -1112.366319,       0.000000,       0.000000,       0.000032,       0.000000
133,   2.358000,   -1209.527612,   -1112.314463,   -1209.525585,   -1112.366319,       0.000000,       0.000000,       0.000032,       0.000000
134,   2.359000,   -1209.527612,   -1112.314463,   -1209.525585,   -1112.366199,       0.000000,       0.000000,       0.000000,       0.000000
135,   2.392000,   -1209.527612,   -1112.314463,   -1209.525585,   -1112.366199,       0.000000,       0.000000,       0.000000,       0.000000
136,   2.393000,   -1209.527612,   -1112.314463,   -1209.525585,   -1112.366199,       0.000000,       0.000000,      -0.000032,       0.000000
137,   2.398000,   -1209.527612,   -1112.314463,   -1209.525585,   -1112.366199,       0.000000,       0.000000,      -0.000032,       0.000000
138,   2.399000,   -1209.527612,   -1112.314463,   -1209.525466,   -1112.366199,       0.000000,       0.000000,      -0.000032,       0.000000
139,   2.400000,   -1209.527612,   -1112.314463,   -1209.525585,   -1112.366199,       0.000000,       0.000000,      -0.000032,       0.000000
140,   2.401000,   -1209.527612,   -1112.314463,   -1209.525585,   -1112.366199,       0.000000,       0.000000,      -0.000032,       0.000000
141,   2.402000,   -1209.527612,   -1112.314463,   -1209.525466,   -1112.366199,       0.000000,       0.000000,      -0.000032,       0.000000
142,   2.403000,   -1209.527612,   -1112.314463,   -1209.525466,   -1112.366199,       0.000000,       0.000000,      -0.000032,       0.000000
143,   2.404000,   -1209.527612,   -1112.314463,   -1209.525585,   -1112.366199,       0.000000,       0.000000,      -0.000032,       0.000000
144,   2.405000,   -1209.527612,   -1112.314463,   -1209.525585,   -1112.366199,       0.000000,       0.000000,      -0.000032,       0.000000
145,   2.406000,   -1209.527612,   -1112.314463,   -1209.525466,   -1112.366199,       0.000000,       0.000000,      -0.000032,       0.000000
146,   2.407000,   -1209.527612,   -1112.314463,   -1209.525585,   -1112.366199,       0.000000,       0.000000,      -0.000032,       0.000000
147,   2.417000,   -1209.527612,   -1112.314463,   -1209.525585,   -1112.366199,       0.000000,       0.000000,      -0.000032,       0.000000
148,   2.418000,   -1209.527612,   -1112.314463,   -1209.525585,   -1112.366199,       0.000000,       0.000000,       0.000000,       0.000000
149,   2.432000,   -1209.527612,   -1112.314463,   -1209.525585,   -1112.366199,       0.000000,       0.000000,       0.000000,       0.000000
150,   2.433000,   -1209.527612,   -1112.314463,   -1209.525585,   -1112.366199,       0.000000,       0.000000,      -0.000032,       0.000000
151,   2.440000,   -1209.527612,   -1112.314463,   -1209.525585,   -1112.366199,       0.000000,       0.000000,      -0.000032,       0.000000
152,   2.441000,   -1209.527612,   -1112.314463,   -1209.525466,   -1112.366199,       0.000000,       0.000000,      -0.000032,       0.000000
153,   2.442000,   -1209.527612,   -1112.314463,   -1209.525585,   -1112.366199,       0.000000,       0.000000,      -0.000032,       0.000000
154,   2.454000,   -1209.527612,   -1112.314463,   -1209.525585,   -1112.366199,       0.000000,       0.000000,      -0.000032,       0.000000
155,   2.455000,   -1209.527612,   -1112.314463,   -1209.525585,   -1112.366199,       0.000000,       0.000000,       0.000000,       0.000000
156,   2.456000,   -1209.527612,   -1112.314463,   -1209.525585,   -1112.366199,       0.000000,       0.000000,      -0.000032,       0.000000
157,   2.460000,   -1209.527612,   -1112.314463,   -1209.525585,   -1112.366199,       0.000000,       0.000000,      -0.000032,       0.000000
158,   2.461000,   -1209.527612,   -1112.314463,   -1209.525585,   -1112.366199,       0.000000,       0.000000,       0.000000,       0.000000
159,   2.462000,   -1209.527612,   -1112.314463,   -1209.525585,   -1112.366199,       0.000000,       0.000000,       0.000000,       0.000000
160,   2.463000,   -1209.527612,   -1112.314463,   -1209.525585,   -1112.366199,       0.000000,       0.000000,      -0.000032,       0.000000
161,   2.464000,   -1209.527612,   -1112.314463,   -1209.525585,   -1112.366199,       0.000000,       0.000000,       0.000000,       0.000000
162,   2.471000,   -1209.527612,   -1112.314463,   -1209.525585,   -1112.366199,       0.000000,       0.000000,       0.000000,       0.000000
163,   2.472000,   -1209.527612,   -1112.314463,   -1209.525585,   -1112.366319,       0.000000,       0.000000,       0.000032,       0.000000
164,   2.475000,   -1209.527612,   -1112.314463,   -1209.525585,   -1112.366319,       0.000000,       0.000000,       0.000032,       0.000000
165,   2.476000,   -1209.527612,   -1112.314463,   -1209.525585,   -1112.366199,       0.000000,       0.000000,       0.000000,       0.000000
166,   2.477000,   -1209.527612,   -1112.314463,   -1209.525585,   -1112.366199,       0.000000,       0.000000,       0.000000,       0.000000
167,   2.478000,   -1209.527612,   -1112.314463,   -1209.525585,   -1112.366319,       0.000000,       0.000000,       0.000032,       0.000000
168,   2.494000,   -1209.527612,   -1112.314463,   -1209.525585,   -1112.366319,       0.000000,       0.000000,       0.000032,       0.000000
169,   2.495000,   -1209.527612,   -1112.314463,   -1209.525585,   -1112.366199,       0.000000,       0.000000,       0.000000,       0.000000
170,   2.532000,   -1209.527612,   -1112.314463,   -1209.525585,   -1112.366199,       0.000000,       0.000000,       0.000000,       0.000000
171,   2.533000,   -1209.527612,   -1112.314463,   -1209.525585,   -1112.366199,       0.000000,       0.000000,      -0.000032,       0.000000
172,   2.534000,   -1209.527612,   -1112.314463,   -1209.525585,   -1112.366199,       0.000000,       0.000000,       0.000000,       0.000000
173,   2.551000,   -1209.527612,   -1112.314463,   -1209.525585,   -1112.366199,       0.000000,       0.000000,       0.000000,       0.000000
174,   2.552000,   -1209.527612,   -1112.314463,   -1209.525585,   -1112.366319,       0.000000,       0.000000,       0.000032,       0.000000
175,   2.553000,   -1209.527612,   -1112.314463,   -1209.525585,   -1112.366199,       0.000000,       0.000000,       0.000000,       0.000000
176,   2.554000,   -1209.527612,   -1112.314463,   -1209.525585,   -1112.366199,       0.000000,       0.000000,       0.000000,       0.000000
177,   2.555000,   -1209.527612,   -1112.314463,   -1209.525585,   -1112.366319,       0.000000,       0.000000,       0.000032,       0.000000
178,   2.577000,   -1209.527612,   -1112.314463,   -1209.525585,   -1112.366319,       0.000000,       0.000000,       0.000032,       0.000000
179,   2.578000,   -1209.527612,   -1112.314463,   -1209.525585,   -1112.366319,       0.000000,       0.000000,       0.000064,       0.000000
180,   2.579000,   -1209.527612,   -1112.314463,   -1209.525585,   -1112.366319,       0.000000,       0.000000,       0.000032,       0.000000
181,   2.613000,   -1209.527612,   -1112.314463,   -1209.525585,   -1112.366319,       0.000000,       0.000000,       0.000032,       0.000000
182,   2.614000,   -1209.527612,   -1112.314343,   -1209.525585,   -1112.366319,       0.000000,       0.000000,       0.000032,       0.000000
183,   2.615000,   -1209.527612,   -1112.314105,   -1209.525585,   -1112.366319,       0.000000,       0.000000,       0.000032,       0.000000
184,   2.616000,   -1209.527612,   -1112.313628,   -1209.525585,   -1112.366319,       0.000000,       0.000000,       0.000032,       0.000000
185,   2.617000,   -1209.527612,   -1112.313032,   -1209.525585,   -1112.366319,       0.000000,       0.000000,       0.000032,       0.000000
186,   2.618000,   -1209.527612,   -1112.312198,   -1209.525585,   -1112.366319,       0.000000,       0.000000,       0.000064,       0.000000
187,   2.619000,   -1209.527612,   -1112.311125,   -1209.525585,   -1112.366319,       0.000000,       0.000000,       0.000064,       0.000000
188,   2.620000,   -1209.527612,   -1112.309694,   -1209.525585,   -1112.366319,       0.000000,       0.000000,       0.000095,       0.000000
189,   2.621000,   -1209.527612,   -1112.307787,   -1209.525585,   -1112.366319,       0.000000,       0.000000,       0.000095,       0.000000
190,   2.622000,   -1209.527612,   -1112.305641,   -1209.525585,   -1112.366199,       0.000000,       0.000000,       0.000127,       0.000000
191,   2.623000,   -1209.527612,   -1112.303019,   -1209.525585,   -1112.366319,       0.000000,       0.000000,       0.000223,       0.000000
192,   2.624000,   -1209.527612,   -1112.299800,   -1209.525585,   -1112.366319,       0.000000,       0.000000,       0.000350,       0.000000
193,   2.625000,   -1209.527612,   -1112.296224,   -1209.525585,   -1112.366199,       0.000000,       0.000000,       0.000477,       0.000000
194,   2.626000,   -1209.527612,   -1112.292051,   -1209.525585,   -1112.366199,       0.000000,       0.000000,       0.000699,       0.000000
195,   2.627000,   -1209.527612,   -1112.287164,   -1209.525585,   -1112.366199,       0.000000,       0.000000,       0.001017,       0.000000
196,   2.628000,   -1209.527612,   -1112.281799,   -1209.525585,   -1112.366080,       0.000000,       0.000000,       0.001399,       0.000000
197,   2.629000,   -1209.527612,   -1112.275600,   -1209.525585,   -1112.365961,       0.000000,       0.000000,       0.001876,       0.000000
198,   2.630000,   -1209.527612,   -1112.268806,   -1209.525585,   -1112.365842,       0.000000,       0.000000,       0.002511,       0.000000
199,   2.631000,   -1209.527612,   -1112.261176,   -1209.525585,   -1112.365723,       0.000000,       0.000000,       0.003306,       0.000000
200,   2.632000,   -1209.527612,   -1112.252712,   -1209.525585,   -1112.365365,       0.000000,       0.000000,       0.004228,       0.000000
201,   2.633000,   -1209.527612,   -1112.243533,   -1209.525585,   -1112.365127,       0.000000,       0.000000,       0.005373,       0.000000
202,   2.634000,   -1209.527612,   -1112.233400,   -1209.525585,   -1112.364650,       0.000000,       0.000000,       0.006740,       0.000000
203,   2.635000,   -1209.527612,   -1112.222314,   -1209.525585,   -1112.364054,       0.000000,       0.000000,       0.008234,       0.000000
204,   2.636000,   -1209.527612,   -1112.210274,   -1209.525585,   -1112.363338,       0.000000,       0.000000,       0.010014,       0.000000
205,   2.637000,   -1209.527612,   -1112.197280,   -1209.525585,   -1112.362504,       0.000000,       0.000000,       0.012017,       0.000000
206,   2.638000,   -1209.527612,   -1112.183332,   -1209.525585,   -1112.361312,       0.000000,       0.000000,       0.014274,       0.000000
207,   2.639000,   -1209.527612,   -1112.168193,   -1209.525585,   -1112.360001,       0.000000,       0.000000,       0.016754,       0.000000
208,   2.640000,   -1209.527612,   -1112.151861,   -1209.525585,   -1112.358212,       0.000000,       0.000000,       0.019456,       0.000000
209,   2.641000,   -1209.527612,   -1112.134457,   -1209.525585,   -1112.356186,       0.000000,       0.000000,       0.022381,       0.000000
210,   2.642000,   -1209.527612,   -1112.115860,   -1209.525585,   -1112.353683,       0.000000,       0.000000,       0.025496,       0.000000
211,   2.643000,   -1209.527612,   -1112.096071,   -1209.525585,   -1112.350702,       0.000000,       0.000000,       0.028834,       0.000000
212,   2.644000,   -1209.527612,   -1112.074971,   -1209.525585,   -1112.347245,       0.000000,       0.000000,       0.032363,       0.000000
213,   2.645000,   -1209.527612,   -1112.052441,   -1209.525585,   -1112.343192,       0.000000,       0.000000,       0.036019,       0.000000
214,   2.646000,   -1209.527612,   -1112.028718,   -1209.525585,   -1112.338662,       0.000000,       0.000000,       0.039866,       0.000000
215,   2.647000,   -1209.527612,   -1112.003446,   -1209.525585,   -1112.333298,       0.000000,       0.000000,       0.043840,       0.000000
216,   2.648000,   -1209.527612,   -1111.976862,   -1209.525585,   -1112.327218,       0.000000,       0.000000,       0.047941,       0.000000
217,   2.649000,   -1209.527612,   -1111.948729,   -1209.525585,   -1112.320304,       0.000000,       0.000000,       0.052137,       0.000000
218,   2.650000,   -1209.527612,   -1111.919165,   -1209.525585,   -1112.312555,       0.000000,       0.000000,       0.056397,       0.000000
219,   2.651000,   -1209.527612,   -1111.888289,   -1209.525585,   -1112.303853,       0.000000,       0.000000,       0.060689,       0.000000
220,   2.652000,   -1209.527612,   -1111.855984,   -1209.525585,   -1112.294197,       0.000000,       0.000000,       0.065044,       0.000000
221,   2.653000,   -1209.527612,   -1111.822367,   -1209.525585,   -1112.283587,       0.000000,       0.000000,       0.069495,       0.000000
222,   2.654000,   -1209.527612,   -1111.787558,   -1209.525585,   -1112.271905,       0.000000,       0.000000,       0.073978,       0.000000
223,   2.655000,   -1209.527612,   -1111.751556,   -1209.525585,   -1112.259150,       0.000000,       0.000000,       0.078524,       0.000000
224,   2.656000,   -1209.527612,   -1111.714244,   -1209.525585,   -1112.245321,       0.000000,       0.000000,       0.083165,       0.000000
225,   2.657000,   -1209.527612,   -1111.675858,   -1209.525585,   -1112.230301,       0.000000,       0.000000,       0.087839,       0.000000
226,   2.658000,   -1209.527612,   -1111.636281,   -1209.525585,   -1112.214208,       0.000000,       0.000000,       0.092607,       0.000000
227,   2.659000,   -1209.527612,   -1111.595750,   -1209.525585,   -1112.196803,       0.000000,       0.000000,       0.097376,       0.000000
228,   2.660000,   -1209.527612,   -1111.554146,   -1209.525585,   -1112.178206,       0.000000,       0.000000,       0.102176,       0.000000
229,   2.661000,   -1209.527612,   -1111.511588,   -1209.525585,   -1112.158418,       0.000000,       0.000000,       0.107072,       0.000000
230,   2.662000,   -1209.527612,   -1111.467957,   -1209.525585,   -1112.137198,       0.000000,       0.000000,       0.111904,       0.000000
231,   2.663000,   -1209.527612,   -1111.423612,   -1209.525585,   -1112.114668,       0.000000,       0.000000,       0.116737,       0.000000
232,   2.664000,   -1209.527612,   -1111.378193,   -1209.525585,   -1112.090826,       0.000000,       0.000000,       0.121505,       0.000000
233,   2.665000,   -1209.527612,   -1111.332059,   -1209.525585,   -1112.065554,       0.000000,       0.000000,       0.126242,       0.000000
234,   2.666000,   -1209.527612,   -1111.285210,   -1209.525585,   -1112.038970,       0.000000,       0.000000,       0.130852,       0.000000
235,   2.667000,   -1209.527612,   -1111.237526,   -1209.525585,   -1112.010956,       0.000000,       0.000000,       0.135398,       0.000000
236,   2.668000,   -1209.527612,   -1111.189127,   -1209.525585,   -1111.981511,       0.000000,       0.000000,       0.139785,       0.000000
237,   2.669000,   -1209.527612,   -1111.140013,   -1209.525585,   -1111.950755,       0.000000,       0.000000,       0.144013,       0.000000
238,   2.670000,   -1209.527612,   -1111.090422,   -1209.525585,   -1111.918688,       0.000000,       0.000000,       0.148114,       0.000000
239,   2.671000,   -1209.527612,   -1111.040115,   -1209.525585,   -1111.885309,       0.000000,       0.000000,       0.151993,       0.000000
240,   2.672000,   -1209.527612,   -1110.989332,   -1209.525585,   -1111.850500,       0.000000,       0.000000,       0.155712,       0.000000
241,   2.673000,   -1209.527612,   -1110.937953,   -1209.525585,   -1111.814499,       0.000000,       0.000000,       0.159241,       0.000000
242,   2.674000,   -1209.527612,   -1110.886216,   -1209.525585,   -1111.777186,       0.000000,       0.000000,       0.162547,       0.000000
243,   2.675000,   -1209.527612,   -1110.834002,   -1209.525585,   -1111.738563,       0.000000,       0.000000,       0.165536,       0.000000
244,   2.676000,   -1209.527612,   -1110.781431,   -1209.525585,   -1111.698866,       0.000000,       0.000000,       0.168397,       0.000000
245,   2.677000,   -1209.527612,   -1110.728502,   -1209.525585,   -1111.657977,       0.000000,       0.000000,       0.170972,       0.000000
246,   2.678000,   -1209.527612,   -1110.675216,   -1209.525585,   -1111.615896,       0.000000,       0.000000,       0.173325,       0.000000
247,   2.679000,   -1209.527612,   -1110.621691,   -1209.525585,   -1111.572862,       0.000000,       0.000000,       0.175486,       0.000000
248,   2.680000,   -1209.527612,   -1110.567927,   -1209.525585,   -1111.528873,       0.000000,       0.000000,       0.177457,       0.000000
249,   2.681000,   -1209.527612,   -1110.513926,   -1209.525585,   -1111.483812,       0.000000,       0.000000,       0.179206,       0.000000
250,   2.682000,   -1209.527612,   -1110.459924,   -1209.525585,   -1111.437798,       0.000000,       0.000000,       0.180795,       0.000000
251,   2.683000,   -1209.527612,   -1110.405684,   -1209.525585,   -1111.391068,       0.000000,       0.000000,       0.182226,       0.000000
252,   2.684000,   -1209.527612,   -1110.351443,   -1209.525585,   -1111.343503,       0.000000,       0.000000,       0.183529,       0.000000
253,   2.685000,   -1209.527612,   -1110.297203,   -1209.525585,   -1111.295223,       0.000000,       0.000000,       0.184674,       0.000000
254,   2.686000,   -1209.527612,   -1110.242844,   -1209.525585,   -1111.246109,       0.000000,       0.000000,       0.185691,       0.000000
255,   2.687000,   -1209.527612,   -1110.188723,   -1209.525585,   -1111.196399,       0.000000,       0.000000,       0.186550,       0.000000
256,   2.688000,   -1209.527612,   -1110.134482,   -1209.525585,   -1111.146092,       0.000000,       0.000000,       0.187185,       0.000000
257,   2.689000,   -1209.527612,   -1110.080600,   -1209.525585,   -1111.095071,       0.000000,       0.000000,       0.187662,       0.000000
258,   2.690000,   -1209.527612,   -1110.026717,   -1209.525585,   -1111.043453,       0.000000,       0.000000,       0.188044,       0.000000
259,   2.691000,   -1209.527612,   -1109.973073,   -1209.525585,   -1110.991359,       0.000000,       0.000000,       0.188203,       0.000000
260,   2.692000,   -1209.527612,   -1109.919786,   -1209.525585,   -1110.938787,       0.000000,       0.000000,       0.188235,       0.000000
261,   2.693000,   -1209.527612,   -1109.866738,   -1209.525585,   -1110.885859,       0.000000,       0.000000,       0.188139,       0.000000
262,   2.694000,   -1209.527612,   -1109.813929,   -1209.525585,   -1110.832572,       0.000000,       0.000000,       0.187948,       0.000000
263,   2.695000,   -1209.527612,   -1109.761596,   -1209.525585,   -1110.778809,       0.000000,       0.000000,       0.187631,       0.000000
264,   2.696000,   -1209.527612,   -1109.709620,   -1209.525585,   -1110.724926,       0.000000,       0.000000,       0.187249,       0.000000
265,   2.697000,   -1209.527612,   -1109.658122,   -1209.525585,   -1110.670805,       0.000000,       0.000000,       0.186709,       0.000000
266,   2.698000,   -1209.527612,   -1109.607220,   -1209.525585,   -1110.616565,       0.000000,       0.000000,       0.186136,       0.000000
267,   2.699000,   -1209.527612,   -1109.556675,   -1209.525585,   -1110.561967,       0.000000,       0.000000,       0.185373,       0.000000
268,   2.700000,   -1209.527612,   -1109.506845,   -1209.525585,   -1110.507369,       0.000000,       0.000000,       0.184515,       0.000000
269,   2.701000,   -1209.527612,   -1109.457493,   -1209.525585,   -1110.452652,       0.000000,       0.000000,       0.183498,       0.000000
270,   2.702000,   -1209.527612,   -1109.408855,   -1209.525585,   -1110.397816,       0.000000,       0.000000,       0.182385,       0.000000
271,   2.703000,   -1209.527612,   -1109.360933,   -1209.525585,   -1110.343099,       0.000000,       0.000000,       0.181209,       0.000000
272,   2.704000,   -1209.527612,   -1109.313726,   -1209.525585,   -1110.288382,       0.000000,       0.000000,       0.179874,       0.000000
273,   2.705000,   -1209.527612,   -1109.267354,   -1209.525466,   -1110.233784,       0.000000,       0.000000,       0.178475,       0.000000
274,   2.706000,   -1209.527612,   -1109.221697,   -1209.525585,   -1110.179305,       0.000000,       0.000000,       0.177044,       0.000000
275,   2.707000,   -1209.527612,   -1109.176993,   -1209.525466,   -1110.125065,       0.000000,       0.000000,       0.175455,       0.000000
276,   2.708000,   -1209.527612,   -1109.133124,   -1209.525466,   -1110.071063,       0.000000,       0.000000,       0.173833,       0.000000
277,   2.709000,   -1209.527612,   -1109.090090,   -1209.525466,   -1110.017300,       0.000000,       0.000000,       0.172117,       0.000000
278,   2.710000,   -1209.527612,   -1109.048128,   -1209.525466,   -1109.963775,       0.000000,       0.000000,       0.170273,       0.000000
279,   2.711000,   -1209.527612,   -1109.007239,   -1209.525466,   -1109.910607,       0.000000,       0.000000,       0.168302,       0.000000
280,   2.712000,   -1209.527612,   -1108.967304,   -1209.525466,   -1109.857798,       0.000000,       0.000000,       0.166235,       0.000000
281,   2.713000,   -1209.527612,   -1108.928442,   -1209.525466,   -1109.805346,       0.000000,       0.000000,       0.164010,       0.000000
282,   2.714000,   -1209.527612,   -1108.890772,   -1209.525466,   -1109.753370,       0.000000,       0.000000,       0.161721,       0.000000
283,   2.715000,   -1209.527612,   -1108.854294,   -1209.525466,   -1109.701991,       0.000000,       0.000000,       0.159368,       0.000000
284,   2.716000,   -1209.527612,   -1108.819008,   -1209.525466,   -1109.651089,       0.000000,       0.000000,       0.156920,       0.000000
285,   2.717000,   -1209.527612,   -1108.785033,   -1209.525466,   -1109.600782,       0.000000,       0.000000,       0.154409,       0.000000
286,   2.718000,   -1209.527612,   -1108.752251,   -1209.525466,   -1109.551072,       0.000000,       0.000000,       0.151770,       0.000000
287,   2.719000,   -1209.527612,   -1108.720779,   -1209.525466,   -1109.502077,       0.000000,       0.000000,       0.149036,       0.000000
288,   2.720000,   -1209.527612,   -1108.690858,   -1209.525466,   -1109.453678,       0.000000,       0.000000,       0.146207,       0.000000
289,   2.721000,   -1209.527612,   -1108.662128,   -1209.525466,   -1109.406114,       0.000000,       0.000000,       0.143250,       0.000000
290,   2.722000,   -1209.527612,   -1108.634949,   -1209.525466,   -1109.359145,       0.000000,       0.000000,       0.140135,       0.000000
291,   2.723000,   -1209.527612,   -1108.609319,   -1209.525466,   -1109.313011,       0.000000,       0.000000,       0.136892,       0.000000
292,   2.724000,   -1209.527612,   -1108.585000,   -1209.525466,   -1109.267831,       0.000000,       0.000000,       0.133618,       0.000000
293,   2.725000,   -1209.527612,   -1108.561993,   -1209.525466,   -1109.223366,       0.000000,       0.000000,       0.130152,       0.000000
294,   2.726000,   -1209.527612,   -1108.540416,   -1209.525466,   -1109.179974,       0.000000,       0.000000,       0.126655,       0.000000
295,   2.727000,   -1209.527612,   -1108.520150,   -1209.525466,   -1109.137416,       0.000000,       0.000000,       0.122999,       0.000000
296,   2.728000,   -1209.527612,   -1108.501077,   -1209.525466,   -1109.096050,       0.000000,       0.000000,       0.119280,       0.000000
297,   2.729000,   -1209.527612,   -1108.483195,   -1209.525466,   -1109.055638,       0.000000,       0.000000,       0.115465,       0.000000
298,   2.730000,   -1209.527612,   -1108.466625,   -1209.525466,   -1109.016299,       0.000000,       0.000000,       0.111586,       0.000000
299,   2.731000,   -1209.527612,   -1108.451009,   -1209.525466,   -1108.978152,       0.000000,       0.000000,       0.107644,       0.000000
300,   2.732000,   -1209.527612,   -1108.436584,   -1209.525466,   -1108.941078,       0.000038,       0.000000,       0.103575,       0.000000
301,   2.733000,   -1209.527612,   -1108.423233,   -1209.525466,   -1108.905196,       0.000000,       0.000000,       0.099379,       0.000000
302,   2.734000,   -1209.527612,   -1108.410835,   -1209.525466,   -1108.870625,       0.000000,       0.000000,       0.095182,       0.000000
303,   2.735000,   -1209.527612,   -1108.399510,   -1209.525466,   -1108.837128,       0.000000,       0.000000,       0.090795,       0.000000
304,   2.736000,   -1209.527612,   -1108.389020,   -1209.525466,   -1108.804941,       0.000000,       0.000000,       0.086440,       0.000000
305,   2.737000,   -1209.527612,   -1108.379483,   -1209.525466,   -1108.774066,       0.000000,       0.000000,       0.082021,       0.000000
306,   2.738000,   -1209.527612,   -1108.370781,   -1209.525466,   -1108.744383,       0.000000,       0.000000,       0.077570,       0.000000
307,   2.739000,   -1209.527612,   -1108.362913,   -1209.525466,   -1108.716249,       0.000000,       0.000000,       0.073310,       0.000000
308,   2.740000,   -1209.527612,   -1108.355761,   -1209.525466,   -1108.689427,       0.000038,       0.000000,       0.069018,       0.000000
309,   2.741000,   -1209.527612,   -1108.349442,   -1209.525466,   -1108.663917,       0.000038,       0.000000,       0.064854,       0.000000
310,   2.742000,   -1209.527612,   -1108.343720,   -1209.525466,   -1108.639836,       0.000038,       0.000000,       0.060880,       0.000000
311,   2.743000,   -1209.527612,   -1108.338714,   -1209.525466,   -1108.617067,       0.000000,       0.000000,       0.057001,       0.000000
312,   2.744000,   -1209.527612,   -1108.334303,   -1209.525466,   -1108.595729,       0.000038,       0.000000,       0.053314,       0.000000
313,   2.745000,   -1209.527612,   -1108.330369,   -1209.525466,   -1108.575583,       0.000038,       0.000000,       0.049817,       0.000000
314,   2.746000,   -1209.527612,   -1108.327150,   -1209.525466,   -1108.556867,       0.000038,       0.000000,       0.046447,       0.000000
315,   2.747000,   -1209.527612,   -1108.324289,   -1209.525466,   -1108.539343,       0.000038,       0.000000,       0.043363,       0.000000
316,   2.748000,   -1209.527612,   -1108.321905,   -1209.525466,   -1108.523130,       0.000038,       0.000000,       0.040438,       0.000000
317,   2.749000,   -1209.527612,   -1108.319998,   -1209.525466,   -1108.507991,       0.000038,       0.000000,       0.037672,       0.000000
318,   2.750000,   -1209.527612,   -1108.318448,   -1209.525466,   -1108.494043,       0.000038,       0.000000,       0.035097,       0.000000
319,   2.751000,   -1209.527612,   -1108.317137,   -1209.525466,   -1108.481288,       0.000038,       0.000000,       0.032808,       0.000000
320,   2.752000,   -1209.527612,   -1108.316183,   -1209.525466,   -1108.469486,       0.000038,       0.000000,       0.030583,       0.000000
321,   2.753000,   -1209.527612,   -1108.315468,   -1209.525466,   -1108.458757,       0.000038,       0.000000,       0.028644,       0.000000
322,   2.754000,   -1209.527612,   -1108.315110,   -1209.525466,   -1108.448982,       0.000038,       0.000000,       0.026895,       0.000000
323,   2.755000,   -1209.527612,   -1108.314753,   -1209.525466,   -1108.440161,       0.000038,       0.000000,       0.025306,       0.000000
324,   2.756000,   -1209.527612,   -1108.314514,   -1209.525466,   -1108.432174,       0.000038,       0.000000,       0.023843,       0.000000
325,   2.757000,   -1209.527612,   -1108.314514,   -1209.525466,   -1108.425021,       0.000000,       0.000000,       0.022572,       0.000000
326,   2.758000,   -1209.527612,   -1108.314514,   -1209.525466,   -1108.418584,       0.000000,       0.000000,       0.021364,       0.000000
327,   2.759000,   -1209.527612,   -1108.314514,   -1209.525466,   -1108.413100,       0.000000,       0.000000,       0.020410,       0.000000
328,   2.760000,   -1209.527612,   -1108.314514,   -1209.525466,   -1108.408213,       0.000000,       0.000000,       0.019615,       0.000000
329,   2.761000,   -1209.527612,   -1108.314514,   -1209.525466,   -1108.403802,       0.000000,       0.000000,       0.018820,       0.000000
330,   2.762000,   -1209.527612,   -1108.314514,   -1209.525466,   -1108.400226,       0.000000,       0.000000,       0.018312,       0.000000
331,   2.763000,   -1209.527612,   -1108.314514,   -1209.525466,   -1108.397126,       0.000000,       0.000000,       0.017835,       0.000000
332,   2.764000,   -1209.527612,   -1108.314514,   -1209.525466,   -1108.394623,       0.000000,       0.000000,       0.017517,       0.000000
333,   2.765000,   -1209.527612,   -1108.314514,   -1209.525466,   -1108.392477,       0.000000,       0.000000,       0.017358,       0.000000
334,   2.766000,   -1209.527612,   -1108.314514,   -1209.525466,   -1108.390808,       0.000000,       0.000000,       0.017231,       0.000000
335,   2.767000,   -1209.527612,   -1108.314514,   -1209.525466,   -1108.389616,       0.000000,       0.000000,       0.017263,       0.000000
336,   2.768000,   -1209.527612,   -1108.314514,   -1209.525466,   -1108.388662,       0.000000,       0.000000,       0.017358,       0.000000
337,   2.769000,   -1209.527612,   -1108.314514,   -1209.525466,   -1108.387947,       0.000000,       0.000000,       0.017517,       0.000000
338,   2.770000,   -1209.527612,   -1108.314514,   -1209.525466,   -1108.387589,       0.000000,       0.000000,       0.017771,       0.000000
339,   2.771000,   -1209.527612,   -1108.314514,   -1209.525466,   -1108.387351,       0.000000,       0.000000,       0.018089,       0.000000
340,   2.772000,   -1209.527612,   -1108.314514,   -1209.525466,   -1108.387351,       0.000000,       0.000000,       0.018471,       0.000000
341,   2.773000,   -1209.527612,   -1108.314514,   -1209.525585,   -1108.387470,       0.000000,       0.000000,       0.018852,       0.000000
342,   2.774000,   -1209.527612,   -1108.314514,   -1209.525466,   -1108.387589,       0.000000,       0.000000,       0.019234,       0.000000
343,   2.775000,   -1209.527612,   -1108.314514,   -1209.525466,   -1108.387828,       0.000000,       0.000000,       0.019551,       0.000000
344,   2.776000,   -1209.527612,   -1108.314514,   -1209.525585,   -1108.388066,       0.000000,       0.000000,       0.019869,       0.000000
345,   2.777000,   -1209.527612,   -1108.314514,   -1209.525466,   -1108.388186,       0.000000,       0.000000,       0.020124,       0.000000
346,   2.778000,   -1209.527612,   -1108.314514,   -1209.525466,   -1108.388424,       0.000000,       0.000000,       0.020378,       0.000000
347,   2.779000,   -1209.527612,   -1108.314514,   -1209.525585,   -1108.388543,       0.000000,       0.000000,       0.020537,       0.000000
348,   2.780000,   -1209.527612,   -1108.314514,   -1209.525585,   -1108.388782,       0.000000,       0.000000,       0.020696,       0.000000
349,   2.781000,   -1209.527612,   -1108.314514,   -1209.525466,   -1108.388782,       0.000000,       0.000000,       0.020760,       0.000000
350,   2.782000,   -1209.527612,   -1108.314514,   -1209.525466,   -1108.388782,       0.000000,       0.000000,       0.020791,       0.000000
351,   2.783000,   -1209.527612,   -1108.314514,   -1209.525585,   -1108.388901,       0.000000,       0.000000,       0.020823,       0.000000
352,   2.784000,   -1209.527612,   -1108.314514,   -1209.525466,   -1108.388782,       0.000000,       0.000000,       0.020791,       0.000000
353,   2.785000,   -1209.527612,   -1108.314514,   -1209.525466,   -1108.388782,       0.000000,       0.000000,       0.020728,       0.000000
354,   2.786000,   -1209.527612,   -1108.314514,   -1209.525466,   -1108.388662,       0.000000,       0.000000,       0.020664,       0.000000
355,   2.787000,   -1209.527612,   -1108.314514,   -1209.525585,   -1108.388543,       0.000000,       0.000000,       0.020569,       0.000000
356,   2.788000,   -1209.527612,   -1108.314514,   -1209.525466,   -1108.388424,      -0.000038,       0.000000,       0.020442,       0.000000
357,   2.789000,   -1209.527612,   -1108.314514,   -1209.525466,   -1108.388305,      -0.000038,       0.000000,       0.020314,       0.000000
358,   2.790000,   -1209.527612,   -1108.314514,   -1209.525585,   -1108.388186,      -0.000038,       0.000000,       0.020155,       0.000000
359,   2.791000,   -1209.527612,   -1108.314514,   -1209.525585,   -1108.388066,       0.000000,       0.000000,       0.019997,       0.000000
360,   2.792000,   -1209.527612,   -1108.314514,   -1209.525466,   -1108.387828,      -0.000038,       0.000000,       0.019806,       0.000000
361,   2.793000,   -1209.527612,   -1108.314514,   -1209.525585,   -1108.387589,      -0.000038,       0.000000,       0.019615,       0.000000
362,   2.794000,   -1209.527612,   -1108.314514,   -1209.525585,   -1108.387470,       0.000000,       0.000000,       0.019393,       0.000000
363,   2.795000,   -1209.527612,   -1108.314514,   -1209.525585,   -1108.387232,      -0.000038,       0.000000,       0.019170,       0.000000
364,   2.796000,   -1209.527612,   -1108.314514,   -1209.525466,   -1108.386993,      -0.000038,       0.000000,       0.018916,       0.000000
365,   2.797000,   -1209.527612,   -1108.314514,   -1209.525585,   -1108.386636,      -0.000038,       0.000000,       0.018630,       0.000000
366,   2.798000,   -1209.527612,   -1108.314514,   -1209.525585,   -1108.386397,      -0.000038,       0.000000,       0.018312,       0.000000
367,   2.799000,   -1209.527612,   -1108.314514,   -1209.525585,   -1108.386040,      -0.000038,       0.000000,       0.017962,       0.000000
368,   2.800000,   -1209.527612,   -1108.314514,   -1209.525585,   -1108.385563,      -0.000038,       0.000000,       0.017580,       0.000000
369,   2.801000,   -1209.527612,   -1108.314514,   -1209.525585,   -1108.385205,      -0.000038,       0.000000,       0.017199,       0.000000
370,   2.802000,   -1209.527612,   -1108.314514,   -1209.525585,   -1108.384728,      -0.000038,       0.000000,       0.016754,       0.000000
371,   2.803000,   -1209.527612,   -1108.314514,   -1209.525585,   -1108.384252,      -0.000038,       0.000000,       0.016277,       0.000000
372,   2.804000,   -1209.527612,   -1108.314514,   -1209.525585,   -1108.383775,      -0.000038,       0.000000,       0.015800,       0.000000
373,   2.805000,   -1209.527612,   -1108.314514,   -1209.525585,   -1108.383298,      -0.000038,       0.000000,       0.015291,       0.000000
374,   2.806000,   -1209.527612,   -1108.314514,   -1209.525585,   -1108.382821,       0.000000,       0.000000,       0.014751,       0.000000
375,   2.807000,   -1209.527612,   -1108.314514,   -1209.525585,   -1108.382225,      -0.000038,       0.000000,       0.014179,       0.000000
376,   2.808000,   -1209.527612,   -1108.314514,   -1209.525585,   -1108.381629,      -0.000038,       0.000000,       0.013638,       0.000000
377,   2.809000,   -1209.527612,   -1108.314514,   -1209.525585,   -1108.381033,      -0.000038,       0.000000,       0.013034,       0.000000
378,   2.810000,   -1209.527612,   -1108.314514,   -1209.525585,   -1108.380437,      -0.000038,       0.000000,       0.012430,       0.000000
379,   2.811000,   -1209.527612,   -1108.314514,   -1209.525585,   -1108.379841,      -0.000038,       0.000000,       0.011794,       0.000000
380,   2.812000,   -1209.527612,   -1108.314514,   -1209.525585,   -1108.379245,      -0.000038,       0.000000,       0.011190,       0.000000
381,   2.813000,   -1209.527612,   -1108.314514,   -1209.525585,   -1108.378530,      -0.000038,       0.000000,       0.010555,       0.000000
382,   2.814000,   -1209.527612,   -1108.314514,   -1209.525585,   -1108.377934,      -0.000038,       0.000000,       0.009919,       0.000000
383,   2.815000,   -1209.527612,   -1108.314514,   -1209.525585,   -1108.377337,      -0.000038,       0.000000,       0.009283,       0.000000
384,   2.816000,   -1209.527612,   -1108.314514,   -1209.525585,   -1108.376622,      -0.000038,       0.000000,       0.008615,       0.000000
385,   2.817000,   -1209.527612,   -1108.314514,   -1209.525585,   -1108.376026,      -0.000038,       0.000000,       0.008011,       0.000000
386,   2.818000,   -1209.527612,   -1108.314514,   -1209.525585,   -1108.375311,      -0.000038,       0.000000,       0.007344,       0.000000
387,   2.819000,   -1209.527612,   -1108.314514,   -1209.525585,   -1108.374715,      -0.000038,       0.000000,       0.006708,       0.000000
388,   2.820000,   -1209.527612,   -1108.314514,   -1209.525585,   -1108.374119,      -0.000038,       0.000000,       0.006040,       0.000000
389,   2.821000,   -1209.527612,   -1108.314514,   -1209.525585,   -1108.373404,      -0.000038,       0.000000,       0.005404,       0.000000
390,   2.822000,   -1209.527612,   -1108.314514,   -1209.525585,   -1108.372808,      -0.000038,       0.000000,       0.004769,       0.000000
391,   2.823000,   -1209.527612,   -1108.314514,   -1209.525585,   -1108.372211,      -0.000038,       0.000000,       0.004133,       0.000000
392,   2.824000,   -1209.527612,   -1108.314514,   -1209.525585,   -1108.371496,      -0.000038,       0.000000,       0.003529,       0.000000
393,   2.825000,   -1209.527612,   -1108.314514,   -1209.525585,   -1108.370900,      -0.000038,       0.000000,       0.002925,       0.000000
394,   2.826000,   -1209.527612,   -1108.314514,   -1209.525585,   -1108.370304,       0.000000,       0.000000,       0.002321,       0.000000
395,   2.827000,   -1209.527612,   -1108.314514,   -1209.525585,   -1108.369827,       0.000000,       0.000000,       0.001749,       0.000000
396,   2.828000,   -1209.527612,   -1108.314514,   -1209.525585,   -1108.369231,      -0.000038,       0.000000,       0.001176,       0.000000
397,   2.829000,   -1209.527612,   -1108.314514,   -1209.525585,   -1108.368635,      -0.000038,       0.000000,       0.000604,       0.000000
398,   2.830000,   -1209.527612,   -1108.314514,   -1209.525585,   -1108.368039,       0.000000,       0.000000,       0.000064,       0.000000
399,   2.831000,   -1209.527612,   -1108.314514,   -1209.525585,   -1108.367562,       0.000000,       0.000000,      -0.000477,       0.000000
400,   2.832000,   -1209.527612,   -1108.314514,   -1209.525585,   -1108.367085,      -0.000038,       0.000000,      -0.000986,       0.000000
401,   2.833000,   -1209.527612,   -1108.314514,   -1209.525585,   -1108.366609,      -0.000038,       0.000000,      -0.001462,       0.000000
402,   2.834000,   -1209.527612,   -1108.314514,   -1209.525585,   -1108.366132,       0.000000,       0.000000,      -0.001907,       0.000000
403,   2.835000,   -1209.527612,   -1108.314514,   -1209.525585,   -1108.365655,       0.000000,       0.000000,      -0.002321,       0.000000
404,   2.836000,   -1209.527612,   -1108.314514,   -1209.525585,   -1108.365297,       0.000000,       0.000000,      -0.002734,       0.000000
405,   2.837000,   -1209.527612,   -1108.314514,   -1209.525585,   -1108.364940,       0.000000,       0.000000,      -0.003116,       0.000000
406,   2.838000,   -1209.527612,   -1108.314514,   -1209.525585,   -1108.364582,       0.000000,       0.000000,      -0.003465,       0.000000
407,   2.839000,   -1209.527612,   -1108.314514,   -1209.525585,   -1108.364224,       0.000000,       0.000000,      -0.003815,       0.000000
408,   2.840000,   -1209.527612,   -1108.314514,   -1209.525585,   -1108.363867,       0.000000,       0.000000,      -0.004133,       0.000000
409,   2.841000,   -1209.527612,   -1108.314514,   -1209.525585,   -1108.363628,       0.000000,       0.000000,      -0.004419,       0.000000
410,   2.842000,   -1209.527612,   -1108.314514,   -1209.525585,   -1108.363271,       0.000000,       0.000000,      -0.004705,       0.000000
411,   2.843000,   -1209.527612,   -1108.314514,   -1209.525585,   -1108.363032,       0.000000,       0.000000,      -0.004959,       0.000000
412,   2.844000,   -1209.527612,   -1108.314514,   -1209.525585,   -1108.362794,       0.000000,       0.000000,      -0.005182,       0.000000
413,   2.845000,   -1209.527612,   -1108.314514,   -1209.525585,   -1108.362675,       0.000000,       0.000000,      -0.005404,       0.000000
414,   2.846000,   -1209.527612,   -1108.314514,   -1209.525585,   -1108.362436,       0.000000,       0.000000,      -0.005595,       0.000000
415,   2.847000,   -1209.527612,   -1108.314514,   -1209.525585,   -1108.362317,       0.000000,       0.000000,      -0.005754,       0.000000
416,   2.848000,   -1209.527612,   -1108.314514,   -1209.525585,   -1108.362079,       0.000000,       0.000000,      -0.005913,       0.000000
417,   2.849000,   -1209.527612,   -1108.314514,   -1209.525585,   -1108.361959,       0.000000,       0.000000,      -0.006040,       0.000000
418,   2.850000,   -1209.527612,   -1108.314514,   -1209.525585,   -1108.361840,       0.000000,       0.000000,      -0.006167,       0.000000
419,   2.851000,   -1209.527612,   -1108.314514,   -1209.525585,   -1108.361721,       0.000000,       0.000000,      -0.006295,       0.000000
420,   2.852000,   -1209.527612,   -1108.314514,   -1209.525585,   -1108.361602,       0.000000,       0.000000,      -0.006390,       0.000000
421,   2.853000,   -1209.527612,   -1108.314514,   -1209.525585,   -1108.361602,       0.000000,       0.000000,      -0.006454,       0.000000
422,   2.854000,   -1209.527612,   -1108.314514,   -1209.525585,   -1108.361483,       0.000000,       0.000000,      -0.006517,       0.000000
423,   2.855000,   -1209.527612,   -1108.314514,   -1209.525585,   -1108.361483,       0.000000,       0.000000,      -0.006581,       0.000000
424,   2.856000,   -1209.527612,   -1108.314514,   -1209.525585,   -1108.361363,       0.000000,       0.000000,      -0.006613,       0.000000
425,   2.857000,   -1209.527612,   -1108.314514,   -1209.525585,   -1108.361363,       0.000000,       0.000000,      -0.006644,       0.000000
426,   2.858000,   -1209.527612,   -1108.314514,   -1209.525585,   -1108.361363,       0.000000,       0.000000,      -0.006676,       0.000000
427,   2.862000,   -1209.527612,   -1108.314514,   -1209.525585,   -1108.361363,       0.000000,       0.000000,      -0.006676,       0.000000
428,   2.863000,   -1209.527612,   -1108.314514,   -1209.525585,   -1108.361363,       0.000000,       0.000000,      -0.006644,       0.000000
429,   2.864000,   -1209.527612,   -1108.314514,   -1209.525585,   -1108.361363,       0.000000,       0.000000,      -0.006644,       0.000000
430,   2.865000,   -1209.527612,   -1108.314514,   -1209.525585,   -1108.361363,       0.000000,       0.000000,      -0.006613,       0.000000
431,   2.866000,   -1209.527612,   -1108.314514,   -1209.525585,   -1108.361483,       0.000000,       0.000000,      -0.006581,       0.000000
432,   2.867000,   -1209.527612,   -1108.314514,   -1209.525585,   -1108.361483,       0.000000,       0.000000,      -0.006517,       0.000000
433,   2.868000,   -1209.527612,   -1108.314514,   -1209.525585,   -1108.361483,       0.000000,       0.000000,      -0.006485,       0.000000
434,   2.869000,   -1209.527612,   -1108.314514,   -1209.525585,   -1108.361602,       0.000000,       0.000000,      -0.006422,       0.000000
435,   2.870000,   -1209.527612,   -1108.314514,   -1209.525585,   -1108.361602,       0.000000,       0.000000,      -0.006390,       0.000000
436,   2.871000,   -1209.527612,   -1108.314514,   -1209.525585,   -1108.361721,       0.000000,       0.000000,      -0.006326,       0.000000
437,   2.872000,   -1209.527612,   -1108.314514,   -1209.525585,   -1108.361721,       0.000000,       0.000000,      -0.006263,       0.000000
438,   2.873000,   -1209.527612,   -1108.314514,   -1209.525585,   -1108.361840,       0.000000,       0.000000,      -0.006199,       0.000000
439,   2.874000,   -1209.527612,   -1108.314514,   -1209.525585,   -1108.361840,       0.000000,       0.000000,      -0.006167,       0.000000
440,   2.875000,   -1209.527612,   -1108.314514,   -1209.525585,   -1108.361959,       0.000000,       0.000000,      -0.006104,       0.000000
441,   2.876000,   -1209.527612,   -1108.314514,   -1209.525585,   -1108.361959,       0.000000,       0.000000,      -0.006040,       0.000000
442,   2.877000,   -1209.527612,   -1108.314514,   -1209.525585,   -1108.362079,       0.000000,       0.000000,      -0.005977,       0.000000
443,   2.878000,   -1209.527612,   -1108.314514,   -1209.525585,   -1108.362198,       0.000000,       0.000000,      -0.005881,       0.000000
444,   2.879000,   -1209.527612,   -1108.314514,   -1209.525585,   -1108.362198,       0.000000,       0.000000,      -0.005818,       0.000000
445,   2.880000,   -1209.527612,   -1108.314514,   -1209.525585,   -1108.362317,       0.000000,       0.000000,      -0.005754,       0.000000
446,   2.881000,   -1209.527612,   -1108.314514,   -1209.525585,   -1108.362317,       0.000000,       0.000000,      -0.005659,       0.000000
447,   2.882000,   -1209.527612,   -1108.314514,   -1209.525585,   -1108.362436,       0.000000,       0.000000,      -0.005595,       0.000000
448,   2.883000,   -1209.527612,   -1108.314514,   -1209.525585,   -1108.362556,       0.000000,       0.000000,      -0.005500,       0.000000
449,   2.884000,   -1209.527612,   -1108.314514,   -1209.525585,   -1108.362556,       0.000000,       0.000000,      -0.005436,       0.000000
450,   2.885000,   -1209.527612,   -1108.314514,   -1209.525585,   -1108.362675,       0.000000,       0.000000,      -0.005341,       0.000000
451,   2.886000,   -1209.527612,   -1108.314514,   -1209.525585,   -1108.362794,       0.000000,       0.000000,      -0.005246,       0.000000
452,   2.887000,   -1209.527612,   -1108.314514,   -1209.525585,   -1108.362794,       0.000000,       0.000000,      -0.005182,       0.000000
453,   2.888000,   -1209.527612,   -1108.314514,   -1209.525585,   -1108.362913,       0.000000,       0.000000,      -0.005087,       0.000000
454,   2.889000,   -1209.527612,   -1108.314514,   -1209.525585,   -1108.363032,       0.000000,       0.000000,      -0.004991,       0.000000
455,   2.890000,   -1209.527612,   -1108.314514,   -1209.525585,   -1108.363152,       0.000000,       0.000000,      -0.004896,       0.000000
456,   2.891000,   -1209.527612,   -1108.314514,   -1209.525585,   -1108.363271,       0.000000,       0.000000,      -0.004800,       0.000000
457,   2.892000,   -1209.527612,   -1108.314514,   -1209.525585,   -1108.363271,       0.000000,       0.000000,      -0.004705,       0.000000
458,   2.893000,   -1209.527612,   -1108.314514,   -1209.525585,   -1108.363390,       0.000000,       0.000000,      -0.004610,       0.000000
459,   2.894000,   -1209.527612,   -1108.314514,   -1209.525585,   -1108.363509,       0.000000,       0.000000,      -0.004483,       0.000000
460,   2.895000,   -1209.527612,   -1108.314514,   -1209.525585,   -1108.363628,       0.000000,       0.000000,      -0.004387,       0.000000
461,   2.896000,   -1209.527612,   -1108.314514,   -1209.525585,   -1108.363748,       0.000000,       0.000000,      -0.004260,       0.000000
462,   2.897000,   -1209.527612,   -1108.314514,   -1209.525585,   -1108.363867,       0.000000,       0.000000,      -0.004165,       0.000000
463,   2.898000,   -1209.527612,   -1108.314514,   -1209.525585,   -1108.363986,       0.000000,       0.000000,      -0.004037,       0.000000
464,   2.899000,   -1209.527612,   -1108.314514,   -1209.525585,   -1108.364105,       0.000000,       0.000000,      -0.003942,       0.000000
465,   2.900000,   -1209.527612,   -1108.314514,   -1209.525585,   -1108.364224,       0.000000,       0.000000,      -0.003815,       0.000000
466,   2.901000,   -1209.527612,   -1108.314514,   -1209.525585,   -1108.364344,       0.000000,       0.000000,      -0.003688,       0.000000
467,   2.902000,   -1209.527612,   -1108.314514,   -1209.525585,   -1108.364463,       0.000000,       0.000000,      -0.003561,       0.000000
468,   2.903000,   -1209.527612,   -1108.314514,   -1209.525585,   -1108.364582,       0.000000,       0.000000,      -0.003465,       0.000000
469,   2.904000,   -1209.527612,   -1108.314514,   -1209.525585,   -1108.364701,       0.000000,       0.000000,      -0.003338,       0.000000
470,   2.905000,   -1209.527612,   -1108.314514,   -1209.525585,   -1108.364820,       0.000000,       0.000000,      -0.003211,       0.000000
471,   2.906000,   -1209.527612,   -1108.314514,   -1209.525585,   -1108.364940,       0.000000,       0.000000,      -0.003084,       0.000000
472,   2.907000,   -1209.527612,   -1108.314514,   -1209.525585,   -1108.365059,       0.000000,       0.000000,      -0.002957,       0.000000
473,   2.908000,   -1209.527612,   -1108.314514,   -1209.525585,   -1108.365178,       0.000000,       0.000000,      -0.002829,       0.000000
474,   2.909000,   -1209.527612,   -1108.314514,   -1209.525585,   -1108.365297,       0.000000,       0.000000,      -0.002702,       0.000000
475,   2.910000,   -1209.527612,   -1108.314514,   -1209.525585,   -1108.365536,       0.000000,       0.000000,      -0.002543,       0.000000
476,   2.911000,   -1209.527612,   -1108.314514,   -1209.525585,   -1108.365655,       0.000000,       0.000000,      -0.002416,       0.000000
477,   2.912000,   -1209.527612,   -1108.314514,   -1209.525585,   -1108.365774,       0.000000,       0.000000,      -0.002289,       0.000000
478,   2.913000,   -1209.527612,   -1108.314514,   -1209.525585,   -1108.365893,       0.000000,       0.000000,      -0.002162,       0.000000
479,   2.914000,   -1209.527612,   -1108.314514,   -1209.525585,   -1108.366013,       0.000000,       0.000000,      -0.002035,       0.000000
480,   2.915000,   -1209.527612,   -1108.314514,   -1209.525585,   -1108.366132,       0.000000,       0.000000,      -0.001907,       0.000000
481,   2.916000,   -1209.527612,   -1108.314514,   -1209.525585,   -1108.366251,       0.000000,       0.000000,      -0.001780,       0.000000
482,   2.917000,   -1209.527612,   -1108.314514,   -1209.525585,   -1108.366370,       0.000000,       0.000000,      -0.001653,       0.000000
483,   2.918000,   -1209.527612,   -1108.314514,   -1209.525585,   -1108.366489,       0.000000,       0.000000,      -0.001526,       0.000000
484,   2.919000,   -1209.527612,   -1108.314514,   -1209.525585,   -1108.366609,       0.000000,       0.000000,      -0.001399,       0.000000
485,   2.920000,   -1209.527612,   -1108.314514,   -1209.525585,   -1108.366728,       0.000000,       0.000000,      -0.001240,       0.000000
486,   2.921000,   -1209.527612,   -1108.314514,   -1209.525585,   -1108.366966,       0.000000,       0.000000,      -0.001113,       0.000000
487,   2.922000,   -1209.527612,   -1108.314514,   -1209.525585,   -1108.367085,       0.000000,       0.000000,      -0.000986,       0.000000
488,   2.923000,   -1209.527612,   -1108.314514,   -1209.525585,   -1108.367085,       0.000000,       0.000000,      -0.000890,       0.000000
489,   2.924000,   -1209.527612,   -1108.314514,   -1209.525585,   -1108.367205,       0.000000,       0.000000,      -0.000763,       0.000000
490,   2.925000,   -1209.527612,   -1108.314514,   -1209.525585,   -1108.367443,       0.000000,       0.000000,      -0.000636,       0.000000
491,   2.926000,   -1209.527612,   -1108.314514,   -1209.525585,   -1108.367562,       0.000000,       0.000000,      -0.000509,       0.000000
492,   2.927000,   -1209.527612,   -1108.314514,   -1209.525585,   -1108.367682,       0.000000,       0.000000,      -0.000381,       0.000000
493,   2.928000,   -1209.527612,   -1108.314514,   -1209.525585,   -1108.367801,       0.000000,       0.000000,      -0.000254,       0.000000
494,   2.929000,   -1209.527612,   -1108.314514,   -1209.525585,   -1108.367920,       0.000000,       0.000000,      -0.000127,       0.000000
495,   2.930000,   -1209.527612,   -1108.314514,   -1209.525585,   -1108.368039,       0.000000,       0.000000,       0.000000,       0.000000
496,   2.931000,   -1209.527612,   -1108.314514,   -1209.525585,   -1108.368158,       0.000000,       0.000000,       0.000127,       0.000000
497,   2.932000,   -1209.527612,   -1108.314514,   -1209.525585,   -1108.368278,       0.000000,       0.000000,       0.000254,       0.000000
498,   2.933000,   -1209.527612,   -1108.314514,   -1209.525585,   -1108.368397,       0.000000,       0.000000,       0.000350,       0.000000
499,   2.934000,   -1209.527612,   -1108.314514,   -1209.525585,   -1108.368516,       0.000000,       0.000000,       0.000477,       0.000000
500,   2.935000,   -1209.527612,   -1108.314514,   -1209.525585,   -1108.368635,       0.000000,       0.000000,       0.000604,       0.000000
501,   2.936000,   -1209.527612,   -1108.314514,   -1209.525585,   -1108.368754,       0.000000,       0.000000,       0.000699,       0.000000
502,   2.937000,   -1209.527612,   -1108.314514,   -1209.525585,   -1108.368874,       0.000000,       0.000000,       0.000827,       0.000000
503,   2.938000,   -1209.527612,   -1108.314514,   -1209.525585,   -1108.368993,       0.000000,       0.000000,       0.000922,       0.000000
504,   2.939000,   -1209.527612,   -1108.314514,   -1209.525585,   -1108.369112,       0.000000,       0.000000,       0.001049,       0.000000
505,   2.940000,   -1209.527612,   -1108.314514,   -1209.525585,   -1108.369112,       0.000000,       0.000000,       0.001144,       0.000000
506,   2.941000,   -1209.527612,   -1108.314514,   -1209.525585,   -1108.369231,       0.000000,       0.000000,       0.001240,       0.000000
507,   2.942000,   -1209.527612,   -1108.314514,   -1209.525585,   -1108.369350,       0.000000,       0.000000,       0.001335,       0.000000
508,   2.943000,   -1209.527612,   -1108.314514,   -1209.525585,   -1108.369470,       0.000000,       0.000000,       0.001431,       0.000000
509,   2.944000,   -1209.527612,   -1108.314514,   -1209.525585,   -1108.369589,       0.000000,       0.000000,       0.001526,       0.000000
510,   2.945000,   -1209.527612,   -1108.314514,   -1209.525585,   -1108.369589,       0.000000,       0.000000,       0.001621,       0.000000
511,   2.946000,   -1209.527612,   -1108.314514,   -1209.525585,   -1108.369708,       0.000000,       0.000000,       0.001717,       0.000000
512,   2.947000,   -1209.527612,   -1108.314514,   -1209.525585,   -1108.369827,       0.000000,       0.000000,       0.001812,       0.000000
513,   2.948000,   -1209.527612,   -1108.314514,   -1209.525585,   -1108.369946,       0.000000,       0.000000,       0.001876,       0.000000
514,   2.949000,   -1209.527612,   -1108.314514,   -1209.525585,   -1108.369946,       0.000000,       0.000000,       0.001971,       0.000000
515,   2.950000,   -1209.527612,   -1108.314514,   -1209.525585,   -1108.370066,       0.000000,       0.000000,       0.002035,       0.000000
516,   2.951000,   -1209.527612,   -1108.314514,   -1209.525585,   -1108.370066,       0.000000,       0.000000,       0.002098,       0.000000
517,   2.952000,   -1209.527612,   -1108.314514,   -1209.525585,   -1108.370185,       0.000000,       0.000000,       0.002162,       0.000000
518,   2.953000,   -1209.527612,   -1108.314514,   -1209.525585,   -1108.370304,       0.000000,       0.000000,       0.002225,       0.000000
519,   2.954000,   -1209.527612,   -1108.314514,   -1209.525585,   -1108.370304,       0.000000,       0.000000,       0.002289,       0.000000
520,   2.955000,   -1209.527612,   -1108.314514,   -1209.525585,   -1108.370423,       0.000000,       0.000000,       0.002353,       0.000000
521,   2.956000,   -1209.527612,   -1108.314514,   -1209.525585,   -1108.370423,       0.000000,       0.000000,       0.002416,       0.000000
522,   2.957000,   -1209.527612,   -1108.314514,   -1209.525585,   -1108.370423,       0.000000,       0.000000,       0.002448,       0.000000
523,   2.958000,   -1209.527612,   -1108.314514,   -1209.525585,   -1108.370543,       0.000000,       0.000000,       0.002511,       0.000000
524,   2.959000,   -1209.527612,   -1108.314514,   -1209.525585,   -1108.370543,       0.000000,       0.000000,       0.002543,       0.000000
525,   2.960000,   -1209.527612,   -1108.314514,   -1209.525585,   -1108.370543,       0.000000,       0.000000,       0.002575,       0.000000
526,   2.961000,   -1209.527612,   -1108.314514,   -1209.525585,   -1108.370662,       0.000000,       0.000000,       0.002607,       0.000000
527,   2.962000,   -1209.527612,   -1108.314514,   -1209.525585,   -1108.370662,       0.000000,       0.000000,       0.002639,       0.000000
528,   2.963000,   -1209.527612,   -1108.314514,   -1209.525585,   -1108.370662,       0.000000,       0.000000,       0.002670,       0.000000
529,   2.964000,   -1209.527612,   -1108.314514,   -1209.525585,   -1108.370781,       0.000000,       0.000000,       0.002702,       0.000000
530,   2.965000,   -1209.527612,   -1108.314514,   -1209.525585,   -1108.370781,       0.000000,       0.000000,       0.002734,       0.000000
531,   2.966000,   -1209.527612,   -1108.314514,   -1209.525585,   -1108.370781,       0.000000,       0.000000,       0.002766,       0.000000
532,   2.967000,   -1209.527612,   -1108.314514,   -1209.525585,   -1108.370781,       0.000000,       0.000000,       0.002766,       0.000000
533,   2.968000,   -1209.527612,   -1108.314514,   -1209.525585,   -1108.370781,       0.000000,       0.000000,       0.002798,       0.000000
534,   2.972000,   -1209.527612,   -1108.314514,   -1209.525585,   -1108.370781,       0.000000,       0.000000,       0.002798,       0.000000
535,   2.973000,   -1209.527612,   -1108.314514,   -1209.525585,   -1108.370900,       0.000000,       0.000000,       0.002829,       0.000000
536,   2.974000,   -1209.527612,   -1108.314514,   -1209.525585,   -1108.370900,       0.000000,       0.000000,       0.002829,       0.000000
537,   2.975000,   -1209.527612,   -1108.314514,   -1209.525585,   -1108.370781,       0.000000,       0.000000,       0.002798,       0.000000
538,   2.981000,   -1209.527612,   -1108.314514,   -1209.525585,   -1108.370781,       0.000000,       0.000000,       0.002798,       0.000000
539,   2.982000,   -1209.527612,   -1108.314514,   -1209.525585,   -1108.370781,       0.000000,       0.000000,       0.002766,       0.000000
540,   2.984000,   -1209.527612,   -1108.314514,   -1209.525585,   -1108.370781,       0.000000,       0.000000,       0.002766,       0.000000
541,   2.985000,   -1209.527612,   -1108.314514,   -1209.525585,   -1108.370781,       0.000000,       0.000000,       0.002734,       0.000000
542,   2.986000,   -1209.527612,   -1108.314514,   -1209.525585,   -1108.370781,       0.000000,       0.000000,       0.002734,       0.000000
543,   2.987000,   -1209.527612,   -1108.314514,   -1209.525585,   -1108.370781,       0.000000,       0.000000,       0.002702,       0.000000
544,   2.988000,   -1209.527612,   -1108.314514,   -1209.525585,   -1108.370781,       0.000000,       0.000000,       0.002702,       0.000000
545,   2.989000,   -1209.527612,   -1108.314514,   -1209.525585,   -1108.370662,       0.000000,       0.000000,       0.002670,       0.000000
546,   2.990000,   -1209.527612,   -1108.314514,   -1209.525585,   -1108.370662,       0.000000,       0.000000,       0.002670,       0.000000
547,   2.991000,   -1209.527612,   -1108.314514,   -1209.525585,   -1108.370662,       0.000000,       0.000000,       0.002639,       0.000000
548,   2.992000,   -1209.527612,   -1108.314514,   -1209.525585,   -1108.370662,       0.000000,       0.000000,       0.002639,       0.000000
549,   2.993000,   -1209.527612,   -1108.314514,   -1209.525585,   -1108.370662,       0.000000,       0.000000,       0.002607,       0.000000
550,   2.994000,   -1209.527612,   -1108.314514,   -1209.525585,   -1108.370662,       0.000000,       0.000000,       0.002607,       0.000000
551,   2.995000,   -1209.527612,   -1108.314514,   -1209.525585,   -1108.370543,       0.000000,       0.000000,       0.002575,       0.000000
552,   2.996000,   -1209.527612,   -1108.314514,   -1209.525585,   -1108.370543,       0.000000,       0.000000,       0.002575,       0.000000
553,   2.997000,   -1209.527612,   -1108.314514,   -1209.525585,   -1108.370543,       0.000000,       0.000000,       0.002543,       0.000000
554,   2.998000,   -1209.527612,   -1108.314514,   -1209.525585,   -1108.370543,       0.000000,       0.000000,       0.002511,       0.000000
555,   2.999000,   -1209.527612,   -1108.314514,   -1209.525585,   -1108.370543,       0.000000,       0.000000,       0.002480,       0.000000
556,   3.000000,   -1209.527612,   -1108.314514,   -1209.525585,   -1108.370423,       0.000000,       0.000000,       0.002448,       0.000000
557,   3.001000,   -1209.527612,   -1108.314514,   -1209.525585,   -1108.370423,       0.000000,       0.000000,       0.002448,       0.000000
558,   3.002000,   -1209.527612,   -1108.314514,   -1209.525585,   -1108.370423,       0.000000,       0.000000,       0.002416,       0.000000
559,   3.003000,   -1209.527612,   -1108.314514,   -1209.525585,   -1108.370423,       0.000000,       0.000000,       0.002384,       0.000000
560,   3.004000,   -1209.527612,   -1108.314514,   -1209.525585,   -1108.370423,       0.000000,       0.000000,       0.002384,       0.000000
561,   3.005000,   -1209.527612,   -1108.314514,   -1209.525585,   -1108.370423,       0.000000,       0.000000,       0.002353,       0.000000
562,   3.006000,   -1209.527612,   -1108.314514,   -1209.525585,   -1108.370304,       0.000000,       0.000000,       0.002321,       0.000000
563,   3.007000,   -1209.527612,   -1108.314514,   -1209.525585,   -1108.370304,       0.000000,       0.000000,       0.002289,       0.000000
564,   3.008000,   -1209.527612,   -1108.314514,   -1209.525585,   -1108.370304,       0.000000,       0.000000,       0.002257,       0.000000
565,   3.009000,   -1209.527612,   -1108.314514,   -1209.525585,   -1108.370185,       0.000000,       0.000000,       0.002194,       0.000000
566,   3.010000,   -1209.527612,   -1108.314514,   -1209.525585,   -1108.370185,       0.000000,       0.000000,       0.002162,       0.000000
567,   3.011000,   -1209.527612,   -1108.314514,   -1209.525585,   -1108.370185,       0.000000,       0.000000,       0.002130,       0.000000
568,   3.012000,   -1209.527612,   -1108.314514,   -1209.525585,   -1108.370066,       0.000000,       0.000000,       0.002098,       0.000000
569,   3.013000,   -1209.527612,   -1108.314514,   -1209.525585,   -1108.370066,       0.000000,       0.000000,       0.002066,       0.000000
570,   3.014000,   -1209.527612,   -1108.314514,   -1209.525585,   -1108.370066,       0.000000,       0.000000,       0.002035,       0.000000
571,   3.015000,   -1209.527612,   -1108.314514,   -1209.525585,   -1108.370066,       0.000000,       0.000000,       0.002003,       0.000000
572,   3.016000,   -1209.527612,   -1108.314514,   -1209.525585,   -1108.369946,       0.000000,       0.000000,       0.001939,       0.000000
573,   3.017000,   -1209.527612,   -1108.314514,   -1209.525585,   -1108.369946,       0.000000,       0.000000,       0.001907,       0.000000
574,   3.018000,   -1209.527612,   -1108.314514,   -1209.525585,   -1108.369946,       0.000000,       0.000000,       0.001876,       0.000000
575,   3.019000,   -1209.527612,   -1108.314514,   -1209.525585,   -1108.369827,       0.000000,       0.000000,       0.001844,       0.000000
576,   3.020000,   -1209.527612,   -1108.314514,   -1209.525585,   -1108.369827,       0.000000,       0.000000,       0.001812,       0.000000
577,   3.021000,   -1209.527612,   -1108.314514,   -1209.525585,   -1108.369827,       0.000000,       0.000000,       0.001749,       0.000000
578,   3.022000,   -1209.527612,   -1108.314514,   -1209.525585,   -1108.369708,       0.000000,       0.000000,       0.001717,       0.000000
579,   3.023000,   -1209.527612,   -1108.314514,   -1209.525585,   -1108.369708,       0.000000,       0.000000,       0.001685,       0.000000
580,   3.024000,   -1209.527612,   -1108.314514,   -1209.525585,   -1108.369708,       0.000000,       0.000000,       0.001653,       0.000000
581,   3.025000,   -1209.527612,   -1108.314514,   -1209.525585,   -1108.369589,       0.000000,       0.000000,       0.001590,       0.000000
582,   3.026000,   -1209.527612,   -1108.314514,   -1209.525585,   -1108.369589,       0.000000,       0.000000,       0.001558,       0.000000
583,   3.027000,   -1209.527612,   -1108.314514,   -1209.525585,   -1108.369589,       0.000000,       0.000000,       0.001526,       0.000000
584,   3.028000,   -1209.527612,   -1108.314514,   -1209.525585,   -1108.369470,       0.000000,       0.000000,       0.001462,       0.000000
585,   3.029000,   -1209.527612,   -1108.314514,   -1209.525585,   -1108.369470,       0.000000,       0.000000,       0.001431,       0.000000
586,   3.030000,   -1209.527612,   -1108.314514,   -1209.525585,   -1108.369470,       0.000000,       0.000000,       0.001399,       0.000000
587,   3.031000,   -1209.527612,   -1108.314514,   -1209.525585,   -1108.369350,       0.000000,       0.000000,       0.001367,       0.000000
588,   3.032000,   -1209.527612,   -1108.314514,   -1209.525585,   -1108.369350,       0.000000,       0.000000,       0.001303,       0.000000
589,   3.033000,   -1209.527612,   -1108.314514,   -1209.525585,   -1108.369350,       0.000000,       0.000000,       0.001272,       0.000000
590,   3.034000,   -1209.527612,   -1108.314514,   -1209.525585,   -1108.369231,       0.000000,       0.000000,       0.001240,       0.000000
591,   3.035000,   -1209.527612,   -1108.314514,   -1209.525585,   -1108.369231,       0.000000,       0.000000,       0.001176,       0.000000
592,   3.036000,   -1209.527612,   -1108.314514,   -1209.525585,   -1108.369112,       0.000000,       0.000000,       0.001144,       0.000000
593,   3.037000,   -1209.527612,   -1108.314514,   -1209.525585,   -1108.369112,       0.000000,       0.000000,       0.001081,       0.000000
594,   3.038000,   -1209.527612,   -1108.314514,   -1209.525585,   -1108.369112,       0.000000,       0.000000,       0.001049,       0.000000
595,   3.039000,   -1209.527612,   -1108.314514,   -1209.525585,   -1108.368993,       0.000000,       0.000000,       0.001017,       0.000000
596,   3.040000,   -1209.527612,   -1108.314514,   -1209.525585,   -1108.368993,       0.000000,       0.000000,       0.000954,       0.000000
597,   3.041000,   -1209.527612,   -1108.314514,   -1209.525585,   -1108.368993,       0.000000,       0.000000,       0.000922,       0.000000
598,   3.042000,   -1209.527612,   -1108.314514,   -1209.525585,   -1108.368874,       0.000000,       0.000000,       0.000858,       0.000000
599,   3.043000,   -1209.527612,   -1108.314514,   -1209.525585,   -1108.368874,       0.000000,       0.000000,       0.000827,       0.000000
600,   3.044000,   -1209.527612,   -1108.314514,   -1209.525585,   -1108.368754,       0.000000,       0.000000,       0.000763,       0.000000
601,   3.045000,   -1209.527612,   -1108.314514,   -1209.525585,   -1108.368754,       0.000000,       0.000000,       0.000731,       0.000000
602,   3.046000,   -1209.527612,   -1108.314514,   -1209.525585,   -1108.368635,       0.000000,       0.000000,       0.000668,       0.000000
603,   3.047000,   -1209.527612,   -1108.314514,   -1209.525585,   -1108.368635,       0.000000,       0.000000,       0.000636,       0.000000
604,   3.048000,   -1209.527612,   -1108.314514,   -1209.525585,   -1108.368635,       0.000000,       0.000000,       0.000572,       0.000000
605,   3.049000,   -1209.527612,   -1108.314514,   -1209.525585,   -1108.368516,       0.000000,       0.000000,       0.000540,       0.000000
606,   3.050000,   -1209.527612,   -1108.314514,   -1209.525585,   -1108.368516,       0.000000,       0.000000,       0.000477,       0.000000
607,   3.051000,   -1209.527612,   -1108.314514,   -1209.525585,   -1108.368516,       0.000000,       0.000000,       0.000445,       0.000000
608,   3.052000,   -1209.527612,   -1108.314514,   -1209.525585,   -1108.368397,       0.000000,       0.000000,       0.000413,       0.000000
609,   3.053000,   -1209.527612,   -1108.314514,   -1209.525585,   -1108.368397,       0.000000,       0.000000,       0.000350,       0.000000
610,   3.054000,   -1209.527612,   -1108.314514,   -1209.525585,   -1108.368397,       0.000000,       0.000000,       0.000318,       0.000000
611,   3.055000,   -1209.527612,   -1108.314514,   -1209.525585,   -1108.368278,       0.000000,       0.000000,       0.000254,       0.000000
612,   3.056000,   -1209.527612,   -1108.314514,   -1209.525585,   -1108.368278,       0.000000,       0.000000,       0.000223,       0.000000
613,   3.057000,   -1209.527612,   -1108.314514,   -1209.525585,   -1108.368158,       0.000000,       0.000000,       0.000159,       0.000000
614,   3.058000,   -1209.527612,   -1108.314514,   -1209.525585,   -1108.368158,       0.000000,       0.000000,       0.000127,       0.000000
615,   3.059000,   -1209.527612,   -1108.314514,   -1209.525585,   -1108.368158,       0.000000,       0.000000,       0.000095,       0.000000
616,   3.060000,   -1209.527612,   -1108.314514,   -1209.525585,   -1108.368039,       0.000000,       0.000000,       0.000032,       0.000000
617,   3.061000,   -1209.527612,   -1108.314514,   -1209.525585,   -1108.368039,       0.000000,       0.000000,       0.000000,       0.000000
618,   3.062000,   -1209.527612,   -1108.314514,   -1209.525585,   -1108.367920,       0.000000,       0.000000,      -0.000064,       0.000000
619,   3.063000,   -1209.527612,   -1108.314514,   -1209.525585,   -1108.367920,       0.000000,       0.000000,      -0.000095,       0.000000
620,   3.064000,   -1209.527612,   -1108.314514,   -1209.525585,   -1108.367920,       0.000000,       0.000000,      -0.000127,       0.000000
621,   3.065000,   -1209.527612,   -1108.314514,   -1209.525585,   -1108.367920,       0.000000,       0.000000,      -0.000159,       0.000000
622,   3.066000,   -1209.527612,   -1108.314514,   -1209.525585,   -1108.367801,       0.000000,       0.000000,      -0.000223,       0.000000
623,   3.067000,   -1209.527612,   -1108.314514,   -1209.525585,   -1108.367801,       0.000000,       0.000000,      -0.000254,       0.000000
624,   3.068000,   -1209.527612,   -1108.314514,   -1209.525585,   -1108.367682,       0.000000,       0.000000,      -0.000286,       0.000000
625,   3.069000,   -1209.527612,   -1108.314514,   -1209.525585,   -1108.367682,       0.000000,       0.000000,      -0.000318,       0.000000
626,   3.070000,   -1209.527612,   -1108.314514,   -1209.525585,   -1108.367682,       0.000000,       0.000000,      -0.000350,       0.000000
627,   3.071000,   -1209.527612,   -1108.314514,   -1209.525585,   -1108.367562,       0.000000,       0.000000,      -0.000413,       0.000000
628,   3.072000,   -1209.527612,   -1108.314514,   -1209.525585,   -1108.367562,       0.000000,       0.000000,      -0.000445,       0.000000
629,   3.073000,   -1209.527612,   -1108.314514,   -1209.525585,   -1108.367562,       0.000000,       0.000000,      -0.000477,       0.000000
630,   3.074000,   -1209.527612,   -1108.314514,   -1209.525585,   -1108.367562,       0.000000,       0.000000,      -0.000509,       0.000000
631,   3.075000,   -1209.527612,   -1108.314514,   -1209.525585,   -1108.367443,       0.000000,       0.000000,      -0.000540,       0.000000
632,   3.076000,   -1209.527612,   -1108.314514,   -1209.525585,   -1108.367443,       0.000000,       0.000000,      -0.000572,       0.000000
633,   3.077000,   -1209.527612,   -1108.314514,   -1209.525585,   -1108.367443,       0.000000,       0.000000,      -0.000604,       0.000000
634,   3.078000,   -1209.527612,   -1108.314514,   -1209.525585,   -1108.367443,       0.000000,       0.000000,      -0.000636,       0.000000
635,   3.079000,   -1209.527612,   -1108.314514,   -1209.525585,   -1108.367324,       0.000000,       0.000000,      -0.000668,       0.000000
636,   3.080000,   -1209.527612,   -1108.314514,   -1209.525466,   -1108.367324,       0.000000,       0.000000,      -0.000699,       0.000000
637,   3.081000,   -1209.527612,   -1108.314514,   -1209.525585,   -1108.367324,       0.000000,       0.000000,      -0.000731,       0.000000
638,   3.082000,   -1209.527612,   -1108.314514,   -1209.525585,   -1108.367205,       0.000000,       0.000000,      -0.000763,       0.000000
639,   3.083000,   -1209.527612,   -1108.314514,   -1209.525585,   -1108.367205,       0.000000,       0.000000,      -0.000795,       0.000000
640,   3.084000,   -1209.527612,   -1108.314514,   -1209.525466,   -1108.367205,       0.000000,       0.000000,      -0.000827,       0.000000
641,   3.085000,   -1209.527612,   -1108.314514,   -1209.525585,   -1108.367205,       0.000000,       0.000000,      -0.000858,       0.000000
642,   3.086000,   -1209.527612,   -1108.314514,   -1209.525585,   -1108.367205,       0.000000,       0.000000,      -0.000858,       0.000000
643,   3.087000,   -1209.527612,   -1108.314514,   -1209.525466,   -1108.367085,       0.000000,       0.000000,      -0.000890,       0.000000
644,   3.088000,   -1209.527612,   -1108.314514,   -1209.525585,   -1108.367085,       0.000000,       0.000000,      -0.000922,       0.000000
645,   3.089000,   -1209.527612,   -1108.314514,   -1209.525585,   -1108.367085,       0.000000,       0.000000,      -0.000954,       0.000000
646,   3.090000,   -1209.527612,   -1108.314514,   -1209.525585,   -1108.367085,       0.000000,       0.000000,      -0.000954,       0.000000
647,   3.091000,   -1209.527612,   -1108.314514,   -1209.525585,   -1108.367085,       0.000000,       0.000000,      -0.000986,       0.000000
648,   3.092000,   -1209.527612,   -1108.314514,   -1209.525585,   -1108.367085,       0.000000,       0.000000,      -0.000986,       0.000000
649,   3.093000,   -1209.527612,   -1108.314514,   -1209.525585,   -1108.366966,       0.000000,       0.000000,      -0.001017,       0.000000
650,   3.095000,   -1209.527612,   -1108.314514,   -1209.525585,   -1108.366966,       0.000000,       0.000000,      -0.001017,       0.000000
651,   3.096000,   -1209.527612,   -1108.314514,   -1209.525585,   -1108.366966,       0.000000,       0.000000,      -0.001049,       0.000000
652,   3.097000,   -1209.527612,   -1108.314514,   -1209.525585,   -1108.366966,       0.000000,       0.000000,      -0.001049,       0.000000
653,   3.098000,   -1209.527612,   -1108.314514,   -1209.525585,   -1108.366966,       0.000000,       0.000000,      -0.001081,       0.000000
654,   3.101000,   -1209.527612,   -1108.314514,   -1209.525585,   -1108.366966,       0.000000,       0.000000,      -0.001081,       0.000000
655,   3.102000,   -1209.527612,   -1108.314514,   -1209.525585,   -1108.366966,       0.000000,       0.000000,      -0.001113,       0.000000
656,   3.107000,   -1209.527612,   -1108.314514,   -1209.525585,   -1108.366966,       0.000000,       0.000000,      -0.001113,       0.000000
657,   3.108000,   -1209.527612,   -1108.314514,   -1209.525466,   -1108.366966,       0.000000,       0.000000,      -0.001113,       0.000000
658,   3.109000,   -1209.527612,   -1108.314514,   -1209.525585,   -1108.366847,       0.000000,       0.000000,      -0.001144,       0.000000
659,   3.121000,   -1209.527612,   -1108.314514,   -1209.525585,   -1108.366847,       0.000000,       0.000000,      -0.001144,       0.000000
660,   3.122000,   -1209.527612,   -1108.314514,   -1209.525466,   -1108.366847,       0.000000,       0.000000,      -0.001144,       0.000000
661,   3.123000,   -1209.527612,   -1108.314514,   -1209.525585,   -1108.366847,       0.000000,       0.000000,      -0.001144,       0.000000
662,   3.124000,   -1209.527612,   -1108.314514,   -1209.525585,   -1108.366847,       0.000000,       0.000000,      -0.001144,       0.000000
663,   3.125000,   -1209.527612,   -1108.314514,   -1209.525466,   -1108.366847,       0.000000,       0.000000,      -0.001144,       0.000000
664,   3.126000,   -1209.527612,   -1108.314514,   -1209.525466,   -1108.366847,       0.000000,       0.000000,      -0.001144,       0.000000
665,   3.127000,   -1209.527612,   -1108.314514,   -1209.525585,   -1108.366847,       0.000000,       0.000000,      -0.001144,       0.000000
666,   3.128000,   -1209.527612,   -1108.314514,   -1209.525466,   -1108.366966,       0.000000,       0.000000,      -0.001113,       0.000000
667,   3.129000,   -1209.527612,   -1108.314514,   -1209.525466,   -1108.366966,       0.000000,       0.000000,      -0.001113,       0.000000
668,   3.130000,   -1209.527612,   -1108.314514,   -1209.525585,   -1108.366966,       0.000000,       0.000000,      -0.001113,       0.000000
669,   3.132000,   -1209.527612,   -1108.314514,   -1209.525585,   -1108.366966,       0.000000,       0.000000,      -0.001113,       0.000000
670,   3.133000,   -1209.527612,   -1108.314514,   -1209.525585,   -1108.366966,       0.000000,       0.000000,      -0.001081,       0.000000
671,   3.136000,   -1209.527612,   -1108.314514,   -1209.525585,   -1108.366966,       0.000000,       0.000000,      -0.001081,       0.000000
672,   3.137000,   -1209.527612,   -1108.314514,   -1209.525585,   -1108.366966,       0.000000,       0.000000,      -0.001049,       0.000000
673,   3.140000,   -1209.527612,   -1108.314514,   -1209.525585,   -1108.366966,       0.000000,       0.000000,      -0.001049,       0.000000
674,   3.141000,   -1209.527612,   -1108.314514,   -1209.525585,   -1108.366966,       0.000000,       0.000000,      -0.001017,       0.000000
675,   3.144000,   -1209.527612,   -1108.314514,   -1209.525585,   -1108.366966,       0.000000,       0.000000,      -0.001017,       0.000000
676,   3.145000,   -1209.527612,   -1108.314514,   -1209.525585,   -1108.367085,       0.000000,       0.000000,      -0.000986,       0.000000
677,   3.148000,   -1209.527612,   -1108.314514,   -1209.525585,   -1108.367085,       0.000000,       0.000000,      -0.000986,       0.000000
678,   3.149000,   -1209.527612,   -1108.314514,   -1209.525585,   -1108.367085,       0.000000,       0.000000,      -0.000954,       0.000000
679,   3.152000,   -1209.527612,   -1108.314514,   -1209.525585,   -1108.367085,       0.000000,       0.000000,      -0.000954,       0.000000
680,   3.153000,   -1209.527612,   -1108.314514,   -1209.525585,   -1108.367085,       0.000000,       0.000000,      -0.000922,       0.000000
681,   3.155000,   -1209.527612,   -1108.314514,   -1209.525585,   -1108.367085,       0.000000,       0.000000,      -0.000922,       0.000000
682,   3.156000,   -1209.527612,   -1108.314514,   -1209.525585,   -1108.367085,       0.000000,       0.000000,      -0.000890,       0.000000
683,   3.157000,   -1209.527612,   -1108.314514,   -1209.525466,   -1108.367085,       0.000000,       0.000000,      -0.000890,       0.000000
684,   3.158000,   -1209.527612,   -1108.314514,   -1209.525585,   -1108.367205,       0.000000,       0.000000,      -0.000858,       0.000000
685,   3.160000,   -1209.527612,   -1108.314514,   -1209.525585,   -1108.367205,       0.000000,       0.000000,      -0.000858,       0.000000
686,   3.161000,   -1209.527612,   -1108.314514,   -1209.525466,   -1108.367205,       0.000000,       0.000000,      -0.000827,       0.000000
687,   3.162000,   -1209.527612,   -1108.314514,   -1209.525585,   -1108.367205,       0.000000,       0.000000,      -0.000827,       0.000000
688,   3.163000,   -1209.527612,   -1108.314514,   -1209.525585,   -1108.367205,       0.000000,       0.000000,      -0.000795,       0.000000
689,   3.164000,   -1209.527612,   -1108.314514,   -1209.525585,   -1108.367205,       0.000000,       0.000000,      -0.000795,       0.000000
690,   3.165000,   -1209.527612,   -1108.314514,   -1209.525585,   -1108.367205,       0.000000,       0.000000,      -0.000763,       0.000000
691,   3.166000,   -1209.527612,   -1108.314514,   -1209.525585,   -1108.367205,       0.000000,       0.000000,      -0.000763,       0.000000
692,   3.167000,   -1209.527612,   -1108.314514,   -1209.525585,   -1108.367324,       0.000000,       0.000000,      -0.000731,       0.000000
693,   3.168000,   -1209.527612,   -1108.314514,   -1209.525466,   -1108.367324,       0.000000,       0.000000,      -0.000731,       0.000000
694,   3.169000,   -1209.527612,   -1108.314514,   -1209.525585,   -1108.367324,       0.000000,       0.000000,      -0.000699,       0.000000
695,   3.170000,   -1209.527612,   -1108.314514,   -1209.525585,   -1108.367324,       0.000000,       0.000000,      -0.000699,       0.000000
696,   3.171000,   -1209.527612,   -1108.314514,   -1209.525585,   -1108.367324,       0.000000,       0.000000,      -0.000668,       0.000000
697,   3.172000,   -1209.527612,   -1108.314514,   -1209.525585,   -1108.367324,       0.000000,       0.000000,      -0.000668,       0.000000
698,   3.173000,   -1209.527612,   -1108.314514,   -1209.525585,   -1108.367443,       0.000000,       0.000000,      -0.000636,       0.000000
699,   3.174000,   -1209.527612,   -1108.314514,   -1209.525585,   -1108.367443,       0.000000,       0.000000,      -0.000636,       0.000000
700,   3.175000,   -1209.527612,   -1108.314514,   -1209.525466,   -1108.367443,       0.000000,       0.000000,      -0.000604,       0.000000
701,   3.176000,   -1209.527612,   -1108.314514,   -1209.525585,   -1108.367443,       0.000000,       0.000000,      -0.000604,       0.000000
702,   3.177000,   -1209.527612,   -1108.314514,   -1209.525585,   -1108.367443,       0.000000,       0.000000,      -0.000604,       0.000000
703,   3.178000,   -1209.527612,   -1108.314514,   -1209.525585,   -1108.367443,       0.000000,       0.000000,      -0.000572,       0.000000
704,   3.179000,   -1209.527612,   -1108.314514,   -1209.525585,   -1108.367443,       0.000000,       0.000000,      -0.000572,       0.000000
705,   3.180000,   -1209.527612,   -1108.314514,   -1209.525585,   -1108.367443,       0.000000,       0.000000,      -0.000540,       0.000000
706,   3.181000,   -1209.527612,   -1108.314514,   -1209.525585,   -1108.367443,       0.000000,       0.000000,      -0.000540,       0.000000
707,   3.182000,   -1209.527612,   -1108.314514,   -1209.525585,   -1108.367562,       0.000000,       0.000000,      -0.000509,       0.000000
708,   3.183000,   -1209.527612,   -1108.314514,   -1209.525585,   -1108.367562,       0.000000,       0.000000,      -0.000509,       0.000000
709,   3.184000,   -1209.527612,   -1108.314514,   -1209.525585,   -1108.367562,       0.000000,       0.000000,      -0.000477,       0.000000
710,   3.186000,   -1209.527612,   -1108.314514,   -1209.525585,   -1108.367562,       0.000000,       0.000000,      -0.000477,       0.000000
711,   3.187000,   -1209.527612,   -1108.314514,   -1209.525585,   -1108.367562,       0.000000,       0.000000,      -0.000445,       0.000000
712,   3.188000,   -1209.527612,   -1108.314514,   -1209.525585,   -1108.367562,       0.000000,       0.000000,      -0.000445,       0.000000
713,   3.189000,   -1209.527612,   -1108.314514,   -1209.525585,   -1108.367562,       0.000000,       0.000000,      -0.000413,       0.000000
714,   3.190000,   -1209.527612,   -1108.314514,   -1209.525585,   -1108.367682,       0.000000,       0.000000,      -0.000381,       0.000000
715,   3.191000,   -1209.527612,   -1108.314514,   -1209.525585,   -1108.367682,       0.000000,       0.000000,      -0.000381,       0.000000
716,   3.192000,   -1209.527612,   -1108.314514,   -1209.525585,   -1108.367682,       0.000000,       0.000000,      -0.000350,       0.000000
717,   3.193000,   -1209.527612,   -1108.314514,   -1209.525466,   -1108.367682,       0.000000,       0.000000,      -0.000350,       0.000000
718,   3.194000,   -1209.527612,   -1108.314514,   -1209.525466,   -1108.367682,       0.000000,       0.000000,      -0.000318,       0.000000
719,   3.196000,   -1209.527612,   -1108.314514,   -1209.525466,   -1108.367682,       0.000000,       0.000000,      -0.000318,       0.000000
720,   3.197000,   -1209.527612,   -1108.314514,   -1209.525466,   -1108.367682,       0.000000,       0.000000,      -0.000286,       0.000000
721,   3.198000,   -1209.527612,   -1108.314514,   -1209.525466,   -1108.367801,       0.000000,       0.000000,      -0.000254,       0.000000
722,   3.199000,   -1209.527612,   -1108.314514,   -1209.525466,   -1108.367801,       0.000000,       0.000000,      -0.000254,       0.000000
723,   3.200000,   -1209.527612,   -1108.314514,   -1209.525466,   -1108.367801,       0.000000,       0.000000,      -0.000223,       0.000000
724,   3.201000,   -1209.527612,   -1108.314514,   -1209.525466,   -1108.367920,       0.000000,       0.000000,      -0.000159,       0.000000
725,   3.202000,   -1209.527612,   -1108.314514,   -1209.525466,   -1108.367920,       0.000000,       0.000000,      -0.000127,       0.000000
726,   3.203000,   -1209.527612,   -1108.314514,   -1209.525466,   -1108.367920,       0.000000,       0.000000,      -0.000127,       0.000000
727,   3.204000,   -1209.527612,   -1108.314514,   -1209.525466,   -1108.367920,       0.000000,       0.000000,      -0.000095,       0.000000
728,   3.205000,   -1209.527612,   -1108.314514,   -1209.525466,   -1108.367920,       0.000000,       0.000000,      -0.000064,       0.000000
729,   3.206000,   -1209.527612,   -1108.314514,   -1209.525466,   -1108.368039,       0.000000,       0.000000,      -0.000032,       0.000000
730,   3.207000,   -1209.527612,   -1108.314514,   -1209.525466,   -1108.368039,       0.000000,       0.000000,      -0.000032,       0.000000
731,   3.208000,   -1209.527612,   -1108.314514,   -1209.525466,   -1108.368039,       0.000000,       0.000000,       0.000000,       0.000000
732,   3.209000,   -1209.527612,   -1108.314514,   -1209.525466,   -1108.368039,       0.000000,       0.000000,       0.000032,       0.000000
733,   3.210000,   -1209.527612,   -1108.314514,   -1209.525466,   -1108.368039,       0.000000,       0.000000,       0.000032,       0.000000
734,   3.211000,   -1209.527612,   -1108.314514,   -1209.525466,   -1108.368039,       0.000000,       0.000000,       0.000064,       0.000000
735,   3.212000,   -1209.527612,   -1108.314514,   -1209.525585,   -1108.368039,       0.000000,       0.000000,       0.000064,       0.000000
736,   3.215000,   -1209.527612,   -1108.314514,   -1209.525585,   -1108.368039,       0.000000,       0.000000,       0.000064,       0.000000
737,   3.216000,   -1209.527612,   -1108.314514,   -1209.525585,   -1108.368039,       0.000038,       0.000000,       0.000032,       0.000000
738,   3.217000,   -1209.527612,   -1108.314514,   -1209.525585,   -1108.368039,       0.000038,       0.000000,       0.000032,       0.000000
739,   3.218000,   -1209.527612,   -1108.314514,   -1209.525704,   -1108.368039,       0.000038,       0.000000,       0.000000,       0.000000
740,   3.219000,   -1209.527612,   -1108.314514,   -1209.525704,   -1108.368039,       0.000038,       0.000000,      -0.000032,       0.000000
741,   3.223000,   -1209.527612,   -1108.314514,   -1209.525704,   -1108.368039,       0.000038,       0.000000,      -0.000032,       0.000000
742,   3.224000,   -1209.527612,   -1108.314514,   -1209.525585,   -1108.367920,       0.000038,       0.000000,      -0.000064,       0.000000
743,   3.230000,   -1209.527612,   -1108.314514,   -1209.525585,   -1108.367920,       0.000038,       0.000000,      -0.000064,       0.000000
744,   3.231000,   -1209.527612,   -1108.314514,   -1209.525585,   -1108.368039,       0.000000,       0.000000,      -0.000032,       0.000000
745,   3.232000,   -1209.527612,   -1108.314514,   -1209.525466,   -1108.368039,       0.000000,       0.000000,       0.000000,       0.000000
746,   3.233000,   -1209.527612,   -1108.314514,   -1209.525466,   -1108.368039,       0.000000,       0.000000,       0.000064,       0.000000
747,   3.234000,   -1209.527612,   -1108.314514,   -1209.525466,   -1108.368158,       0.000000,       0.000000,       0.000127,       0.000000
748,   3.235000,   -1209.527612,   -1108.314514,   -1209.525466,   -1108.368158,       0.000000,       0.000000,       0.000159,       0.000000
749,   3.236000,   -1209.527612,   -1108.314514,   -1209.525466,   -1108.368278,       0.000000,       0.000000,       0.000223,       0.000000
750,   3.237000,   -1209.527612,   -1108.314514,   -1209.525466,   -1108.368278,       0.000000,       0.000000,       0.000254,       0.000000
751,   3.238000,   -1209.527612,   -1108.314514,   -1209.525466,   -1108.368278,       0.000000,       0.000000,       0.000286,       0.000000
752,   3.239000,   -1209.527612,   -1108.314514,   -1209.525466,   -1108.368397,       0.000000,       0.000000,       0.000318,       0.000000
753,   3.240000,   -1209.527612,   -1108.314514,   -1209.525466,   -1108.368397,       0.000000,       0.000000,       0.000381,       0.000000
754,   3.241000,   -1209.527612,   -1108.314514,   -1209.525466,   -1108.368397,       0.000000,       0.000000,       0.000413,       0.000000
755,   3.242000,   -1209.527612,   -1108.314514,   -1209.525466,   -1108.368516,       0.000000,       0.000000,       0.000477,       0.000000
756,   3.243000,   -1209.527612,   -1108.314514,   -1209.525466,   -1108.368516,       0.000000,       0.000000,       0.000540,       0.000000
757,   3.244000,   -1209.527612,   -1108.314514,   -1209.525466,   -1108.368635,       0.000000,       0.000000,       0.000572,       0.000000
758,   3.245000,   -1209.527612,   -1108.314514,   -1209.525466,   -1108.368635,       0.000000,       0.000000,       0.000604,       0.000000
759,   3.246000,   -1209.527612,   -1108.314514,   -1209.525466,   -1108.368635,       0.000000,       0.000000,       0.000636,       0.000000
760,   3.247000,   -1209.527612,   -1108.314514,   -1209.525466,   -1108.368635,       0.000000,       0.000000,       0.000636,       0.000000
761,   3.248000,   -1209.527612,   -1108.314514,   -1209.525585,   -1108.368635,       0.000000,       0.000000,       0.000636,       0.000000
762,   3.249000,   -1209.527612,   -1108.314514,   -1209.525585,   -1108.368635,       0.000000,       0.000000,       0.000604,       0.000000
763,   3.250000,   -1209.527612,   -1108.314514,   -1209.525585,   -1108.368635,       0.000000,       0.000000,       0.000572,       0.000000
764,   3.251000,   -1209.527612,   -1108.314514,   -1209.525585,   -1108.368635,       0.000000,       0.000000,       0.000572,       0.000000
765,   3.252000,   -1209.527612,   -1108.314514,   -1209.525585,   -1108.368516,       0.000000,       0.000000,       0.000540,       0.000000
766,   3.253000,   -1209.527612,   -1108.314514,   -1209.525585,   -1108.368516,       0.000000,       0.000000,       0.000509,       0.000000
767,   3.254000,   -1209.527612,   -1108.314514,   -1209.525585,   -1108.368516,       0.000000,       0.000000,       0.000477,       0.000000
768,   3.255000,   -1209.527612,   -1108.314514,   -1209.525585,   -1108.368516,       0.000000,       0.000000,       0.000445,       0.000000
769,   3.256000,   -1209.527612,   -1108.314514,   -1209.525585,   -1108.368397,       0.000000,       0.000000,       0.000413,       0.000000
770,   3.257000,   -1209.527612,   -1108.314514,   -1209.525585,   -1108.368397,       0.000000,       0.000000,       0.000350,       0.000000
771,   3.258000,   -1209.527612,   -1108.314514,   -1209.525585,   -1108.368397,       0.000000,       0.000000,       0.000318,       0.000000
772,   3.259000,   -1209.527612,   -1108.314514,   -1209.525585,   -1108.368278,       0.000000,       0.000000,       0.000286,       0.000000
773,   3.260000,   -1209.527612,   -1108.314514,   -1209.525585,   -1108.368278,       0.000000,       0.000000,       0.000286,       0.000000
774,   3.261000,   -1209.527612,   -1108.314514,   -1209.525585,   -1108.368278,       0.000000,       0.000000,       0.000254,       0.000000
775,   3.265000,   -1209.527612,   -1108.314514,   -1209.525585,   -1108.368278,       0.000000,       0.000000,       0.000254,       0.000000
776,   3.266000,   -1209.527612,   -1108.314514,   -1209.525585,   -1108.368278,       0.000000,       0.000000,       0.000286,       0.000000
777,   3.267000,   -1209.527612,   -1108.314514,   -1209.525585,   -1108.368397,       0.000000,       0.000000,       0.000318,       0.000000
778,   3.268000,   -1209.527612,   -1108.314514,   -1209.525585,   -1108.368397,       0.000000,       0.000000,       0.000350,       0.000000
779,   3.269000,   -1209.527612,   -1108.314514,   -1209.525466,   -1108.368397,       0.000000,       0.000000,       0.000413,       0.000000
780,   3.270000,   -1209.527612,   -1108.314514,   -1209.525466,   -1108.368516,       0.000000,       0.000000,       0.000445,       0.000000
781,   3.271000,   -1209.527612,   -1108.314514,   -1209.525466,   -1108.368516,       0.000000,       0.000000,       0.000477,       0.000000
782,   3.272000,   -1209.527612,   -1108.314514,   -1209.525466,   -1108.368516,       0.000000,       0.000000,       0.000540,       0.000000
783,   3.273000,   -1209.527612,   -1108.314514,   -1209.525466,   -1108.368635,      -0.000038,       0.000000,       0.000572,       0.000000
784,   3.274000,   -1209.527612,   -1108.314514,   -1209.525466,   -1108.368635,      -0.000038,       0.000000,       0.000604,       0.000000
785,   3.275000,   -1209.527612,   -1108.314514,   -1209.525466,   -1108.368635,      -0.000038,       0.000000,       0.000636,       0.000000
786,   3.276000,   -1209.527612,   -1108.314514,   -1209.525466,   -1108.368635,      -0.000038,       0.000000,       0.000668,       0.000000
787,   3.277000,   -1209.527612,   -1108.314514,   -1209.525466,   -1108.368754,      -0.000038,       0.000000,       0.000699,       0.000000
788,   3.278000,   -1209.527612,   -1108.314514,   -1209.525466,   -1108.368754,      -0.000038,       0.000000,       0.000763,       0.000000
789,   3.279000,   -1209.527612,   -1108.314514,   -1209.525466,   -1108.368874,      -0.000038,       0.000000,       0.000795,       0.000000
790,   3.280000,   -1209.527612,   -1108.314514,   -1209.525466,   -1108.368874,      -0.000038,       0.000000,       0.000827,       0.000000
791,   3.281000,   -1209.527612,   -1108.314514,   -1209.525466,   -1108.368874,      -0.000038,       0.000000,       0.000827,       0.000000
792,   3.282000,   -1209.527612,   -1108.314514,   -1209.525585,   -1108.368874,      -0.000038,       0.000000,       0.000827,       0.000000
793,   3.284000,   -1209.527612,   -1108.314514,   -1209.525585,   -1108.368874,      -0.000038,       0.000000,       0.000827,       0.000000
794,   3.285000,   -1209.527612,   -1108.314514,   -1209.525585,   -1108.368874,      -0.000038,       0.000000,       0.000795,       0.000000
795,   3.286000,   -1209.527612,   -1108.314514,   -1209.525585,   -1108.368754,      -0.000038,       0.000000,       0.000763,       0.000000
796,   3.287000,   -1209.527612,   -1108.314514,   -1209.525585,   -1108.368754,       0.000000,       0.000000,       0.000699,       0.000000
797,   3.288000,   -1209.527612,   -1108.314514,   -1209.525585,   -1108.368635,       0.000000,       0.000000,       0.000668,       0.000000
798,   3.289000,   -1209.527612,   -1108.314514,   -1209.525585,   -1108.368635,       0.000000,       0.000000,       0.000636,       0.000000
799,   3.290000,   -1209.527612,   -1108.314514,   -1209.525585,   -1108.368635,       0.000000,       0.000000,       0.000604,       0.000000
800,   3.291000,   -1209.527612,   -1108.314514,   -1209.525585,   -1108.368635,       0.000000,       0.000000,       0.000572,       0.000000
801,   3.292000,   -1209.527612,   -1108.314514,   -1209.525585,   -1108.368516,       0.000000,       0.000000,       0.000540,       0.000000
802,   3.293000,   -1209.527612,   -1108.314514,   -1209.525585,   -1108.368516,       0.000000,       0.000000,       0.000477,       0.000000
803,   3.294000,   -1209.527612,   -1108.314514,   -1209.525585,   -1108.368516,       0.000000,       0.000000,       0.000445,       0.000000
804,   3.295000,   -1209.527612,   -1108.314514,   -1209.525585,   -1108.368397,       0.000000,       0.000000,       0.000413,       0.000000
805,   3.296000,   -1209.527612,   -1108.314514,   -1209.525585,   -1108.368397,       0.000000,       0.000000,       0.000413,       0.000000
806,   3.297000,   -1209.527612,   -1108.314514,   -1209.525585,   -1108.368397,       0.000000,       0.000000,       0.000381,       0.000000
807,   3.298000,   -1209.527612,   -1108.314514,   -1209.525585,   -1108.368397,       0.000000,       0.000000,       0.000350,       0.000000
808,   3.299000,   -1209.527612,   -1108.314514,   -1209.525585,   -1108.368397,       0.000000,       0.000000,       0.000318,       0.000000
809,   3.301000,   -1209.527612,   -1108.314514,   -1209.525585,   -1108.368397,       0.000000,       0.000000,       0.000318,       0.000000
810,   3.302000,   -1209.527612,   -1108.314514,   -1209.525585,   -1108.368397,       0.000000,       0.000000,       0.000350,       0.000000
811,   3.303000,   -1209.527612,   -1108.314514,   -1209.525585,   -1108.368397,       0.000000,       0.000000,       0.000350,       0.000000
812,   3.304000,   -1209.527612,   -1108.314514,   -1209.525466,   -1108.368397,       0.000000,       0.000000,       0.000381,       0.000000
813,   3.305000,   -1209.527612,   -1108.314514,   -1209.525466,   -1108.368397,       0.000000,       0.000000,       0.000413,       0.000000
814,   3.306000,   -1209.527612,   -1108.314514,   -1209.525466,   -1108.368516,       0.000000,       0.000000,       0.000445,       0.000000
815,   3.307000,   -1209.527612,   -1108.314514,   -1209.525466,   -1108.368516,      -0.000038,       0.000000,       0.000445,       0.000000
816,   3.308000,   -1209.527612,   -1108.314514,   -1209.525466,   -1108.368516,      -0.000038,       0.000000,       0.000477,       0.000000
817,   3.309000,   -1209.527612,   -1108.314514,   -1209.525466,   -1108.368516,      -0.000038,       0.000000,       0.000477,       0.000000
818,   3.310000,   -1209.527612,   -1108.314514,   -1209.525466,   -1108.368516,      -0.000038,       0.000000,       0.000509,       0.000000
819,   3.311000,   -1209.527612,   -1108.314514,   -1209.525466,   -1108.368516,      -0.000038,       0.000000,       0.000509,       0.000000
820,   3.312000,   -1209.527612,   -1108.314514,   -1209.525466,   -1108.368516,      -0.000038,       0.000000,       0.000540,       0.000000
821,   3.313000,   -1209.527612,   -1108.314514,   -1209.525466,   -1108.368635,      -0.000038,       0.000000,       0.000572,       0.000000
822,   3.314000,   -1209.527612,   -1108.314514,   -1209.525466,   -1108.368635,      -0.000038,       0.000000,       0.000604,       0.000000
823,   3.316000,   -1209.527612,   -1108.314514,   -1209.525466,   -1108.368635,      -0.000038,       0.000000,       0.000604,       0.000000
824,   3.317000,   -1209.527612,   -1108.314514,   -1209.525585,   -1108.368635,      -0.000038,       0.000000,       0.000572,       0.000000
825,   3.319000,   -1209.527612,   -1108.314514,   -1209.525585,   -1108.368635,      -0.000038,       0.000000,       0.000572,       0.000000
826,   3.320000,   -1209.527612,   -1108.314514,   -1209.525585,   -1108.368516,       0.000000,       0.000000,       0.000540,       0.000000
827,   3.321000,   -1209.527612,   -1108.314514,   -1209.525585,   -1108.368516,       0.000000,       0.000000,       0.000509,       0.000000
828,   3.322000,   -1209.527612,   -1108.314514,   -1209.525585,   -1108.368516,       0.000000,       0.000000,       0.000477,       0.000000
829,   3.323000,   -1209.527612,   -1108.314514,   -1209.525585,   -1108.368516,       0.000000,       0.000000,       0.000477,       0.000000
830,   3.324000,   -1209.527612,   -1108.314514,   -1209.525585,   -1108.368516,       0.000000,       0.000000,       0.000445,       0.000000
831,   3.325000,   -1209.527612,   -1108.314514,   -1209.525585,   -1108.368397,       0.000000,       0.000000,       0.000413,       0.000000
832,   3.326000,   -1209.527612,   -1108.314514,   -1209.525585,   -1108.368397,       0.000000,       0.000000,       0.000350,       0.000000
833,   3.327000,   -1209.527612,   -1108.314514,   -1209.525585,   -1108.368397,       0.000000,       0.000000,       0.000318,       0.000000
834,   3.328000,   -1209.527612,   -1108.314514,   -1209.525585,   -1108.368278,       0.000000,       0.000000,       0.000286,       0.000000
835,   3.329000,   -1209.527612,   -1108.314514,   -1209.525585,   -1108.368278,       0.000000,       0.000000,       0.000254,       0.000000
836,   3.330000,   -1209.527612,   -1108.314514,   -1209.525585,   -1108.368278,       0.000000,       0.000000,       0.000223,       0.000000
837,   3.331000,   -1209.527612,   -1108.314514,   -1209.525585,   -1108.368278,       0.000000,       0.000000,       0.000223,       0.000000
838,   3.332000,   -1209.527612,   -1108.314514,   -1209.525585,   -1108.368158,       0.000000,       0.000000,       0.000191,       0.000000
839,   3.333000,   -1209.527612,   -1108.314514,   -1209.525585,   -1108.368158,       0.000000,       0.000000,       0.000159,       0.000000
840,   3.334000,   -1209.527612,   -1108.314514,   -1209.525585,   -1108.368158,       0.000000,       0.000000,       0.000159,       0.000000
841,   3.335000,   -1209.527612,   -1108.314514,   -1209.525585,   -1108.368158,       0.000000,       0.000000,       0.000127,       0.000000
842,   3.338000,   -1209.527612,   -1108.314514,   -1209.525585,   -1108.368158,       0.000000,       0.000000,       0.000127,       0.000000
843,   3.339000,   -1209.527612,   -1108.314514,   -1209.525466,   -1108.368158,       0.000000,       0.000000,       0.000159,       0.000000
844,   3.341000,   -1209.527612,   -1108.314514,   -1209.525466,   -1108.368158,       0.000000,       0.000000,       0.000159,       0.000000
845,   3.342000,   -1209.527612,   -1108.314514,   -1209.525466,   -1108.368158,       0.000000,       0.000000,       0.000191,       0.000000
846,   3.343000,   -1209.527612,   -1108.314514,   -1209.525466,   -1108.368158,       0.000000,       0.000000,       0.000191,       0.000000
847,   3.344000,   -1209.527612,   -1108.314514,   -1209.525466,   -1108.368278,       0.000000,       0.000000,       0.000223,       0.000000
848,   3.346000,   -1209.527612,   -1108.314514,   -1209.525466,   -1108.368278,       0.000000,       0.000000,       0.000223,       0.000000
849,   3.347000,   -1209.527612,   -1108.314514,   -1209.525466,   -1108.368278,       0.000000,       0.000000,       0.000254,       0.000000
850,   3.348000,   -1209.527612,   -1108.314514,   -1209.525466,   -1108.368278,       0.000000,       0.000000,       0.000254,       0.000000
851,   3.349000,   -1209.527612,   -1108.314514,   -1209.525466,   -1108.368278,       0.000000,       0.000000,       0.000286,       0.000000
852,   3.351000,   -1209.527612,   -1108.314514,   -1209.525466,   -1108.368278,       0.000000,       0.000000,       0.000286,       0.000000
853,   3.352000,   -1209.527612,   -1108.314514,   -1209.525585,   -1108.368278,       0.000000,       0.000000,       0.000286,       0.000000
854,   3.354000,   -1209.527612,   -1108.314514,   -1209.525585,   -1108.368278,       0.000000,       0.000000,       0.000286,       0.000000
855,   3.355000,   -1209.527612,   -1108.314514,   -1209.525585,   -1108.368278,       0.000000,       0.000000,       0.000254,       0.000000
856,   3.356000,   -1209.527612,   -1108.314514,   -1209.525585,   -1108.368278,       0.000000,       0.000000,       0.000223,       0.000000
857,   3.357000,   -1209.527612,   -1108.314514,   -1209.525585,   -1108.368278,       0.000000,       0.000000,       0.000223,       0.000000
858,   3.358000,   -1209.527612,   -1108.314514,   -1209.525585,   -1108.368158,       0.000000,       0.000000,       0.000191,       0.000000
859,   3.359000,   -1209.527612,   -1108.314514,   -1209.525585,   -1108.368158,       0.000000,       0.000000,       0.000191,       0.000000
860,   3.360000,   -1209.527612,   -1108.314514,   -1209.525585,   -1108.368158,       0.000000,       0.000000,       0.000159,       0.000000
861,   3.361000,   -1209.527612,   -1108.314514,   -1209.525585,   -1108.368158,       0.000000,       0.000000,       0.000127,       0.000000
862,   3.362000,   -1209.527612,   -1108.314514,   -1209.525585,   -1108.368158,       0.000000,       0.000000,       0.000095,       0.000000
863,   3.363000,   -1209.527612,   -1108.314514,   -1209.525585,   -1108.368039,       0.000000,       0.000000,       0.000064,       0.000000
864,   3.364000,   -1209.527612,   -1108.314514,   -1209.525585,   -1108.368039,       0.000000,       0.000000,       0.000032,       0.000000
865,   3.365000,   -1209.527612,   -1108.314514,   -1209.525585,   -1108.368039,       0.000000,       0.000000,       0.000000,       0.000000
866,   3.366000,   -1209.527612,   -1108.314514,   -1209.525585,   -1108.368039,       0.000000,       0.000000,      -0.000032,       0.000000
867,   3.367000,   -1209.527612,   -1108.314514,   -1209.525585,   -1108.368039,       0.000000,       0.000000,      -0.000032,       0.000000
868,   3.368000,   -1209.527612,   -1108.314514,   -1209.525585,   -1108.367920,       0.000000,       0.000000,      -0.000064,       0.000000
869,   3.369000,   -1209.527612,   -1108.314514,   -1209.525585,   -1108.367920,       0.000000,       0.000000,      -0.000064,       0.000000
870,   3.370000,   -1209.527612,   -1108.314514,   -1209.525585,   -1108.367920,       0.000000,       0.000000,      -0.000095,       0.000000
871,   3.371000,   -1209.527612,   -1108.314514,   -1209.525585,   -1108.367920,       0.000000,       0.000000,      -0.000127,       0.000000
872,   3.374000,   -1209.527612,   -1108.314514,   -1209.525585,   -1108.367920,       0.000000,       0.000000,      -0.000127,       0.000000
873,   3.375000,   -1209.527612,   -1108.314514,   -1209.525466,   -1108.367920,       0.000000,       0.000000,      -0.000127,       0.000000
874,   3.376000,   -1209.527612,   -1108.314514,   -1209.525466,   -1108.367920,       0.000000,       0.000000,      -0.000127,       0.000000
875,   3.377000,   -1209.527612,   -1108.314514,   -1209.525585,   -1108.367920,       0.000000,       0.000000,      -0.000095,       0.000000
876,   3.378000,   -1209.527612,   -1108.314514,   -1209.525466,   -1108.367920,       0.000000,       0.000000,      -0.000095,       0.000000
877,   3.379000,   -1209.527612,   -1108.314514,   -1209.525466,   -1108.367920,       0.000000,       0.000000,      -0.000095,       0.000000
878,   3.380000,   -1209.527612,   -1108.314514,   -1209.525466,   -1108.367920,       0.000000,       0.000000,      -0.000064,       0.000000
879,   3.381000,   -1209.527612,   -1108.314514,   -1209.525466,   -1108.367920,       0.000000,       0.000000,      -0.000064,       0.000000
880,   3.382000,   -1209.527612,   -1108.314514,   -1209.525466,   -1108.368039,       0.000000,       0.000000,      -0.000032,       0.000000
881,   3.384000,   -1209.527612,   -1108.314514,   -1209.525466,   -1108.368039,       0.000000,       0.000000,      -0.000032,       0.000000
882,   3.385000,   -1209.527612,   -1108.314514,   -1209.525466,   -1108.368039,       0.000000,       0.000000,       0.000000,       0.000000
883,   3.389000,   -1209.527612,   -1108.314514,   -1209.525466,   -1108.368039,       0.000000,       0.000000,       0.000000,       0.000000
884,   3.390000,   -1209.527612,   -1108.314514,   -1209.525585,   -1108.368039,       0.000000,       0.000000,       0.000000,       0.000000
885,   3.391000,   -1209.527612,   -1108.314514,   -1209.525585,   -1108.368039,       0.000000,       0.000000,       0.000000,       0.000000
886,   3.392000,   -1209.527612,   -1108.314514,   -1209.525585,   -1108.368039,       0.000000,       0.000000,      -0.000032,       0.000000
887,   3.394000,   -1209.527612,   -1108.314514,   -1209.525585,   -1108.368039,       0.000000,       0.000000,      -0.000032,       0.000000
888,   3.395000,   -1209.527612,   -1108.314514,   -1209.525585,   -1108.367920,       0.000000,       0.000000,      -0.000064,       0.000000
889,   3.396000,   -1209.527612,   -1108.314514,   -1209.525585,   -1108.367920,       0.000000,       0.000000,      -0.000064,       0.000000
890,   3.397000,   -1209.527612,   -1108.314514,   -1209.525585,   -1108.367920,       0.000000,       0.000000,      -0.000095,       0.000000
891,   3.398000,   -1209.527612,   -1108.314514,   -1209.525585,   -1108.367920,       0.000000,       0.000000,      -0.000127,       0.000000
892,   3.399000,   -1209.527612,   -1108.314514,   -1209.525585,   -1108.367920,       0.000000,       0.000000,      -0.000127,       0.000000
893,   3.400000,   -1209.527612,   -1108.314514,   -1209.525585,   -1108.367920,       0.000000,       0.000000,      -0.000159,       0.000000
894,   3.401000,   -1209.527612,   -1108.314514,   -1209.525585,   -1108.367920,       0.000000,       0.000000,      -0.000159,       0.000000
895,   3.402000,   -1209.527612,   -1108.314514,   -1209.525585,   -1108.367801,       0.000000,       0.000000,      -0.000191,       0.000000
896,   3.404000,   -1209.527612,   -1108.314514,   -1209.525585,   -1108.367801,       0.000000,       0.000000,      -0.000191,       0.000000
897,   3.405000,   -1209.527612,   -1108.314514,   -1209.525585,   -1108.367801,       0.000000,       0.000000,      -0.000223,       0.000000
898,   3.406000,   -1209.527612,   -1108.314514,   -1209.525466,   -1108.367801,       0.000000,       0.000000,      -0.000223,       0.000000
899,   3.407000,   -1209.527612,   -1108.314514,   -1209.525466,   -1108.367801,       0.000000,       0.000000,      -0.000254,       0.000000
900,   3.414000,   -1209.527612,   -1108.314514,   -1209.525466,   -1108.367801,       0.000000,       0.000000,      -0.000254,       0.000000
901,   3.415000,   -1209.527612,   -1108.314514,   -1209.525466,   -1108.367801,       0.000000,       0.000000,      -0.000223,       0.000000
902,   3.419000,   -1209.527612,   -1108.314514,   -1209.525466,   -1108.367801,       0.000000,       0.000000,      -0.000223,       0.000000
903,   3.420000,   -1209.527612,   -1108.314514,   -1209.525466,   -1108.367801,       0.000000,       0.000000,      -0.000191,       0.000000
904,   3.421000,   -1209.527612,   -1108.314514,   -1209.525466,   -1108.367801,       0.000000,       0.000000,      -0.000191,       0.000000
905,   3.422000,   -1209.527612,   -1108.314514,   -1209.525585,   -1108.367801,       0.000000,       0.000000,      -0.000191,       0.000000
906,   3.423000,   -1209.527612,   -1108.314514,   -1209.525585,   -1108.367920,       0.000000,       0.000000,      -0.000159,       0.000000
907,   3.431000,   -1209.527612,   -1108.314514,   -1209.525585,   -1108.367920,       0.000000,       0.000000,      -0.000159,       0.000000
908,   3.432000,   -1209.527612,   -1108.314514,   -1209.525585,   -1108.367801,       0.000000,       0.000000,      -0.000191,       0.000000
909,   3.435000,   -1209.527612,   -1108.314514,   -1209.525585,   -1108.367801,       0.000000,       0.000000,      -0.000191,       0.000000
910,   3.436000,   -1209.527612,   -1108.314514,   -1209.525585,   -1108.367801,       0.000000,       0.000000,      -0.000223,       0.000000
911,   3.437000,   -1209.527612,   -1108.314514,   -1209.525585,   -1108.367801,       0.000000,       0.000000,      -0.000223,       0.000000
912,   3.438000,   -1209.527612,   -1108.314514,   -1209.525585,   -1108.367801,       0.000000,       0.000000,      -0.000254,       0.000000
913,   3.440000,   -1209.527612,   -1108.314514,   -1209.525585,   -1108.367801,       0.000000,       0.000000,      -0.000254,       0.000000
914,   3.441000,   -1209.527612,   -1108.314514,   -1209.525466,   -1108.367801,       0.000000,       0.000000,      -0.000254,       0.000000
915,   3.442000,   -1209.527612,   -1108.314514,   -1209.525466,   -1108.367801,       0.000000,       0.000000,      -0.000254,       0.000000
916,   3.443000,   -1209.527612,   -1108.314514,   -1209.525466,   -1108.367682,       0.000000,       0.000000,      -0.000286,       0.000000
917,   3.452000,   -1209.527612,   -1108.314514,   -1209.525466,   -1108.367682,       0.000000,       0.000000,      -0.000286,       0.000000
918,   3.453000,   -1209.527612,   -1108.314514,   -1209.525466,   -1108.367801,       0.000000,       0.000000,      -0.000254,       0.000000
919,   3.455000,   -1209.527612,   -1108.314514,   -1209.525466,   -1108.367801,       0.000000,       0.000000,      -0.000254,       0.000000
920,   3.456000,   -1209.527612,   -1108.314514,   -1209.525466,   -1108.367801,       0.000000,       0.000000,      -0.000223,       0.000000
921,   3.457000,   -1209.527612,   -1108.314514,   -1209.525585,   -1108.367801,       0.000000,       0.000000,      -0.000223,       0.000000
922,   3.458000,   -1209.527612,   -1108.314514,   -1209.525585,   -1108.367801,       0.000000,       0.000000,      -0.000223,       0.000000
923,   3.459000,   -1209.527612,   -1108.314514,   -1209.525585,   -1108.367801,       0.000000,       0.000000,      -0.000191,       0.000000
924,   3.461000,   -1209.527612,   -1108.314514,   -1209.525585,   -1108.367801,       0.000000,       0.000000,      -0.000191,       0.000000
925,   3.462000,   -1209.527612,   -1108.314514,   -1209.525585,   -1108.367920,       0.000000,       0.000000,      -0.000159,       0.000000
926,   3.472000,   -1209.527612,   -1108.314514,   -1209.525585,   -1108.367920,       0.000000,       0.000000,      -0.000159,       0.000000
927,   3.473000,   -1209.527612,   -1108.314514,   -1209.525585,   -1108.367801,       0.000000,       0.000000,      -0.000191,       0.000000
928,   3.476000,   -1209.527612,   -1108.314514,   -1209.525585,   -1108.367801,       0.000000,       0.000000,      -0.000191,       0.000000
929,   3.477000,   -1209.527612,   -1108.314514,   -1209.525585,   -1108.367801,       0.000000,       0.000000,      -0.000223,       0.000000
930,   3.479000,   -1209.527612,   -1108.314514,   -1209.525585,   -1108.367801,       0.000000,       0.000000,      -0.000223,       0.000000
931,   3.480000,   -1209.527612,   -1108.314514,   -1209.525466,   -1108.367801,       0.000000,       0.000000,      -0.000223,       0.000000
932,   3.485000,   -1209.527612,   -1108.314514,   -1209.525466,   -1108.367801,       0.000000,       0.000000,      -0.000223,       0.000000
933,   3.486000,   -1209.527612,   -1108.314514,   -1209.525466,   -1108.367801,       0.000000,       0.000000,      -0.000191,       0.000000
934,   3.488000,   -1209.527612,   -1108.314514,   -1209.525466,   -1108.367801,       0.000000,       0.000000,      -0.000191,       0.000000
935,   3.489000,   -1209.527612,   -1108.314514,   -1209.525466,   -1108.367920,       0.000000,       0.000000,      -0.000159,       0.000000
936,   3.490000,   -1209.527612,   -1108.314514,   -1209.525466,   -1108.367920,       0.000000,       0.000000,      -0.000159,       0.000000
937,   3.491000,   -1209.527612,   -1108.314514,   -1209.525466,   -1108.367920,       0.000000,       0.000000,      -0.000127,       0.000000
938,   3.492000,   -1209.527612,   -1108.314514,   -1209.525585,   -1108.367920,       0.000000,       0.000000,      -0.000127,       0.000000
939,   3.493000,   -1209.527612,   -1108.314514,   -1209.525585,   -1108.367920,       0.000000,       0.000000,      -0.000127,       0.000000
940,   3.494000,   -1209.527612,   -1108.314514,   -1209.525585,   -1108.367920,       0.000000,       0.000000,      -0.000095,       0.000000
941,   3.495000,   -1209.527612,   -1108.314514,   -1209.525585,   -1108.367920,       0.000000,       0.000000,      -0.000095,       0.000000
942,   3.496000,   -1209.527612,   -1108.314514,   -1209.525585,   -1108.367920,       0.000000,       0.000000,      -0.000064,       0.000000
943,   3.507000,   -1209.527612,   -1108.314514,   -1209.525585,   -1108.367920,       0.000000,       0.000000,      -0.000064,       0.000000
944,   3.508000,   -1209.527612,   -1108.314514,   -1209.525585,   -1108.367920,       0.000000,       0.000000,      -0.000095,       0.000000
945,   3.510000,   -1209.527612,   -1108.314514,   -1209.525585,   -1108.367920,       0.000000,       0.000000,      -0.000095,       0.000000
946,   3.511000,   -1209.527612,   -1108.314514,   -1209.525585,   -1108.367920,       0.000000,       0.000000,      -0.000127,       0.000000
947,   3.512000,   -1209.527612,   -1108.314514,   -1209.525466,   -1108.367920,       0.000000,       0.000000,      -0.000127,       0.000000
948,   3.513000,   -1209.527612,   -1108.314514,   -1209.525585,   -1108.367920,       0.000000,       0.000000,      -0.000127,       0.000000
949,   3.514000,   -1209.527612,   -1108.314514,   -1209.525585,   -1108.367920,       0.000000,       0.000000,      -0.000127,       0.000000
950,   3.515000,   -1209.527612,   -1108.314514,   -1209.525466,   -1108.367920,       0.000000,       0.000000,      -0.000127,       0.000000
951,   3.516000,   -1209.527612,   -1108.314514,   -1209.525466,   -1108.367920,       0.000000,       0.000000,      -0.000127,       0.000000
952,   3.517000,   -1209.527612,   -1108.314514,   -1209.525585,   -1108.367920,       0.000000,       0.000000,      -0.000127,       0.000000
953,   3.518000,   -1209.527612,   -1108.314514,   -1209.525466,   -1108.367920,       0.000000,       0.000000,      -0.000127,       0.000000
954,   3.520000,   -1209.527612,   -1108.314514,   -1209.525466,   -1108.367920,       0.000000,       0.000000,      -0.000127,       0.000000
955,   3.521000,   -1209.527612,   -1108.314514,   -1209.525466,   -1108.367920,       0.000000,       0.000000,      -0.000095,       0.000000
956,   3.523000,   -1209.527612,   -1108.314514,   -1209.525466,   -1108.367920,       0.000000,       0.000000,      -0.000095,       0.000000
957,   3.524000,   -1209.527612,   -1108.314514,   -1209.525585,   -1108.367920,       0.000000,       0.000000,      -0.000064,       0.000000
958,   3.527000,   -1209.527612,   -1108.314514,   -1209.525585,   -1108.367920,       0.000000,       0.000000,      -0.000064,       0.000000
959,   3.528000,   -1209.527612,   -1108.314514,   -1209.525585,   -1108.368039,       0.000000,       0.000000,      -0.000032,       0.000000
960,   3.530000,   -1209.527612,   -1108.314514,   -1209.525585,   -1108.368039,       0.000000,       0.000000,      -0.000032,       0.000000
961,   3.531000,   -1209.527612,   -1108.314514,   -1209.525585,   -1108.368039,       0.000000,       0.000000,       0.000000,       0.000000
962,   3.544000,   -1209.527612,   -1108.314514,   -1209.525585,   -1108.368039,       0.000000,       0.000000,       0.000000,       0.000000
963,   3.545000,   -1209.527612,   -1108.314514,   -1209.525585,   -1108.368039,       0.000000,       0.000000,      -0.000032,       0.000000
964,   3.546000,   -1209.527612,   -1108.314514,   -1209.525585,   -1108.368039,       0.000000,       0.000000,      -0.000032,       0.000000
965,   3.547000,   -1209.527612,   -1108.314514,   -1209.525466,   -1108.368039,       0.000000,       0.000000,      -0.000032,       0.000000
966,   3.548000,   -1209.527612,   -1108.314514,   -1209.525466,   -1108.368039,       0.000000,       0.000000,      -0.000032,       0.000000
967,   3.549000,   -1209.527612,   -1108.314514,   -1209.525585,   -1108.368039,       0.000000,       0.000000,      -0.000032,       0.000000
968,   3.550000,   -1209.527612,   -1108.314514,   -1209.525466,   -1108.368039,       0.000000,       0.000000,      -0.000032,       0.000000
969,   3.555000,   -1209.527612,   -1108.314514,   -1209.525466,   -1108.368039,       0.000000,       0.000000,      -0.000032,       0.000000
970,   3.556000,   -1209.527612,   -1108.314514,   -1209.525585,   -1108.368039,       0.000000,       0.000000,       0.000000,       0.000000
971,   3.559000,   -1209.527612,   -1108.314514,   -1209.525585,   -1108.368039,       0.000000,       0.000000,       0.000000,       0.000000
972,   3.560000,   -1209.527612,   -1108.314514,   -1209.525585,   -1108.368039,       0.000000,       0.000000,       0.000032,       0.000000
973,   3.562000,   -1209.527612,   -1108.314514,   -1209.525585,   -1108.368039,       0.000000,       0.000000,       0.000032,       0.000000
974,   3.563000,   -1209.527612,   -1108.314514,   -1209.525585,   -1108.368039,       0.000000,       0.000000,       0.000064,       0.000000
975,   3.566000,   -1209.527612,   -1108.314514,   -1209.525585,   -1108.368039,       0.000000,       0.000000,       0.000064,       0.000000
976,   3.567000,   -1209.527612,   -1108.314514,   -1209.525585,   -1108.368158,       0.000000,       0.000000,       0.000095,       0.000000
977,   3.573000,   -1209.527612,   -1108.314514,   -1209.525585,   -1108.368158,       0.000000,       0.000000,       0.000095,       0.000000
978,   3.574000,   -1209.527612,   -1108.314514,   -1209.525585,   -1108.368039,       0.000000,       0.000000,       0.000064,       0.000000
979,   3.577000,   -1209.527612,   -1108.314514,   -1209.525585,   -1108.368039,       0.000000,       0.000000,       0.000064,       0.000000
980,   3.578000,   -1209.527612,   -1108.314514,   -1209.525585,   -1108.368039,       0.000000,       0.000000,       0.000032,       0.000000
981,   3.581000,   -1209.527612,   -1108.314514,   -1209.525585,   -1108.368039,       0.000000,       0.000000,       0.000032,       0.000000
982,   3.582000,   -1209.527612,   -1108.314514,   -1209.525466,   -1108.368039,       0.000000,       0.000000,       0.000032,       0.000000
983,   3.583000,   -1209.527612,   -1108.314514,   -1209.525466,   -1108.368039,       0.000000,       0.000000,       0.000032,       0.000000
984,   3.584000,   -1209.527612,   -1108.314514,   -1209.525585,   -1108.368039,       0.000000,       0.000000,       0.000032,       0.000000
985,   3.585000,   -1209.527612,   -1108.314514,   -1209.525466,   -1108.368039,       0.000000,       0.000000,       0.000032,       0.000000
986,   3.589000,   -1209.527612,   -1108.314514,   -1209.525466,   -1108.368039,       0.000000,       0.000000,       0.000032,       0.000000
987,   3.590000,   -1209.527612,   -1108.314514,   -1209.525466,   -1108.368039,       0.000000,       0.000000,       0.000064,       0.000000
988,   3.591000,   -1209.527612,   -1108.314514,   -1209.525585,   -1108.368039,       0.000000,       0.000000,       0.000064,       0.000000
989,   3.595000,   -1209.527612,   -1108.314514,   -1209.525585,   -1108.368039,       0.000000,       0.000000,       0.000064,       0.000000
990,   3.596000,   -1209.527612,   -1108.314514,   -1209.525585,   -1108.368158,       0.000000,       0.000000,       0.000095,       0.000000
991,   3.599000,   -1209.527612,   -1108.314514,   -1209.525585,   -1108.368158,       0.000000,       0.000000,       0.000095,       0.000000
992,   3.600000,   -1209.527612,   -1108.314514,   -1209.525585,   -1108.368158,       0.000000,       0.000000,       0.000127,       0.000000
993,   3.607000,   -1209.527612,   -1108.314514,   -1209.525585,   -1108.368158,       0.000000,       0.000000,       0.000127,       0.000000
994,   3.608000,   -1209.527612,   -1108.314514,   -1209.525585,   -1108.368158,       0.000000,       0.000000,       0.000095,       0.000000
995,   3.610000,   -1209.527612,   -1108.314514,   -1209.525585,   -1108.368158,       0.000000,       0.000000,       0.000095,       0.000000
996,   3.611000,   -1209.527612,   -1108.314514,   -1209.525585,   -1108.368039,       0.000000,       0.000000,       0.000064,       0.000000
997,   3.620000,   -1209.527612,   -1108.314514,   -1209.525585,   -1108.368039,       0.000000,       0.000000,       0.000064,       0.000000
998,   3.621000,   -1209.527612,   -1108.314514,   -1209.525466,   -1108.368039,       0.000000,       0.000000,       0.000064,       0.000000
999,   3.622000,   -1209.527612,   -1108.314514,   -1209.525466,   -1108.368039,       0.000000,       0.000000,       0.000064,       0.000000
1000,   3.623000,   -1209.527612,   -1108.314514,   -1209.525585,   -1108.368039,       0.000000,       0.000000,       0.000064,       0.000000
1001,   3.624000,   -1209.527612,   -1108.314514,   -1209.525466,   -1108.368039,       0.000000,       0.000000,       0.000064,       0.000000
1002,   3.625000,   -1209.527612,   -1108.314514,   -1209.525466,   -1108.368039,       0.000000,       0.000000,       0.000064,       0.000000
1003,   3.626000,   -1209.527612,   -1108.314514,   -1209.525585,   -1108.368039,       0.000000,       0.000000,       0.000064,       0.000000
1004,   3.627000,   -1209.527612,   -1108.314514,   -1209.525585,   -1108.368039,       0.000000,       0.000000,       0.000064,       0.000000
1005,   3.628000,   -1209.527612,   -1108.314514,   -1209.525466,   -1108.368158,       0.000000,       0.000000,       0.000095,       0.000000
1006,   3.629000,   -1209.527612,   -1108.314514,   -1209.525585,   -1108.368158,       0.000000,       0.000000,       0.000095,       0.000000
1007,   3.634000,   -1209.527612,   -1108.314514,   -1209.525585,   -1108.368158,       0.000000,       0.000000,       0.000095,       0.000000
1008,   3.635000,   -1209.527612,   -1108.314514,   -1209.525585,   -1108.368158,       0.000000,       0.000000,       0.000127,       0.000000
1009,   3.636000,   -1209.527612,   -1108.314514,   -1209.525585,   -1108.368158,       0.000000,       0.000000,       0.000127,       0.000000
1010,   3.637000,   -1209.527612,   -1108.314514,   -1209.525585,   -1108.368158,       0.000000,       0.000000,       0.000095,       0.000000
1011,   3.638000,   -1209.527612,   -1108.314514,   -1209.525585,   -1108.368158,       0.000000,       0.000000,       0.000095,       0.000000
1012,   3.639000,   -1209.527612,   -1108.314514,   -1209.525585,   -1108.368158,       0.000000,       0.000000,       0.000127,       0.000000
1013,   3.640000,   -1209.527612,   -1108.314514,   -1209.525585,   -1108.368158,       0.000000,       0.000000,       0.000127,       0.000000
1014,   3.641000,   -1209.527612,   -1108.314514,   -1209.525585,   -1108.368158,       0.000000,       0.000000,       0.000095,       0.000000
1015,   3.644000,   -1209.527612,   -1108.314514,   -1209.525585,   -1108.368158,       0.000000,       0.000000,       0.000095,       0.000000
1016,   3.645000,   -1209.527612,   -1108.314514,   -1209.525585,   -1108.368039,       0.000000,       0.000000,       0.000064,       0.000000
1017,   3.649000,   -1209.527612,   -1108.314514,   -1209.525585,   -1108.368039,       0.000000,       0.000000,       0.000064,       0.000000
1018,   3.650000,   -1209.527612,   -1108.314514,   -1209.525585,   -1108.368039,       0.000000,       0.000000,       0.000032,       0.000000
1019,   3.660000,   -1209.527612,   -1108.314514,   -1209.525585,   -1108.368039,       0.000000,       0.000000,       0.000032,       0.000000
1020,   3.661000,   -1209.527612,   -1108.314514,   -1209.525585,   -1108.368039,       0.000000,       0.000000,       0.000064,       0.000000
1021,   3.664000,   -1209.527612,   -1108.314514,   -1209.525585,   -1108.368039,       0.000000,       0.000000,       0.000064,       0.000000
1022,   3.665000,   -1209.527612,   -1108.314514,   -1209.525585,   -1108.368158,       0.000000,       0.000000,       0.000095,       0.000000
1023,   3.674000,   -1209.527612,   -1108.314514,   -1209.525585,   -1108.368158,       0.000000,       0.000000,       0.000095,       0.000000
1024,   3.675000,   -1209.527612,   -1108.314514,   -1209.525585,   -1108.368039,       0.000000,       0.000000,       0.000064,       0.000000
1025,   3.679000,   -1209.527612,   -1108.314514,   -1209.525585,   -1108.368039,       0.000000,       0.000000,       0.000064,       0.000000
1026,   3.680000,   -1209.527612,   -1108.314514,   -1209.525585,   -1108.368039,       0.000000,       0.000000,       0.000032,       0.000000
1027,   3.685000,   -1209.527612,   -1108.314514,   -1209.525585,   -1108.368039,       0.000000,       0.000000,       0.000032,       0.000000
1028,   3.686000,   -1209.527612,   -1108.314514,   -1209.525585,   -1108.368039,       0.000000,       0.000000,       0.000000,       0.000000
1029,   3.687000,   -1209.527612,   -1108.314514,   -1209.525585,   -1108.368039,       0.000000,       0.000000,       0.000000,       0.000000
1030,   3.688000,   -1209.527612,   -1108.314514,   -1209.525466,   -1108.368039,       0.000000,       0.000000,       0.000000,       0.000000
1031,   3.689000,   -1209.527612,   -1108.314514,   -1209.525585,   -1108.368039,       0.000000,       0.000000,       0.000000,       0.000000
1032,   3.690000,   -1209.527612,   -1108.314514,   -1209.525466,   -1108.368039,       0.000000,       0.000000,       0.000000,       0.000000
1033,   3.691000,   -1209.527612,   -1108.314514,   -1209.525466,   -1108.368039,       0.000000,       0.000000,       0.000000,       0.000000
1034,   3.692000,   -1209.527612,   -1108.314514,   -1209.525585,   -1108.368039,       0.000000,       0.000000,       0.000000,       0.000000
1035,   3.693000,   -1209.527612,   -1108.314514,   -1209.525585,   -1108.368039,       0.000000,       0.000000,       0.000032,       0.000000
1036,   3.698000,   -1209.527612,   -1108.314514,   -1209.525585,   -1108.368039,       0.000000,       0.000000,       0.000032,       0.000000
1037,   3.699000,   -1209.527612,   -1108.314514,   -1209.525585,   -1108.368039,       0.000000,       0.000000,       0.000064,       0.000000
1038,   3.712000,   -1209.527612,   -1108.314514,   -1209.525585,   -1108.368039,       0.000000,       0.000000,       0.000064,       0.000000
1039,   3.713000,   -1209.527612,   -1108.314514,   -1209.525585,   -1108.368039,       0.000000,       0.000000,       0.000032,       0.000000
1040,   3.716000,   -1209.527612,   -1108.314514,   -1209.525585,   -1108.368039,       0.000000,       0.000000,       0.000032,       0.000000
1041,   3.717000,   -1209.527612,   -1108.314514,   -1209.525585,   -1108.368039,       0.000000,       0.000000,       0.000000,       0.000000
1042,   3.721000,   -1209.527612,   -1108.314514,   -1209.525585,   -1108.368039,       0.000000,       0.000000,       0.000000,       0.000000
1043,   3.722000,   -1209.527612,   -1108.314514,   -1209.525585,   -1108.368039,       0.000000,       0.000000,      -0.000032,       0.000000
1044,   3.723000,   -1209.527612,   -1108.314514,   -1209.525466,   -1108.368039,       0.000000,       0.000000,      -0.000032,       0.000000
1045,   3.724000,   -1209.527612,   -1108.314514,   -1209.525585,   -1108.368039,       0.000000,       0.000000,      -0.000032,       0.000000
1046,   3.725000,   -1209.527612,   -1108.314514,   -1209.525585,   -1108.368039,       0.000000,       0.000000,      -0.000032,       0.000000
1047,   3.726000,   -1209.527612,   -1108.314514,   -1209.525466,   -1108.368039,       0.000000,       0.000000,      -0.000032,       0.000000
1048,   3.727000,   -1209.527612,   -1108.314514,   -1209.525466,   -1108.368039,       0.000000,       0.000000,      -0.000032,       0.000000
1049,   3.728000,   -1209.527612,   -1108.314514,   -1209.525585,   -1108.368039,       0.000000,       0.000000,      -0.000032,       0.000000
1050,   3.729000,   -1209.527612,   -1108.314514,   -1209.525466,   -1108.368039,       0.000000,       0.000000,      -0.000032,       0.000000
1051,   3.730000,   -1209.527612,   -1108.314514,   -1209.525466,   -1108.368039,       0.000000,       0.000000,       0.000000,       0.000000
1052,   3.731000,   -1209.527612,   -1108.314514,   -1209.525585,   -1108.368039,       0.000000,       0.000000,       0.000000,       0.000000
1053,   3.738000,   -1209.527612,   -1108.314514,   -1209.525585,   -1108.368039,       0.000000,       0.000000,       0.000000,       0.000000
1054,   3.739000,   -1209.527612,   -1108.314514,   -1209.525585,   -1108.368039,       0.000000,       0.000000,       0.000032,       0.000000
1055,   3.744000,   -1209.527612,   -1108.314514,   -1209.525585,   -1108.368039,       0.000000,       0.000000,       0.000032,       0.000000
1056,   3.745000,   -1209.527612,   -1108.314514,   -1209.525585,   -1108.368039,       0.000000,       0.000000,       0.000000,       0.000000
1057,   3.750000,   -1209.527612,   -1108.314514,   -1209.525585,   -1108.368039,       0.000000,       0.000000,       0.000000,       0.000000
1058,   3.751000,   -1209.527612,   -1108.314514,   -1209.525585,   -1108.368039,       0.000000,       0.000000,      -0.000032,       0.000000
1059,   3.757000,   -1209.527612,   -1108.314514,   -1209.525585,   -1108.368039,       0.000000,       0.000000,      -0.000032,       0.000000
1060,   3.758000,   -1209.527612,   -1108.314514,   -1209.525585,   -1108.367920,       0.000000,       0.000000,      -0.000064,       0.000000
1061,   3.760000,   -1209.527612,   -1108.314514,   -1209.525585,   -1108.367920,       0.000000,       0.000000,      -0.000064,       0.000000
1062,   3.761000,   -1209.527612,   -1108.314514,   -1209.525466,   -1108.367920,       0.000000,       0.000000,      -0.000064,       0.000000
1063,   3.762000,   -1209.527612,   -1108.314514,   -1209.525466,   -1108.367920,       0.000000,       0.000000,      -0.000064,       0.000000
1064,   3.763000,   -1209.527612,   -1108.314514,   -1209.525585,   -1108.367920,       0.000000,       0.000000,      -0.000064,       0.000000
1065,   3.764000,   -1209.527612,   -1108.314514,   -1209.525466,   -1108.367920,       0.000000,       0.000000,      -0.000064,       0.000000
1066,   3.765000,   -1209.527612,   -1108.314514,   -1209.525466,   -1108.367920,       0.000000,       0.000000,      -0.000064,       0.000000
1067,   3.766000,   -1209.527612,   -1108.314514,   -1209.525585,   -1108.368039,       0.000000,       0.000000,      -0.000032,       0.000000
1068,   3.767000,   -1209.527612,   -1108.314514,   -1209.525585,   -1108.368039,       0.000000,       0.000000,      -0.000032,       0.000000
1069,   3.768000,   -1209.527612,   -1108.314514,   -1209.525466,   -1108.368039,       0.000000,       0.000000,      -0.000032,       0.000000
1070,   3.769000,   -1209.527612,   -1108.314514,   -1209.525585,   -1108.368039,       0.000000,       0.000000,      -0.000032,       0.000000
1071,   3.770000,   -1209.527612,   -1108.314514,   -1209.525585,   -1108.368039,       0.000000,       0.000000,      -0.000032,       0.000000
1072,   3.771000,   -1209.527612,   -1108.314514,   -1209.525585,   -1108.368039,       0.000000,       0.000000,       0.000000,       0.000000
1073,   3.777000,   -1209.527612,   -1108.314514,   -1209.525585,   -1108.368039,       0.000000,       0.000000,       0.000000,       0.000000
1074,   3.778000,   -1209.527612,   -1108.314514,   -1209.525585,   -1108.368039,       0.000000,       0.000000,       0.000032,       0.000000
1075,   3.784000,   -1209.527612,   -1108.314514,   -1209.525585,   -1108.368039,       0.000000,       0.000000,       0.000032,       0.000000
1076,   3.785000,   -1209.527612,   -1108.314514,   -1209.525585,   -1108.368039,       0.000000,       0.000000,       0.000000,       0.000000
1077,   3.787000,   -1209.527612,   -1108.314514,   -1209.525585,   -1108.368039,       0.000000,       0.000000,       0.000000,       0.000000
1078,   3.788000,   -1209.527612,   -1108.314514,   -1209.525585,   -1108.368039,       0.000000,       0.000000,      -0.000032,       0.000000
1079,   3.792000,   -1209.527612,   -1108.314514,   -1209.525585,   -1108.368039,       0.000000,       0.000000,      -0.000032,       0.000000
1080,   3.793000,   -1209.527612,   -1108.314514,   -1209.525585,   -1108.367920,       0.000000,       0.000000,      -0.000064,       0.000000
1081,   3.795000,   -1209.527612,   -1108.314514,   -1209.525585,   -1108.367920,       0.000000,       0.000000,      -0.000064,       0.000000
1082,   3.796000,   -1209.527612,   -1108.314514,   -1209.525466,   -1108.367920,       0.000000,       0.000000,      -0.000064,       0.000000
1083,   3.797000,   -1209.527612,   -1108.314514,   -1209.525466,   -1108.367920,       0.000000,       0.000000,      -0.000064,       0.000000
1084,   3.798000,   -1209.527612,   -1108.314514,   -1209.525585,   -1108.367920,       0.000000,       0.000000,      -0.000064,       0.000000
1085,   3.799000,   -1209.527612,   -1108.314514,   -1209.525466,   -1108.367920,       0.000000,       0.000000,      -0.000064,       0.000000
1086,   3.800000,   -1209.527612,   -1108.314514,   -1209.525466,   -1108.367920,       0.000000,       0.000000,      -0.000064,       0.000000
1087,   3.801000,   -1209.527612,   -1108.314514,   -1209.525585,   -1108.367920,       0.000000,       0.000000,      -0.000064,       0.000000
1088,   3.802000,   -1209.527612,   -1108.314514,   -1209.525585,   -1108.367920,       0.000000,       0.000000,      -0.000064,       0.000000
1089,   3.803000,   -1209.527612,   -1108.314514,   -1209.525466,   -1108.368039,       0.000000,       0.000000,      -0.000032,       0.000000
1090,   3.804000,   -1209.527612,   -1108.314514,   -1209.525466,   -1108.368039,       0.000000,       0.000000,      -0.000032,       0.000000
1091,   3.805000,   -1209.527612,   -1108.314514,   -1209.525585,   -1108.368039,       0.000000,       0.000000,      -0.000032,       0.000000
1092,   3.808000,   -1209.527612,   -1108.314514,   -1209.525585,   -1108.368039,       0.000000,       0.000000,      -0.000032,       0.000000
1093,   3.809000,   -1209.527612,   -1108.314514,   -1209.525585,   -1108.368039,       0.000000,       0.000000,       0.000000,       0.000000
1094,   3.819000,   -1209.527612,   -1108.314514,   -1209.525585,   -1108.368039,       0.000000,       0.000000,       0.000000,       0.000000
1095,   3.820000,   -1209.527612,   -1108.314514,   -1209.525585,   -1108.368039,       0.000000,       0.000000,      -0.000032,       0.000000
1096,   3.827000,   -1209.527612,   -1108.314514,   -1209.525585,   -1108.368039,       0.000000,       0.000000,      -0.000032,       0.000000
1097,   3.828000,   -1209.527612,   -1108.314514,   -1209.525585,   -1108.367920,       0.000000,       0.000000,      -0.000064,       0.000000
1098,   3.830000,   -1209.527612,   -1108.314514,   -1209.525585,   -1108.367920,       0.000000,       0.000000,      -0.000064,       0.000000
1099,   3.831000,   -1209.527612,   -1108.314514,   -1209.525466,   -1108.367920,       0.000000,       0.000000,      -0.000064,       0.000000
1100,   3.832000,   -1209.527612,   -1108.314514,   -1209.525466,   -1108.367920,       0.000000,       0.000000,      -0.000064,       0.000000
1101,   3.833000,   -1209.527612,   -1108.314514,   -1209.525585,   -1108.367920,       0.000000,       0.000000,      -0.000064,       0.000000
1102,   3.834000,   -1209.527612,   -1108.314514,   -1209.525585,   -1108.367920,       0.000000,       0.000000,      -0.000064,       0.000000
1103,   3.835000,   -1209.527612,   -1108.314514,   -1209.525466,   -1108.367920,       0.000000,       0.000000,      -0.000064,       0.000000
1104,   3.836000,   -1209.527612,   -1108.314514,   -1209.525585,   -1108.367920,       0.000000,       0.000000,      -0.000064,       0.000000
1105,   3.837000,   -1209.527612,   -1108.314514,   -1209.525585,   -1108.368039,       0.000000,       0.000000,      -0.000032,       0.000000
1106,   3.838000,   -1209.527612,   -1108.314514,   -1209.525585,   -1108.368039,       0.000000,       0.000000,      -0.000032,       0.000000
1107,   3.839000,   -1209.527612,   -1108.314514,   -1209.525466,   -1108.368039,       0.000000,       0.000000,      -0.000032,       0.000000
1108,   3.840000,   -1209.527612,   -1108.314514,   -1209.525585,   -1108.368039,       0.000000,       0.000000,      -0.000032,       0.000000
1109,   3.844000,   -1209.527612,   -1108.314514,   -1209.525585,   -1108.368039,       0.000000,       0.000000,      -0.000032,       0.000000
1110,   3.845000,   -1209.527612,   -1108.314514,   -1209.525585,   -1108.368039,       0.000000,       0.000000,       0.000000,       0.000000
1111,   3.852000,   -1209.527612,   -1108.314514,   -1209.525585,   -1108.368039,       0.000000,       0.000000,       0.000000,       0.000000
1112,   3.853000,   -1209.527612,   -1108.314514,   -1209.525466,   -1108.368039,       0.000000,       0.000000,       0.000000,       0.000000
1113,   3.854000,   -1209.527612,   -1108.314514,   -1209.525585,   -1108.368039,       0.000000,       0.000000,       0.000000,       0.000000
1114,   3.855000,   -1209.527612,   -1108.314514,   -1209.525585,   -1108.368039,       0.000000,       0.000000,      -0.000032,       0.000000
1115,   3.856000,   -1209.527612,   -1108.314514,   -1209.525466,   -1108.368039,       0.000000,       0.000000,      -0.000032,       0.000000
1116,   3.857000,   -1209.527612,   -1108.314514,   -1209.525466,   -1108.368039,       0.000000,       0.000000,      -0.000032,       0.000000
1117,   3.858000,   -1209.527612,   -1108.314514,   -1209.525585,   -1108.368039,       0.000000,       0.000000,      -0.000032,       0.000000
1118,   3.859000,   -1209.527612,   -1108.314514,   -1209.525585,   -1108.368039,       0.000000,       0.000000,      -0.000032,       0.000000
1119,   3.860000,   -1209.527612,   -1108.314514,   -1209.525585,   -1108.367920,       0.000000,       0.000000,      -0.000064,       0.000000
1120,   3.862000,   -1209.527612,   -1108.314514,   -1209.525585,   -1108.367920,       0.000000,       0.000000,      -0.000064,       0.000000
1121,   3.863000,   -1209.527612,   -1108.314514,   -1209.525585,   -1108.367920,       0.000000,       0.000000,      -0.000095,       0.000000
1122,   3.864000,   -1209.527612,   -1108.314514,   -1209.525585,   -1108.367920,       0.000000,       0.000000,      -0.000127,       0.000000
1123,   3.865000,   -1209.527612,   -1108.314514,   -1209.525585,   -1108.367920,       0.000038,       0.000000,      -0.000127,       0.000000
1124,   3.866000,   -1209.527612,   -1108.314514,   -1209.525585,   -1108.367920,       0.000000,       0.000000,      -0.000127,       0.000000
1125,   3.867000,   -1209.527612,   -1108.314514,   -1209.525585,   -1108.367920,       0.000038,       0.000000,      -0.000095,       0.000000
1126,   3.868000,   -1209.527612,   -1108.314514,   -1209.525585,   -1108.367920,       0.000038,       0.000000,      -0.000127,       0.000000
1127,   3.869000,   -1209.527612,   -1108.314514,   -1209.525585,   -1108.367920,       0.000038,       0.000000,      -0.000127,       0.000000
1128,   3.870000,   -1209.527612,   -1108.314514,   -1209.525585,   -1108.367920,       0.000000,       0.000000,      -0.000095,       0.000000
1129,   3.871000,   -1209.527612,   -1108.314514,   -1209.525585,   -1108.367920,       0.000000,       0.000000,      -0.000127,       0.000000
1130,   3.872000,   -1209.527612,   -1108.314514,   -1209.525585,   -1108.367920,       0.000000,       0.000000,      -0.000127,       0.000000
1131,   3.873000,   -1209.527612,   -1108.314514,   -1209.525585,   -1108.367920,       0.000000,       0.000000,      -0.000095,       0.000000
1132,   3.875000,   -1209.527612,   -1108.314514,   -1209.525585,   -1108.367920,       0.000000,       0.000000,      -0.000095,       0.000000
1133,   3.876000,   -1209.527612,   -1108.314514,   -1209.525585,   -1108.367920,       0.000000,       0.000000,      -0.000127,       0.000000
1134,   3.877000,   -1209.527612,   -1108.314514,   -1209.525466,   -1108.367920,       0.000000,       0.000000,      -0.000095,       0.000000
1135,   3.879000,   -1209.527612,   -1108.314514,   -1209.525466,   -1108.367920,       0.000000,       0.000000,      -0.000095,       0.000000
1136,   3.880000,   -1209.527612,   -1108.314514,   -1209.525466,   -1108.367920,       0.000000,       0.000000,      -0.000064,       0.000000
1137,   3.881000,   -1209.527612,   -1108.314514,   -1209.525466,   -1108.368039,       0.000000,       0.000000,      -0.000032,       0.000000
1138,   3.882000,   -1209.527612,   -1108.314395,   -1209.525466,   -1108.368039,       0.000000,       0.000000,      -0.000032,       0.000000
1139,   3.883000,   -1209.527612,   -1108.314276,   -1209.525466,   -1108.368039,       0.000000,       0.000000,      -0.000032,       0.000000
1140,   3.884000,   -1209.527612,   -1108.314037,   -1209.525466,   -1108.368039,       0.000000,       0.000000,      -0.000032,       0.000000
1141,   3.885000,   -1209.527612,   -1108.313560,   -1209.525466,   -1108.368039,       0.000000,       0.000000,       0.000000,       0.000000
1142,   3.886000,   -1209.527612,   -1108.313084,   -1209.525466,   -1108.368039,       0.000000,       0.000000,       0.000064,       0.000000
1143,   3.887000,   -1209.527612,   -1108.312368,   -1209.525466,   -1108.368039,       0.000000,       0.000000,       0.000064,       0.000000
1144,   3.888000,   -1209.527612,   -1108.311415,   -1209.525466,   -1108.368158,       0.000000,       0.000000,       0.000127,       0.000000
1145,   3.889000,   -1209.527612,   -1108.310342,   -1209.525466,   -1108.368158,       0.000000,       0.000000,       0.000127,       0.000000
1146,   3.890000,   -1209.527612,   -1108.308911,   -1209.525466,   -1108.368158,       0.000000,       0.000000,       0.000159,       0.000000
1147,   3.891000,   -1209.527612,   -1108.307242,   -1209.525466,   -1108.368158,       0.000000,       0.000000,       0.000223,       0.000000
1148,   3.892000,   -1209.527612,   -1108.305335,   -1209.525466,   -1108.368158,       0.000000,       0.000000,       0.000286,       0.000000
1149,   3.893000,   -1209.527612,   -1108.303070,   -1209.525466,   -1108.368158,      -0.000038,       0.000000,       0.000413,       0.000000
1150,   3.894000,   -1209.527612,   -1108.300447,   -1209.525466,   -1108.368158,      -0.000038,       0.000000,       0.000604,       0.000000
1151,   3.895000,   -1209.527612,   -1108.297467,   -1209.525466,   -1108.368158,      -0.000038,       0.000000,       0.000795,       0.000000
1152,   3.896000,   -1209.527612,   -1108.294010,   -1209.525466,   -1108.368158,      -0.000038,       0.000000,       0.001049,       0.000000
1153,   3.897000,   -1209.527612,   -1108.290195,   -1209.525466,   -1108.368039,      -0.000038,       0.000000,       0.001367,       0.000000
1154,   3.898000,   -1209.527612,   -1108.285904,   -1209.525466,   -1108.367920,      -0.000038,       0.000000,       0.001717,       0.000000
1155,   3.899000,   -1209.527612,   -1108.281136,   -1209.525585,   -1108.367801,       0.000000,       0.000000,       0.002162,       0.000000
1156,   3.900000,   -1209.527612,   -1108.275890,   -1209.525585,   -1108.367562,       0.000000,       0.000000,       0.002702,       0.000000
1157,   3.901000,   -1209.527612,   -1108.270168,   -1209.525704,   -1108.367324,       0.000038,       0.000000,       0.003370,       0.000000
1158,   3.902000,   -1209.527612,   -1108.263850,   -1209.525704,   -1108.367085,       0.000038,       0.000000,       0.004228,       0.000000
1159,   3.903000,   -1209.527612,   -1108.256936,   -1209.525704,   -1108.366728,       0.000038,       0.000000,       0.005182,       0.000000
1160,   3.904000,   -1209.527612,   -1108.249426,   -1209.525704,   -1108.366251,       0.000038,       0.000000,       0.006326,       0.000000
1161,   3.905000,   -1209.527612,   -1108.241320,   -1209.525704,   -1108.365774,       0.000038,       0.000000,       0.007598,       0.000000
1162,   3.906000,   -1209.527612,   -1108.232498,   -1209.525704,   -1108.365059,       0.000038,       0.000000,       0.008965,       0.000000
1163,   3.907000,   -1209.527612,   -1108.223081,   -1209.525704,   -1108.364105,       0.000038,       0.000000,       0.010459,       0.000000
1164,   3.908000,   -1209.527612,   -1108.212948,   -1209.525585,   -1108.363032,       0.000038,       0.000000,       0.012112,       0.000000
1165,   3.909000,   -1209.527612,   -1108.202219,   -1209.525585,   -1108.361602,       0.000000,       0.000000,       0.013893,       0.000000
1166,   3.910000,   -1209.527612,   -1108.190894,   -1209.525585,   -1108.360052,       0.000038,       0.000000,       0.015832,       0.000000
1167,   3.911000,   -1209.527612,   -1108.178973,   -1209.525585,   -1108.358145,       0.000000,       0.000000,       0.017803,       0.000000
1168,   3.912000,   -1209.527612,   -1108.166456,   -1209.525585,   -1108.355880,       0.000000,       0.000000,       0.019933,       0.000000
1169,   3.913000,   -1209.527612,   -1108.153462,   -1209.525585,   -1108.353376,       0.000000,       0.000000,       0.022158,       0.000000
1170,   3.914000,   -1209.527612,   -1108.139873,   -1209.525585,   -1108.350277,       0.000000,       0.000000,       0.024415,       0.000000
1171,   3.915000,   -1209.527612,   -1108.125925,   -1209.525585,   -1108.346820,       0.000038,       0.000000,       0.026704,       0.000000
1172,   3.916000,   -1209.527612,   -1108.111382,   -1209.525585,   -1108.342886,       0.000000,       0.000000,       0.029152,       0.000000
1173,   3.917000,   -1209.527612,   -1108.096480,   -1209.525585,   -1108.338475,       0.000000,       0.000000,       0.031505,       0.000000
1174,   3.918000,   -1209.527612,   -1108.081222,   -1209.525585,   -1108.333468,       0.000000,       0.000000,       0.033953,       0.000000
1175,   3.919000,   -1209.527612,   -1108.065486,   -1209.525585,   -1108.327985,       0.000000,       0.000000,       0.036401,       0.000000
1176,   3.920000,   -1209.527612,   -1108.049512,   -1209.525585,   -1108.321786,       0.000000,       0.000000,       0.038817,       0.000000
1177,   3.921000,   -1209.527612,   -1108.033180,   -1209.525585,   -1108.315110,       0.000000,       0.000000,       0.041297,       0.000000
1178,   3.922000,   -1209.527612,   -1108.016491,   -1209.525585,   -1108.307838,       0.000000,       0.000000,       0.043713,       0.000000
1179,   3.923000,   -1209.527612,   -1107.999444,   -1209.525585,   -1108.299971,       0.000000,       0.000000,       0.046065,       0.000000
1180,   3.924000,   -1209.527612,   -1107.982278,   -1209.525585,   -1108.291507,       0.000000,       0.000000,       0.048386,       0.000000
1181,   3.925000,   -1209.527612,   -1107.964754,   -1209.525585,   -1108.282328,       0.000000,       0.000000,       0.050611,       0.000000
1182,   3.926000,   -1209.527612,   -1107.947111,   -1209.525466,   -1108.272552,      -0.000038,       0.000000,       0.052805,       0.000000
1183,   3.927000,   -1209.527612,   -1107.929349,   -1209.525466,   -1108.262181,      -0.000038,       0.000000,       0.054967,       0.000000
1184,   3.928000,   -1209.527612,   -1107.911348,   -1209.525466,   -1108.251214,      -0.000038,       0.000000,       0.056938,       0.000000
1185,   3.929000,   -1209.527612,   -1107.893109,   -1209.525466,   -1108.239532,      -0.000038,       0.000000,       0.058750,       0.000000
1186,   3.930000,   -1209.527612,   -1107.874870,   -1209.525466,   -1108.227491,      -0.000038,       0.000000,       0.060530,       0.000000
1187,   3.931000,   -1209.527612,   -1107.856631,   -1209.525585,   -1108.214617,      -0.000038,       0.000000,       0.062056,       0.000000
1188,   3.932000,   -1209.527612,   -1107.838273,   -1209.525585,   -1108.201265,      -0.000038,       0.000000,       0.063487,       0.000000
1189,   3.933000,   -1209.527612,   -1107.819796,   -1209.525585,   -1108.187318,      -0.000038,       0.000000,       0.064758,       0.000000
1190,   3.934000,   -1209.527612,   -1107.801437,   -1209.525585,   -1108.173013,      -0.000038,       0.000000,       0.065935,       0.000000
1191,   3.935000,   -1209.527612,   -1107.782960,   -1209.525585,   -1108.157992,      -0.000038,       0.000000,       0.066825,       0.000000
1192,   3.936000,   -1209.527612,   -1107.764602,   -1209.525585,   -1108.142495,      -0.000038,       0.000000,       0.067619,       0.000000
1193,   3.937000,   -1209.527612,   -1107.746363,   -1209.525585,   -1108.126760,      -0.000038,       0.000000,       0.068319,       0.000000
1194,   3.938000,   -1209.527612,   -1107.728124,   -1209.525704,   -1108.110428,      -0.000038,       0.000000,       0.068764,       0.000000
1195,   3.939000,   -1209.527612,   -1107.710123,   -1209.525704,   -1108.093739,      -0.000038,       0.000000,       0.069145,       0.000000
1196,   3.940000,   -1209.527612,   -1107.692122,   -1209.525585,   -1108.076811,      -0.000038,       0.000000,       0.069400,       0.000000
1197,   3.941000,   -1209.527612,   -1107.674360,   -1209.525585,   -1108.059406,      -0.000038,       0.000000,       0.069495,       0.000000
1198,   3.942000,   -1209.527612,   -1107.656837,   -1209.525585,   -1108.041763,       0.000000,       0.000000,       0.069463,       0.000000
1199,   3.943000,   -1209.527612,   -1107.639432,   -1209.525585,   -1108.024001,       0.000000,       0.000000,       0.069368,       0.000000
1200,   3.944000,   -1209.527612,   -1107.622266,   -1209.525585,   -1108.005762,       0.000000,       0.000000,       0.069050,       0.000000
1201,   3.945000,   -1209.527612,   -1107.605457,   -1209.525585,   -1107.987404,       0.000000,       0.000000,       0.068669,       0.000000
1202,   3.946000,   -1209.527612,   -1107.588887,   -1209.525585,   -1107.968926,       0.000000,       0.000000,       0.068223,       0.000000
1203,   3.947000,   -1209.527612,   -1107.572675,   -1209.525585,   -1107.950330,       0.000000,       0.000000,       0.067651,       0.000000
1204,   3.948000,   -1209.527612,   -1107.556820,   -1209.525585,   -1107.931495,       0.000000,       0.000000,       0.066888,       0.000000
1205,   3.949000,   -1209.527612,   -1107.541203,   -1209.525585,   -1107.912540,       0.000000,       0.000000,       0.066125,       0.000000
1206,   3.950000,   -1209.527612,   -1107.526064,   -1209.525585,   -1107.893705,       0.000000,       0.000000,       0.065267,       0.000000
1207,   3.951000,   -1209.527612,   -1107.511401,   -1209.525585,   -1107.874632,       0.000000,       0.000000,       0.064281,       0.000000
1208,   3.952000,   -1209.527612,   -1107.497096,   -1209.525585,   -1107.855797,       0.000000,       0.000000,       0.063264,       0.000000
1209,   3.953000,   -1209.527612,   -1107.483268,   -1209.525585,   -1107.836843,       0.000000,       0.000000,       0.062215,       0.000000
1210,   3.954000,   -1209.527612,   -1107.470036,   -1209.525585,   -1107.818007,       0.000000,       0.000000,       0.061007,       0.000000
1211,   3.955000,   -1209.527612,   -1107.457161,   -1209.525585,   -1107.799172,       0.000000,       0.000000,       0.059767,       0.000000
1212,   3.956000,   -1209.527612,   -1107.445002,   -1209.525585,   -1107.780576,       0.000000,       0.000000,       0.058464,       0.000000
1213,   3.957000,   -1209.527612,   -1107.433319,   -1209.525466,   -1107.761979,       0.000000,       0.000000,       0.057097,       0.000000
1214,   3.958000,   -1209.527612,   -1107.422233,   -1209.525466,   -1107.743621,       0.000000,       0.000000,       0.055634,       0.000000
1215,   3.959000,   -1209.527612,   -1107.411742,   -1209.525466,   -1107.725501,       0.000000,       0.000000,       0.054172,       0.000000
1216,   3.960000,   -1209.527612,   -1107.401848,   -1209.525466,   -1107.707620,       0.000000,       0.000000,       0.052646,       0.000000
1217,   3.961000,   -1209.527612,   -1107.392669,   -1209.525466,   -1107.689977,       0.000000,       0.000000,       0.051088,       0.000000
1218,   3.962000,   -1209.527612,   -1107.384205,   -1209.525466,   -1107.672572,       0.000000,       0.000000,       0.049403,       0.000000
1219,   3.963000,   -1209.527612,   -1107.376337,   -1209.525466,   -1107.655525,       0.000000,       0.000000,       0.047718,       0.000000
1220,   3.964000,   -1209.527612,   -1107.369065,   -1209.525466,   -1107.638717,       0.000000,       0.000000,       0.046002,       0.000000
1221,   3.965000,   -1209.527612,   -1107.362390,   -1209.525466,   -1107.622385,       0.000000,       0.000000,       0.044253,       0.000000
1222,   3.966000,   -1209.527612,   -1107.356310,   -1209.525466,   -1107.606411,       0.000000,       0.000000,       0.042441,       0.000000
1223,   3.967000,   -1209.527612,   -1107.350826,   -1209.525466,   -1107.590795,       0.000000,       0.000000,       0.040565,       0.000000
1224,   3.968000,   -1209.527612,   -1107.345819,   -1209.525466,   -1107.575655,       0.000000,       0.000000,       0.038658,       0.000000
1225,   3.969000,   -1209.527612,   -1107.341170,   -1209.525466,   -1107.560992,       0.000000,       0.000000,       0.036687,       0.000000
1226,   3.970000,   -1209.527612,   -1107.337117,   -1209.525466,   -1107.546687,       0.000000,       0.000000,       0.034620,       0.000000
1227,   3.971000,   -1209.527612,   -1107.333422,   -1209.525466,   -1107.532859,       0.000000,       0.000000,       0.032522,       0.000000
1228,   3.972000,   -1209.527612,   -1107.330203,   -1209.525466,   -1107.519627,       0.000000,       0.000000,       0.030456,       0.000000
1229,   3.973000,   -1209.527612,   -1107.327461,   -1209.525466,   -1107.506871,       0.000000,       0.000000,       0.028230,       0.000000
1230,   3.974000,   -1209.527612,   -1107.324958,   -1209.525466,   -1107.494593,       0.000038,       0.000000,       0.026069,       0.000000
1231,   3.975000,   -1209.527612,   -1107.322812,   -1209.525466,   -1107.482910,       0.000000,       0.000000,       0.023811,       0.000000
1232,   3.976000,   -1209.527612,   -1107.321024,   -1209.525466,   -1107.471943,       0.000000,       0.000000,       0.021650,       0.000000
1233,   3.977000,   -1209.527612,   -1107.319474,   -1209.525466,   -1107.461333,       0.000000,       0.000000,       0.019393,       0.000000
1234,   3.978000,   -1209.527612,   -1107.318163,   -1209.525466,   -1107.451439,       0.000000,       0.000000,       0.017199,       0.000000
1235,   3.979000,   -1209.527612,   -1107.317090,   -1209.525466,   -1107.442141,       0.000000,       0.000000,       0.015069,       0.000000
1236,   3.980000,   -1209.527612,   -1107.316256,   -1209.525466,   -1107.433438,       0.000000,       0.000000,       0.013003,       0.000000
1237,   3.981000,   -1209.527612,   -1107.315660,   -1209.525466,   -1107.425332,       0.000038,       0.000000,       0.010968,       0.000000
1238,   3.982000,   -1209.527612,   -1107.315183,   -1209.525466,   -1107.417822,       0.000038,       0.000000,       0.009060,       0.000000
1239,   3.983000,   -1209.527612,   -1107.314944,   -1209.525466,   -1107.410908,       0.000038,       0.000000,       0.007217,       0.000000
1240,   3.984000,   -1209.527612,   -1107.314706,   -1209.525466,   -1107.404590,       0.000038,       0.000000,       0.005500,       0.000000
1241,   3.985000,   -1209.527612,   -1107.314587,   -1209.525466,   -1107.398868,       0.000038,       0.000000,       0.003974,       0.000000
1242,   3.986000,   -1209.527612,   -1107.314467,   -1209.525466,   -1107.393622,       0.000038,       0.000000,       0.002416,       0.000000
1243,   3.987000,   -1209.527612,   -1107.314467,   -1209.525466,   -1107.388973,       0.000038,       0.000000,       0.001113,       0.000000
1244,   3.988000,   -1209.527612,   -1107.314467,   -1209.525466,   -1107.384801,       0.000038,       0.000000,      -0.000032,       0.000000
1245,   3.989000,   -1209.527612,   -1107.314467,   -1209.525466,   -1107.381105,       0.000038,       0.000000,      -0.001081,       0.000000
1246,   3.990000,   -1209.527612,   -1107.314467,   -1209.525466,   -1107.378006,       0.000038,       0.000000,      -0.001939,       0.000000
1247,   3.991000,   -1209.527612,   -1107.314467,   -1209.525466,   -1107.375264,       0.000038,       0.000000,      -0.002639,       0.000000
1248,   3.992000,   -1209.527612,   -1107.314467,   -1209.525466,   -1107.372999,       0.000038,       0.000000,      -0.003243,       0.000000
1249,   3.993000,   -1209.527612,   -1107.314467,   -1209.525466,   -1107.371092,       0.000038,       0.000000,      -0.003688,       0.000000
1250,   3.994000,   -1209.527731,   -1107.314467,   -1209.525466,   -1107.369542,       0.000038,       0.000000,      -0.003974,       0.000000
1251,   3.995000,   -1209.527850,   -1107.314467,   -1209.525466,   -1107.368469,       0.000000,       0.000000,      -0.004069,       0.000000
1252,   3.996000,   -1209.528208,   -1107.314467,   -1209.525466,   -1107.367635,       0.000000,       0.000000,      -0.004101,       0.000000
1253,   3.997000,   -1209.528565,   -1107.314467,   -1209.525466,   -1107.367039,       0.000000,       0.000000,      -0.003974,       0.000000
1254,   3.998000,   -1209.529042,   -1107.314467,   -1209.525466,   -1107.366681,       0.000000,       0.000000,      -0.003751,       0.000000
1255,   3.999000,   -1209.529757,   -1107.314467,   -1209.525466,   -1107.366562,      -0.000038,       0.000000,      -0.003433,       0.000000
1256,   4.000000,   -1209.530711,   -1107.314467,   -1209.525466,   -1107.366681,      -0.000038,       0.000000,      -0.003020,       0.000000
1257,   4.001000,   -1209.531784,   -1107.314467,   -1209.525466,   -1107.366920,      -0.000038,       0.000000,      -0.002575,       0.000000
1258,   4.002000,   -1209.533215,   -1107.314467,   -1209.525466,   -1107.367158,      -0.000076,       0.000000,      -0.002130,       0.000000
1259,   4.003000,   -1209.534883,   -1107.314467,   -1209.525466,   -1107.367396,      -0.000153,       0.000000,      -0.001685,       0.000000
1260,   4.004000,   -1209.536791,   -1107.314467,   -1209.525466,   -1107.367754,      -0.000191,       0.000000,      -0.001240,       0.000000
1261,   4.005000,   -1209.539056,   -1107.314467,   -1209.525466,   -1107.368112,      -0.000305,       0.000000,      -0.000827,       0.000000
1262,   4.006000,   -1209.541678,   -1107.314467,   -1209.525466,   -1107.368469,      -0.000458,       0.000000,      -0.000413,       0.000000
1263,   4.007000,   -1209.544659,   -1107.314587,   -1209.525585,   -1107.368946,      -0.000610,       0.000000,       0.000000,       0.000000
1264,   4.008000,   -1209.548116,   -1107.314587,   -1209.525585,   -1107.369304,      -0.000839,       0.000000,       0.000413,       0.000000
1265,   4.009000,   -1209.551930,   -1107.314587,   -1209.525704,   -1107.369661,      -0.001144,       0.000000,       0.000763,       0.000000
1266,   4.010000,   -1209.556222,   -1107.314587,   -1209.525824,   -1107.370019,      -0.001488,       0.000000,       0.001113,       0.000000
1267,   4.011000,   -1209.560990,   -1107.314587,   -1209.525824,   -1107.370377,      -0.001946,       0.000000,       0.001462,       0.000000
1268,   4.012000,   -1209.566236,   -1107.314706,   -1209.525943,   -1107.370615,      -0.002518,       0.000000,       0.001717,       0.000000
1269,   4.013000,   -1209.571958,   -1107.314706,   -1209.526181,   -1107.370853,      -0.003128,       0.000000,       0.001971,       0.000000
1270,   4.014000,   -1209.578276,   -1107.314706,   -1209.526539,   -1107.371092,      -0.003891,       0.000000,       0.002225,       0.000000
1271,   4.015000,   -1209.585190,   -1107.314825,   -1209.526896,   -1107.371211,      -0.004807,       0.000000,       0.002384,       0.000000
1272,   4.016000,   -1209.592700,   -1107.314944,   -1209.527373,   -1107.371449,      -0.005798,       0.000000,       0.002511,       0.000000
1273,   4.017000,   -1209.600806,   -1107.315063,   -1209.527969,   -1107.371449,      -0.006905,       0.000000,       0.002607,       0.000000
1274,   4.018000,   -1209.609628,   -1107.315183,   -1209.528685,   -1107.371569,      -0.008202,       0.000000,       0.002702,       0.000000
1275,   4.019000,   -1209.619045,   -1107.315302,   -1209.529638,   -1107.371688,      -0.009613,       0.000000,       0.002798,       0.000000
1276,   4.020000,   -1209.629297,   -1107.315540,   -1209.530711,   -1107.371688,      -0.011215,       0.000000,       0.002829,       0.000000
1277,   4.021000,   -1209.640145,   -1107.315779,   -1209.531903,   -1107.371807,      -0.013008,       0.000000,       0.002861,       0.000000
1278,   4.022000,   -1209.651709,   -1107.316017,   -1209.533453,   -1107.371807,      -0.014916,       0.000000,       0.002893,       0.000000
1279,   4.023000,   -1209.664106,   -1107.316375,   -1209.535360,   -1107.371807,      -0.017014,       0.000000,       0.002861,       0.000000
1280,   4.024000,   -1209.677339,   -1107.316732,   -1209.537506,   -1107.371926,      -0.019264,       0.000000,       0.002861,       0.000000
1281,   4.025000,   -1209.691405,   -1107.317209,   -1209.539890,   -1107.371926,      -0.021591,       0.000000,       0.002893,       0.000000
1282,   4.026000,   -1209.706187,   -1107.317686,   -1209.542751,   -1107.371926,      -0.024071,       0.000000,       0.002861,       0.000000
1283,   4.027000,   -1209.721923,   -1107.318282,   -1209.546089,   -1107.372046,      -0.026703,       0.000000,       0.002861,       0.000000
1284,   4.028000,   -1209.738612,   -1107.318997,   -1209.549785,   -1107.372046,      -0.029373,       0.000000,       0.002829,       0.000000
1285,   4.029000,   -1209.756136,   -1107.319713,   -1209.554076,   -1107.372165,      -0.032082,       0.000000,       0.002798,       0.000000
1286,   4.030000,   -1209.774733,   -1107.320666,   -1209.558964,   -1107.372284,      -0.034943,       0.000000,       0.002766,       0.000000
1287,   4.031000,   -1209.794164,   -1107.321620,   -1209.564209,   -1107.372403,      -0.037728,       0.000000,       0.002766,       0.000000
1288,   4.032000,   -1209.814668,   -1107.322693,   -1209.570169,   -1107.372522,      -0.040665,       0.000000,       0.002702,       0.000000
1289,   4.033000,   -1209.836125,   -1107.324004,   -1209.576726,   -1107.372761,      -0.043602,       0.000000,       0.002702,       0.000000
1290,   4.034000,   -1209.858656,   -1107.325435,   -1209.583998,   -1107.372880,      -0.046578,       0.000000,       0.002607,       0.000000
1291,   4.035000,   -1209.882259,   -1107.327104,   -1209.591746,   -1107.373118,      -0.049668,       0.000000,       0.002575,       0.000000
1292,   4.036000,   -1209.906936,   -1107.328892,   -1209.600329,   -1107.373357,      -0.052758,       0.000000,       0.002480,       0.000000
1293,   4.037000,   -1209.932804,   -1107.330918,   -1209.609628,   -1107.373595,      -0.055924,       0.000000,       0.002384,       0.000000
1294,   4.038000,   -1209.959745,   -1107.333183,   -1209.619641,   -1107.373953,      -0.059090,       0.000000,       0.002257,       0.000000
1295,   4.039000,   -1209.987760,   -1107.335687,   -1209.630370,   -1107.374310,      -0.062295,       0.000000,       0.002098,       0.000000
1296,   4.040000,   -1210.017085,   -1107.338548,   -1209.641814,   -1107.374668,      -0.065575,       0.000000,       0.001876,       0.000000
1297,   4.041000,   -1210.047483,   -1107.341647,   -1209.654212,   -1107.375026,      -0.068856,       0.000000,       0.001621,       0.000000
1298,   4.042000,   -1210.079193,   -1107.344985,   -1209.667444,   -1107.375503,      -0.072251,       0.000000,       0.001303,       0.000000
1299,   4.043000,   -1210.112214,   -1107.348800,   -1209.681392,   -1107.375979,      -0.075684,       0.000000,       0.000954,       0.000000
1300,   4.044000,   -1210.146308,   -1107.352972,   -1209.696293,   -1107.376575,      -0.079232,       0.000000,       0.000509,       0.000000
1301,   4.045000,   -1210.181832,   -1107.357502,   -1209.712029,   -1107.377172,      -0.082741,       0.000000,       0.000032,       0.000000
1302,   4.046000,   -1210.218668,   -1107.362509,   -1209.728718,   -1107.377887,      -0.086404,       0.000000,      -0.000509,       0.000000
1303,   4.047000,   -1210.256696,   -1107.367992,   -1209.746361,   -1107.378602,      -0.090066,       0.000000,      -0.001176,       0.000000
1304,   4.048000,   -1210.296154,   -1107.373953,   -1209.764957,   -1107.379436,      -0.093804,       0.000000,      -0.001907,       0.000000
1305,   4.049000,   -1210.337043,   -1107.380390,   -1209.784508,   -1107.380271,      -0.097619,       0.000000,      -0.002766,       0.000000
1306,   4.050000,   -1210.379243,   -1107.387543,   -1209.805012,   -1107.381225,      -0.101510,       0.000000,      -0.003720,       0.000000
1307,   4.051000,   -1210.422754,   -1107.395291,   -1209.826589,   -1107.382417,      -0.105439,       0.000000,      -0.004737,       0.000000
1308,   4.052000,   -1210.467696,   -1107.403636,   -1209.849238,   -1107.383609,      -0.109368,       0.000000,      -0.005881,       0.000000
1309,   4.053000,   -1210.514188,   -1107.412815,   -1209.872961,   -1107.385039,      -0.113450,       0.000000,      -0.007185,       0.000000
1310,   4.054000,   -1210.561991,   -1107.422709,   -1209.897757,   -1107.386589,      -0.117417,       0.000000,      -0.008584,       0.000000
1311,   4.055000,   -1210.611224,   -1107.433319,   -1209.923744,   -1107.388258,      -0.121614,       0.000000,      -0.010078,       0.000000
1312,   4.056000,   -1210.661888,   -1107.444882,   -1209.950924,   -1107.390285,      -0.125772,       0.000000,      -0.011667,       0.000000
1313,   4.057000,   -1210.714102,   -1107.457280,   -1209.979177,   -1107.392430,      -0.129968,       0.000000,      -0.013448,       0.000000
1314,   4.058000,   -1210.767746,   -1107.470751,   -1210.008740,   -1107.394934,      -0.134240,       0.000000,      -0.015260,       0.000000
1315,   4.059000,   -1210.822821,   -1107.485175,   -1210.039496,   -1107.397795,      -0.138589,       0.000000,      -0.017199,       0.000000
1316,   4.060000,   -1210.879326,   -1107.500672,   -1210.071325,   -1107.400775,      -0.143014,       0.000000,      -0.019329,       0.000000
1317,   4.061000,   -1210.937381,   -1107.517362,   -1210.104585,   -1107.404232,      -0.147439,       0.000000,      -0.021523,       0.000000
1318,   4.062000,   -1210.996866,   -1107.535243,   -1210.139036,   -1107.408166,      -0.152017,       0.000000,      -0.023811,       0.000000
1319,   4.063000,   -1211.057901,   -1107.554436,   -1210.174799,   -1107.412457,      -0.156557,       0.000000,      -0.026228,       0.000000
1320,   4.064000,   -1211.120248,   -1107.574940,   -1210.211873,   -1107.417226,      -0.161172,       0.000000,      -0.028803,       0.000000
1321,   4.065000,   -1211.184144,   -1107.596874,   -1210.250139,   -1107.422471,      -0.165864,       0.000000,      -0.031473,       0.000000
1322,   4.066000,   -1211.249352,   -1107.620358,   -1210.289836,   -1107.428193,      -0.170595,       0.000000,      -0.034334,       0.000000
1323,   4.067000,   -1211.315989,   -1107.645273,   -1210.330844,   -1107.434630,      -0.175401,       0.000000,      -0.037291,       0.000000
1324,   4.068000,   -1211.383820,   -1107.671857,   -1210.373282,   -1107.441664,      -0.180208,       0.000000,      -0.040343,       0.000000
1325,   4.069000,   -1211.452842,   -1107.699990,   -1210.417032,   -1107.449293,      -0.185091,       0.000000,      -0.043585,       0.000000
1326,   4.070000,   -1211.523056,   -1107.729912,   -1210.462213,   -1107.457638,      -0.190012,       0.000000,      -0.047019,       0.000000
1327,   4.071000,   -1211.594224,   -1107.761621,   -1210.508943,   -1107.466698,      -0.194856,       0.000000,      -0.050611,       0.000000
1328,   4.072000,   -1211.666465,   -1107.795119,   -1210.556865,   -1107.476473,      -0.199777,       0.000000,      -0.054426,       0.000000
1329,   4.073000,   -1211.739659,   -1107.830405,   -1210.606337,   -1107.487202,      -0.204698,       0.000000,      -0.058368,       0.000000
1330,   4.074000,   -1211.813569,   -1107.867718,   -1210.657239,   -1107.498765,      -0.209619,       0.000000,      -0.062469,       0.000000
1331,   4.075000,   -1211.888313,   -1107.906938,   -1210.709572,   -1107.511282,      -0.214502,       0.000000,      -0.066888,       0.000000
1332,   4.076000,   -1211.963773,   -1107.948184,   -1210.763454,   -1107.524753,      -0.219385,       0.000000,      -0.071466,       0.000000
1333,   4.077000,   -1212.039828,   -1107.991457,   -1210.818648,   -1107.539296,      -0.224154,       0.000000,      -0.076203,       0.000000
1334,   4.078000,   -1212.116361,   -1108.036757,   -1210.875273,   -1107.554913,      -0.228884,       0.000000,      -0.081226,       0.000000
1335,   4.079000,   -1212.193251,   -1108.084321,   -1210.933447,   -1107.571602,      -0.233461,       0.000000,      -0.086503,       0.000000
1336,   4.080000,   -1212.270617,   -1108.134031,   -1210.992932,   -1107.589602,      -0.237963,       0.000000,      -0.091971,       0.000000
1337,   4.081000,   -1212.348223,   -1108.186007,   -1211.053848,   -1107.608795,      -0.242273,       0.000000,      -0.097662,       0.000000
1338,   4.082000,   -1212.425947,   -1108.240128,   -1211.116195,   -1107.629418,      -0.246393,       0.000000,      -0.103543,       0.000000
1339,   4.083000,   -1212.503672,   -1108.296633,   -1211.179852,   -1107.651353,      -0.250323,       0.000000,      -0.109679,       0.000000
1340,   4.084000,   -1212.581396,   -1108.355403,   -1211.244822,   -1107.674718,      -0.254061,       0.000000,      -0.116037,       0.000000
1341,   4.085000,   -1212.659121,   -1108.416557,   -1211.311221,   -1107.699633,      -0.257532,       0.000000,      -0.122586,       0.000000
1342,   4.086000,   -1212.736487,   -1108.479977,   -1211.378813,   -1107.726097,      -0.260813,       0.000000,      -0.129326,       0.000000
1343,   4.087000,   -1212.813616,   -1108.545899,   -1211.447716,   -1107.754230,      -0.263712,       0.000000,      -0.136288,       0.000000
1344,   4.088000,   -1212.890267,   -1108.614087,   -1211.517572,   -1107.784033,      -0.266344,       0.000000,      -0.143409,       0.000000
1345,   4.089000,   -1212.966323,   -1108.684778,   -1211.588621,   -1107.815623,      -0.268633,       0.000000,      -0.150658,       0.000000
1346,   4.090000,   -1213.041902,   -1108.757734,   -1211.660743,   -1107.848883,      -0.270579,       0.000000,      -0.158128,       0.000000
1347,   4.091000,   -1213.116646,   -1108.833194,   -1211.733818,   -1107.884169,      -0.272143,       0.000000,      -0.165695,       0.000000
1348,   4.092000,   -1213.190556,   -1108.911157,   -1211.807847,   -1107.921362,      -0.273402,       0.000000,      -0.173356,       0.000000
1349,   4.093000,   -1213.263512,   -1108.991385,   -1211.882591,   -1107.960463,      -0.274165,       0.000000,      -0.181241,       0.000000
1350,   4.094000,   -1213.335514,   -1109.074116,   -1211.958170,   -1108.001471,      -0.274661,       0.000000,      -0.189252,       0.000000
1351,   4.095000,   -1213.406324,   -1109.159231,   -1212.034464,   -1108.044624,      -0.274737,       0.000000,      -0.197359,       0.000000
1352,   4.096000,   -1213.475823,   -1109.246612,   -1212.111235,   -1108.089805,      -0.274470,       0.000000,      -0.205656,       0.000000
1353,   4.097000,   -1213.544011,   -1109.336495,   -1212.188482,   -1108.137131,      -0.273745,       0.000000,      -0.214049,       0.000000
1354,   4.098000,   -1213.610768,   -1109.428644,   -1212.266088,   -1108.186603,      -0.272677,       0.000000,      -0.222537,       0.000000
1355,   4.099000,   -1213.675857,   -1109.523058,   -1212.343931,   -1108.238339,      -0.271265,       0.000000,      -0.231057,       0.000000
1356,   4.100000,   -1213.739395,   -1109.619856,   -1212.422013,   -1108.292222,      -0.269473,       0.000000,      -0.239736,       0.000000
1357,   4.101000,   -1213.801026,   -1109.718800,   -1212.500215,   -1108.348370,      -0.267298,       0.000000,      -0.248351,       0.000000
1358,   4.102000,   -1213.860869,   -1109.819889,   -1212.578416,   -1108.406901,      -0.264704,       0.000000,      -0.257030,       0.000000
1359,   4.103000,   -1213.918686,   -1109.923244,   -1212.656498,   -1108.467817,      -0.261767,       0.000000,      -0.265709,       0.000000
1360,   4.104000,   -1213.974476,   -1110.028625,   -1212.734461,   -1108.531117,      -0.258410,       0.000000,      -0.274356,       0.000000
1361,   4.105000,   -1214.028120,   -1110.136151,   -1212.812185,   -1108.596802,      -0.254671,       0.000000,      -0.282940,       0.000000
1362,   4.106000,   -1214.079499,   -1110.245466,   -1212.889314,   -1108.664870,      -0.250590,       0.000000,      -0.291587,       0.000000
1363,   4.107000,   -1214.128494,   -1110.356927,   -1212.966084,   -1108.735323,      -0.246050,       0.000000,      -0.300107,       0.000000
1364,   4.108000,   -1214.174986,   -1110.470057,   -1213.042140,   -1108.808279,      -0.241282,       0.000000,      -0.308627,       0.000000
1365,   4.109000,   -1214.218974,   -1110.585093,   -1213.117480,   -1108.883500,      -0.236094,       0.000000,      -0.317115,       0.000000
1366,   4.110000,   -1214.260459,   -1110.701799,   -1213.191986,   -1108.961225,      -0.230562,       0.000000,      -0.325476,       0.000000
1367,   4.111000,   -1214.299083,   -1110.820174,   -1213.265657,   -1109.041452,      -0.224726,       0.000000,      -0.333615,       0.000000
1368,   4.112000,   -1214.334965,   -1110.940099,   -1213.338137,   -1109.124064,      -0.218508,       0.000000,      -0.341690,       0.000000
1369,   4.113000,   -1214.368105,   -1111.061454,   -1213.409543,   -1109.209061,      -0.211946,       0.000000,      -0.349606,       0.000000
1370,   4.114000,   -1214.398146,   -1111.184120,   -1213.479638,   -1109.296441,      -0.204813,       0.000000,      -0.357363,       0.000000
1371,   4.115000,   -1214.425325,   -1111.308217,   -1213.548422,   -1109.386206,      -0.197336,       0.000000,      -0.364993,       0.000000
1372,   4.116000,   -1214.449406,   -1111.433387,   -1213.615656,   -1109.478354,      -0.189516,       0.000000,      -0.372432,       0.000000
1373,   4.117000,   -1214.470387,   -1111.559749,   -1213.681340,   -1109.572887,      -0.181390,       0.000000,      -0.379585,       0.000000
1374,   4.118000,   -1214.488149,   -1111.687064,   -1213.745475,   -1109.669566,      -0.173036,       0.000000,      -0.386579,       0.000000
1375,   4.119000,   -1214.502692,   -1111.815214,   -1213.807821,   -1109.768510,      -0.164377,       0.000000,      -0.393382,       0.000000
1376,   4.120000,   -1214.513898,   -1111.944199,   -1213.868260,   -1109.869719,      -0.155527,       0.000000,      -0.399994,       0.000000
1377,   4.121000,   -1214.521885,   -1112.073898,   -1213.926673,   -1109.972954,      -0.146371,       0.000000,      -0.406384,       0.000000
1378,   4.122000,   -1214.526415,   -1112.204075,   -1213.983059,   -1110.078216,      -0.136873,       0.000000,      -0.412520,       0.000000
1379,   4.123000,   -1214.527607,   -1112.334847,   -1214.037061,   -1110.185742,      -0.127183,       0.000000,      -0.418242,       0.000000
1380,   4.124000,   -1214.525342,   -1112.465858,   -1214.088798,   -1110.295177,      -0.117150,       0.000000,      -0.423742,       0.000000
1381,   4.125000,   -1214.519620,   -1112.597108,   -1214.138150,   -1110.406637,      -0.106927,       0.000000,      -0.428956,       0.000000
1382,   4.126000,   -1214.510441,   -1112.728357,   -1214.184880,   -1110.519767,      -0.096551,       0.000000,      -0.433915,       0.000000
1383,   4.127000,   -1214.497805,   -1112.859726,   -1214.229226,   -1110.634685,      -0.085984,       0.000000,      -0.438557,       0.000000
1384,   4.128000,   -1214.481711,   -1112.990856,   -1214.270711,   -1110.751390,      -0.075303,       0.000000,      -0.442849,       0.000000
1385,   4.129000,   -1214.462042,   -1113.121867,   -1214.309692,   -1110.869765,      -0.064431,       0.000000,      -0.446727,       0.000000
1386,   4.130000,   -1214.438915,   -1113.252401,   -1214.345694,   -1110.989690,      -0.053292,       0.000000,      -0.450351,       0.000000
1387,   4.131000,   -1214.412212,   -1113.382578,   -1214.378834,   -1111.111045,      -0.042038,       0.000000,      -0.453562,       0.000000
1388,   4.132000,   -1214.382052,   -1113.512039,   -1214.409113,   -1111.233830,      -0.030556,       0.000000,      -0.456328,       0.000000
1389,   4.133000,   -1214.348555,   -1113.640785,   -1214.436412,   -1111.358047,      -0.018883,       0.000000,      -0.458681,       0.000000
1390,   4.134000,   -1214.311481,   -1113.768697,   -1214.460492,   -1111.483335,      -0.007134,       0.000000,      -0.460683,       0.000000
1391,   4.135000,   -1214.271069,   -1113.895655,   -1214.481473,   -1111.609578,       0.004730,       0.000000,      -0.462368,       0.000000
1392,   4.136000,   -1214.227200,   -1114.021540,   -1214.499235,   -1111.737013,       0.016632,       0.000000,      -0.463640,       0.000000
1393,   4.137000,   -1214.179993,   -1114.146233,   -1214.513779,   -1111.865163,       0.028572,       0.000000,      -0.464498,       0.000000
1394,   4.138000,   -1214.129567,   -1114.269614,   -1214.524984,   -1111.994147,       0.040627,       0.000000,      -0.465007,       0.000000
1395,   4.139000,   -1214.075804,   -1114.391685,   -1214.532852,   -1112.123728,       0.052643,       0.000000,      -0.465198,       0.000000
1396,   4.140000,   -1214.018703,   -1114.512205,   -1214.537382,   -1112.253785,       0.064736,       0.000000,      -0.464975,       0.000000
1397,   4.141000,   -1213.958621,   -1114.631176,   -1214.538455,   -1112.384558,       0.076752,       0.000000,      -0.464212,       0.000000
1398,   4.142000,   -1213.895202,   -1114.748478,   -1214.535952,   -1112.515569,       0.088731,       0.000000,      -0.463004,       0.000000
1399,   4.143000,   -1213.828802,   -1114.863992,   -1214.530230,   -1112.646818,       0.100823,       0.000000,      -0.461383,       0.000000
1400,   4.144000,   -1213.759303,   -1114.977837,   -1214.521050,   -1112.778187,       0.112878,       0.000000,      -0.459348,       0.000000
1401,   4.145000,   -1213.686705,   -1115.089655,   -1214.508414,   -1112.909675,       0.124932,       0.000000,      -0.456773,       0.000000
1402,   4.146000,   -1213.611245,   -1115.199566,   -1214.492321,   -1113.041162,       0.136834,       0.000000,      -0.453721,       0.000000
1403,   4.147000,   -1213.532925,   -1115.307450,   -1214.472771,   -1113.172293,       0.148698,       0.000000,      -0.450288,       0.000000
1404,   4.148000,   -1213.451624,   -1115.413189,   -1214.449644,   -1113.303065,       0.160448,       0.000000,      -0.446505,       0.000000
1405,   4.149000,   -1213.367701,   -1115.516782,   -1214.423060,   -1113.433361,       0.172006,       0.000000,      -0.442276,       0.000000
1406,   4.150000,   -1213.280916,   -1115.617990,   -1214.392900,   -1113.563180,       0.183374,       0.000000,      -0.437603,       0.000000
1407,   4.151000,   -1213.191509,   -1115.716934,   -1214.359045,   -1113.692164,       0.194513,       0.000000,      -0.432612,       0.000000
1408,   4.152000,   -1213.099480,   -1115.813375,   -1214.321852,   -1113.820434,       0.205538,       0.000000,      -0.427271,       0.000000
1409,   4.153000,   -1213.004947,   -1115.907311,   -1214.281201,   -1113.947511,       0.216295,       0.000000,      -0.421644,       0.000000
1410,   4.154000,   -1212.907910,   -1115.998745,   -1214.237094,   -1114.073753,       0.226862,       0.000000,      -0.415604,       0.000000
1411,   4.155000,   -1212.808371,   -1116.087556,   -1214.189410,   -1114.198804,       0.237162,       0.000000,      -0.409246,       0.000000
1412,   4.156000,   -1212.706685,   -1116.173744,   -1214.138508,   -1114.322424,       0.247309,       0.000000,      -0.402728,       0.000000
1413,   4.157000,   -1212.602615,   -1116.257191,   -1214.084029,   -1114.444613,       0.257037,       0.000000,      -0.396021,       0.000000
1414,   4.158000,   -1212.496400,   -1116.337776,   -1214.026213,   -1114.565253,       0.266573,       0.000000,      -0.389090,       0.000000
1415,   4.159000,   -1212.388039,   -1116.415501,   -1213.965058,   -1114.684343,       0.275767,       0.000000,      -0.381874,       0.000000
1416,   4.160000,   -1212.277770,   -1116.490245,   -1213.900685,   -1114.801645,       0.284617,       0.000000,      -0.374498,       0.000000
1417,   4.161000,   -1212.165356,   -1116.562128,   -1213.832974,   -1114.917159,       0.293238,       0.000000,      -0.366995,       0.000000
1418,   4.162000,   -1212.051153,   -1116.630912,   -1213.762164,   -1115.030646,       0.301554,       0.000000,      -0.359302,       0.000000
1419,   4.163000,   -1211.935163,   -1116.696715,   -1213.688374,   -1115.142345,       0.309565,       0.000000,      -0.351354,       0.000000
1420,   4.164000,   -1211.817503,   -1116.759300,   -1213.611484,   -1115.252137,       0.317347,       0.000000,      -0.343184,       0.000000
1421,   4.165000,   -1211.698174,   -1116.818786,   -1213.531613,   -1115.359664,       0.324748,       0.000000,      -0.334886,       0.000000
1422,   4.166000,   -1211.577296,   -1116.875052,   -1213.448882,   -1115.464926,       0.331958,       0.000000,      -0.326462,       0.000000
1423,   4.167000,   -1211.454988,   -1116.928101,   -1213.363290,   -1115.567923,       0.338901,       0.000000,      -0.317846,       0.000000
1424,   4.168000,   -1211.331248,   -1116.977811,   -1213.275075,   -1115.668654,       0.345615,       0.000000,      -0.309040,       0.000000
1425,   4.169000,   -1211.206317,   -1117.024302,   -1213.184118,   -1115.767121,       0.352100,       0.000000,      -0.300044,       0.000000
1426,   4.170000,   -1211.080074,   -1117.067337,   -1213.090539,   -1115.862966,       0.358318,       0.000000,      -0.290856,       0.000000
1427,   4.171000,   -1210.952878,   -1117.107034,   -1212.994337,   -1115.956306,       0.364307,       0.000000,      -0.281573,       0.000000
1428,   4.172000,   -1210.824490,   -1117.143393,   -1212.895751,   -1116.047025,       0.369991,       0.000000,      -0.272226,       0.000000
1429,   4.173000,   -1210.695386,   -1117.176294,   -1212.794781,   -1116.135120,       0.375446,       0.000000,      -0.262594,       0.000000
1430,   4.174000,   -1210.565329,   -1117.205620,   -1212.691545,   -1116.220474,       0.380672,       0.000000,      -0.252866,       0.000000
1431,   4.175000,   -1210.434556,   -1117.231607,   -1212.585926,   -1116.303086,       0.385593,       0.000000,      -0.242947,       0.000000
1432,   4.176000,   -1210.303068,   -1117.254019,   -1212.478280,   -1116.382957,       0.390247,       0.000000,      -0.232869,       0.000000
1433,   4.177000,   -1210.171103,   -1117.272973,   -1212.368369,   -1116.459966,       0.394634,       0.000000,      -0.222664,       0.000000
1434,   4.178000,   -1210.038662,   -1117.288351,   -1212.256551,   -1116.533875,       0.398716,       0.000000,      -0.212364,       0.000000
1435,   4.179000,   -1209.905863,   -1117.300153,   -1212.142706,   -1116.604805,       0.402492,       0.000000,      -0.201936,       0.000000
1436,   4.180000,   -1209.772825,   -1117.308497,   -1212.027073,   -1116.672873,       0.406040,       0.000000,      -0.191382,       0.000000
1437,   4.181000,   -1209.639549,   -1117.313266,   -1211.909652,   -1116.737723,       0.409359,       0.000000,      -0.180700,       0.000000
1438,   4.182000,   -1209.506273,   -1117.314458,   -1211.790562,   -1116.799474,       0.412334,       0.000000,      -0.169859,       0.000000
1439,   4.183000,   -1209.372878,   -1117.312074,   -1211.669922,   -1116.858125,       0.415043,       0.000000,      -0.158891,       0.000000
1440,   4.184000,   -1209.239721,   -1117.306232,   -1211.547732,   -1116.913557,       0.417446,       0.000000,      -0.147828,       0.000000
1441,   4.185000,   -1209.106684,   -1117.296696,   -1211.424232,   -1116.965771,       0.419582,       0.000000,      -0.136638,       0.000000
1442,   4.186000,   -1208.974004,   -1117.283702,   -1211.299419,   -1117.014766,       0.421528,       0.000000,      -0.125384,       0.000000
1443,   4.187000,   -1208.841681,   -1117.267251,   -1211.173415,   -1117.060304,       0.423359,       0.000000,      -0.114098,       0.000000
1444,   4.188000,   -1208.709955,   -1117.247224,   -1211.046457,   -1117.102623,       0.424923,       0.000000,      -0.102685,       0.000000
1445,   4.189000,   -1208.578706,   -1117.223620,   -1210.918188,   -1117.141485,       0.426182,       0.000000,      -0.091240,       0.000000
1446,   4.190000,   -1208.448172,   -1117.196560,   -1210.789204,   -1117.176890,       0.427250,       0.000000,      -0.079795,       0.000000
1447,   4.191000,   -1208.318353,   -1117.166042,   -1210.659266,   -1117.208958,       0.428089,       0.000000,      -0.068255,       0.000000
1448,   4.192000,   -1208.189368,   -1117.132068,   -1210.528731,   -1117.237568,       0.428623,       0.000000,      -0.056620,       0.000000
1449,   4.193000,   -1208.061457,   -1117.094636,   -1210.397363,   -1117.262721,       0.428966,       0.000000,      -0.044952,       0.000000
1450,   4.194000,   -1207.934499,   -1117.053866,   -1210.265636,   -1117.284656,       0.429005,       0.000000,      -0.033094,       0.000000
1451,   4.195000,   -1207.808733,   -1117.009759,   -1210.133314,   -1117.303014,       0.428738,       0.000000,      -0.021109,       0.000000
1452,   4.196000,   -1207.684159,   -1116.962194,   -1210.000634,   -1117.317915,       0.428280,       0.000000,      -0.009219,       0.000000
1453,   4.197000,   -1207.560778,   -1116.911411,   -1209.867597,   -1117.329478,       0.427593,       0.000000,       0.002861,       0.000000
1454,   4.198000,   -1207.438946,   -1116.857290,   -1209.734440,   -1117.337346,       0.426678,       0.000000,       0.014815,       0.000000
1455,   4.199000,   -1207.318544,   -1116.800070,   -1209.601164,   -1117.341757,       0.425495,       0.000000,       0.026895,       0.000000
1456,   4.200000,   -1207.199812,   -1116.739511,   -1209.467769,   -1117.342591,       0.424160,       0.000000,       0.038817,       0.000000
1457,   4.201000,   -1207.082629,   -1116.675854,   -1209.334612,   -1117.339969,       0.422596,       0.000000,       0.050834,       0.000000
1458,   4.202000,   -1206.967235,   -1116.609216,   -1209.201455,   -1117.334127,       0.420727,       0.000000,       0.063105,       0.000000
1459,   4.203000,   -1206.853628,   -1116.539359,   -1209.068656,   -1117.324829,       0.418514,       0.000000,       0.075472,       0.000000
1460,   4.204000,   -1206.741929,   -1116.466522,   -1208.936214,   -1117.312193,       0.416073,       0.000000,       0.087934,       0.000000
1461,   4.205000,   -1206.632137,   -1116.390824,   -1208.804250,   -1117.296219,       0.413364,       0.000000,       0.100460,       0.000000
1462,   4.206000,   -1206.524491,   -1116.312146,   -1208.672762,   -1117.276788,       0.410351,       0.000000,       0.112985,       0.000000
1463,   4.207000,   -1206.418991,   -1116.230607,   -1208.541989,   -1117.253900,       0.407070,       0.000000,       0.125384,       0.000000
1464,   4.208000,   -1206.315637,   -1116.146326,   -1208.411932,   -1117.227316,       0.403522,       0.000000,       0.137560,       0.000000
1465,   4.209000,   -1206.214666,   -1116.059422,   -1208.282709,   -1117.197156,       0.399746,       0.000000,       0.149608,       0.000000
1466,   4.210000,   -1206.115961,   -1115.969658,   -1208.154321,   -1117.163658,       0.395702,       0.000000,       0.161467,       0.000000
1467,   4.211000,   -1206.019759,   -1115.877390,   -1208.027005,   -1117.126584,       0.391429,       0.000000,       0.173102,       0.000000
1468,   4.212000,   -1205.925941,   -1115.782619,   -1207.900763,   -1117.086053,       0.386966,       0.000000,       0.184547,       0.000000
1469,   4.213000,   -1205.834746,   -1115.685344,   -1207.775712,   -1117.042065,       0.382236,       0.000000,       0.195769,       0.000000
1470,   4.214000,   -1205.746174,   -1115.585685,   -1207.651854,   -1116.994739,       0.377315,       0.000000,       0.206832,       0.000000
1471,   4.215000,   -1205.660343,   -1115.483761,   -1207.529426,   -1116.944075,       0.372089,       0.000000,       0.217705,       0.000000
1472,   4.216000,   -1205.577254,   -1115.379453,   -1207.408547,   -1116.890073,       0.366596,       0.000000,       0.228387,       0.000000
1473,   4.217000,   -1205.496907,   -1115.272999,   -1207.289219,   -1116.832852,       0.360835,       0.000000,       0.238814,       0.000000
1474,   4.218000,   -1205.419421,   -1115.164518,   -1207.171440,   -1116.772413,       0.354961,       0.000000,       0.249019,       0.000000
1475,   4.219000,   -1205.344915,   -1115.054011,   -1207.055330,   -1116.708755,       0.348895,       0.000000,       0.258938,       0.000000
1476,   4.220000,   -1205.273390,   -1114.941478,   -1206.941128,   -1116.641879,       0.342639,       0.000000,       0.268634,       0.000000
1477,   4.221000,   -1205.204844,   -1114.827156,   -1206.828833,   -1116.571903,       0.336154,       0.000000,       0.278044,       0.000000
1478,   4.222000,   -1205.139399,   -1114.710927,   -1206.718445,   -1116.498947,       0.329478,       0.000000,       0.287200,       0.000000
1479,   4.223000,   -1205.077052,   -1114.593148,   -1206.610084,   -1116.423011,       0.322688,       0.000000,       0.296133,       0.000000
1480,   4.224000,   -1205.017805,   -1114.473581,   -1206.503868,   -1116.343975,       0.315593,       0.000000,       0.304749,       0.000000
1481,   4.225000,   -1204.961896,   -1114.352584,   -1206.399798,   -1116.262317,       0.308306,       0.000000,       0.313173,       0.000000
1482,   4.226000,   -1204.909205,   -1114.230156,   -1206.297994,   -1116.177797,       0.300830,       0.000000,       0.321407,       0.000000
1483,   4.227000,   -1204.859734,   -1114.106297,   -1206.198454,   -1116.090536,       0.293086,       0.000000,       0.329355,       0.000000
1484,   4.228000,   -1204.813600,   -1113.981247,   -1206.101418,   -1116.000652,       0.285189,       0.000000,       0.337016,       0.000000
1485,   4.229000,   -1204.770803,   -1113.855004,   -1206.006765,   -1115.908146,       0.277064,       0.000000,       0.344519,       0.000000
1486,   4.230000,   -1204.731464,   -1113.727689,   -1205.914617,   -1115.813255,       0.268786,       0.000000,       0.351767,       0.000000
1487,   4.231000,   -1204.695582,   -1113.599539,   -1205.825090,   -1115.715861,       0.260241,       0.000000,       0.358825,       0.000000
1488,   4.232000,   -1204.663038,   -1113.470554,   -1205.738068,   -1115.616083,       0.251581,       0.000000,       0.365628,       0.000000
1489,   4.233000,   -1204.634070,   -1113.340855,   -1205.653787,   -1115.513921,       0.242693,       0.000000,       0.372050,       0.000000
1490,   4.234000,   -1204.608560,   -1113.210559,   -1205.572248,   -1115.409613,       0.233652,       0.000000,       0.378218,       0.000000
1491,   4.235000,   -1204.586506,   -1113.079786,   -1205.493569,   -1115.303040,       0.224421,       0.000000,       0.384131,       0.000000
1492,   4.236000,   -1204.568028,   -1112.948775,   -1205.417633,   -1115.194559,       0.214960,       0.000000,       0.389821,       0.000000
1493,   4.237000,   -1204.553008,   -1112.817526,   -1205.344796,   -1115.084052,       0.205385,       0.000000,       0.395258,       0.000000
1494,   4.238000,   -1204.541445,   -1112.686157,   -1205.274820,   -1114.971638,       0.195657,       0.000000,       0.400471,       0.000000
1495,   4.239000,   -1204.533458,   -1112.554908,   -1205.207944,   -1114.857316,       0.185854,       0.000000,       0.405272,       0.000000
1496,   4.240000,   -1204.528809,   -1112.423658,   -1205.144048,   -1114.741325,       0.175897,       0.000000,       0.409850,       0.000000
1497,   4.241000,   -1204.527736,   -1112.292767,   -1205.083370,   -1114.623666,       0.165826,       0.000000,       0.414173,       0.000000
1498,   4.242000,   -1204.530001,   -1112.162232,   -1205.025673,   -1114.504576,       0.155565,       0.000000,       0.418211,       0.000000
1499,   4.243000,   -1204.535604,   -1112.032175,   -1204.971313,   -1114.383936,       0.145189,       0.000000,       0.421930,       0.000000
1500,   4.244000,   -1204.544663,   -1111.902714,   -1204.920173,   -1114.261866,       0.134736,       0.000000,       0.425268,       0.000000
1501,   4.245000,   -1204.556942,   -1111.773968,   -1204.872251,   -1114.138484,       0.124208,       0.000000,       0.428257,       0.000000
1502,   4.246000,   -1204.572558,   -1111.646056,   -1204.827666,   -1114.013910,       0.113450,       0.000000,       0.430959,       0.000000
1503,   4.247000,   -1204.591274,   -1111.519098,   -1204.786420,   -1113.888383,       0.102731,       0.000000,       0.433248,       0.000000
1504,   4.248000,   -1204.613209,   -1111.393094,   -1204.748631,   -1113.761663,       0.091935,       0.000000,       0.435124,       0.000000
1505,   4.249000,   -1204.638362,   -1111.268282,   -1204.714060,   -1113.634229,       0.081063,       0.000000,       0.436681,       0.000000
1506,   4.250000,   -1204.666376,   -1111.144543,   -1204.683065,   -1113.505960,       0.070153,       0.000000,       0.437889,       0.000000
1507,   4.251000,   -1204.697490,   -1111.022234,   -1204.655409,   -1113.377213,       0.059243,       0.000000,       0.438779,       0.000000
1508,   4.252000,   -1204.731464,   -1110.901356,   -1204.631090,   -1113.247752,       0.048256,       0.000000,       0.439225,       0.000000
1509,   4.253000,   -1204.768300,   -1110.782027,   -1204.610348,   -1113.117933,       0.037384,       0.000000,       0.439225,       0.000000
1510,   4.254000,   -1204.807878,   -1110.664129,   -1204.592824,   -1112.987757,       0.026436,       0.000000,       0.438843,       0.000000
1511,   4.255000,   -1204.850078,   -1110.548019,   -1204.578876,   -1112.857342,       0.015640,       0.000000,       0.438144,       0.000000
1512,   4.256000,   -1204.894900,   -1110.433578,   -1204.568386,   -1112.726808,       0.004845,       0.000000,       0.436936,       0.000000
1513,   4.257000,   -1204.942226,   -1110.320926,   -1204.561234,   -1112.596273,      -0.005798,       0.000000,       0.435314,       0.000000
1514,   4.258000,   -1204.992056,   -1110.210180,   -1204.557538,   -1112.465858,      -0.016403,       0.000000,       0.433311,       0.000000
1515,   4.259000,   -1205.044150,   -1110.101342,   -1204.557180,   -1112.335801,      -0.026818,       0.000000,       0.430959,       0.000000
1516,   4.260000,   -1205.098391,   -1109.994531,   -1204.560280,   -1112.206101,      -0.037155,       0.000000,       0.428288,       0.000000
1517,   4.261000,   -1205.154896,   -1109.889865,   -1204.566479,   -1112.076759,      -0.047570,       0.000000,       0.425141,       0.000000
1518,   4.262000,   -1205.213428,   -1109.787226,   -1204.575896,   -1111.948133,      -0.057755,       0.000000,       0.421708,       0.000000
1519,   4.263000,   -1205.273867,   -1109.686732,   -1204.588652,   -1111.820221,      -0.067750,       0.000000,       0.418020,       0.000000
1520,   4.264000,   -1205.336094,   -1109.588504,   -1204.604506,   -1111.693263,      -0.077592,       0.000000,       0.414110,       0.000000
1521,   4.265000,   -1205.400109,   -1109.492540,   -1204.623580,   -1111.567020,      -0.087205,       0.000000,       0.409786,       0.000000
1522,   4.266000,   -1205.465794,   -1109.398842,   -1204.645872,   -1111.441970,      -0.096627,       0.000000,       0.405176,       0.000000
1523,   4.267000,   -1205.533028,   -1109.307408,   -1204.671144,   -1111.317992,      -0.105744,       0.000000,       0.400344,       0.000000
1524,   4.268000,   -1205.601573,   -1109.218359,   -1204.699516,   -1111.195445,      -0.114633,       0.000000,       0.395353,       0.000000
1525,   4.269000,   -1205.671549,   -1109.131575,   -1204.730868,   -1111.074090,      -0.123178,       0.000000,       0.390076,       0.000000
1526,   4.270000,   -1205.742717,   -1109.047294,   -1204.765081,   -1110.954165,      -0.131494,       0.000000,       0.384480,       0.000000
1527,   4.271000,   -1205.815077,   -1108.965397,   -1204.802155,   -1110.835552,      -0.139467,       0.000000,       0.378599,       0.000000
1528,   4.272000,   -1205.888391,   -1108.885884,   -1204.841971,   -1110.718727,      -0.147096,       0.000000,       0.372591,       0.000000
1529,   4.273000,   -1205.962539,   -1108.808756,   -1204.884529,   -1110.603571,      -0.154382,       0.000000,       0.366391,       0.000000
1530,   4.274000,   -1206.037641,   -1108.734012,   -1204.929590,   -1110.490084,      -0.161363,       0.000000,       0.359938,       0.000000
1531,   4.275000,   -1206.113338,   -1108.661771,   -1204.977274,   -1110.378265,      -0.167810,       0.000000,       0.353262,       0.000000
1532,   4.276000,   -1206.189632,   -1108.591914,   -1205.027342,   -1110.268474,      -0.173952,       0.000000,       0.346490,       0.000000
1533,   4.277000,   -1206.266403,   -1108.524442,   -1205.079913,   -1110.160708,      -0.179559,       0.000000,       0.339623,       0.000000
1534,   4.278000,   -1206.343651,   -1108.459353,   -1205.134749,   -1110.054851,      -0.184862,       0.000000,       0.332629,       0.000000
1535,   4.279000,   -1206.421137,   -1108.396649,   -1205.191731,   -1109.951019,      -0.189745,       0.000000,       0.325476,       0.000000
1536,   4.280000,   -1206.498742,   -1108.336329,   -1205.250740,   -1109.849334,      -0.194246,       0.000000,       0.318196,       0.000000
1537,   4.281000,   -1206.576586,   -1108.278275,   -1205.311775,   -1109.749794,      -0.198366,       0.000000,       0.310852,       0.000000
1538,   4.282000,   -1206.654310,   -1108.222485,   -1205.374718,   -1109.652519,      -0.202143,       0.000000,       0.303477,       0.000000
1539,   4.283000,   -1206.732035,   -1108.169079,   -1205.439329,   -1109.557509,      -0.205576,       0.000000,       0.296133,       0.000000
1540,   4.284000,   -1206.809521,   -1108.117819,   -1205.505610,   -1109.464884,      -0.208628,       0.000000,       0.288758,       0.000000
1541,   4.285000,   -1206.886768,   -1108.068824,   -1205.573440,   -1109.374523,      -0.211298,       0.000000,       0.281350,       0.000000
1542,   4.286000,   -1206.963539,   -1108.021975,   -1205.642581,   -1109.286547,      -0.213663,       0.000000,       0.273911,       0.000000
1543,   4.287000,   -1207.039952,   -1107.977271,   -1205.713034,   -1109.200835,      -0.215723,       0.000000,       0.266504,       0.000000
1544,   4.288000,   -1207.115769,   -1107.934713,   -1205.784798,   -1109.117627,      -0.217401,       0.000000,       0.259128,       0.000000
1545,   4.289000,   -1207.190990,   -1107.894063,   -1205.857515,   -1109.036803,      -0.218775,       0.000000,       0.251848,       0.000000
1546,   4.290000,   -1207.265496,   -1107.855439,   -1205.931306,   -1108.958483,      -0.219805,       0.000000,       0.244568,       0.000000
1547,   4.291000,   -1207.339287,   -1107.818842,   -1206.005931,   -1108.882427,      -0.220568,       0.000000,       0.237320,       0.000000
1548,   4.292000,   -1207.412124,   -1107.784152,   -1206.081390,   -1108.808875,      -0.220949,       0.000000,       0.230135,       0.000000
1549,   4.293000,   -1207.484007,   -1107.751250,   -1206.157446,   -1108.737588,      -0.221025,       0.000000,       0.223046,       0.000000
1550,   4.294000,   -1207.554936,   -1107.720137,   -1206.234097,   -1108.668804,      -0.220835,       0.000000,       0.216020,       0.000000
1551,   4.295000,   -1207.624674,   -1107.690811,   -1206.311226,   -1108.602643,      -0.220377,       0.000000,       0.209248,       0.000000
1552,   4.296000,   -1207.693338,   -1107.663155,   -1206.388712,   -1108.538628,      -0.219576,       0.000000,       0.202509,       0.000000
1553,   4.297000,   -1207.760811,   -1107.637048,   -1206.466436,   -1108.477235,      -0.218508,       0.000000,       0.195960,       0.000000
1554,   4.298000,   -1207.826972,   -1107.612610,   -1206.544280,   -1108.417988,      -0.217211,       0.000000,       0.189506,       0.000000
1555,   4.299000,   -1207.891822,   -1107.589722,   -1206.622243,   -1108.361125,      -0.215609,       0.000000,       0.183180,       0.000000
1556,   4.300000,   -1207.955122,   -1107.568145,   -1206.700206,   -1108.306646,      -0.213816,       0.000000,       0.177012,       0.000000
1557,   4.301000,   -1208.017111,   -1107.548118,   -1206.777930,   -1108.254313,      -0.211794,       0.000000,       0.170877,       0.000000
1558,   4.302000,   -1208.077669,   -1107.529402,   -1206.855416,   -1108.204126,      -0.209581,       0.000000,       0.164932,       0.000000
1559,   4.303000,   -1208.136678,   -1107.511878,   -1206.932664,   -1108.155966,      -0.207102,       0.000000,       0.158923,       0.000000
1560,   4.304000,   -1208.194256,   -1107.495546,   -1207.009315,   -1108.110309,      -0.204470,       0.000000,       0.153328,       0.000000
1561,   4.305000,   -1208.250284,   -1107.480407,   -1207.085609,   -1108.066440,      -0.201608,       0.000000,       0.147669,       0.000000
1562,   4.306000,   -1208.304882,   -1107.466340,   -1207.161307,   -1108.024716,      -0.198595,       0.000000,       0.142233,       0.000000
1563,   4.307000,   -1208.358049,   -1107.453227,   -1207.236052,   -1107.985139,      -0.195467,       0.000000,       0.136987,       0.000000
1564,   4.308000,   -1208.409786,   -1107.441068,   -1207.310319,   -1107.947350,      -0.192148,       0.000000,       0.131869,       0.000000
1565,   4.309000,   -1208.459973,   -1107.429862,   -1207.383513,   -1107.911825,      -0.188677,       0.000000,       0.127132,       0.000000
1566,   4.310000,   -1208.508849,   -1107.419372,   -1207.455873,   -1107.877970,      -0.185014,       0.000000,       0.122523,       0.000000
1567,   4.311000,   -1208.556175,   -1107.409835,   -1207.527161,   -1107.846141,      -0.181200,       0.000000,       0.118167,       0.000000
1568,   4.312000,   -1208.602071,   -1107.400894,   -1207.597375,   -1107.815981,      -0.177232,       0.000000,       0.113939,       0.000000
1569,   4.313000,   -1208.646655,   -1107.392669,   -1207.666397,   -1107.787609,      -0.173265,       0.000000,       0.110029,       0.000000
1570,   4.314000,   -1208.689809,   -1107.385159,   -1207.734346,   -1107.760906,      -0.169183,       0.000000,       0.106214,       0.000000
1571,   4.315000,   -1208.731532,   -1107.378244,   -1207.800984,   -1107.735753,      -0.165102,       0.000000,       0.102590,       0.000000
1572,   4.316000,   -1208.771825,   -1107.371926,   -1207.866311,   -1107.712269,      -0.161058,       0.000000,       0.099220,       0.000000
1573,   4.317000,   -1208.810925,   -1107.366085,   -1207.930207,   -1107.690215,      -0.156938,       0.000000,       0.096009,       0.000000
1574,   4.318000,   -1208.848596,   -1107.360840,   -1207.992673,   -1107.669473,      -0.152933,       0.000000,       0.092925,       0.000000
1575,   4.319000,   -1208.884954,   -1107.355952,   -1208.053708,   -1107.650161,      -0.148851,       0.000000,       0.090096,       0.000000
1576,   4.320000,   -1208.920002,   -1107.351542,   -1208.113313,   -1107.632160,      -0.144883,       0.000000,       0.087362,       0.000000
1577,   4.321000,   -1208.953857,   -1107.347488,   -1208.171248,   -1107.615232,      -0.140954,       0.000000,       0.084818,       0.000000
1578,   4.322000,   -1208.986402,   -1107.343912,   -1208.227754,   -1107.599616,      -0.137216,       0.000000,       0.082466,       0.000000
1579,   4.323000,   -1209.017634,   -1107.340574,   -1208.282590,   -1107.585073,      -0.133592,       0.000000,       0.080177,       0.000000
1580,   4.324000,   -1209.047794,   -1107.337594,   -1208.335876,   -1107.571363,      -0.130159,       0.000000,       0.077983,       0.000000
1581,   4.325000,   -1209.076643,   -1107.334852,   -1208.387613,   -1107.558846,      -0.126840,       0.000000,       0.075981,       0.000000
1582,   4.326000,   -1209.104300,   -1107.332468,   -1208.437800,   -1107.547164,      -0.123635,       0.000000,       0.074105,       0.000000
1583,   4.327000,   -1209.130883,   -1107.330322,   -1208.486557,   -1107.536316,      -0.120584,       0.000000,       0.072388,       0.000000
1584,   4.328000,   -1209.156394,   -1107.328296,   -1208.533645,   -1107.526302,      -0.117608,       0.000000,       0.070703,       0.000000
1585,   4.329000,   -1209.180713,   -1107.326508,   -1208.579302,   -1107.517123,      -0.114709,       0.000000,       0.069145,       0.000000
1586,   4.330000,   -1209.203959,   -1107.324958,   -1208.623409,   -1107.508421,      -0.111962,       0.000000,       0.067619,       0.000000
1587,   4.331000,   -1209.226131,   -1107.323647,   -1208.666086,   -1107.500553,      -0.109406,       0.000000,       0.066221,       0.000000
1588,   4.332000,   -1209.247351,   -1107.322335,   -1208.707333,   -1107.493162,      -0.106889,       0.000000,       0.064854,       0.000000
1589,   4.333000,   -1209.267497,   -1107.321262,   -1208.747029,   -1107.486486,      -0.104524,       0.000000,       0.063582,       0.000000
1590,   4.334000,   -1209.286571,   -1107.320309,   -1208.785295,   -1107.480288,      -0.102311,       0.000000,       0.062342,       0.000000
1591,   4.335000,   -1209.304810,   -1107.319474,   -1208.822370,   -1107.474327,      -0.100175,       0.000000,       0.061039,       0.000000
1592,   4.336000,   -1209.322095,   -1107.318759,   -1208.857894,   -1107.468963,      -0.098191,       0.000000,       0.059831,       0.000000
1593,   4.337000,   -1209.338427,   -1107.318044,   -1208.891988,   -1107.464075,      -0.096360,       0.000000,       0.058750,       0.000000
1594,   4.338000,   -1209.353924,   -1107.317567,   -1208.925009,   -1107.459426,      -0.094529,       0.000000,       0.057542,       0.000000
1595,   4.339000,   -1209.368467,   -1107.317090,   -1208.956480,   -1107.455134,      -0.092851,       0.000000,       0.056397,       0.000000
1596,   4.340000,   -1209.382296,   -1107.316613,   -1208.986759,   -1107.451081,      -0.091325,       0.000000,       0.055221,       0.000000
1597,   4.341000,   -1209.395170,   -1107.316256,   -1209.015846,   -1107.447386,      -0.089799,       0.000000,       0.054077,       0.000000
1598,   4.342000,   -1209.407330,   -1107.315898,   -1209.043622,   -1107.443929,      -0.088387,       0.000000,       0.052900,       0.000000
1599,   4.343000,   -1209.418654,   -1107.315660,   -1209.070206,   -1107.440591,      -0.087090,       0.000000,       0.051756,       0.000000
1600,   4.344000,   -1209.429383,   -1107.315421,   -1209.095716,   -1107.437611,      -0.085793,       0.000000,       0.050548,       0.000000
1601,   4.345000,   -1209.439278,   -1107.315302,   -1209.120035,   -1107.434630,      -0.084496,       0.000000,       0.049308,       0.000000
1602,   4.346000,   -1209.448457,   -1107.315183,   -1209.143281,   -1107.431889,      -0.083276,       0.000000,       0.048100,       0.000000
1603,   4.347000,   -1209.457040,   -1107.314944,   -1209.165454,   -1107.429385,      -0.082131,       0.000000,       0.046828,       0.000000
1604,   4.348000,   -1209.465027,   -1107.314944,   -1209.186673,   -1107.426882,      -0.080987,       0.000000,       0.045620,       0.000000
1605,   4.349000,   -1209.472299,   -1107.314825,   -1209.206700,   -1107.424617,      -0.079919,       0.000000,       0.044380,       0.000000
1606,   4.350000,   -1209.478974,   -1107.314706,   -1209.225893,   -1107.422352,      -0.078812,       0.000000,       0.043077,       0.000000
1607,   4.351000,   -1209.485173,   -1107.314706,   -1209.244013,   -1107.420325,      -0.077782,       0.000000,       0.041773,       0.000000
1608,   4.352000,   -1209.490776,   -1107.314587,   -1209.261298,   -1107.418299,      -0.076752,       0.000000,       0.040470,       0.000000
1609,   4.353000,   -1209.495902,   -1107.314587,   -1209.277749,   -1107.416272,      -0.075722,       0.000000,       0.039135,       0.000000
1610,   4.354000,   -1209.500432,   -1107.314587,   -1209.293127,   -1107.414365,      -0.074769,       0.000000,       0.037736,       0.000000
1611,   4.355000,   -1209.504604,   -1107.314587,   -1209.307790,   -1107.412457,      -0.073777,       0.000000,       0.036369,       0.000000
1612,   4.356000,   -1209.508300,   -1107.314587,   -1209.321618,   -1107.410669,      -0.072785,       0.000000,       0.034970,       0.000000
1613,   4.357000,   -1209.511518,   -1107.314467,   -1209.334731,   -1107.408881,      -0.071831,       0.000000,       0.033540,       0.000000
1614,   4.358000,   -1209.514499,   -1107.314467,   -1209.347010,   -1107.407093,      -0.070840,       0.000000,       0.032109,       0.000000
1615,   4.359000,   -1209.517002,   -1107.314467,   -1209.358454,   -1107.405424,      -0.069848,       0.000000,       0.030710,       0.000000
1616,   4.360000,   -1209.519148,   -1107.314467,   -1209.369183,   -1107.403874,      -0.068970,       0.000000,       0.029280,       0.000000
1617,   4.361000,   -1209.520936,   -1107.314467,   -1209.379315,   -1107.402205,      -0.068017,       0.000000,       0.027849,       0.000000
1618,   4.362000,   -1209.522605,   -1107.314467,   -1209.388852,   -1107.400537,      -0.067025,       0.000000,       0.026387,       0.000000
1619,   4.363000,   -1209.523797,   -1107.314467,   -1209.397674,   -1107.398987,      -0.066071,       0.000000,       0.024892,       0.000000
1620,   4.364000,   -1209.524870,   -1107.314467,   -1209.405899,   -1107.397318,      -0.065117,       0.000000,       0.023398,       0.000000
1621,   4.365000,   -1209.525704,   -1107.314467,   -1209.413648,   -1107.395768,      -0.064126,       0.000000,       0.021936,       0.000000
1622,   4.366000,   -1209.526420,   -1107.314467,   -1209.420681,   -1107.394218,      -0.063248,       0.000000,       0.020473,       0.000000
1623,   4.367000,   -1209.526896,   -1107.314467,   -1209.427118,   -1107.392788,      -0.062333,       0.000000,       0.019075,       0.000000
1624,   4.368000,   -1209.527254,   -1107.314467,   -1209.433198,   -1107.391238,      -0.061303,       0.000000,       0.017644,       0.000000
1625,   4.369000,   -1209.527373,   -1107.314467,   -1209.438682,   -1107.389808,      -0.060425,       0.000000,       0.016213,       0.000000
1626,   4.370000,   -1209.527493,   -1107.314467,   -1209.443808,   -1107.388377,      -0.059472,       0.000000,       0.014846,       0.000000
1627,   4.371000,   -1209.527612,   -1107.314467,   -1209.448338,   -1107.387066,      -0.058556,       0.000000,       0.013511,       0.000000
1628,   4.372000,   -1209.527612,   -1107.314467,   -1209.452510,   -1107.385755,      -0.057602,       0.000000,       0.012208,       0.000000
1629,   4.373000,   -1209.527612,   -1107.314467,   -1209.456325,   -1107.384443,      -0.056763,       0.000000,       0.010904,       0.000000
1630,   4.374000,   -1209.527612,   -1107.314467,   -1209.459901,   -1107.383132,      -0.055771,       0.000000,       0.009664,       0.000000
1631,   4.375000,   -1209.527612,   -1107.314467,   -1209.462881,   -1107.381821,      -0.054894,       0.000000,       0.008393,       0.000000
1632,   4.376000,   -1209.527612,   -1107.314467,   -1209.465623,   -1107.380748,      -0.053978,       0.000000,       0.007217,       0.000000
1633,   4.377000,   -1209.527612,   -1107.314467,   -1209.468246,   -1107.379556,      -0.053025,       0.000000,       0.006040,       0.000000
1634,   4.378000,   -1209.527612,   -1107.314467,   -1209.470510,   -1107.378364,      -0.052147,       0.000000,       0.004928,       0.000000
1635,   4.379000,   -1209.527612,   -1107.314467,   -1209.472418,   -1107.377291,      -0.051346,       0.000000,       0.003847,       0.000000
1636,   4.380000,   -1209.527612,   -1107.314467,   -1209.474087,   -1107.376218,      -0.050545,       0.000000,       0.002798,       0.000000
1637,   4.381000,   -1209.527612,   -1107.314467,   -1209.475636,   -1107.375264,      -0.049744,       0.000000,       0.001780,       0.000000
1638,   4.382000,   -1209.527612,   -1107.314467,   -1209.477067,   -1107.374191,      -0.049019,       0.000000,       0.000795,       0.000000
1639,   4.383000,   -1209.527612,   -1107.314467,   -1209.478140,   -1107.373238,      -0.048333,       0.000000,      -0.000159,       0.000000
1640,   4.384000,   -1209.527612,   -1107.314467,   -1209.479213,   -1107.372284,      -0.047646,       0.000000,      -0.001113,       0.000000
1641,   4.385000,   -1209.527612,   -1107.314467,   -1209.480166,   -1107.371449,      -0.046959,       0.000000,      -0.001971,       0.000000
1642,   4.386000,   -1209.527612,   -1107.314467,   -1209.481001,   -1107.370615,      -0.046273,       0.000000,      -0.002861,       0.000000
1643,   4.387000,   -1209.527612,   -1107.314467,   -1209.481716,   -1107.369781,      -0.045586,       0.000000,      -0.003688,       0.000000
1644,   4.388000,   -1209.527612,   -1107.314467,   -1209.482431,   -1107.368946,      -0.044861,       0.000000,      -0.004514,       0.000000
1645,   4.389000,   -1209.527612,   -1107.314467,   -1209.483027,   -1107.368231,      -0.044136,       0.000000,      -0.005277,       0.000000
1646,   4.390000,   -1209.527612,   -1107.314467,   -1209.483743,   -1107.367396,      -0.043373,       0.000000,      -0.006040,       0.000000
1647,   4.391000,   -1209.527612,   -1107.314467,   -1209.484339,   -1107.366681,      -0.042611,       0.000000,      -0.006771,       0.000000
1648,   4.392000,   -1209.527612,   -1107.314467,   -1209.485054,   -1107.365966,      -0.041771,       0.000000,      -0.007439,       0.000000
1649,   4.393000,   -1209.527612,   -1107.314467,   -1209.485888,   -1107.365370,      -0.040932,       0.000000,      -0.008107,       0.000000
1650,   4.394000,   -1209.527612,   -1107.314467,   -1209.486604,   -1107.364655,      -0.040017,       0.000000,      -0.008743,       0.000000
1651,   4.395000,   -1209.527612,   -1107.314467,   -1209.487557,   -1107.364178,      -0.039063,       0.000000,      -0.009315,       0.000000
1652,   4.396000,   -1209.527612,   -1107.314467,   -1209.488392,   -1107.363582,      -0.038033,       0.000000,      -0.009887,       0.000000
1653,   4.397000,   -1209.527612,   -1107.314467,   -1209.489226,   -1107.363105,      -0.037041,       0.000000,      -0.010396,       0.000000
1654,   4.398000,   -1209.527612,   -1107.314467,   -1209.490180,   -1107.362628,      -0.036011,       0.000000,      -0.010873,       0.000000
1655,   4.399000,   -1209.527612,   -1107.314467,   -1209.491134,   -1107.362151,      -0.034943,       0.000000,      -0.011286,       0.000000
1656,   4.400000,   -1209.527612,   -1107.314467,   -1209.492087,   -1107.361794,      -0.033875,       0.000000,      -0.011699,       0.000000
1657,   4.401000,   -1209.527612,   -1107.314467,   -1209.493160,   -1107.361436,      -0.032730,       0.000000,      -0.012049,       0.000000
1658,   4.402000,   -1209.527612,   -1107.314467,   -1209.494114,   -1107.361078,      -0.031624,       0.000000,      -0.012367,       0.000000
1659,   4.403000,   -1209.527612,   -1107.314467,   -1209.495306,   -1107.360840,      -0.030442,       0.000000,      -0.012653,       0.000000
1660,   4.404000,   -1209.527612,   -1107.314467,   -1209.496379,   -1107.360601,      -0.029259,       0.000000,      -0.012875,       0.000000
1661,   4.405000,   -1209.527612,   -1107.314467,   -1209.497452,   -1107.360363,      -0.028038,       0.000000,      -0.013066,       0.000000
1662,   4.406000,   -1209.527612,   -1107.314467,   -1209.498644,   -1107.360244,      -0.026818,       0.000000,      -0.013225,       0.000000
1663,   4.407000,   -1209.527612,   -1107.314467,   -1209.499836,   -1107.360125,      -0.025559,       0.000000,      -0.013352,       0.000000
1664,   4.408000,   -1209.527612,   -1107.314467,   -1209.501028,   -1107.360005,      -0.024262,       0.000000,      -0.013416,       0.000000
1665,   4.409000,   -1209.527612,   -1107.314467,   -1209.502220,   -1107.360005,      -0.022965,       0.000000,      -0.013479,       0.000000
1666,   4.410000,   -1209.527612,   -1107.314467,   -1209.503531,   -1107.359886,      -0.021668,       0.000000,      -0.013511,       0.000000
1667,   4.411000,   -1209.527612,   -1107.314467,   -1209.504843,   -1107.359886,      -0.020333,       0.000000,      -0.013511,       0.000000
1668,   4.412000,   -1209.527612,   -1107.314467,   -1209.506035,   -1107.360005,      -0.018997,       0.000000,      -0.013479,       0.000000
1669,   4.413000,   -1209.527612,   -1107.314467,   -1209.507346,   -1107.360005,      -0.017662,       0.000000,      -0.013416,       0.000000
1670,   4.414000,   -1209.527612,   -1107.314467,   -1209.508657,   -1107.360125,      -0.016365,       0.000000,      -0.013384,       0.000000
1671,   4.415000,   -1209.527612,   -1107.314467,   -1209.509969,   -1107.360125,      -0.015030,       0.000000,      -0.013320,       0.000000
1672,   4.416000,   -1209.527612,   -1107.314467,   -1209.511280,   -1107.360244,      -0.013733,       0.000000,      -0.013257,       0.000000
1673,   4.417000,   -1209.527612,   -1107.314467,   -1209.512472,   -1107.360244,      -0.012474,       0.000000,      -0.013193,       0.000000
1674,   4.418000,   -1209.527612,   -1107.314467,   -1209.513664,   -1107.360363,      -0.011215,       0.000000,      -0.013098,       0.000000
1675,   4.419000,   -1209.527612,   -1107.314467,   -1209.514976,   -1107.360363,      -0.009956,       0.000000,      -0.013034,       0.000000
1676,   4.420000,   -1209.527612,   -1107.314467,   -1209.516168,   -1107.360482,      -0.008736,       0.000000,      -0.012971,       0.000000
1677,   4.421000,   -1209.527612,   -1107.314467,   -1209.517360,   -1107.360601,      -0.007553,       0.000000,      -0.012875,       0.000000
1678,   4.422000,   -1209.527612,   -1107.314467,   -1209.518433,   -1107.360721,      -0.006371,       0.000000,      -0.012780,       0.000000
1679,   4.423000,   -1209.527612,   -1107.314467,   -1209.519625,   -1107.360840,      -0.005226,       0.000000,      -0.012653,       0.000000
1680,   4.424000,   -1209.527612,   -1107.314467,   -1209.520698,   -1107.360840,      -0.004082,       0.000000,      -0.012557,       0.000000
1681,   4.425000,   -1209.527612,   -1107.314467,   -1209.521770,   -1107.361078,      -0.003014,       0.000000,      -0.012430,       0.000000
1682,   4.426000,   -1209.527612,   -1107.314467,   -1209.522843,   -1107.361197,      -0.001946,       0.000000,      -0.012303,       0.000000
1683,   4.427000,   -1209.527612,   -1107.314587,   -1209.523916,   -1107.361317,      -0.000877,       0.000000,      -0.012176,       0.000000
1684,   4.428000,   -1209.527612,   -1107.314587,   -1209.524870,   -1107.361436,       0.000153,       0.000000,      -0.012049,       0.000000
1685,   4.429000,   -1209.527612,   -1107.314706,   -1209.525824,   -1107.361555,       0.001144,       0.000000,      -0.011890,       0.000000
1686,   4.430000,   -1209.527612,   -1107.314825,   -1209.526777,   -1107.361674,       0.002060,       0.000000,      -0.011731,       0.000000
1687,   4.431000,   -1209.527612,   -1107.314944,   -1209.527612,   -1107.361913,       0.002975,       0.000000,      -0.011572,       0.000000
1688,   4.432000,   -1209.527612,   -1107.315183,   -1209.528565,   -1107.362032,       0.003891,       0.000000,      -0.011381,       0.000000
1689,   4.433000,   -1209.527612,   -1107.315421,   -1209.529281,   -1107.362151,       0.004730,       0.000000,      -0.011254,       0.000000
1690,   4.434000,   -1209.527612,   -1107.315660,   -1209.530115,   -1107.362390,       0.005531,       0.000000,      -0.011031,       0.000000
1691,   4.435000,   -1209.527612,   -1107.316017,   -1209.530830,   -1107.362628,       0.006294,       0.000000,      -0.010841,       0.000000
1692,   4.436000,   -1209.527612,   -1107.316494,   -1209.531546,   -1107.362866,       0.007019,       0.000000,      -0.010650,       0.000000
1693,   4.437000,   -1209.527612,   -1107.316971,   -1209.532261,   -1107.363105,       0.007706,       0.000000,      -0.010427,       0.000000
1694,   4.438000,   -1209.527612,   -1107.317448,   -1209.532857,   -1107.363343,       0.008354,       0.000000,      -0.010205,       0.000000
1695,   4.439000,   -1209.527612,   -1107.318163,   -1209.533453,   -1107.363582,       0.008965,       0.000000,      -0.010046,       0.000000
1696,   4.440000,   -1209.527612,   -1107.318878,   -1209.533930,   -1107.363820,       0.009537,       0.000000,      -0.009855,       0.000000
1697,   4.441000,   -1209.527612,   -1107.319593,   -1209.534526,   -1107.364058,       0.010033,       0.000000,      -0.009633,       0.000000
1698,   4.442000,   -1209.527612,   -1107.320547,   -1209.534883,   -1107.364416,       0.010529,       0.000000,      -0.009474,       0.000000
1699,   4.443000,   -1209.527612,   -1107.321620,   -1209.535360,   -1107.364655,       0.010948,       0.000000,      -0.009283,       0.000000
1700,   4.444000,   -1209.527612,   -1107.322693,   -1209.535837,   -1107.365012,       0.011368,       0.000000,      -0.009092,       0.000000
1701,   4.445000,   -1209.527612,   -1107.323885,   -1209.536195,   -1107.365370,       0.011749,       0.000000,      -0.008965,       0.000000
1702,   4.446000,   -1209.527612,   -1107.325196,   -1209.536552,   -1107.365727,       0.012131,       0.000000,      -0.008870,       0.000000
1703,   4.447000,   -1209.527612,   -1107.326746,   -1209.536910,   -1107.366085,       0.012436,       0.000000,      -0.008806,       0.000000
1704,   4.448000,   -1209.527612,   -1107.328296,   -1209.537148,   -1107.366443,       0.012741,       0.000000,      -0.008711,       0.000000
1705,   4.449000,   -1209.527612,   -1107.329965,   -1209.537387,   -1107.366920,       0.012970,       0.000000,      -0.008647,       0.000000
1706,   4.450000,   -1209.527612,   -1107.331872,   -1209.537625,   -1107.367396,       0.013199,       0.000000,      -0.008615,       0.000000
1707,   4.451000,   -1209.527612,   -1107.333899,   -1209.537864,   -1107.367873,       0.013428,       0.000000,      -0.008615,       0.000000
1708,   4.452000,   -1209.527612,   -1107.336044,   -1209.538102,   -1107.368469,       0.013580,       0.000000,      -0.008615,       0.000000
1709,   4.453000,   -1209.527612,   -1107.338309,   -1209.538221,   -1107.369065,       0.013733,       0.000000,      -0.008679,       0.000000
1710,   4.454000,   -1209.527612,   -1107.340813,   -1209.538341,   -1107.369781,       0.013847,       0.000000,      -0.008743,       0.000000
1711,   4.455000,   -1209.527612,   -1107.343435,   -1209.538460,   -1107.370496,       0.013962,       0.000000,      -0.008870,       0.000000
1712,   4.456000,   -1209.527612,   -1107.346177,   -1209.538460,   -1107.371330,       0.014038,       0.000000,      -0.008965,       0.000000
1713,   4.457000,   -1209.527612,   -1107.349157,   -1209.538579,   -1107.372165,       0.014076,       0.000000,      -0.009156,       0.000000
1714,   4.458000,   -1209.527612,   -1107.352376,   -1209.538579,   -1107.373118,       0.014076,       0.000000,      -0.009347,       0.000000
1715,   4.459000,   -1209.527612,   -1107.355714,   -1209.538579,   -1107.374072,       0.014076,       0.000000,      -0.009569,       0.000000
1716,   4.460000,   -1209.527612,   -1107.359171,   -1209.538579,   -1107.375145,       0.014076,       0.000000,      -0.009855,       0.000000
1717,   4.461000,   -1209.527612,   -1107.362986,   -1209.538579,   -1107.376337,       0.014038,       0.000000,      -0.010173,       0.000000
1718,   4.462000,   -1209.527612,   -1107.366800,   -1209.538579,   -1107.377529,       0.014000,       0.000000,      -0.010523,       0.000000
1719,   4.463000,   -1209.527612,   -1107.370973,   -1209.538460,   -1107.378840,       0.013924,       0.000000,      -0.010904,       0.000000
1720,   4.464000,   -1209.527612,   -1107.375383,   -1209.538460,   -1107.380390,       0.013847,       0.000000,      -0.011286,       0.000000
1721,   4.465000,   -1209.527612,   -1107.379913,   -1209.538341,   -1107.381940,       0.013771,       0.000000,      -0.011699,       0.000000
1722,   4.466000,   -1209.527612,   -1107.384682,   -1209.538341,   -1107.383609,       0.013695,       0.000000,      -0.012144,       0.000000
1723,   4.467000,   -1209.527612,   -1107.389688,   -1209.538221,   -1107.385397,       0.013580,       0.000000,      -0.012653,       0.000000
1724,   4.468000,   -1209.527612,   -1107.394934,   -1209.538102,   -1107.387424,       0.013466,       0.000000,      -0.013098,       0.000000
1725,   4.469000,   -1209.527612,   -1107.400417,   -1209.538102,   -1107.389569,       0.013352,       0.000000,      -0.013607,       0.000000
1726,   4.470000,   -1209.527612,   -1107.406139,   -1209.537983,   -1107.391834,       0.013237,       0.000000,      -0.014147,       0.000000
1727,   4.471000,   -1209.527612,   -1107.412100,   -1209.537864,   -1107.394218,       0.013123,       0.000000,      -0.014687,       0.000000
1728,   4.472000,   -1209.527612,   -1107.418299,   -1209.537745,   -1107.396841,       0.012970,       0.000000,      -0.015164,       0.000000
1729,   4.473000,   -1209.527612,   -1107.424855,   -1209.537625,   -1107.399583,       0.012817,       0.000000,      -0.015737,       0.000000
1730,   4.474000,   -1209.527612,   -1107.431531,   -1209.537387,   -1107.402563,       0.012665,       0.000000,      -0.016341,       0.000000
1731,   4.475000,   -1209.527612,   -1107.438564,   -1209.537268,   -1107.405782,       0.012474,       0.000000,      -0.016817,       0.000000
1732,   4.476000,   -1209.527612,   -1107.445955,   -1209.537148,   -1107.409000,       0.012283,       0.000000,      -0.017421,       0.000000
1733,   4.477000,   -1209.527612,   -1107.453465,   -1209.537029,   -1107.412577,       0.012093,       0.000000,      -0.017994,       0.000000
1734,   4.478000,   -1209.527612,   -1107.461333,   -1209.536791,   -1107.416391,       0.011902,       0.000000,      -0.018534,       0.000000
1735,   4.479000,   -1209.527612,   -1107.469559,   -1209.536672,   -1107.420206,       0.011711,       0.000000,      -0.019138,       0.000000
1736,   4.480000,   -1209.527612,   -1107.477903,   -1209.536433,   -1107.424378,       0.011482,       0.000000,      -0.019710,       0.000000
1737,   4.481000,   -1209.527612,   -1107.486725,   -1209.536314,   -1107.428789,       0.011253,       0.000000,      -0.020314,       0.000000
1738,   4.482000,   -1209.527612,   -1107.495785,   -1209.536076,   -1107.433319,       0.010986,       0.000000,      -0.020950,       0.000000
1739,   4.483000,   -1209.527612,   -1107.505202,   -1209.535837,   -1107.438207,       0.010758,       0.000000,      -0.021586,       0.000000
1740,   4.484000,   -1209.527612,   -1107.514858,   -1209.535599,   -1107.443213,       0.010491,       0.000000,      -0.022254,       0.000000
1741,   4.485000,   -1209.527612,   -1107.524872,   -1209.535480,   -1107.448578,       0.010223,       0.000000,      -0.022794,       0.000000
1742,   4.486000,   -1209.527612,   -1107.535243,   -1209.535241,   -1107.453942,       0.009956,       0.000000,      -0.023525,       0.000000
1743,   4.487000,   -1209.527612,   -1107.545853,   -1209.535003,   -1107.459784,       0.009689,       0.000000,      -0.024225,       0.000000
1744,   4.488000,   -1209.527612,   -1107.556939,   -1209.534764,   -1107.465744,       0.009422,       0.000000,      -0.024924,       0.000000
1745,   4.489000,   -1209.527612,   -1107.568264,   -1209.534526,   -1107.471943,       0.009155,       0.000000,      -0.025655,       0.000000
1746,   4.490000,   -1209.527612,   -1107.579947,   -1209.534407,   -1107.478380,       0.008850,       0.000000,      -0.026418,       0.000000
1747,   4.491000,   -1209.527612,   -1107.591987,   -1209.534168,   -1107.485175,       0.008583,       0.000000,      -0.027181,       0.000000
1748,   4.492000,   -1209.527612,   -1107.604265,   -1209.533930,   -1107.492089,       0.008278,       0.000000,      -0.028040,       0.000000
1749,   4.493000,   -1209.527612,   -1107.617021,   -1209.533691,   -1107.499361,       0.007973,       0.000000,      -0.028834,       0.000000
1750,   4.494000,   -1209.527612,   -1107.629895,   -1209.533453,   -1107.506871,       0.007668,       0.000000,      -0.029693,       0.000000
1751,   4.495000,   -1209.527612,   -1107.643247,   -1209.533215,   -1107.514739,       0.007362,       0.000000,      -0.030583,       0.000000
1752,   4.496000,   -1209.527612,   -1107.656837,   -1209.532976,   -1107.522845,       0.007019,       0.000000,      -0.031473,       0.000000
1753,   4.497000,   -1209.527612,   -1107.670665,   -1209.532738,   -1107.531190,       0.006676,       0.000000,      -0.032395,       0.000000
1754,   4.498000,   -1209.527612,   -1107.684851,   -1209.532499,   -1107.539773,       0.006332,       0.000000,      -0.033381,       0.000000
1755,   4.499000,   -1209.527612,   -1107.699275,   -1209.532261,   -1107.548714,       0.005989,       0.000000,      -0.034366,       0.000000
1756,   4.500000,   -1209.527612,   -1107.714057,   -1209.531903,   -1107.557893,       0.005646,       0.000000,      -0.035383,       0.000000
1757,   4.501000,   -1209.527612,   -1107.729077,   -1209.531665,   -1107.567430,       0.005302,       0.000000,      -0.036432,       0.000000
1758,   4.502000,   -1209.527612,   -1107.744336,   -1209.531426,   -1107.577324,       0.004959,       0.000000,      -0.037418,       0.000000
1759,   4.503000,   -1209.527612,   -1107.759953,   -1209.531188,   -1107.587457,       0.004616,       0.000000,      -0.038467,       0.000000
1760,   4.504000,   -1209.527612,   -1107.775688,   -1209.530830,   -1107.597828,       0.004272,       0.000000,      -0.039548,       0.000000
1761,   4.505000,   -1209.527612,   -1107.791781,   -1209.530592,   -1107.608676,       0.003929,       0.000000,      -0.040597,       0.000000
1762,   4.506000,   -1209.527612,   -1107.808113,   -1209.530354,   -1107.619762,       0.003586,       0.000000,      -0.041678,       0.000000
1763,   4.507000,   -1209.527612,   -1107.824683,   -1209.529996,   -1107.631087,       0.003243,       0.000000,      -0.042759,       0.000000
1764,   4.508000,   -1209.527612,   -1107.841492,   -1209.529757,   -1107.642889,       0.002937,       0.000000,      -0.043776,       0.000000
1765,   4.509000,   -1209.527612,   -1107.858539,   -1209.529519,   -1107.654810,       0.002632,       0.000000,      -0.044889,       0.000000
1766,   4.510000,   -1209.527612,   -1107.875705,   -1209.529161,   -1107.667208,       0.002365,       0.000000,      -0.045874,       0.000000
1767,   4.511000,   -1209.527612,   -1107.893229,   -1209.528923,   -1107.679844,       0.002060,       0.000000,      -0.046892,       0.000000
1768,   4.512000,   -1209.527612,   -1107.910991,   -1209.528685,   -1107.692838,       0.001755,       0.000000,      -0.047877,       0.000000
1769,   4.513000,   -1209.527612,   -1107.928872,   -1209.528327,   -1107.706189,       0.001488,       0.000000,      -0.048831,       0.000000
1770,   4.514000,   -1209.527612,   -1107.946992,   -1209.528089,   -1107.719779,       0.001183,       0.000000,      -0.049785,       0.000000
1771,   4.515000,   -1209.527612,   -1107.965350,   -1209.527731,   -1107.733727,       0.000916,       0.000000,      -0.050643,       0.000000
1772,   4.516000,   -1209.527612,   -1107.983828,   -1209.527493,   -1107.748032,       0.000649,       0.000000,      -0.051501,       0.000000
1773,   4.517000,   -1209.527612,   -1108.002543,   -1209.527135,   -1107.762456,       0.000381,       0.000000,      -0.052360,       0.000000
1774,   4.518000,   -1209.527612,   -1108.021379,   -1209.526896,   -1107.777357,       0.000114,       0.000000,      -0.053186,       0.000000
1775,   4.519000,   -1209.527612,   -1108.040452,   -1209.526658,   -1107.792377,      -0.000153,       0.000000,      -0.053949,       0.000000
1776,   4.520000,   -1209.527612,   -1108.059764,   -1209.526300,   -1107.807875,      -0.000381,       0.000000,      -0.054681,       0.000000
1777,   4.521000,   -1209.527612,   -1108.079195,   -1209.526062,   -1107.823491,      -0.000610,       0.000000,      -0.055412,       0.000000
1778,   4.522000,   -1209.527612,   -1108.098745,   -1209.525824,   -1107.839465,      -0.000839,       0.000000,      -0.056111,       0.000000
1779,   4.523000,   -1209.527612,   -1108.118534,   -1209.525466,   -1107.855678,      -0.001068,       0.000000,      -0.056779,       0.000000
1780,   4.524000,   -1209.527612,   -1108.138442,   -1209.525228,   -1107.872128,      -0.001297,       0.000000,      -0.057415,       0.000000
1781,   4.525000,   -1209.527612,   -1108.158469,   -1209.524989,   -1107.888818,      -0.001488,       0.000000,      -0.058019,       0.000000
1782,   4.526000,   -1209.527612,   -1108.178616,   -1209.524751,   -1107.905746,      -0.001678,       0.000000,      -0.058654,       0.000000
1783,   4.527000,   -1209.527612,   -1108.199000,   -1209.524512,   -1107.922912,      -0.001869,       0.000000,      -0.059258,       0.000000
1784,   4.528000,   -1209.527612,   -1108.219385,   -1209.524274,   -1107.940197,      -0.002022,       0.000000,      -0.059894,       0.000000
1785,   4.529000,   -1209.527612,   -1108.240008,   -1209.524155,   -1107.957840,      -0.002213,       0.000000,      -0.060466,       0.000000
1786,   4.530000,   -1209.527612,   -1108.260751,   -1209.523916,   -1107.975602,      -0.002365,       0.000000,      -0.061071,       0.000000
1787,   4.531000,   -1209.527612,   -1108.281612,   -1209.523678,   -1107.993603,      -0.002518,       0.000000,      -0.061643,       0.000000
1788,   4.532000,   -1209.527612,   -1108.302474,   -1209.523559,   -1108.011723,      -0.002670,       0.000000,      -0.062247,       0.000000
1789,   4.533000,   -1209.527612,   -1108.323574,   -1209.523320,   -1108.030081,      -0.002785,       0.000000,      -0.062883,       0.000000
1790,   4.534000,   -1209.527612,   -1108.344674,   -1209.523082,   -1108.048558,      -0.002937,       0.000000,      -0.063455,       0.000000
1791,   4.535000,   -1209.527612,   -1108.366013,   -1209.522963,   -1108.067274,      -0.003052,       0.000000,      -0.064027,       0.000000
1792,   4.536000,   -1209.527612,   -1108.387351,   -1209.522843,   -1108.086109,      -0.003166,       0.000000,      -0.064695,       0.000000
1793,   4.537000,   -1209.527612,   -1108.408689,   -1209.522605,   -1108.105063,      -0.003281,       0.000000,      -0.065299,       0.000000
1794,   4.538000,   -1209.527612,   -1108.430266,   -1209.522486,   -1108.124256,      -0.003395,       0.000000,      -0.065935,       0.000000
1795,   4.539000,   -1209.527612,   -1108.451843,   -1209.522367,   -1108.143449,      -0.003510,       0.000000,      -0.066602,       0.000000
1796,   4.540000,   -1209.527612,   -1108.473420,   -1209.522128,   -1108.162999,      -0.003586,       0.000000,      -0.067238,       0.000000
1797,   4.541000,   -1209.527612,   -1108.495116,   -1209.522009,   -1108.182549,      -0.003700,       0.000000,      -0.067842,       0.000000
1798,   4.542000,   -1209.527612,   -1108.516932,   -1209.521890,   -1108.202219,      -0.003777,       0.000000,      -0.068510,       0.000000
1799,   4.543000,   -1209.527612,   -1108.538747,   -1209.521770,   -1108.222127,      -0.003853,       0.000000,      -0.069082,       0.000000
1800,   4.544000,   -1209.527612,   -1108.560562,   -1209.521651,   -1108.242035,      -0.003891,       0.000000,      -0.069781,       0.000000
1801,   4.545000,   -1209.527612,   -1108.582497,   -1209.521532,   -1108.262300,      -0.003967,       0.000000,      -0.070322,       0.000000
1802,   4.546000,   -1209.527612,   -1108.604431,   -1209.521413,   -1108.282566,      -0.004044,       0.000000,      -0.070894,       0.000000
1803,   4.547000,   -1209.527612,   -1108.626485,   -1209.521294,   -1108.302951,      -0.004082,       0.000000,      -0.071466,       0.000000
1804,   4.548000,   -1209.527612,   -1108.648419,   -1209.521174,   -1108.323455,      -0.004120,       0.000000,      -0.072007,       0.000000
1805,   4.549000,   -1209.527612,   -1108.670473,   -1209.521174,   -1108.344078,      -0.004158,       0.000000,      -0.072452,       0.000000
1806,   4.550000,   -1209.527612,   -1108.692527,   -1209.521055,   -1108.364820,      -0.004196,       0.000000,      -0.072992,       0.000000
1807,   4.551000,   -1209.527612,   -1108.714581,   -1209.520936,   -1108.385801,      -0.004234,       0.000000,      -0.073405,       0.000000
1808,   4.552000,   -1209.527612,   -1108.736634,   -1209.520936,   -1108.406663,      -0.004234,       0.000000,      -0.073851,       0.000000
1809,   4.553000,   -1209.527612,   -1108.758688,   -1209.520817,   -1108.427882,      -0.004234,       0.000000,      -0.074232,       0.000000
1810,   4.554000,   -1209.527612,   -1108.780861,   -1209.520817,   -1108.449101,      -0.004272,       0.000000,      -0.074582,       0.000000
1811,   4.555000,   -1209.527612,   -1108.802915,   -1209.520817,   -1108.470321,      -0.004272,       0.000000,      -0.074963,       0.000000
1812,   4.556000,   -1209.527612,   -1108.824968,   -1209.520698,   -1108.491659,      -0.004272,       0.000000,      -0.075249,       0.000000
1813,   4.557000,   -1209.527612,   -1108.847022,   -1209.520698,   -1108.513117,      -0.004272,       0.000000,      -0.075567,       0.000000
1814,   4.558000,   -1209.527612,   -1108.869076,   -1209.520698,   -1108.534694,      -0.004272,       0.000000,      -0.075885,       0.000000
1815,   4.559000,   -1209.527612,   -1108.891129,   -1209.520698,   -1108.556271,      -0.004272,       0.000000,      -0.076108,       0.000000
1816,   4.560000,   -1209.527612,   -1108.913183,   -1209.520698,   -1108.577847,      -0.004234,       0.000000,      -0.076426,       0.000000
1817,   4.561000,   -1209.527612,   -1108.935237,   -1209.520698,   -1108.599424,      -0.004234,       0.000000,      -0.076712,       0.000000
1818,   4.562000,   -1209.527612,   -1108.957291,   -1209.520698,   -1108.621240,      -0.004196,       0.000000,      -0.076902,       0.000000
1819,   4.563000,   -1209.527612,   -1108.979344,   -1209.520698,   -1108.642936,      -0.004196,       0.000000,      -0.077189,       0.000000
1820,   4.564000,   -1209.527612,   -1109.001517,   -1209.520698,   -1108.664632,      -0.004158,       0.000000,      -0.077475,       0.000000
1821,   4.565000,   -1209.527612,   -1109.023571,   -1209.520698,   -1108.686566,      -0.004120,       0.000000,      -0.077665,       0.000000
1822,   4.566000,   -1209.527612,   -1109.045625,   -1209.520698,   -1108.708262,      -0.004120,       0.000000,      -0.077983,       0.000000
1823,   4.567000,   -1209.527612,   -1109.067678,   -1209.520817,   -1108.730078,      -0.004082,       0.000000,      -0.078238,       0.000000
1824,   4.568000,   -1209.527612,   -1109.089732,   -1209.520817,   -1108.751893,      -0.004044,       0.000000,      -0.078428,       0.000000
1825,   4.569000,   -1209.527612,   -1109.111786,   -1209.520817,   -1108.773708,      -0.004005,       0.000000,      -0.078746,       0.000000
1826,   4.570000,   -1209.527612,   -1109.133840,   -1209.520817,   -1108.795524,      -0.003967,       0.000000,      -0.078969,       0.000000
1827,   4.571000,   -1209.527612,   -1109.155893,   -1209.520817,   -1108.817339,      -0.003967,       0.000000,      -0.079191,       0.000000
1828,   4.572000,   -1209.527612,   -1109.177947,   -1209.520817,   -1108.839154,      -0.003929,       0.000000,      -0.079478,       0.000000
1829,   4.573000,   -1209.527612,   -1109.200120,   -1209.520936,   -1108.861089,      -0.003891,       0.000000,      -0.079700,       0.000000
1830,   4.574000,   -1209.527612,   -1109.222174,   -1209.520936,   -1108.883023,      -0.003853,       0.000000,      -0.079891,       0.000000
1831,   4.575000,   -1209.527612,   -1109.244227,   -1209.520936,   -1108.904839,      -0.003777,       0.000000,      -0.080082,       0.000000
1832,   4.576000,   -1209.527612,   -1109.266281,   -1209.520936,   -1108.926773,      -0.003738,       0.000000,      -0.080272,       0.000000
1833,   4.577000,   -1209.527612,   -1109.288335,   -1209.521055,   -1108.948708,      -0.003700,       0.000000,      -0.080431,       0.000000
1834,   4.578000,   -1209.527612,   -1109.310389,   -1209.521055,   -1108.970642,      -0.003662,       0.000000,      -0.080590,       0.000000
1835,   4.579000,   -1209.527612,   -1109.332442,   -1209.521055,   -1108.992577,      -0.003624,       0.000000,      -0.080749,       0.000000
1836,   4.580000,   -1209.527612,   -1109.354496,   -1209.521055,   -1109.014511,      -0.003548,       0.000000,      -0.080940,       0.000000
1837,   4.581000,   -1209.527612,   -1109.376550,   -1209.521174,   -1109.036446,      -0.003510,       0.000000,      -0.081035,       0.000000
1838,   4.582000,   -1209.527612,   -1109.398603,   -1209.521174,   -1109.058380,      -0.003471,       0.000000,      -0.081194,       0.000000
1839,   4.583000,   -1209.527612,   -1109.420776,   -1209.521174,   -1109.080315,      -0.003395,       0.000000,      -0.081353,       0.000000
1840,   4.584000,   -1209.527612,   -1109.442830,   -1209.521174,   -1109.102249,      -0.003357,       0.000000,      -0.081512,       0.000000
1841,   4.585000,   -1209.527612,   -1109.464884,   -1209.521174,   -1109.124184,      -0.003281,       0.000000,      -0.081671,       0.000000
1842,   4.586000,   -1209.527612,   -1109.486938,   -1209.521294,   -1109.146118,      -0.003243,       0.000000,      -0.081862,       0.000000
1843,   4.587000,   -1209.527612,   -1109.508991,   -1209.521294,   -1109.168053,      -0.003166,       0.000000,      -0.081989,       0.000000
1844,   4.588000,   -1209.527612,   -1109.531045,   -1209.521294,   -1109.189987,      -0.003090,       0.000000,      -0.082180,       0.000000
1845,   4.589000,   -1209.527612,   -1109.553099,   -1209.521413,   -1109.211802,      -0.003052,       0.000000,      -0.082402,       0.000000
1846,   4.590000,   -1209.527612,   -1109.575152,   -1209.521413,   -1109.233737,      -0.002975,       0.000000,      -0.082593,       0.000000
1847,   4.591000,   -1209.527612,   -1109.597206,   -1209.521413,   -1109.255672,      -0.002899,       0.000000,      -0.082752,       0.000000
1848,   4.592000,   -1209.527612,   -1109.619379,   -1209.521532,   -1109.277606,      -0.002823,       0.000000,      -0.082975,       0.000000
1849,   4.593000,   -1209.527612,   -1109.641433,   -1209.521532,   -1109.299541,      -0.002785,       0.000000,      -0.083165,       0.000000
1850,   4.594000,   -1209.527612,   -1109.663486,   -1209.521651,   -1109.321475,      -0.002708,       0.000000,      -0.083292,       0.000000
1851,   4.595000,   -1209.527612,   -1109.685540,   -1209.521651,   -1109.343410,      -0.002632,       0.000000,      -0.083483,       0.000000
1852,   4.596000,   -1209.527612,   -1109.707594,   -1209.521770,   -1109.365344,      -0.002556,       0.000000,      -0.083610,       0.000000
1853,   4.597000,   -1209.527612,   -1109.729648,   -1209.521770,   -1109.387279,      -0.002480,       0.000000,      -0.083769,       0.000000
1854,   4.598000,   -1209.527612,   -1109.751701,   -1209.521890,   -1109.409213,      -0.002403,       0.000000,      -0.083865,       0.000000
1855,   4.599000,   -1209.527612,   -1109.773755,   -1209.522009,   -1109.431267,      -0.002289,       0.000000,      -0.083960,       0.000000
1856,   4.600000,   -1209.527612,   -1109.795809,   -1209.522009,   -1109.453321,      -0.002213,       0.000000,      -0.084024,       0.000000
1857,   4.601000,   -1209.527612,   -1109.817863,   -1209.522128,   -1109.475374,      -0.002098,       0.000000,      -0.084024,       0.000000
1858,   4.602000,   -1209.527612,   -1109.840035,   -1209.522247,   -1109.497428,      -0.002022,       0.000000,      -0.084055,       0.000000
1859,   4.603000,   -1209.527612,   -1109.862089,   -1209.522247,   -1109.519482,      -0.001907,       0.000000,      -0.084087,       0.000000
1860,   4.604000,   -1209.527612,   -1109.884143,   -1209.522367,   -1109.541655,      -0.001831,       0.000000,      -0.084055,       0.000000
1861,   4.605000,   -1209.527612,   -1109.906197,   -1209.522486,   -1109.563828,      -0.001717,       0.000000,      -0.084024,       0.000000
1862,   4.606000,   -1209.527612,   -1109.928250,   -1209.522486,   -1109.585881,      -0.001602,       0.000000,      -0.084024,       0.000000
1863,   4.607000,   -1209.527612,   -1109.950304,   -1209.522605,   -1109.607935,      -0.001526,       0.000000,      -0.084024,       0.000000
1864,   4.608000,   -1209.527612,   -1109.972358,   -1209.522724,   -1109.630108,      -0.001411,       0.000000,      -0.083960,       0.000000
1865,   4.609000,   -1209.527612,   -1109.994411,   -1209.522724,   -1109.652281,      -0.001335,       0.000000,      -0.083960,       0.000000
1866,   4.610000,   -1209.527612,   -1110.016465,   -1209.522843,   -1109.674335,      -0.001221,       0.000000,      -0.083992,       0.000000
1867,   4.611000,   -1209.527612,   -1110.038638,   -1209.522963,   -1109.696507,      -0.001106,       0.000000,      -0.083928,       0.000000
1868,   4.612000,   -1209.527612,   -1110.060692,   -1209.522963,   -1109.718561,      -0.000992,       0.000000,      -0.083928,       0.000000
1869,   4.613000,   -1209.527612,   -1110.082746,   -1209.523082,   -1109.740615,      -0.000916,       0.000000,      -0.083992,       0.000000
1870,   4.614000,   -1209.527612,   -1110.104799,   -1209.523082,   -1109.762669,      -0.000801,       0.000000,      -0.084024,       0.000000
1871,   4.615000,   -1209.527612,   -1110.126853,   -1209.523201,   -1109.784842,      -0.000687,       0.000000,      -0.084024,       0.000000
1872,   4.616000,   -1209.527612,   -1110.148907,   -1209.523320,   -1109.806776,      -0.000610,       0.000000,      -0.084087,       0.000000
1873,   4.617000,   -1209.527612,   -1110.170960,   -1209.523320,   -1109.828949,      -0.000496,       0.000000,      -0.084119,       0.000000
1874,   4.618000,   -1209.527612,   -1110.193014,   -1209.523439,   -1109.850883,      -0.000420,       0.000000,      -0.084183,       0.000000
1875,   4.619000,   -1209.527612,   -1110.215068,   -1209.523559,   -1109.872937,      -0.000305,       0.000000,      -0.084246,       0.000000
1876,   4.620000,   -1209.527612,   -1110.237122,   -1209.523559,   -1109.894991,      -0.000229,       0.000000,      -0.084310,       0.000000
1877,   4.621000,   -1209.527612,   -1110.259295,   -1209.523678,   -1109.917045,      -0.000153,       0.000000,      -0.084373,       0.000000
1878,   4.622000,   -1209.527612,   -1110.281348,   -1209.523797,   -1109.939098,      -0.000038,       0.000000,      -0.084373,       0.000000
1879,   4.623000,   -1209.527612,   -1110.303402,   -1209.523797,   -1109.961152,       0.000038,       0.000000,      -0.084437,       0.000000
1880,   4.624000,   -1209.527612,   -1110.325456,   -1209.523916,   -1109.983206,       0.000114,       0.000000,      -0.084469,       0.000000
1881,   4.625000,   -1209.527612,   -1110.347509,   -1209.524035,   -1110.005379,       0.000191,       0.000000,      -0.084437,       0.000000
1882,   4.626000,   -1209.527612,   -1110.369563,   -1209.524035,   -1110.027552,       0.000267,       0.000000,      -0.084437,       0.000000
1883,   4.627000,   -1209.527612,   -1110.391617,   -1209.524155,   -1110.049605,       0.000343,       0.000000,      -0.084469,       0.000000
1884,   4.628000,   -1209.527612,   -1110.413671,   -1209.524274,   -1110.071778,       0.000420,       0.000000,      -0.084405,       0.000000
1885,   4.629000,   -1209.527612,   -1110.435724,   -1209.524274,   -1110.093951,       0.000496,       0.000000,      -0.084310,       0.000000
1886,   4.630000,   -1209.527612,   -1110.457897,   -1209.524393,   -1110.116124,       0.000572,       0.000000,      -0.084278,       0.000000
1887,   4.631000,   -1209.527612,   -1110.479951,   -1209.524512,   -1110.138297,       0.000649,       0.000000,      -0.084214,       0.000000
1888,   4.632000,   -1209.527612,   -1110.502005,   -1209.524632,   -1110.160470,       0.000687,       0.000000,      -0.084087,       0.000000
1889,   4.633000,   -1209.527612,   -1110.524058,   -1209.524751,   -1110.182643,       0.000763,       0.000000,      -0.083992,       0.000000
1890,   4.634000,   -1209.527612,   -1110.546112,   -1209.524751,   -1110.204816,       0.000801,       0.000000,      -0.083960,       0.000000
1891,   4.635000,   -1209.527612,   -1110.568166,   -1209.524870,   -1110.226989,       0.000877,       0.000000,      -0.083896,       0.000000
1892,   4.636000,   -1209.527612,   -1110.590219,   -1209.524989,   -1110.249162,       0.000916,       0.000000,      -0.083769,       0.000000
1893,   4.637000,   -1209.527612,   -1110.612273,   -1209.524989,   -1110.271335,       0.000992,       0.000000,      -0.083769,       0.000000
1894,   4.638000,   -1209.527612,   -1110.634327,   -1209.525108,   -1110.293388,       0.001030,       0.000000,      -0.083738,       0.000000
1895,   4.639000,   -1209.527612,   -1110.656381,   -1209.525228,   -1110.315681,       0.001068,       0.000000,      -0.083642,       0.000000
1896,   4.640000,   -1209.527612,   -1110.678554,   -1209.525228,   -1110.337734,       0.001106,       0.000000,      -0.083642,       0.000000
1897,   4.641000,   -1209.527612,   -1110.700607,   -1209.525347,   -1110.359907,       0.001144,       0.000000,      -0.083610,       0.000000
1898,   4.642000,   -1209.527612,   -1110.722661,   -1209.525347,   -1110.381961,       0.001183,       0.000000,      -0.083610,       0.000000
1899,   4.643000,   -1209.527612,   -1110.744715,   -1209.525466,   -1110.404134,       0.001221,       0.000000,      -0.083610,       0.000000
1900,   4.644000,   -1209.527612,   -1110.766768,   -1209.525585,   -1110.426188,       0.001259,       0.000000,      -0.083579,       0.000000
1901,   4.645000,   -1209.527612,   -1110.788822,   -1209.525585,   -1110.448360,       0.001259,       0.000000,      -0.083579,       0.000000
1902,   4.646000,   -1209.527612,   -1110.810876,   -1209.525704,   -1110.470414,       0.001297,       0.000000,      -0.083610,       0.000000
1903,   4.647000,   -1209.527612,   -1110.832930,   -1209.525704,   -1110.492587,       0.001335,       0.000000,      -0.083515,       0.000000
1904,   4.648000,   -1209.527612,   -1110.854983,   -1209.525824,   -1110.514760,       0.001335,       0.000000,      -0.083547,       0.000000
1905,   4.649000,   -1209.527612,   -1110.877037,   -1209.525824,   -1110.536814,       0.001373,       0.000000,      -0.083547,       0.000000
1906,   4.650000,   -1209.527612,   -1110.899210,   -1209.525943,   -1110.558987,       0.001373,       0.000000,      -0.083451,       0.000000
1907,   4.651000,   -1209.527612,   -1110.921264,   -1209.525943,   -1110.581160,       0.001373,       0.000000,      -0.083420,       0.000000
1908,   4.652000,   -1209.527612,   -1110.943317,   -1209.526062,   -1110.603333,       0.001411,       0.000000,      -0.083388,       0.000000
1909,   4.653000,   -1209.527612,   -1110.965371,   -1209.526062,   -1110.625505,       0.001411,       0.000000,      -0.083324,       0.000000
1910,   4.654000,   -1209.527612,   -1110.987306,   -1209.526181,   -1110.647678,       0.001411,       0.000000,      -0.083229,       0.000000
1911,   4.655000,   -1209.527612,   -1111.009359,   -1209.526181,   -1110.669851,       0.001411,       0.000000,      -0.083133,       0.000000
1912,   4.656000,   -1209.527612,   -1111.031294,   -1209.526300,   -1110.692024,       0.001411,       0.000000,      -0.083070,       0.000000
1913,   4.657000,   -1209.527612,   -1111.053228,   -1209.526300,   -1110.714316,       0.001411,       0.000000,      -0.082943,       0.000000
1914,   4.658000,   -1209.527612,   -1111.075163,   -1209.526420,   -1110.736489,       0.001411,       0.000000,      -0.082847,       0.000000
1915,   4.659000,   -1209.527612,   -1111.096978,   -1209.526420,   -1110.758662,       0.001411,       0.000000,      -0.082784,       0.000000
1916,   4.660000,   -1209.527612,   -1111.118793,   -1209.526420,   -1110.780835,       0.001411,       0.000000,      -0.082752,       0.000000
1917,   4.661000,   -1209.527612,   -1111.140609,   -1209.526539,   -1110.803008,       0.001411,       0.000000,      -0.082657,       0.000000
1918,   4.662000,   -1209.527612,   -1111.162305,   -1209.526658,   -1110.825062,       0.001411,       0.000000,      -0.082625,       0.000000
1919,   4.663000,   -1209.527612,   -1111.183882,   -1209.526658,   -1110.847235,       0.001411,       0.000000,      -0.082593,       0.000000
1920,   4.664000,   -1209.527612,   -1111.205459,   -1209.526777,   -1110.869408,       0.001373,       0.000000,      -0.082529,       0.000000
1921,   4.665000,   -1209.527612,   -1111.226916,   -1209.526777,   -1110.891461,       0.001373,       0.000000,      -0.082529,       0.000000
1922,   4.666000,   -1209.527612,   -1111.248374,   -1209.526896,   -1110.913634,       0.001373,       0.000000,      -0.082434,       0.000000
1923,   4.667000,   -1209.527612,   -1111.269593,   -1209.526896,   -1110.935688,       0.001335,       0.000000,      -0.082434,       0.000000
1924,   4.668000,   -1209.527612,   -1111.290812,   -1209.526896,   -1110.957742,       0.001335,       0.000000,      -0.082402,       0.000000
1925,   4.669000,   -1209.527612,   -1111.311913,   -1209.527016,   -1110.979795,       0.001335,       0.000000,      -0.082370,       0.000000
1926,   4.670000,   -1209.527612,   -1111.333013,   -1209.527016,   -1111.001730,       0.001297,       0.000000,      -0.082307,       0.000000
1927,   4.671000,   -1209.527612,   -1111.353874,   -1209.527016,   -1111.023784,       0.001297,       0.000000,      -0.082212,       0.000000
1928,   4.672000,   -1209.527612,   -1111.374736,   -1209.527135,   -1111.045837,       0.001259,       0.000000,      -0.082084,       0.000000
1929,   4.673000,   -1209.527612,   -1111.395359,   -1209.527135,   -1111.067772,       0.001259,       0.000000,      -0.081957,       0.000000
1930,   4.674000,   -1209.527612,   -1111.415863,   -1209.527254,   -1111.089826,       0.001221,       0.000000,      -0.081830,       0.000000
1931,   4.675000,   -1209.527612,   -1111.436367,   -1209.527254,   -1111.111760,       0.001221,       0.000000,      -0.081544,       0.000000
1932,   4.676000,   -1209.527612,   -1111.456633,   -1209.527254,   -1111.133695,       0.001183,       0.000000,      -0.081321,       0.000000
1933,   4.677000,   -1209.527612,   -1111.476779,   -1209.527373,   -1111.155629,       0.001183,       0.000000,      -0.081067,       0.000000
1934,   4.678000,   -1209.527612,   -1111.496806,   -1209.527373,   -1111.177564,       0.001144,       0.000000,      -0.080717,       0.000000
1935,   4.679000,   -1209.527612,   -1111.516595,   -1209.527373,   -1111.199379,       0.001106,       0.000000,      -0.080368,       0.000000
1936,   4.680000,   -1209.527612,   -1111.536384,   -1209.527373,   -1111.221194,       0.001106,       0.000000,      -0.080050,       0.000000
1937,   4.681000,   -1209.527612,   -1111.555815,   -1209.527373,   -1111.242890,       0.001068,       0.000000,      -0.079636,       0.000000
1938,   4.682000,   -1209.527612,   -1111.575246,   -1209.527373,   -1111.264586,       0.001030,       0.000000,      -0.079223,       0.000000
1939,   4.683000,   -1209.527612,   -1111.594439,   -1209.527373,   -1111.286044,       0.000992,       0.000000,      -0.078842,       0.000000
1940,   4.684000,   -1209.527612,   -1111.613512,   -1209.527373,   -1111.307621,       0.000992,       0.000000,      -0.078333,       0.000000
1941,   4.685000,   -1209.527612,   -1111.632347,   -1209.527373,   -1111.329079,       0.000954,       0.000000,      -0.077888,       0.000000
1942,   4.686000,   -1209.527612,   -1111.650944,   -1209.527493,   -1111.350298,       0.000916,       0.000000,      -0.077443,       0.000000
1943,   4.687000,   -1209.527612,   -1111.669421,   -1209.527493,   -1111.371517,       0.000877,       0.000000,      -0.076934,       0.000000
1944,   4.688000,   -1209.527612,   -1111.687660,   -1209.527493,   -1111.392617,       0.000877,       0.000000,      -0.076457,       0.000000
1945,   4.689000,   -1209.527612,   -1111.705780,   -1209.527493,   -1111.413598,       0.000839,       0.000000,      -0.075949,       0.000000
1946,   4.690000,   -1209.527612,   -1111.723542,   -1209.527493,   -1111.434460,       0.000801,       0.000000,      -0.075440,       0.000000
1947,   4.691000,   -1209.527612,   -1111.741185,   -1209.527493,   -1111.455083,       0.000763,       0.000000,      -0.074963,       0.000000
1948,   4.692000,   -1209.527612,   -1111.758590,   -1209.527493,   -1111.475706,       0.000725,       0.000000,      -0.074423,       0.000000
1949,   4.693000,   -1209.527612,   -1111.775756,   -1209.527493,   -1111.496091,       0.000687,       0.000000,      -0.073914,       0.000000
1950,   4.694000,   -1209.527612,   -1111.792803,   -1209.527493,   -1111.516356,       0.000687,       0.000000,      -0.073437,       0.000000
1951,   4.695000,   -1209.527612,   -1111.809492,   -1209.527493,   -1111.536503,       0.000649,       0.000000,      -0.072865,       0.000000
1952,   4.696000,   -1209.527612,   -1111.825943,   -1209.527493,   -1111.556530,       0.000610,       0.000000,      -0.072325,       0.000000
1953,   4.697000,   -1209.527612,   -1111.842275,   -1209.527493,   -1111.576438,       0.000572,       0.000000,      -0.071721,       0.000000
1954,   4.698000,   -1209.527612,   -1111.858249,   -1209.527493,   -1111.596107,       0.000534,       0.000000,      -0.071148,       0.000000
1955,   4.699000,   -1209.527612,   -1111.873984,   -1209.527493,   -1111.615658,       0.000534,       0.000000,      -0.070481,       0.000000
1956,   4.700000,   -1209.527612,   -1111.889362,   -1209.527493,   -1111.634970,       0.000496,       0.000000,      -0.069877,       0.000000
1957,   4.701000,   -1209.527612,   -1111.904621,   -1209.527493,   -1111.654282,       0.000458,       0.000000,      -0.069145,       0.000000
1958,   4.702000,   -1209.527612,   -1111.919522,   -1209.527493,   -1111.673355,       0.000420,       0.000000,      -0.068414,       0.000000
1959,   4.703000,   -1209.527612,   -1111.934185,   -1209.527493,   -1111.692190,       0.000420,       0.000000,      -0.067747,       0.000000
1960,   4.704000,   -1209.527612,   -1111.948609,   -1209.527493,   -1111.710906,       0.000381,       0.000000,      -0.066952,       0.000000
1961,   4.705000,   -1209.527612,   -1111.962676,   -1209.527493,   -1111.729503,       0.000343,       0.000000,      -0.066125,       0.000000
1962,   4.706000,   -1209.527612,   -1111.976385,   -1209.527373,   -1111.747742,       0.000305,       0.000000,      -0.065331,       0.000000
1963,   4.707000,   -1209.527612,   -1111.989975,   -1209.527373,   -1111.765862,       0.000305,       0.000000,      -0.064536,       0.000000
1964,   4.708000,   -1209.527612,   -1112.003088,   -1209.527373,   -1111.783743,       0.000267,       0.000000,      -0.063677,       0.000000
1965,   4.709000,   -1209.527612,   -1112.015963,   -1209.527373,   -1111.801505,       0.000229,       0.000000,      -0.062755,       0.000000
1966,   4.710000,   -1209.527612,   -1112.028599,   -1209.527373,   -1111.819029,       0.000191,       0.000000,      -0.061834,       0.000000
1967,   4.711000,   -1209.527612,   -1112.040758,   -1209.527373,   -1111.836314,       0.000191,       0.000000,      -0.060880,       0.000000
1968,   4.712000,   -1209.527612,   -1112.052679,   -1209.527373,   -1111.853361,       0.000153,       0.000000,      -0.059990,       0.000000
1969,   4.713000,   -1209.527612,   -1112.064242,   -1209.527373,   -1111.870170,       0.000114,       0.000000,      -0.059036,       0.000000
1970,   4.714000,   -1209.527612,   -1112.075567,   -1209.527373,   -1111.886621,       0.000114,       0.000000,      -0.058114,       0.000000
1971,   4.715000,   -1209.527612,   -1112.086415,   -1209.527373,   -1111.902952,       0.000076,       0.000000,      -0.057128,       0.000000
1972,   4.716000,   -1209.527612,   -1112.097025,   -1209.527373,   -1111.919045,       0.000076,       0.000000,      -0.056143,       0.000000
1973,   4.717000,   -1209.527612,   -1112.107277,   -1209.527373,   -1111.934781,       0.000038,       0.000000,      -0.055094,       0.000000
1974,   4.718000,   -1209.527612,   -1112.117171,   -1209.527373,   -1111.950278,       0.000000,       0.000000,      -0.054108,       0.000000
1975,   4.719000,   -1209.527612,   -1112.126827,   -1209.527254,   -1111.965537,       0.000000,       0.000000,      -0.053091,       0.000000
1976,   4.720000,   -1209.527612,   -1112.136006,   -1209.527254,   -1111.980557,      -0.000038,       0.000000,      -0.052074,       0.000000
1977,   4.721000,   -1209.527612,   -1112.145066,   -1209.527254,   -1111.995101,      -0.000038,       0.000000,      -0.051056,       0.000000
1978,   4.722000,   -1209.527612,   -1112.153649,   -1209.527254,   -1112.009525,      -0.000076,       0.000000,      -0.050007,       0.000000
1979,   4.723000,   -1209.527612,   -1112.161994,   -1209.527254,   -1112.023711,      -0.000076,       0.000000,      -0.048895,       0.000000
1980,   4.724000,   -1209.527612,   -1112.170100,   -1209.527254,   -1112.037420,      -0.000114,       0.000000,      -0.047814,       0.000000
1981,   4.725000,   -1209.527612,   -1112.177849,   -1209.527254,   -1112.051010,      -0.000114,       0.000000,      -0.046733,       0.000000
1982,   4.726000,   -1209.527612,   -1112.185359,   -1209.527254,   -1112.064123,      -0.000114,       0.000000,      -0.045652,       0.000000
1983,   4.727000,   -1209.527612,   -1112.192631,   -1209.527254,   -1112.076998,      -0.000153,       0.000000,      -0.044507,       0.000000
1984,   4.728000,   -1209.527612,   -1112.199545,   -1209.527135,   -1112.089634,      -0.000153,       0.000000,      -0.043363,       0.000000
1985,   4.729000,   -1209.527612,   -1112.206221,   -1209.527135,   -1112.101912,      -0.000153,       0.000000,      -0.042250,       0.000000
1986,   4.730000,   -1209.527612,   -1112.212658,   -1209.527135,   -1112.113833,      -0.000191,       0.000000,      -0.041106,       0.000000
1987,   4.731000,   -1209.527612,   -1112.218738,   -1209.527135,   -1112.125516,      -0.000191,       0.000000,      -0.039930,       0.000000
1988,   4.732000,   -1209.527612,   -1112.224698,   -1209.527135,   -1112.136841,      -0.000191,       0.000000,      -0.038753,       0.000000
1989,   4.733000,   -1209.527612,   -1112.230301,   -1209.527135,   -1112.147808,      -0.000229,       0.000000,      -0.037672,       0.000000
1990,   4.734000,   -1209.527612,   -1112.235665,   -1209.527135,   -1112.158537,      -0.000229,       0.000000,      -0.036496,       0.000000
1991,   4.735000,   -1209.527612,   -1112.240911,   -1209.527135,   -1112.168908,      -0.000229,       0.000000,      -0.035320,       0.000000
1992,   4.736000,   -1209.527612,   -1112.245798,   -1209.527016,   -1112.178922,      -0.000267,       0.000000,      -0.034271,       0.000000
1993,   4.737000,   -1209.527612,   -1112.250566,   -1209.527016,   -1112.188697,      -0.000267,       0.000000,      -0.033190,       0.000000
1994,   4.738000,   -1209.527612,   -1112.254977,   -1209.527016,   -1112.198114,      -0.000267,       0.000000,      -0.032077,       0.000000
1995,   4.739000,   -1209.527612,   -1112.259269,   -1209.527016,   -1112.207294,      -0.000267,       0.000000,      -0.030996,       0.000000
1996,   4.740000,   -1209.527612,   -1112.263322,   -1209.527016,   -1112.215996,      -0.000267,       0.000000,      -0.029979,       0.000000
1997,   4.741000,   -1209.527612,   -1112.267256,   -1209.527016,   -1112.224460,      -0.000267,       0.000000,      -0.028962,       0.000000
1998,   4.742000,   -1209.527612,   -1112.270951,   -1209.526896,   -1112.232685,      -0.000305,       0.000000,      -0.027944,       0.000000
1999,   4.743000,   -1209.527612,   -1112.274408,   -1209.526896,   -1112.240553,      -0.000305,       0.000000,      -0.027022,       0.000000
2000,   4.744000,   -1209.527612,   -1112.277627,   -1209.526896,   -1112.248182,      -0.000305,       0.000000,      -0.026037,       0.000000
2001,   4.745000,   -1209.527612,   -1112.280726,   -1209.526896,   -1112.255454,      -0.000305,       0.000000,      -0.025178,       0.000000
2002,   4.746000,   -1209.527612,   -1112.283707,   -1209.526896,   -1112.262607,      -0.000305,       0.000000,      -0.024257,       0.000000
2003,   4.747000,   -1209.527612,   -1112.286448,   -1209.526896,   -1112.269402,      -0.000305,       0.000000,      -0.023366,       0.000000
2004,   4.748000,   -1209.527612,   -1112.288952,   -1209.526896,   -1112.275839,      -0.000305,       0.000000,      -0.022508,       0.000000
2005,   4.749000,   -1209.527612,   -1112.291455,   -1209.526896,   -1112.282157,      -0.000305,       0.000000,      -0.021650,       0.000000
2006,   4.750000,   -1209.527612,   -1112.293601,   -1209.526777,   -1112.288117,      -0.000305,       0.000000,      -0.020855,       0.000000
2007,   4.751000,   -1209.527612,   -1112.295747,   -1209.526777,   -1112.293839,      -0.000305,       0.000000,      -0.020092,       0.000000
2008,   4.752000,   -1209.527612,   -1112.297773,   -1209.526777,   -1112.299442,      -0.000305,       0.000000,      -0.019265,       0.000000
2009,   4.753000,   -1209.527612,   -1112.299562,   -1209.526777,   -1112.304688,      -0.000305,       0.000000,      -0.018502,       0.000000
2010,   4.754000,   -1209.527612,   -1112.301230,   -1209.526777,   -1112.309575,      -0.000305,       0.000000,      -0.017835,       0.000000
2011,   4.755000,   -1209.527612,   -1112.302780,   -1209.526658,   -1112.314463,      -0.000305,       0.000000,      -0.017040,       0.000000
2012,   4.756000,   -1209.527612,   -1112.304211,   -1209.526658,   -1112.318993,      -0.000305,       0.000000,      -0.016404,       0.000000
2013,   4.757000,   -1209.527612,   -1112.305522,   -1209.526658,   -1112.323403,      -0.000305,       0.000000,      -0.015705,       0.000000
2014,   4.758000,   -1209.527612,   -1112.306714,   -1209.526658,   -1112.327576,      -0.000305,       0.000000,      -0.015101,       0.000000
2015,   4.759000,   -1209.527612,   -1112.307787,   -1209.526539,   -1112.331510,      -0.000305,       0.000000,      -0.014401,       0.000000
2016,   4.760000,   -1209.527612,   -1112.308741,   -1209.526539,   -1112.335205,      -0.000305,       0.000000,      -0.013861,       0.000000
2017,   4.761000,   -1209.527612,   -1112.309575,   -1209.526539,   -1112.338781,      -0.000305,       0.000000,      -0.013161,       0.000000
2018,   4.762000,   -1209.527612,   -1112.310410,   -1209.526539,   -1112.342119,      -0.000267,       0.000000,      -0.012557,       0.000000
2019,   4.763000,   -1209.527612,   -1112.311125,   -1209.526420,   -1112.345338,      -0.000267,       0.000000,      -0.011890,       0.000000
2020,   4.764000,   -1209.527612,   -1112.311721,   -1209.526420,   -1112.348437,      -0.000267,       0.000000,      -0.011286,       0.000000
2021,   4.765000,   -1209.527612,   -1112.312198,   -1209.526420,   -1112.351179,      -0.000267,       0.000000,      -0.010745,       0.000000
2022,   4.766000,   -1209.527612,   -1112.312675,   -1209.526420,   -1112.353802,      -0.000267,       0.000000,      -0.010205,       0.000000
2023,   4.767000,   -1209.527612,   -1112.313032,   -1209.526300,   -1112.356186,      -0.000267,       0.000000,      -0.009728,       0.000000
2024,   4.768000,   -1209.527612,   -1112.313390,   -1209.526300,   -1112.358451,      -0.000267,       0.000000,      -0.009283,       0.000000
2025,   4.769000,   -1209.527612,   -1112.313747,   -1209.526300,   -1112.360716,      -0.000267,       0.000000,      -0.008774,       0.000000
2026,   4.770000,   -1209.527612,   -1112.313867,   -1209.526300,   -1112.362623,      -0.000267,       0.000000,      -0.008329,       0.000000
2027,   4.771000,   -1209.527612,   -1112.314105,   -1209.526181,   -1112.364531,      -0.000229,       0.000000,      -0.007916,       0.000000
2028,   4.772000,   -1209.527612,   -1112.314224,   -1209.526181,   -1112.366199,      -0.000229,       0.000000,      -0.007566,       0.000000
2029,   4.773000,   -1209.527612,   -1112.314343,   -1209.526181,   -1112.367868,      -0.000229,       0.000000,      -0.007121,       0.000000
2030,   4.774000,   -1209.527612,   -1112.314463,   -1209.526181,   -1112.369180,      -0.000229,       0.000000,      -0.006803,       0.000000
2031,   4.775000,   -1209.527612,   -1112.314463,   -1209.526062,   -1112.370610,      -0.000229,       0.000000,      -0.006454,       0.000000
2032,   4.776000,   -1209.527612,   -1112.314463,   -1209.526062,   -1112.371802,      -0.000229,       0.000000,      -0.006104,       0.000000
2033,   4.777000,   -1209.527612,   -1112.314463,   -1209.526062,   -1112.372994,      -0.000229,       0.000000,      -0.005786,       0.000000
2034,   4.778000,   -1209.527612,   -1112.314463,   -1209.526062,   -1112.373948,      -0.000229,       0.000000,      -0.005500,       0.000000
2035,   4.779000,   -1209.527612,   -1112.314463,   -1209.525943,   -1112.374902,      -0.000229,       0.000000,      -0.005214,       0.000000
2036,   4.780000,   -1209.527612,   -1112.314463,   -1209.525943,   -1112.375736,      -0.000191,       0.000000,      -0.004959,       0.000000
2037,   4.781000,   -1209.527612,   -1112.314463,   -1209.525943,   -1112.376451,      -0.000191,       0.000000,      -0.004705,       0.000000
2038,   4.782000,   -1209.527612,   -1112.314463,   -1209.525943,   -1112.377048,      -0.000191,       0.000000,      -0.004483,       0.000000
2039,   4.783000,   -1209.527612,   -1112.314463,   -1209.525824,   -1112.377763,      -0.000191,       0.000000,      -0.004228,       0.000000
2040,   4.784000,   -1209.527612,   -1112.314463,   -1209.525824,   -1112.378240,      -0.000191,       0.000000,      -0.004037,       0.000000
2041,   4.785000,   -1209.527612,   -1112.314463,   -1209.525824,   -1112.378716,      -0.000153,       0.000000,      -0.003847,       0.000000
2042,   4.786000,   -1209.527612,   -1112.314463,   -1209.525704,   -1112.379074,      -0.000153,       0.000000,      -0.003656,       0.000000
2043,   4.787000,   -1209.527612,   -1112.314463,   -1209.525704,   -1112.379432,      -0.000153,       0.000000,      -0.003529,       0.000000
2044,   4.788000,   -1209.527612,   -1112.314463,   -1209.525704,   -1112.379670,      -0.000153,       0.000000,      -0.003402,       0.000000
2045,   4.789000,   -1209.527612,   -1112.314463,   -1209.525585,   -1112.379909,      -0.000153,       0.000000,      -0.003274,       0.000000
2046,   4.790000,   -1209.527612,   -1112.314463,   -1209.525585,   -1112.380147,      -0.000153,       0.000000,      -0.003147,       0.000000
2047,   4.791000,   -1209.527612,   -1112.314463,   -1209.525585,   -1112.380266,      -0.000114,       0.000000,      -0.003052,       0.000000
2048,   4.792000,   -1209.527612,   -1112.314463,   -1209.525585,   -1112.380505,      -0.000114,       0.000000,      -0.002957,       0.000000
2049,   4.793000,   -1209.527612,   -1112.314463,   -1209.525466,   -1112.380624,      -0.000114,       0.000000,      -0.002829,       0.000000
2050,   4.794000,   -1209.527612,   -1112.314463,   -1209.525466,   -1112.380743,      -0.000114,       0.000000,      -0.002766,       0.000000
2051,   4.795000,   -1209.527612,   -1112.314463,   -1209.525466,   -1112.380862,      -0.000114,       0.000000,      -0.002670,       0.000000
2052,   4.796000,   -1209.527612,   -1112.314463,   -1209.525466,   -1112.380862,      -0.000114,       0.000000,      -0.002607,       0.000000
2053,   4.797000,   -1209.527612,   -1112.314463,   -1209.525347,   -1112.380981,      -0.000076,       0.000000,      -0.002511,       0.000000
2054,   4.798000,   -1209.527612,   -1112.314463,   -1209.525347,   -1112.381101,      -0.000076,       0.000000,      -0.002448,       0.000000
2055,   4.799000,   -1209.527612,   -1112.314463,   -1209.525347,   -1112.381101,      -0.000076,       0.000000,      -0.002384,       0.000000
2056,   4.800000,   -1209.527612,   -1112.314463,   -1209.525347,   -1112.381220,      -0.000076,       0.000000,      -0.002321,       0.000000
2057,   4.801000,   -1209.527612,   -1112.314463,   -1209.525228,   -1112.381220,      -0.000076,       0.000000,      -0.002289,       0.000000
2058,   4.802000,   -1209.527612,   -1112.314463,   -1209.525228,   -1112.381339,      -0.000076,       0.000000,      -0.002225,       0.000000
2059,   4.803000,   -1209.527612,   -1112.314463,   -1209.525228,   -1112.381339,      -0.000076,       0.000000,      -0.002162,       0.000000
2060,   4.804000,   -1209.527612,   -1112.314463,   -1209.525228,   -1112.381458,      -0.000038,       0.000000,      -0.002066,       0.000000
2061,   4.805000,   -1209.527612,   -1112.314463,   -1209.525108,   -1112.381577,      -0.000038,       0.000000,      -0.002003,       0.000000
2062,   4.806000,   -1209.527612,   -1112.314463,   -1209.525108,   -1112.381577,      -0.000038,       0.000000,      -0.001907,       0.000000
2063,   4.807000,   -1209.527612,   -1112.314463,   -1209.525108,   -1112.381697,      -0.000038,       0.000000,      -0.001844,       0.000000
2064,   4.808000,   -1209.527612,   -1112.314463,   -1209.525108,   -1112.381816,      -0.000038,       0.000000,      -0.001749,       0.000000
2065,   4.809000,   -1209.527612,   -1112.314463,   -1209.525108,   -1112.381816,       0.000000,       0.000000,      -0.001685,       0.000000
2066,   4.810000,   -1209.527612,   -1112.314463,   -1209.525108,   -1112.381935,       0.000000,       0.000000,      -0.001590,       0.000000
2067,   4.811000,   -1209.527612,   -1112.314463,   -1209.524989,   -1112.382054,       0.000000,       0.000000,      -0.001494,       0.000000
2068,   4.812000,   -1209.527612,   -1112.314463,   -1209.524989,   -1112.382054,       0.000000,       0.000000,      -0.001431,       0.000000
2069,   4.813000,   -1209.527612,   -1112.314463,   -1209.524989,   -1112.382174,       0.000000,       0.000000,      -0.001335,       0.000000
2070,   4.814000,   -1209.527612,   -1112.314463,   -1209.524989,   -1112.382293,       0.000000,       0.000000,      -0.001272,       0.000000
2071,   4.815000,   -1209.527612,   -1112.314463,   -1209.524989,   -1112.382412,       0.000000,       0.000000,      -0.001176,       0.000000
2072,   4.816000,   -1209.527612,   -1112.314463,   -1209.524989,   -1112.382412,       0.000000,       0.000000,      -0.001081,       0.000000
2073,   4.817000,   -1209.527612,   -1112.314463,   -1209.524989,   -1112.382531,       0.000000,       0.000000,      -0.000986,       0.000000
2074,   4.818000,   -1209.527612,   -1112.314463,   -1209.524989,   -1112.382650,       0.000038,       0.000000,      -0.000922,       0.000000
2075,   4.819000,   -1209.527612,   -1112.314463,   -1209.524870,   -1112.382650,       0.000038,       0.000000,      -0.000827,       0.000000
2076,   4.820000,   -1209.527612,   -1112.314463,   -1209.524870,   -1112.382770,       0.000038,       0.000000,      -0.000731,       0.000000
2077,   4.821000,   -1209.527612,   -1112.314463,   -1209.524870,   -1112.382889,       0.000038,       0.000000,      -0.000636,       0.000000
2078,   4.822000,   -1209.527612,   -1112.314463,   -1209.524870,   -1112.383008,       0.000038,       0.000000,      -0.000572,       0.000000
2079,   4.823000,   -1209.527612,   -1112.314463,   -1209.524870,   -1112.383008,       0.000038,       0.000000,      -0.000477,       0.000000
2080,   4.824000,   -1209.527612,   -1112.314463,   -1209.524870,   -1112.383127,       0.000038,       0.000000,      -0.000381,       0.000000
2081,   4.825000,   -1209.527612,   -1112.314463,   -1209.524870,   -1112.383246,       0.000038,       0.000000,      -0.000318,       0.000000
2082,   4.826000,   -1209.527612,   -1112.314463,   -1209.524751,   -1112.383366,       0.000038,       0.000000,      -0.000223,       0.000000
2083,   4.827000,   -1209.527612,   -1112.314463,   -1209.524751,   -1112.383366,       0.000038,       0.000000,      -0.000159,       0.000000
2084,   4.828000,   -1209.527612,   -1112.314463,   -1209.524751,   -1112.383485,       0.000038,       0.000000,      -0.000064,       0.000000
2085,   4.829000,   -1209.527612,   -1112.314463,   -1209.524751,   -1112.383485,       0.000038,       0.000000,       0.000000,       0.000000
2086,   4.830000,   -1209.527612,   -1112.314463,   -1209.524751,   -1112.383604,       0.000076,       0.000000,       0.000064,       0.000000
2087,   4.831000,   -1209.527612,   -1112.314463,   -1209.524751,   -1112.383604,       0.000076,       0.000000,       0.000127,       0.000000
2088,   4.832000,   -1209.527612,   -1112.314463,   -1209.524751,   -1112.383723,       0.000076,       0.000000,       0.000191,       0.000000
2089,   4.833000,   -1209.527612,   -1112.314463,   -1209.524751,   -1112.383842,       0.000076,       0.000000,       0.000254,       0.000000
2090,   4.834000,   -1209.527612,   -1112.314463,   -1209.524751,   -1112.383842,       0.000076,       0.000000,       0.000318,       0.000000
2091,   4.835000,   -1209.527612,   -1112.314463,   -1209.524751,   -1112.383962,       0.000076,       0.000000,       0.000381,       0.000000
2092,   4.836000,   -1209.527612,   -1112.314463,   -1209.524751,   -1112.383962,       0.000076,       0.000000,       0.000413,       0.000000
2093,   4.837000,   -1209.527612,   -1112.314463,   -1209.524751,   -1112.383962,       0.000076,       0.000000,       0.000477,       0.000000
2094,   4.838000,   -1209.527612,   -1112.314463,   -1209.524751,   -1112.384081,       0.000076,       0.000000,       0.000540,       0.000000
2095,   4.839000,   -1209.527612,   -1112.314463,   -1209.524632,   -1112.384081,       0.000076,       0.000000,       0.000572,       0.000000
2096,   4.840000,   -1209.527612,   -1112.314463,   -1209.524632,   -1112.384081,       0.000076,       0.000000,       0.000604,       0.000000
2097,   4.841000,   -1209.527612,   -1112.314463,   -1209.524632,   -1112.384200,       0.000076,       0.000000,       0.000668,       0.000000
2098,   4.842000,   -1209.527612,   -1112.314463,   -1209.524632,   -1112.384200,       0.000076,       0.000000,       0.000699,       0.000000
2099,   4.843000,   -1209.527612,   -1112.314463,   -1209.524632,   -1112.384319,       0.000076,       0.000000,       0.000731,       0.000000
2100,   4.844000,   -1209.527612,   -1112.314463,   -1209.524632,   -1112.384319,       0.000076,       0.000000,       0.000763,       0.000000
2101,   4.845000,   -1209.527612,   -1112.314463,   -1209.524632,   -1112.384319,       0.000076,       0.000000,       0.000795,       0.000000
2102,   4.846000,   -1209.527612,   -1112.314463,   -1209.524632,   -1112.384319,       0.000076,       0.000000,       0.000827,       0.000000
2103,   4.847000,   -1209.527612,   -1112.314463,   -1209.524632,   -1112.384439,       0.000076,       0.000000,       0.000858,       0.000000
2104,   4.848000,   -1209.527612,   -1112.314463,   -1209.524632,   -1112.384439,       0.000076,       0.000000,       0.000890,       0.000000
2105,   4.849000,   -1209.527612,   -1112.314463,   -1209.524632,   -1112.384439,       0.000076,       0.000000,       0.000922,       0.000000
2106,   4.850000,   -1209.527612,   -1112.314463,   -1209.524632,   -1112.384439,       0.000076,       0.000000,       0.000954,       0.000000
2107,   4.851000,   -1209.527612,   -1112.314463,   -1209.524632,   -1112.384439,       0.000076,       0.000000,       0.000954,       0.000000
2108,   4.852000,   -1209.527612,   -1112.314463,   -1209.524632,   -1112.384558,       0.000076,       0.000000,       0.000986,       0.000000
2109,   4.853000,   -1209.527612,   -1112.314463,   -1209.524632,   -1112.384558,       0.000076,       0.000000,       0.001017,       0.000000
2110,   4.854000,   -1209.527612,   -1112.314463,   -1209.524632,   -1112.384558,       0.000076,       0.000000,       0.001017,       0.000000
2111,   4.855000,   -1209.527612,   -1112.314463,   -1209.524632,   -1112.384558,       0.000076,       0.000000,       0.001049,       0.000000
2112,   4.856000,   -1209.527612,   -1112.314463,   -1209.524632,   -1112.384558,       0.000076,       0.000000,       0.001049,       0.000000
2113,   4.857000,   -1209.527612,   -1112.314463,   -1209.524632,   -1112.384558,       0.000076,       0.000000,       0.001081,       0.000000
2114,   4.860000,   -1209.527612,   -1112.314463,   -1209.524632,   -1112.384558,       0.000076,       0.000000,       0.001081,       0.000000
2115,   4.861000,   -1209.527612,   -1112.314463,   -1209.524632,   -1112.384677,       0.000076,       0.000000,       0.001113,       0.000000
2116,   4.866000,   -1209.527612,   -1112.314463,   -1209.524632,   -1112.384677,       0.000076,       0.000000,       0.001113,       0.000000
2117,   4.867000,   -1209.527612,   -1112.314463,   -1209.524632,   -1112.384677,       0.000038,       0.000000,       0.001113,       0.000000
2118,   4.869000,   -1209.527612,   -1112.314463,   -1209.524632,   -1112.384677,       0.000038,       0.000000,       0.001113,       0.000000
2119,   4.870000,   -1209.527612,   -1112.314463,   -1209.524632,   -1112.384558,       0.000038,       0.000000,       0.001081,       0.000000
2120,   4.871000,   -1209.527612,   -1112.314463,   -1209.524632,   -1112.384558,       0.000038,       0.000000,       0.001081,       0.000000
2121,   4.872000,   -1209.527612,   -1112.314463,   -1209.524751,   -1112.384558,       0.000038,       0.000000,       0.001081,       0.000000
2122,   4.873000,   -1209.527612,   -1112.314463,   -1209.524751,   -1112.384558,       0.000038,       0.000000,       0.001081,       0.000000
2123,   4.874000,   -1209.527612,   -1112.314463,   -1209.524751,   -1112.384558,       0.000038,       0.000000,       0.001049,       0.000000
2124,   4.877000,   -1209.527612,   -1112.314463,   -1209.524751,   -1112.384558,       0.000038,       0.000000,       0.001049,       0.000000
2125,   4.878000,   -1209.527612,   -1112.314463,   -1209.524751,   -1112.384558,       0.000038,       0.000000,       0.001017,       0.000000
2126,   4.879000,   -1209.527612,   -1112.314463,   -1209.524751,   -1112.384558,       0.000038,       0.000000,       0.001017,       0.000000
2127,   4.880000,   -1209.527612,   -1112.314463,   -1209.524751,   -1112.384558,       0.000038,       0.000000,       0.000986,       0.000000
2128,   4.882000,   -1209.527612,   -1112.314463,   -1209.524751,   -1112.384558,       0.000038,       0.000000,       0.000986,       0.000000
2129,   4.883000,   -1209.527612,   -1112.314463,   -1209.524751,   -1112.384439,       0.000038,       0.000000,       0.000954,       0.000000
2130,   4.885000,   -1209.527612,   -1112.314463,   -1209.524751,   -1112.384439,       0.000038,       0.000000,       0.000954,       0.000000
2131,   4.886000,   -1209.527612,   -1112.314463,   -1209.524751,   -1112.384439,       0.000038,       0.000000,       0.000922,       0.000000
2132,   4.887000,   -1209.527612,   -1112.314463,   -1209.524751,   -1112.384439,       0.000038,       0.000000,       0.000922,       0.000000
2133,   4.888000,   -1209.527612,   -1112.314463,   -1209.524751,   -1112.384439,       0.000038,       0.000000,       0.000890,       0.000000
2134,   4.890000,   -1209.527612,   -1112.314463,   -1209.524751,   -1112.384439,       0.000038,       0.000000,       0.000890,       0.000000
2135,   4.891000,   -1209.527612,   -1112.314463,   -1209.524751,   -1112.384439,       0.000038,       0.000000,       0.000858,       0.000000
2136,   4.892000,   -1209.527612,   -1112.314463,   -1209.524751,   -1112.384439,       0.000038,       0.000000,       0.000858,       0.000000
2137,   4.893000,   -1209.527612,   -1112.314463,   -1209.524870,   -1112.384439,       0.000038,       0.000000,       0.000858,       0.000000
2138,   4.894000,   -1209.527612,   -1112.314463,   -1209.524870,   -1112.384319,       0.000038,       0.000000,       0.000827,       0.000000
2139,   4.895000,   -1209.527612,   -1112.314463,   -1209.524870,   -1112.384319,       0.000000,       0.000000,       0.000827,       0.000000
2140,   4.896000,   -1209.527612,   -1112.314463,   -1209.524870,   -1112.384319,       0.000038,       0.000000,       0.000827,       0.000000
2141,   4.897000,   -1209.527612,   -1112.314463,   -1209.524870,   -1112.384319,       0.000000,       0.000000,       0.000795,       0.000000
2142,   4.898000,   -1209.527612,   -1112.314463,   -1209.524870,   -1112.384319,       0.000000,       0.000000,       0.000795,       0.000000
2143,   4.899000,   -1209.527612,   -1112.314463,   -1209.524870,   -1112.384319,       0.000000,       0.000000,       0.000763,       0.000000
2144,   4.900000,   -1209.527612,   -1112.314463,   -1209.524870,   -1112.384319,       0.000000,       0.000000,       0.000763,       0.000000
2145,   4.901000,   -1209.527612,   -1112.314463,   -1209.524870,   -1112.384319,       0.000000,       0.000000,       0.000731,       0.000000
2146,   4.902000,   -1209.527612,   -1112.314463,   -1209.524870,   -1112.384319,       0.000000,       0.000000,       0.000731,       0.000000
2147,   4.903000,   -1209.527612,   -1112.314463,   -1209.524870,   -1112.384200,       0.000000,       0.000000,       0.000699,       0.000000
2148,   4.904000,   -1209.527612,   -1112.314463,   -1209.524870,   -1112.384200,       0.000000,       0.000000,       0.000699,       0.000000
2149,   4.905000,   -1209.527612,   -1112.314463,   -1209.524870,   -1112.384200,       0.000000,       0.000000,       0.000668,       0.000000
2150,   4.906000,   -1209.527612,   -1112.314463,   -1209.524870,   -1112.384200,       0.000000,       0.000000,       0.000668,       0.000000
2151,   4.907000,   -1209.527612,   -1112.314463,   -1209.524870,   -1112.384200,       0.000000,       0.000000,       0.000636,       0.000000
2152,   4.908000,   -1209.527612,   -1112.314463,   -1209.524989,   -1112.384200,       0.000000,       0.000000,       0.000636,       0.000000
2153,   4.909000,   -1209.527612,   -1112.314463,   -1209.524989,   -1112.384081,       0.000000,       0.000000,       0.000604,       0.000000
2154,   4.910000,   -1209.527612,   -1112.314463,   -1209.524989,   -1112.384081,       0.000000,       0.000000,       0.000604,       0.000000
2155,   4.911000,   -1209.527612,   -1112.314463,   -1209.524989,   -1112.384081,       0.000000,       0.000000,       0.000572,       0.000000
2156,   4.912000,   -1209.527612,   -1112.314463,   -1209.524989,   -1112.384081,       0.000000,       0.000000,       0.000572,       0.000000
2157,   4.913000,   -1209.527612,   -1112.314463,   -1209.524989,   -1112.384081,       0.000000,       0.000000,       0.000540,       0.000000
2158,   4.914000,   -1209.527612,   -1112.314463,   -1209.524989,   -1112.384081,       0.000000,       0.000000,       0.000540,       0.000000
2159,   4.915000,   -1209.527612,   -1112.314463,   -1209.524989,   -1112.384081,       0.000000,       0.000000,       0.000509,       0.000000
2160,   4.916000,   -1209.527612,   -1112.314463,   -1209.524989,   -1112.383962,       0.000000,       0.000000,       0.000477,       0.000000
2161,   4.917000,   -1209.527612,   -1112.314463,   -1209.524989,   -1112.383962,       0.000000,       0.000000,       0.000477,       0.000000
2162,   4.918000,   -1209.527612,   -1112.314463,   -1209.524989,   -1112.383962,       0.000000,       0.000000,       0.000445,       0.000000
2163,   4.919000,   -1209.527612,   -1112.314463,   -1209.524989,   -1112.383962,       0.000000,       0.000000,       0.000445,       0.000000
2164,   4.920000,   -1209.527612,   -1112.314463,   -1209.524989,   -1112.383962,       0.000000,       0.000000,       0.000413,       0.000000
2165,   4.921000,   -1209.527612,   -1112.314463,   -1209.524989,   -1112.383962,       0.000000,       0.000000,       0.000413,       0.000000
2166,   4.922000,   -1209.527612,   -1112.314463,   -1209.524989,   -1112.383962,       0.000000,       0.000000,       0.000381,       0.000000
2167,   4.923000,   -1209.527612,   -1112.314463,   -1209.524989,   -1112.383962,       0.000000,       0.000000,       0.000381,       0.000000
2168,   4.924000,   -1209.527612,   -1112.314463,   -1209.524989,   -1112.383842,       0.000000,       0.000000,       0.000350,       0.000000
2169,   4.925000,   -1209.527612,   -1112.314463,   -1209.525108,   -1112.383842,       0.000000,       0.000000,       0.000350,       0.000000
2170,   4.926000,   -1209.527612,   -1112.314463,   -1209.525108,   -1112.383842,       0.000000,       0.000000,       0.000318,       0.000000
2171,   4.927000,   -1209.527612,   -1112.314463,   -1209.525108,   -1112.383842,       0.000000,       0.000000,       0.000318,       0.000000
2172,   4.928000,   -1209.527612,   -1112.314463,   -1209.525108,   -1112.383842,       0.000000,       0.000000,       0.000286,       0.000000
2173,   4.929000,   -1209.527612,   -1112.314463,   -1209.525108,   -1112.383842,       0.000000,       0.000000,       0.000254,       0.000000
2174,   4.930000,   -1209.527612,   -1112.314463,   -1209.525108,   -1112.383842,       0.000000,       0.000000,       0.000254,       0.000000
2175,   4.931000,   -1209.527612,   -1112.314463,   -1209.525108,   -1112.383723,       0.000000,       0.000000,       0.000223,       0.000000
2176,   4.933000,   -1209.527612,   -1112.314463,   -1209.525108,   -1112.383723,       0.000000,       0.000000,       0.000223,       0.000000
2177,   4.934000,   -1209.527612,   -1112.314463,   -1209.525108,   -1112.383723,       0.000000,       0.000000,       0.000191,       0.000000
2178,   4.935000,   -1209.527612,   -1112.314463,   -1209.525108,   -1112.383723,       0.000000,       0.000000,       0.000191,       0.000000
2179,   4.936000,   -1209.527612,   -1112.314463,   -1209.525108,   -1112.383723,       0.000000,       0.000000,       0.000159,       0.000000
2180,   4.937000,   -1209.527612,   -1112.314463,   -1209.525108,   -1112.383723,      -0.000038,       0.000000,       0.000159,       0.000000
2181,   4.938000,   -1209.527612,   -1112.314463,   -1209.525108,   -1112.383604,       0.000000,       0.000000,       0.000127,       0.000000
2182,   4.939000,   -1209.527612,   -1112.314463,   -1209.525228,   -1112.383604,       0.000000,       0.000000,       0.000127,       0.000000
2183,   4.940000,   -1209.527612,   -1112.314463,   -1209.525228,   -1112.383604,       0.000000,       0.000000,       0.000095,       0.000000
2184,   4.942000,   -1209.527612,   -1112.314463,   -1209.525228,   -1112.383604,       0.000000,       0.000000,       0.000095,       0.000000
2185,   4.943000,   -1209.527612,   -1112.314463,   -1209.525228,   -1112.383604,       0.000000,       0.000000,       0.000064,       0.000000
2186,   4.944000,   -1209.527612,   -1112.314463,   -1209.525228,   -1112.383604,      -0.000038,       0.000000,       0.000064,       0.000000
2187,   4.945000,   -1209.527612,   -1112.314463,   -1209.525228,   -1112.383604,      -0.000038,       0.000000,       0.000032,       0.000000
2188,   4.946000,   -1209.527612,   -1112.314463,   -1209.525228,   -1112.383604,       0.000000,       0.000000,       0.000032,       0.000000
2189,   4.947000,   -1209.527612,   -1112.314463,   -1209.525228,   -1112.383485,      -0.000038,       0.000000,       0.000000,       0.000000
2190,   4.948000,   -1209.527612,   -1112.314463,   -1209.525347,   -1112.383485,      -0.000038,       0.000000,       0.000000,       0.000000
2191,   4.949000,   -1209.527612,   -1112.314463,   -1209.525347,   -1112.383485,      -0.000038,       0.000000,      -0.000032,       0.000000
2192,   4.951000,   -1209.527612,   -1112.314463,   -1209.525347,   -1112.383485,      -0.000038,       0.000000,      -0.000032,       0.000000
2193,   4.952000,   -1209.527612,   -1112.314463,   -1209.525347,   -1112.383485,      -0.000038,       0.000000,      -0.000064,       0.000000
2194,   4.953000,   -1209.527612,   -1112.314463,   -1209.525347,   -1112.383485,      -0.000038,       0.000000,      -0.000064,       0.000000
2195,   4.954000,   -1209.527612,   -1112.314463,   -1209.525347,   -1112.383485,      -0.000038,       0.000000,      -0.000095,       0.000000
2196,   4.955000,   -1209.527612,   -1112.314463,   -1209.525347,   -1112.383485,      -0.000038,       0.000000,      -0.000095,       0.000000
2197,   4.956000,   -1209.527612,   -1112.314463,   -1209.525347,   -1112.383366,      -0.000038,       0.000000,      -0.000127,       0.000000
2198,   4.957000,   -1209.527612,   -1112.314463,   -1209.525466,   -1112.383366,      -0.000038,       0.000000,      -0.000127,       0.000000
2199,   4.958000,   -1209.527612,   -1112.314463,   -1209.525466,   -1112.383366,      -0.000038,       0.000000,      -0.000127,       0.000000
2200,   4.959000,   -1209.527612,   -1112.314463,   -1209.525466,   -1112.383366,      -0.000038,       0.000000,      -0.000159,       0.000000
2201,   4.960000,   -1209.527612,   -1112.314463,   -1209.525466,   -1112.383366,      -0.000038,       0.000000,      -0.000159,       0.000000
2202,   4.961000,   -1209.527612,   -1112.314463,   -1209.525466,   -1112.383366,      -0.000038,       0.000000,      -0.000191,       0.000000
2203,   4.963000,   -1209.527612,   -1112.314463,   -1209.525466,   -1112.383366,      -0.000038,       0.000000,      -0.000191,       0.000000
2204,   4.964000,   -1209.527612,   -1112.314463,   -1209.525466,   -1112.383366,       0.000000,       0.000000,      -0.000223,       0.000000
2205,   4.965000,   -1209.527612,   -1112.314463,   -1209.525466,   -1112.383366,      -0.000038,       0.000000,      -0.000223,       0.000000
2206,   4.966000,   -1209.527612,   -1112.314463,   -1209.525466,   -1112.383366,      -0.000038,       0.000000,      -0.000223,       0.000000
2207,   4.967000,   -1209.527612,   -1112.314463,   -1209.525466,   -1112.383246,       0.000000,       0.000000,      -0.000254,       0.000000
2208,   4.968000,   -1209.527612,   -1112.314463,   -1209.525585,   -1112.383246,      -0.000038,       0.000000,      -0.000254,       0.000000
2209,   4.969000,   -1209.527612,   -1112.314463,   -1209.525585,   -1112.383246,      -0.000038,       0.000000,      -0.000254,       0.000000
2210,   4.970000,   -1209.527612,   -1112.314463,   -1209.525585,   -1112.383246,      -0.000038,       0.000000,      -0.000286,       0.000000
2211,   4.971000,   -1209.527612,   -1112.314463,   -1209.525585,   -1112.383246,      -0.000038,       0.000000,      -0.000286,       0.000000
2212,   4.972000,   -1209.527612,   -1112.314463,   -1209.525585,   -1112.383246,       0.000000,       0.000000,      -0.000286,       0.000000
2213,   4.973000,   -1209.527612,   -1112.314463,   -1209.525585,   -1112.383246,       0.000000,       0.000000,      -0.000286,       0.000000
2214,   4.974000,   -1209.527612,   -1112.314463,   -1209.525585,   -1112.383246,      -0.000038,       0.000000,      -0.000318,       0.000000
2215,   4.975000,   -1209.527612,   -1112.314463,   -1209.525585,   -1112.383246,       0.000000,       0.000000,      -0.000318,       0.000000
2216,   4.976000,   -1209.527612,   -1112.314463,   -1209.525585,   -1112.383246,       0.000000,       0.000000,      -0.000318,       0.000000
2217,   4.977000,   -1209.527612,   -1112.314463,   -1209.525585,   -1112.383246,      -0.000038,       0.000000,      -0.000318,       0.000000
2218,   4.978000,   -1209.527612,   -1112.314463,   -1209.525704,   -1112.383127,       0.000000,       0.000000,      -0.000350,       0.000000
2219,   4.980000,   -1209.527612,   -1112.314463,   -1209.525704,   -1112.383127,       0.000000,       0.000000,      -0.000350,       0.000000
2220,   4.981000,   -1209.527612,   -1112.314463,   -1209.525704,   -1112.383127,      -0.000038,       0.000000,      -0.000350,       0.000000
2221,   4.982000,   -1209.527612,   -1112.314463,   -1209.525704,   -1112.383127,       0.000000,       0.000000,      -0.000381,       0.000000
2222,   4.984000,   -1209.527612,   -1112.314463,   -1209.525704,   -1112.383127,       0.000000,       0.000000,      -0.000381,       0.000000
2223,   4.985000,   -1209.527612,   -1112.314463,   -1209.525704,   -1112.383127,       0.000000,       0.000000,      -0.000413,       0.000000
2224,   4.986000,   -1209.527612,   -1112.314463,   -1209.525704,   -1112.383127,       0.000000,       0.000000,      -0.000413,       0.000000
2225,   4.987000,   -1209.527612,   -1112.314463,   -1209.525824,   -1112.383127,       0.000000,       0.000000,      -0.000413,       0.000000
2226,   4.988000,   -1209.527612,   -1112.314463,   -1209.525824,   -1112.383127,       0.000000,       0.000000,      -0.000413,       0.000000
2227,   4.989000,   -1209.527612,   -1112.314463,   -1209.525824,   -1112.383127,       0.000000,       0.000000,      -0.000445,       0.000000
2228,   4.993000,   -1209.527612,   -1112.314463,   -1209.525824,   -1112.383127,       0.000000,       0.000000,      -0.000445,       0.000000
2229,   4.994000,   -1209.527612,   -1112.314463,   -1209.525824,   -1112.383008,       0.000000,       0.000000,      -0.000477,       0.000000
2230,   4.998000,   -1209.527612,   -1112.314463,   -1209.525824,   -1112.383008,       0.000000,       0.000000,      -0.000477,       0.000000
2231,   4.999000,   -1209.527612,   -1112.314463,   -1209.525943,   -1112.383008,       0.000000,       0.000000,      -0.000477,       0.000000
2232,   5.000000,   -1209.527612,   -1112.314463,   -1209.525943,   -1112.383008,       0.000000,       0.000000,      -0.000477,       0.000000
2233,   5.001000,   -1209.527612,   -1112.314463,   -1209.525943,   -1112.383008,       0.000000,       0.000000,      -0.000509,       0.000000
2234,   5.022000,   -1209.527612,   -1112.314463,   -1209.525943,   -1112.383008,       0.000000,       0.000000,      -0.000509,       0.000000
2235,   5.023000,   -1209.527612,   -1112.314463,   -1209.526062,   -1112.383008,       0.000000,       0.000000,      -0.000509,       0.000000
2236,   5.024000,   -1209.527612,   -1112.314463,   -1209.526062,   -1112.383008,       0.000000,       0.000000,      -0.000509,       0.000000
2237,   5.025000,   -1209.527612,   -1112.314463,   -1209.525943,   -1112.383008,       0.000000,       0.000000,      -0.000509,       0.000000
2238,   5.026000,   -1209.527612,   -1112.314463,   -1209.525943,   -1112.383008,       0.000000,       0.000000,      -0.000509,       0.000000
2239,   5.027000,   -1209.527612,   -1112.314463,   -1209.526062,   -1112.383008,       0.000000,       0.000000,      -0.000509,       0.000000
2240,   5.028000,   -1209.527612,   -1112.314463,   -1209.526062,   -1112.383008,       0.000000,       0.000000,      -0.000509,       0.000000
2241,   5.029000,   -1209.527612,   -1112.314463,   -1209.525943,   -1112.383008,       0.000000,       0.000000,      -0.000509,       0.000000
2242,   5.030000,   -1209.527612,   -1112.314463,   -1209.526062,   -1112.383008,       0.000000,       0.000000,      -0.000509,       0.000000
2243,   5.033000,   -1209.527612,   -1112.314463,   -1209.526062,   -1112.383008,       0.000000,       0.000000,      -0.000509,       0.000000
2244,   5.034000,   -1209.527612,   -1112.314463,   -1209.526062,   -1112.383008,       0.000000,       0.000000,      -0.000477,       0.000000
2245,   5.041000,   -1209.527612,   -1112.314463,   -1209.526062,   -1112.383008,       0.000000,       0.000000,      -0.000477,       0.000000
2246,   5.042000,   -1209.527612,   -1112.314463,   -1209.526062,   -1112.383127,       0.000000,       0.000000,      -0.000445,       0.000000
2247,   5.043000,   -1209.527612,   -1112.314463,   -1209.525943,   -1112.383127,       0.000000,       0.000000,      -0.000445,       0.000000
2248,   5.044000,   -1209.527612,   -1112.314463,   -1209.526062,   -1112.383127,       0.000000,       0.000000,      -0.000445,       0.000000
2249,   5.045000,   -1209.527612,   -1112.314463,   -1209.526062,   -1112.383127,       0.000000,       0.000000,      -0.000445,       0.000000
2250,   5.046000,   -1209.527612,   -1112.314463,   -1209.525943,   -1112.383127,       0.000000,       0.000000,      -0.000445,       0.000000
2251,   5.047000,   -1209.527612,   -1112.314463,   -1209.525943,   -1112.383127,       0.000000,       0.000000,      -0.000445,       0.000000
2252,   5.048000,   -1209.527612,   -1112.314463,   -1209.526062,   -1112.383127,       0.000000,       0.000000,      -0.000413,       0.000000
2253,   5.049000,   -1209.527612,   -1112.314463,   -1209.525943,   -1112.383127,       0.000000,       0.000000,      -0.000413,       0.000000
2254,   5.055000,   -1209.527612,   -1112.314463,   -1209.525943,   -1112.383127,       0.000000,       0.000000,      -0.000413,       0.000000
2255,   5.056000,   -1209.527612,   -1112.314463,   -1209.525943,   -1112.383127,       0.000000,       0.000000,      -0.000381,       0.000000
2256,   5.063000,   -1209.527612,   -1112.314463,   -1209.525943,   -1112.383127,       0.000000,       0.000000,      -0.000381,       0.000000
2257,   5.064000,   -1209.527612,   -1112.314463,   -1209.525943,   -1112.383127,       0.000000,       0.000000,      -0.000350,       0.000000
2258,   5.069000,   -1209.527612,   -1112.314463,   -1209.525943,   -1112.383127,       0.000000,       0.000000,      -0.000350,       0.000000
2259,   5.070000,   -1209.527612,   -1112.314463,   -1209.525943,   -1112.383246,       0.000000,       0.000000,      -0.000318,       0.000000
2260,   5.073000,   -1209.527612,   -1112.314463,   -1209.525943,   -1112.383246,       0.000000,       0.000000,      -0.000318,       0.000000
2261,   5.074000,   -1209.527612,   -1112.314463,   -1209.525943,   -1112.383246,       0.000000,       0.000000,      -0.000286,       0.000000
2262,   5.077000,   -1209.527612,   -1112.314463,   -1209.525943,   -1112.383246,       0.000000,       0.000000,      -0.000286,       0.000000
2263,   5.078000,   -1209.527612,   -1112.314463,   -1209.525943,   -1112.383246,       0.000000,       0.000000,      -0.000254,       0.000000
2264,   5.082000,   -1209.527612,   -1112.314463,   -1209.525943,   -1112.383246,       0.000000,       0.000000,      -0.000254,       0.000000
2265,   5.083000,   -1209.527612,   -1112.314463,   -1209.525943,   -1112.383366,       0.000000,       0.000000,      -0.000223,       0.000000
2266,   5.087000,   -1209.527612,   -1112.314463,   -1209.525943,   -1112.383366,       0.000000,       0.000000,      -0.000223,       0.000000
2267,   5.088000,   -1209.527612,   -1112.314463,   -1209.525943,   -1112.383366,       0.000000,       0.000000,      -0.000191,       0.000000
2268,   5.094000,   -1209.527612,   -1112.314463,   -1209.525943,   -1112.383366,       0.000000,       0.000000,      -0.000191,       0.000000
2269,   5.095000,   -1209.527612,   -1112.314463,   -1209.525824,   -1112.383366,       0.000000,       0.000000,      -0.000191,       0.000000
2270,   5.096000,   -1209.527612,   -1112.314463,   -1209.525824,   -1112.383366,       0.000000,       0.000000,      -0.000159,       0.000000
2271,   5.101000,   -1209.527612,   -1112.314463,   -1209.525824,   -1112.383366,       0.000000,       0.000000,      -0.000159,       0.000000
2272,   5.102000,   -1209.527612,   -1112.314463,   -1209.525824,   -1112.383366,       0.000000,       0.000000,      -0.000127,       0.000000
2273,   5.106000,   -1209.527612,   -1112.314463,   -1209.525824,   -1112.383366,       0.000000,       0.000000,      -0.000127,       0.000000
2274,   5.107000,   -1209.527612,   -1112.314463,   -1209.525824,   -1112.383485,       0.000000,       0.000000,      -0.000095,       0.000000
2275,   5.110000,   -1209.527612,   -1112.314463,   -1209.525824,   -1112.383485,       0.000000,       0.000000,      -0.000095,       0.000000
2276,   5.111000,   -1209.527612,   -1112.314463,   -1209.525824,   -1112.383485,       0.000000,       0.000000,      -0.000064,       0.000000
2277,   5.113000,   -1209.527612,   -1112.314463,   -1209.525824,   -1112.383485,       0.000000,       0.000000,      -0.000064,       0.000000
2278,   5.114000,   -1209.527612,   -1112.314463,   -1209.525824,   -1112.383485,       0.000000,       0.000000,      -0.000032,       0.000000
2279,   5.118000,   -1209.527612,   -1112.314463,   -1209.525824,   -1112.383485,       0.000000,       0.000000,      -0.000032,       0.000000
2280,   5.119000,   -1209.527612,   -1112.314463,   -1209.525824,   -1112.383485,       0.000000,       0.000000,       0.000000,       0.000000
2281,   5.120000,   -1209.527612,   -1112.314463,   -1209.525704,   -1112.383485,       0.000000,       0.000000,       0.000000,       0.000000
2282,   5.124000,   -1209.527612,   -1112.314463,   -1209.525704,   -1112.383485,       0.000000,       0.000000,       0.000000,       0.000000
2283,   5.125000,   -1209.527612,   -1112.314463,   -1209.525704,   -1112.383604,       0.000000,       0.000000,       0.000032,       0.000000
2284,   5.134000,   -1209.527612,   -1112.314463,   -1209.525704,   -1112.383604,       0.000000,       0.000000,       0.000032,       0.000000
2285,   5.135000,   -1209.527612,   -1112.314463,   -1209.525704,   -1112.383604,       0.000000,       0.000000,       0.000064,       0.000000
2286,   5.137000,   -1209.527612,   -1112.314463,   -1209.525704,   -1112.383604,       0.000000,       0.000000,       0.000064,       0.000000
2287,   5.138000,   -1209.527612,   -1112.314463,   -1209.525585,   -1112.383604,       0.000000,       0.000000,       0.000064,       0.000000
2288,   5.139000,   -1209.527612,   -1112.314463,   -1209.525704,   -1112.383604,       0.000000,       0.000000,       0.000064,       0.000000
2289,   5.140000,   -1209.527612,   -1112.314463,   -1209.525585,   -1112.383604,       0.000000,       0.000000,       0.000095,       0.000000
2290,   5.145000,   -1209.527612,   -1112.314463,   -1209.525585,   -1112.383604,       0.000000,       0.000000,       0.000095,       0.000000
2291,   5.146000,   -1209.527612,   -1112.314463,   -1209.525585,   -1112.383604,       0.000000,       0.000000,       0.000127,       0.000000
2292,   5.153000,   -1209.527612,   -1112.314463,   -1209.525585,   -1112.383604,       0.000000,       0.000000,       0.000127,       0.000000
2293,   5.154000,   -1209.527612,   -1112.314463,   -1209.525585,   -1112.383723,       0.000000,       0.000000,       0.000159,       0.000000
2294,   5.164000,   -1209.527612,   -1112.314463,   -1209.525585,   -1112.383723,       0.000000,       0.000000,       0.000159,       0.000000
2295,   5.165000,   -1209.527612,   -1112.314463,   -1209.525466,   -1112.383723,       0.000000,       0.000000,       0.000159,       0.000000
2296,   5.173000,   -1209.527612,   -1112.314463,   -1209.525466,   -1112.383723,       0.000000,       0.000000,       0.000159,       0.000000
2297,   5.174000,   -1209.527612,   -1112.314463,   -1209.525466,   -1112.383723,       0.000000,       0.000000,       0.000191,       0.000000
2298,   5.183000,   -1209.527612,   -1112.314463,   -1209.525466,   -1112.383723,       0.000000,       0.000000,       0.000191,       0.000000
2299,   5.184000,   -1209.527612,   -1112.314463,   -1209.525466,   -1112.383723,       0.000000,       0.000000,       0.000223,       0.000000
2300,   5.186000,   -1209.527612,   -1112.314463,   -1209.525466,   -1112.383723,       0.000000,       0.000000,       0.000223,       0.000000
2301,   5.187000,   -1209.527612,   -1112.314463,   -1209.525347,   -1112.383723,       0.000000,       0.000000,       0.000223,       0.000000
2302,   5.201000,   -1209.527612,   -1112.314463,   -1209.525347,   -1112.383723,       0.000000,       0.000000,       0.000223,       0.000000
2303,   5.202000,   -1209.527612,   -1112.314463,   -1209.525347,   -1112.383723,       0.000000,       0.000000,       0.000191,       0.000000
2304,   5.236000,   -1209.527612,   -1112.314463,   -1209.525347,   -1112.383723,       0.000000,       0.000000,       0.000191,       0.000000
2305,   5.237000,   -1209.527612,   -1112.314463,   -1209.525347,   -1112.383723,       0.000000,       0.000000,       0.000159,       0.000000
2306,   5.242000,   -1209.527612,   -1112.314463,   -1209.525347,   -1112.383723,       0.000000,       0.000000,       0.000159,       0.000000
2307,   5.243000,   -1209.527612,   -1112.314463,   -1209.525228,   -1112.383723,       0.000000,       0.000000,       0.000159,       0.000000
2308,   5.244000,   -1209.527612,   -1112.314463,   -1209.525228,   -1112.383723,       0.000000,       0.000000,       0.000159,       0.000000
2309,   5.245000,   -1209.527612,   -1112.314463,   -1209.525347,   -1112.383723,       0.000000,       0.000000,       0.000159,       0.000000
2310,   5.246000,   -1209.527612,   -1112.314463,   -1209.525347,   -1112.383723,       0.000000,       0.000000,       0.000159,       0.000000
2311,   5.247000,   -1209.527612,   -1112.314463,   -1209.525228,   -1112.383723,       0.000000,       0.000000,       0.000159,       0.000000
2312,   5.248000,   -1209.527612,   -1112.314463,   -1209.525347,   -1112.383723,       0.000000,       0.000000,       0.000159,       0.000000
2313,   5.249000,   -1209.527612,   -1112.314463,   -1209.525347,   -1112.383604,       0.000000,       0.000000,       0.000127,       0.000000
2314,   5.250000,   -1209.527612,   -1112.314463,   -1209.525228,   -1112.383604,       0.000000,       0.000000,       0.000127,       0.000000
2315,   5.251000,   -1209.527612,   -1112.314463,   -1209.525228,   -1112.383604,       0.000000,       0.000000,       0.000127,       0.000000
2316,   5.252000,   -1209.527612,   -1112.314463,   -1209.525347,   -1112.383604,       0.000000,       0.000000,       0.000127,       0.000000
2317,   5.255000,   -1209.527612,   -1112.314463,   -1209.525347,   -1112.383604,       0.000000,       0.000000,       0.000127,       0.000000
2318,   5.256000,   -1209.527612,   -1112.314463,   -1209.525347,   -1112.383723,       0.000000,       0.000000,       0.000159,       0.000000
2319,   5.257000,   -1209.527612,   -1112.314463,   -1209.525347,   -1112.383604,       0.000000,       0.000000,       0.000127,       0.000000
2320,   5.267000,   -1209.527612,   -1112.314463,   -1209.525347,   -1112.383604,       0.000000,       0.000000,       0.000127,       0.000000
2321,   5.268000,   -1209.527612,   -1112.314463,   -1209.525347,   -1112.383604,       0.000000,       0.000000,       0.000095,       0.000000
2322,   5.275000,   -1209.527612,   -1112.314463,   -1209.525347,   -1112.383604,       0.000000,       0.000000,       0.000095,       0.000000
2323,   5.276000,   -1209.527612,   -1112.314463,   -1209.525347,   -1112.383604,       0.000000,       0.000000,       0.000064,       0.000000
2324,   5.283000,   -1209.527612,   -1112.314463,   -1209.525347,   -1112.383604,       0.000000,       0.000000,       0.000064,       0.000000
