name,FINISHED,axes.mach.l.p[X],axes.mach.l.p[Y],axes.mach.f.p[X],axes.mach.f.p[Y]
units,sec,mm,mm,mm,mm
0,   0.000000,    1010.376930,     530.636728,    1010.376930,     530.645669
1,   0.001000,    1010.376930,     530.636728,    1010.376930,     530.645669
2,   0.002000,    1010.376930,     530.636728,    1010.376930,     530.645728
3,   0.004000,    1010.376930,     530.636728,    1010.376930,     530.645728
4,   0.005000,    1010.376930,     530.636728,    1010.376930,     530.645669
5,   0.006000,    1010.376930,     530.636728,    1010.376930,     530.645728
6,   0.008000,    1010.376930,     530.636728,    1010.376930,     530.645728
7,   0.009000,    1010.376930,     530.636728,    1010.376930,     530.645669
8,   0.010000,    1010.376930,     530.636728,    1010.376930,     530.645669
9,   0.011000,    1010.376930,     530.636728,    1010.376930,     530.645728
10,   0.014000,    1010.376930,     530.636728,    1010.376930,     530.645728
11,   0.015000,    1010.376930,     530.636728,    1010.376930,     530.645669
12,   0.016000,    1010.376930,     530.636728,    1010.376930,     530.645728
13,   0.018000,    1010.376930,     530.636728,    1010.376930,     530.645728
14,   0.019000,    1010.376930,     530.636728,    1010.376930,     530.645669
15,   0.020000,    1010.376930,     530.636728,    1010.376930,     530.645728
16,   0.023000,    1010.376930,     530.636728,    1010.376930,     530.645728
17,   0.024000,    1010.376930,     530.636728,    1010.376930,     530.645669
18,   0.025000,    1010.376930,     530.636728,    1010.376930,     530.645728
19,   0.028000,    1010.376930,     530.636728,    1010.376930,     530.645728
20,   0.029000,    1010.376930,     530.636728,    1010.376930,     530.645669
21,   0.030000,    1010.376930,     530.636728,    1010.376930,     530.645728
22,   0.032000,    1010.376930,     530.636728,    1010.376930,     530.645728
23,   0.033000,    1010.376930,     530.636728,    1010.376930,     530.645669
24,   0.034000,    1010.376930,     530.636728,    1010.376930,     530.645728
25,   0.037000,    1010.376930,     530.636728,    1010.376930,     530.645728
26,   0.038000,    1010.376930,     530.636728,    1010.376930,     530.645669
27,   0.039000,    1010.376930,     530.636728,    1010.376930,     530.645728
28,   0.041000,    1010.376930,     530.636728,    1010.376930,     530.645728
29,   0.042000,    1010.376930,     530.636728,    1010.376930,     530.645669
30,   0.043000,    1010.376930,     530.636728,    1010.376930,     530.645728
31,   0.046000,    1010.376930,     530.636728,    1010.376930,     530.645728
32,   0.047000,    1010.376930,     530.636728,    1010.376930,     530.645669
33,   0.048000,    1010.376930,     530.636728,    1010.376930,     530.645728
34,   0.049000,    1010.376930,     530.636728,    1010.376930,     530.645788
35,   0.050000,    1010.376930,     530.636728,    1010.376930,     530.645728
36,   0.051000,    1010.376930,     530.636728,    1010.376930,     530.645669
37,   0.052000,    1010.376930,     530.636728,    1010.376930,     530.645669
38,   0.053000,    1010.376930,     530.636728,    1010.376930,     530.645728
39,   0.054000,    1010.376930,     530.636728,    1010.376930,     530.645788
40,   0.055000,    1010.376930,     530.636728,    1010.376930,     530.645728
41,   0.056000,    1010.376930,     530.636728,    1010.376930,     530.645669
42,   0.057000,    1010.376930,     530.636728,    1010.376930,     530.645669
43,   0.058000,    1010.376930,     530.636728,    1010.376930,     530.645728
44,   0.060000,    1010.376930,     530.636728,    1010.376930,     530.645728
45,   0.061000,    1010.376930,     530.636728,    1010.376930,     530.645669
46,   0.062000,    1010.376930,     530.636728,    1010.376930,     530.645728
47,   0.063000,    1010.376930,     530.636728,    1010.376930,     530.645788
48,   0.064000,    1010.376930,     530.636728,    1010.376930,     530.645728
49,   0.065000,    1010.376930,     530.636728,    1010.376930,     530.645669
50,   0.066000,    1010.376930,     530.636728,    1010.376930,     530.645669
51,   0.067000,    1010.376930,     530.636728,    1010.376930,     530.645728
52,   0.068000,    1010.376930,     530.636728,    1010.376930,     530.645788
53,   0.069000,    1010.376930,     530.636728,    1010.376930,     530.645728
54,   0.070000,    1010.376930,     530.636728,    1010.376930,     530.645669
55,   0.071000,    1010.376930,     530.636728,    1010.376930,     530.645669
56,   0.072000,    1010.376930,     530.636728,    1010.376930,     530.645728
57,   0.074000,    1010.376930,     530.636728,    1010.376930,     530.645728
58,   0.075000,    1010.376930,     530.636728,    1010.376930,     530.645669
59,   0.076000,    1010.376930,     530.636728,    1010.376930,     530.645728
60,   0.078000,    1010.376930,     530.636728,    1010.376930,     530.645728
61,   0.079000,    1010.376930,     530.636728,    1010.376930,     530.645669
62,   0.080000,    1010.376930,     530.636728,    1010.376930,     530.645669
63,   0.081000,    1010.376930,     530.636728,    1010.376930,     530.645728
64,   0.083000,    1010.376930,     530.636728,    1010.376930,     530.645728
65,   0.084000,    1010.376930,     530.636728,    1010.376930,     530.645669
66,   0.085000,    1010.376930,     530.636728,    1010.376930,     530.645728
67,   0.088000,    1010.376930,     530.636728,    1010.376930,     530.645728
68,   0.089000,    1010.376930,     530.636728,    1010.376930,     530.645669
69,   0.090000,    1010.376930,     530.636728,    1010.376930,     530.645728
70,   0.092000,    1010.376930,     530.636728,    1010.376930,     530.645728
71,   0.093000,    1010.376930,     530.636728,    1010.376930,     530.645669
72,   0.094000,    1010.376930,     530.636728,    1010.376930,     530.645728
73,   0.097000,    1010.376930,     530.636728,    1010.376930,     530.645728
74,   0.098000,    1010.376930,     530.636728,    1010.376930,     530.645669
75,   0.099000,    1010.376930,     530.636728,    1010.376930,     530.645728
76,   0.101000,    1010.376930,     530.636728,    1010.376930,     530.645728
77,   0.102000,    1010.376930,     530.636728,    1010.376930,     530.645669
78,   0.103000,    1010.376930,     530.636728,    1010.376930,     530.645728
79,   0.104000,    1010.376930,     530.636728,    1010.376930,     530.645788
80,   0.105000,    1010.376930,     530.636728,    1010.376930,     530.645728
81,   0.106000,    1010.376930,     530.636728,    1010.376930,     530.645669
82,   0.107000,    1010.376930,     530.636728,    1010.376930,     530.645669
83,   0.108000,    1010.376930,     530.636728,    1010.376930,     530.645728
84,   0.109000,    1010.376930,     530.636728,    1010.376930,     530.645788
85,   0.110000,    1010.376930,     530.636728,    1010.376930,     530.645728
86,   0.111000,    1010.376930,     530.636728,    1010.376930,     530.645669
87,   0.112000,    1010.376930,     530.636728,    1010.376930,     530.645669
88,   0.113000,    1010.376930,     530.636728,    1010.376930,     530.645728
89,   0.115000,    1010.376930,     530.636728,    1010.376930,     530.645728
90,   0.116000,    1010.376930,     530.636728,    1010.376930,     530.645669
91,   0.117000,    1010.376930,     530.636728,    1010.376930,     530.645728
92,   0.120000,    1010.376930,     530.636728,    1010.376930,     530.645728
93,   0.121000,    1010.376930,     530.636728,    1010.376930,     530.645669
94,   0.122000,    1010.376930,     530.636728,    1010.376930,     530.645728
95,   0.124000,    1010.376930,     530.636728,    1010.376930,     530.645728
96,   0.125000,    1010.376930,     530.636728,    1010.376930,     530.645669
97,   0.126000,    1010.376930,     530.636728,    1010.376930,     530.645728
98,   0.128000,    1010.376930,     530.636728,    1010.376930,     530.645728
99,   0.129000,    1010.376930,     530.636728,    1010.376930,     530.645669
100,   0.130000,    1010.376930,     530.636728,    1010.376930,     530.645669
101,   0.131000,    1010.376930,     530.636728,    1010.376930,     530.645728
102,   0.133000,    1010.376930,     530.636728,    1010.376930,     530.645728
103,   0.134000,    1010.376930,     530.636728,    1010.376930,     530.645669
104,   0.135000,    1010.376930,     530.636728,    1010.376930,     530.645728
105,   0.138000,    1010.376930,     530.636728,    1010.376930,     530.645728
106,   0.139000,    1010.376930,     530.636728,    1010.376930,     530.645669
107,   0.140000,    1010.376930,     530.636728,    1010.376930,     530.645728
108,   0.142000,    1010.376930,     530.636728,    1010.376930,     530.645728
109,   0.143000,    1010.376930,     530.636728,    1010.376930,     530.645669
110,   0.144000,    1010.376930,     530.636728,    1010.376930,     530.645669
111,   0.145000,    1010.376930,     530.636728,    1010.376930,     530.645728
112,   0.147000,    1010.376930,     530.636728,    1010.376930,     530.645728
113,   0.148000,    1010.376930,     530.636728,    1010.376930,     530.645669
114,   0.149000,    1010.376930,     530.636728,    1010.376930,     530.645669
115,   0.150000,    1010.376930,     530.636728,    1010.376930,     530.645728
116,   0.151000,    1010.376930,     530.636728,    1010.376930,     530.645788
117,   0.152000,    1010.376930,     530.636728,    1010.376930,     530.645728
118,   0.153000,    1010.376930,     530.636728,    1010.376930,     530.645609
119,   0.154000,    1010.376930,     530.636728,    1010.376930,     530.645728
120,   0.156000,    1010.376930,     530.636728,    1010.376930,     530.645728
121,   0.157000,    1010.376930,     530.636728,    1010.376930,     530.645669
122,   0.158000,    1010.376930,     530.636728,    1010.376930,     530.645609
123,   0.159000,    1010.376930,     530.636728,    1010.376930,     530.645728
124,   0.160000,    1010.376930,     530.636728,    1010.376930,     530.645788
125,   0.161000,    1010.376930,     530.636728,    1010.376930,     530.645728
126,   0.162000,    1010.376930,     530.636728,    1010.376930,     530.645669
127,   0.163000,    1010.376930,     530.636728,    1010.376930,     530.645669
128,   0.164000,    1010.376930,     530.636728,    1010.376930,     530.645728
129,   0.165000,    1010.376930,     530.636728,    1010.376930,     530.645788
130,   0.166000,    1010.376930,     530.636728,    1010.376930,     530.645728
131,   0.167000,    1010.376930,     530.636728,    1010.376930,     530.645669
132,   0.168000,    1010.376930,     530.636728,    1010.376930,     530.645669
133,   0.169000,    1010.376930,     530.636728,    1010.376930,     530.645728
134,   0.171000,    1010.376930,     530.636728,    1010.376930,     530.645728
135,   0.172000,    1010.376930,     530.636728,    1010.376930,     530.645669
136,   0.173000,    1010.376930,     530.636728,    1010.376930,     530.645728
137,   0.175000,    1010.376930,     530.636728,    1010.376930,     530.645728
138,   0.176000,    1010.376930,     530.636728,    1010.376930,     530.645669
139,   0.178000,    1010.376930,     530.636728,    1010.376930,     530.645669
140,   0.179000,    1010.376930,     530.636728,    1010.376930,     530.645728
141,   0.181000,    1010.376930,     530.636728,    1010.376930,     530.645728
142,   0.182000,    1010.376930,     530.636728,    1010.376930,     530.645669
143,   0.183000,    1010.376930,     530.636728,    1010.376930,     530.645728
144,   0.185000,    1010.376930,     530.636728,    1010.376930,     530.645728
145,   0.186000,    1010.376930,     530.636728,    1010.376930,     530.645669
146,   0.187000,    1010.376930,     530.636728,    1010.376930,     530.645728
147,   0.189000,    1010.376930,     530.636728,    1010.376930,     530.645728
148,   0.190000,    1010.376930,     530.636728,    1010.376930,     530.645669
149,   0.191000,    1010.376930,     530.636728,    1010.376930,     530.645669
150,   0.192000,    1010.376930,     530.636728,    1010.376930,     530.645728
151,   0.194000,    1010.376930,     530.636728,    1010.376930,     530.645728
152,   0.195000,    1010.376930,     530.636728,    1010.376930,     530.645669
153,   0.196000,    1010.376930,     530.636728,    1010.376930,     530.645728
154,   0.198000,    1010.376930,     530.636728,    1010.376930,     530.645728
155,   0.199000,    1010.376930,     530.636728,    1010.376930,     530.645669
156,   0.200000,    1010.376930,     530.636728,    1010.376930,     530.645669
157,   0.201000,    1010.376930,     530.636728,    1010.376930,     530.645728
158,   0.203000,    1010.376930,     530.636728,    1010.376930,     530.645728
159,   0.204000,    1010.376930,     530.636728,    1010.376930,     530.645669
160,   0.205000,    1010.376930,     530.636728,    1010.376930,     530.645728
161,   0.207000,    1010.376930,     530.636728,    1010.376930,     530.645728
162,   0.208000,    1010.376930,     530.636728,    1010.376930,     530.645669
163,   0.209000,    1010.376930,     530.636728,    1010.376930,     530.645669
164,   0.210000,    1010.376930,     530.636728,    1010.376930,     530.645728
165,   0.212000,    1010.376930,     530.636728,    1010.376930,     530.645728
166,   0.213000,    1010.376930,     530.636728,    1010.376930,     530.645669
167,   0.214000,    1010.376930,     530.636728,    1010.376930,     530.645669
168,   0.215000,    1010.376930,     530.636728,    1010.376930,     530.645728
169,   0.217000,    1010.376930,     530.636728,    1010.376930,     530.645728
170,   0.218000,    1010.376930,     530.636728,    1010.376930,     530.645669
171,   0.219000,    1010.376930,     530.636728,    1010.376930,     530.645728
172,   0.222000,    1010.376930,     530.636728,    1010.376930,     530.645728
173,   0.223000,    1010.376930,     530.636728,    1010.376930,     530.645669
174,   0.224000,    1010.376930,     530.636728,    1010.376930,     530.645728
175,   0.226000,    1010.376930,     530.636728,    1010.376930,     530.645728
176,   0.227000,    1010.376930,     530.636728,    1010.376930,     530.645669
177,   0.228000,    1010.376930,     530.636728,    1010.376930,     530.645728
178,   0.231000,    1010.376930,     530.636728,    1010.376930,     530.645728
179,   0.232000,    1010.376930,     530.636728,    1010.376930,     530.645669
180,   0.233000,    1010.376930,     530.636728,    1010.376930,     530.645728
181,   0.235000,    1010.376930,     530.636728,    1010.376930,     530.645728
182,   0.236000,    1010.376930,     530.636728,    1010.376930,     530.645669
183,   0.237000,    1010.376930,     530.636728,    1010.376930,     530.645728
184,   0.240000,    1010.376930,     530.636728,    1010.376930,     530.645728
185,   0.241000,    1010.376930,     530.636728,    1010.376930,     530.645669
186,   0.242000,    1010.376930,     530.636728,    1010.376930,     530.645728
187,   0.243000,    1010.376930,     530.636728,    1010.376930,     530.645788
188,   0.244000,    1010.376930,     530.636728,    1010.376930,     530.645728
189,   0.245000,    1010.376930,     530.636728,    1010.376930,     530.645669
190,   0.246000,    1010.376930,     530.636728,    1010.376930,     530.645669
191,   0.247000,    1010.376930,     530.636728,    1010.376930,     530.645728
192,   0.248000,    1010.376930,     530.636728,    1010.376930,     530.645788
193,   0.249000,    1010.376930,     530.636728,    1010.376930,     530.645728
194,   0.250000,    1010.376930,     530.636728,    1010.376930,     530.645669
195,   0.251000,    1010.376930,     530.636728,    1010.376930,     530.645728
196,   0.253000,    1010.376930,     530.636728,    1010.376930,     530.645728
197,   0.254000,    1010.376930,     530.636728,    1010.376930,     530.645669
198,   0.255000,    1010.376930,     530.636728,    1010.376930,     530.645669
199,   0.256000,    1010.376930,     530.636728,    1010.376930,     530.645728
200,   0.257000,    1010.376930,     530.636728,    1010.376930,     530.645788
201,   0.258000,    1010.376930,     530.636728,    1010.376930,     530.645728
202,   0.259000,    1010.376930,     530.636728,    1010.376930,     530.645669
203,   0.260000,    1010.376930,     530.636728,    1010.376930,     530.645669
204,   0.261000,    1010.376930,     530.636728,    1010.376930,     530.645728
205,   0.263000,    1010.376930,     530.636728,    1010.376930,     530.645728
206,   0.264000,    1010.376930,     530.636728,    1010.376930,     530.645669
207,   0.265000,    1010.376930,     530.636728,    1010.376930,     530.645728
208,   0.266000,    1010.376930,     530.636728,    1010.376930,     530.645788
209,   0.267000,    1010.376930,     530.636728,    1010.376930,     530.645728
210,   0.268000,    1010.376930,     530.636728,    1010.376930,     530.645669
211,   0.269000,    1010.376930,     530.636728,    1010.376930,     530.645669
212,   0.270000,    1010.376930,     530.636728,    1010.376930,     530.645728
213,   0.272000,    1010.376930,     530.636728,    1010.376930,     530.645728
214,   0.273000,    1010.376930,     530.636728,    1010.376930,     530.645669
215,   0.274000,    1010.376930,     530.636728,    1010.376930,     530.645669
216,   0.275000,    1010.376930,     530.636728,    1010.376930,     530.645728
217,   0.277000,    1010.376930,     530.636728,    1010.376930,     530.645728
218,   0.278000,    1010.376930,     530.636728,    1010.376930,     530.645669
219,   0.279000,    1010.376930,     530.636728,    1010.376930,     530.645728
220,   0.280000,    1010.376930,     530.636728,    1010.376930,     530.645788
221,   0.281000,    1010.376930,     530.636728,    1010.376930,     530.645728
222,   0.282000,    1010.376930,     530.636728,    1010.376930,     530.645669
223,   0.283000,    1010.376930,     530.636728,    1010.376930,     530.645669
224,   0.284000,    1010.376930,     530.636728,    1010.376930,     530.645728
225,   0.285000,    1010.376930,     530.636728,    1010.376930,     530.645788
226,   0.286000,    1010.376930,     530.636728,    1010.376930,     530.645728
227,   0.287000,    1010.376930,     530.636728,    1010.376930,     530.645669
228,   0.288000,    1010.376930,     530.636728,    1010.376930,     530.645669
229,   0.289000,    1010.376930,     530.636728,    1010.376930,     530.645728
230,   0.290000,    1010.376930,     530.636728,    1010.376930,     530.645788
231,   0.291000,    1010.376930,     530.636728,    1010.376930,     530.645728
232,   0.292000,    1010.376930,     530.636728,    1010.376930,     530.645669
233,   0.293000,    1010.376930,     530.636728,    1010.376930,     530.645669
234,   0.294000,    1010.376930,     530.636728,    1010.376930,     530.645728
235,   0.296000,    1010.376930,     530.636728,    1010.376930,     530.645728
236,   0.297000,    1010.376930,     530.636728,    1010.376930,     530.645669
237,   0.298000,    1010.376930,     530.636728,    1010.376930,     530.645728
238,   0.299000,    1010.376930,     530.636728,    1010.376930,     530.645788
239,   0.300000,    1010.376930,     530.636728,    1010.376930,     530.645728
240,   0.301000,    1010.376930,     530.636728,    1010.376930,     530.645669
241,   0.302000,    1010.376930,     530.636728,    1010.376930,     530.645669
242,   0.303000,    1010.376930,     530.636728,    1010.376930,     530.645728
243,   0.304000,    1010.376930,     530.636728,    1010.376930,     530.645788
244,   0.305000,    1010.376930,     530.636728,    1010.376930,     530.645728
245,   0.306000,    1010.376930,     530.636728,    1010.376930,     530.645669
246,   0.307000,    1010.376930,     530.636728,    1010.376930,     530.645669
247,   0.308000,    1010.376930,     530.636728,    1010.376930,     530.645728
248,   0.310000,    1010.376930,     530.636728,    1010.376930,     530.645728
249,   0.311000,    1010.376930,     530.636728,    1010.376930,     530.645669
250,   0.312000,    1010.376930,     530.636728,    1010.376930,     530.645728
251,   0.314000,    1010.376930,     530.636728,    1010.376930,     530.645728
252,   0.315000,    1010.376930,     530.636728,    1010.376930,     530.645669
253,   0.316000,    1010.376930,     530.636728,    1010.376930,     530.645669
254,   0.317000,    1010.376930,     530.636728,    1010.376930,     530.645728
255,   0.319000,    1010.376930,     530.636728,    1010.376930,     530.645728
256,   0.320000,    1010.376930,     530.636728,    1010.376930,     530.645669
257,   0.321000,    1010.376930,     530.636728,    1010.376930,     530.645728
258,   0.323000,    1010.376930,     530.636728,    1010.376930,     530.645728
259,   0.324000,    1010.376930,     530.636728,    1010.376930,     530.645669
260,   0.325000,    1010.376930,     530.636728,    1010.376930,     530.645669
261,   0.326000,    1010.376930,     530.636728,    1010.376930,     530.645728
262,   0.328000,    1010.376930,     530.636728,    1010.376930,     530.645728
263,   0.329000,    1010.376930,     530.636728,    1010.376930,     530.645669
264,   0.330000,    1010.376930,     530.636728,    1010.376930,     530.645728
265,   0.333000,    1010.376930,     530.636728,    1010.376930,     530.645728
266,   0.334000,    1010.376930,     530.636728,    1010.376930,     530.645669
267,   0.335000,    1010.376930,     530.636728,    1010.376930,     530.645669
268,   0.336000,    1010.376930,     530.636728,    1010.376930,     530.645728
269,   0.338000,    1010.376930,     530.636728,    1010.376930,     530.645728
270,   0.339000,    1010.376930,     530.636728,    1010.376930,     530.645669
271,   0.340000,    1010.376930,     530.636728,    1010.376930,     530.645669
272,   0.341000,    1010.376930,     530.636728,    1010.376930,     530.645728
273,   0.343000,    1010.376930,     530.636728,    1010.376930,     530.645728
274,   0.344000,    1010.376930,     530.636728,    1010.376930,     530.645669
275,   0.345000,    1010.376930,     530.636728,    1010.376930,     530.645728
276,   0.348000,    1010.376930,     530.636728,    1010.376930,     530.645728
277,   0.349000,    1010.376930,     530.636728,    1010.376930,     530.645669
278,   0.350000,    1010.376930,     530.636728,    1010.376930,     530.645728
279,   0.351000,    1010.376930,     530.636728,    1010.376930,     530.645788
280,   0.352000,    1010.376930,     530.636728,    1010.376930,     530.645728
281,   0.353000,    1010.376930,     530.636728,    1010.376930,     530.645669
282,   0.354000,    1010.376930,     530.636728,    1010.376930,     530.645669
283,   0.355000,    1010.376930,     530.636728,    1010.376930,     530.645728
284,   0.356000,    1010.376930,     530.636728,    1010.376930,     530.645788
285,   0.357000,    1010.376930,     530.636728,    1010.376930,     530.645728
286,   0.358000,    1010.376930,     530.636728,    1010.376930,     530.645669
287,   0.359000,    1010.376930,     530.636728,    1010.376930,     530.645669
288,   0.360000,    1010.376930,     530.636728,    1010.376930,     530.645728
289,   0.362000,    1010.376930,     530.636728,    1010.376930,     530.645728
290,   0.363000,    1010.376930,     530.636728,    1010.376930,     530.645669
291,   0.364000,    1010.376930,     530.636728,    1010.376930,     530.645728
292,   0.365000,    1010.376930,     530.636728,    1010.376930,     530.645788
293,   0.366000,    1010.376930,     530.636728,    1010.376930,     530.645728
294,   0.367000,    1010.376930,     530.636728,    1010.376930,     530.645669
295,   0.368000,    1010.376930,     530.636728,    1010.376930,     530.645669
296,   0.369000,    1010.376930,     530.636728,    1010.376930,     530.645728
297,   0.370000,    1010.376930,     530.636728,    1010.376930,     530.645788
298,   0.371000,    1010.376930,     530.636728,    1010.376930,     530.645728
299,   0.372000,    1010.376930,     530.636728,    1010.376930,     530.645669
300,   0.373000,    1010.376930,     530.636728,    1010.376930,     530.645669
301,   0.374000,    1010.376930,     530.636728,    1010.376930,     530.645728
302,   0.375000,    1010.376930,     530.636728,    1010.376930,     530.645788
303,   0.376000,    1010.376930,     530.636728,    1010.376930,     530.645728
304,   0.377000,    1010.376930,     530.636728,    1010.376930,     530.645609
305,   0.378000,    1010.376930,     530.636728,    1010.376930,     530.645728
306,   0.380000,    1010.376930,     530.636728,    1010.376930,     530.645728
307,   0.381000,    1010.376930,     530.636728,    1010.376930,     530.645669
308,   0.382000,    1010.376930,     530.636728,    1010.376930,     530.645669
309,   0.383000,    1010.376930,     530.636728,    1010.376930,     530.645728
310,   0.385000,    1010.376930,     530.636728,    1010.376930,     530.645728
311,   0.386000,    1010.376930,     530.636728,    1010.376930,     530.645669
312,   0.387000,    1010.376930,     530.636728,    1010.376930,     530.645728
313,   0.389000,    1010.376930,     530.636728,    1010.376930,     530.645728
314,   0.390000,    1010.376930,     530.636728,    1010.376930,     530.645669
315,   0.391000,    1010.376930,     530.636728,    1010.376930,     530.645669
316,   0.392000,    1010.376930,     530.636728,    1010.376930,     530.645728
317,   0.394000,    1010.376930,     530.636728,    1010.376930,     530.645728
318,   0.395000,    1010.376930,     530.636728,    1010.376930,     530.645669
319,   0.396000,    1010.376930,     530.636728,    1010.376930,     530.645669
320,   0.397000,    1010.376930,     530.636728,    1010.376930,     530.645728
321,   0.398000,    1010.376930,     530.636728,    1010.376930,     530.645788
322,   0.399000,    1010.376930,     530.636728,    1010.376930,     530.645728
323,   0.400000,    1010.376930,     530.636728,    1010.376930,     530.645669
324,   0.401000,    1010.376930,     530.636728,    1010.376930,     530.645669
325,   0.402000,    1010.376930,     530.636728,    1010.376930,     530.645728
326,   0.404000,    1010.376930,     530.636728,    1010.376930,     530.645728
327,   0.405000,    1010.376930,     530.636728,    1010.376930,     530.645609
328,   0.406000,    1010.376930,     530.636728,    1010.376930,     530.645728
329,   0.408000,    1010.376930,     530.636728,    1010.376930,     530.645728
330,   0.409000,    1010.376930,     530.636728,    1010.376930,     530.645669
331,   0.410000,    1010.376930,     530.636728,    1010.376930,     530.645669
332,   0.411000,    1010.376930,     530.636728,    1010.376930,     530.645728
333,   0.413000,    1010.376930,     530.636728,    1010.376930,     530.645728
334,   0.414000,    1010.376930,     530.636728,    1010.376930,     530.645669
335,   0.415000,    1010.376930,     530.636728,    1010.376930,     530.645669
336,   0.416000,    1010.376930,     530.636728,    1010.376930,     530.645728
337,   0.418000,    1010.376930,     530.636728,    1010.376930,     530.645728
338,   0.419000,    1010.376930,     530.636728,    1010.376930,     530.645669
339,   0.420000,    1010.376930,     530.636728,    1010.376930,     530.645669
340,   0.421000,    1010.376930,     530.636728,    1010.376930,     530.645728
341,   0.422000,    1010.376930,     530.636728,    1010.376930,     530.645788
342,   0.423000,    1010.376930,     530.636728,    1010.376930,     530.645728
343,   0.424000,    1010.376930,     530.636728,    1010.376930,     530.645609
344,   0.425000,    1010.376930,     530.636728,    1010.376930,     530.645669
345,   0.426000,    1010.376930,     530.636728,    1010.376930,     530.645728
346,   0.428000,    1010.376930,     530.636728,    1010.376930,     530.645728
347,   0.429000,    1010.376930,     530.636728,    1010.376930,     530.645669
348,   0.430000,    1010.376930,     530.636728,    1010.376930,     530.645728
349,   0.432000,    1010.376930,     530.636728,    1010.376930,     530.645728
350,   0.433000,    1010.376930,     530.636728,    1010.376930,     530.645669
351,   0.434000,    1010.376930,     530.636728,    1010.376930,     530.645669
352,   0.435000,    1010.376930,     530.636728,    1010.376930,     530.645728
353,   0.437000,    1010.376930,     530.636728,    1010.376930,     530.645728
354,   0.438000,    1010.376930,     530.636728,    1010.376930,     530.645669
355,   0.439000,    1010.376930,     530.636728,    1010.376930,     530.645728
356,   0.441000,    1010.376930,     530.636728,    1010.376930,     530.645728
357,   0.442000,    1010.376930,     530.636728,    1010.376930,     530.645669
358,   0.443000,    1010.376930,     530.636728,    1010.376930,     530.645669
359,   0.444000,    1010.376930,     530.636728,    1010.376930,     530.645728
360,   0.445000,    1010.376930,     530.636728,    1010.376930,     530.645788
361,   0.446000,    1010.376930,     530.636728,    1010.376930,     530.645728
362,   0.447000,    1010.376930,     530.636728,    1010.376930,     530.645669
363,   0.448000,    1010.376930,     530.636728,    1010.376930,     530.645669
364,   0.449000,    1010.376930,     530.636728,    1010.376930,     530.645728
365,   0.451000,    1010.376930,     530.636728,    1010.376930,     530.645728
366,   0.452000,    1010.376930,     530.636728,    1010.376930,     530.645669
367,   0.453000,    1010.376930,     530.636728,    1010.376930,     530.645728
368,   0.455000,    1010.376930,     530.636728,    1010.376930,     530.645728
369,   0.456000,    1010.376930,     530.636728,    1010.376930,     530.645669
370,   0.457000,    1010.376930,     530.636728,    1010.376930,     530.645669
371,   0.458000,    1010.376930,     530.636728,    1010.376930,     530.645728
372,   0.461000,    1010.376930,     530.636728,    1010.376930,     530.645728
373,   0.462000,    1010.376930,     530.636728,    1010.376930,     530.645669
374,   0.463000,    1010.376930,     530.636728,    1010.376930,     530.645728
375,   0.465000,    1010.376930,     530.636728,    1010.376930,     530.645728
376,   0.466000,    1010.376930,     530.636728,    1010.376930,     530.645669
377,   0.467000,    1010.376930,     530.636728,    1010.376930,     530.645728
378,   0.470000,    1010.376930,     530.636728,    1010.376930,     530.645728
379,   0.471000,    1010.376930,     530.636728,    1010.376930,     530.645669
380,   0.472000,    1010.376930,     530.636728,    1010.376930,     530.645728
381,   0.474000,    1010.376930,     530.636728,    1010.376930,     530.645728
382,   0.475000,    1010.376930,     530.636728,    1010.376930,     530.645669
383,   0.476000,    1010.376930,     530.636728,    1010.376930,     530.645728
384,   0.479000,    1010.376930,     530.636728,    1010.376930,     530.645728
385,   0.480000,    1010.376930,     530.636728,    1010.376930,     530.645669
386,   0.481000,    1010.376930,     530.636728,    1010.376930,     530.645728
387,   0.483000,    1010.376930,     530.636728,    1010.376930,     530.645728
388,   0.484000,    1010.376930,     530.636728,    1010.376930,     530.645669
389,   0.485000,    1010.376930,     530.636728,    1010.376930,     530.645669
390,   0.486000,    1010.376930,     530.636728,    1010.376930,     530.645728
391,   0.488000,    1010.376930,     530.636728,    1010.376930,     530.645728
392,   0.489000,    1010.376930,     530.636728,    1010.376930,     530.645669
393,   0.490000,    1010.376930,     530.636728,    1010.376930,     530.645728
394,   0.492000,    1010.376930,     530.636728,    1010.376930,     530.645728
395,   0.493000,    1010.376930,     530.636728,    1010.376930,     530.645669
396,   0.494000,    1010.376930,     530.636728,    1010.376930,     530.645669
397,   0.495000,    1010.376930,     530.636728,    1010.376930,     530.645728
398,   0.496000,    1010.376930,     530.636728,    1010.376930,     530.645788
399,   0.497000,    1010.376930,     530.636728,    1010.376930,     530.645728
400,   0.498000,    1010.376930,     530.636728,    1010.376930,     530.645669
401,   0.499000,    1010.376930,     530.636728,    1010.376930,     530.645669
402,   0.500000,    1010.376930,     530.636728,    1010.376930,     530.645728
403,   0.502000,    1010.376930,     530.636728,    1010.376930,     530.645728
404,   0.503000,    1010.376930,     530.636728,    1010.376930,     530.645669
405,   0.504000,    1010.376930,     530.636728,    1010.376930,     530.645728
406,   0.506000,    1010.376930,     530.636728,    1010.376930,     530.645728
407,   0.507000,    1010.376930,     530.636728,    1010.376930,     530.645669
408,   0.508000,    1010.376930,     530.636728,    1010.376930,     530.645669
409,   0.509000,    1010.376930,     530.636728,    1010.376930,     530.645728
410,   0.510000,    1010.376930,     530.636728,    1010.376930,     530.645788
411,   0.511000,    1010.376930,     530.636728,    1010.376930,     530.645728
412,   0.512000,    1010.376930,     530.636728,    1010.376930,     530.645669
413,   0.513000,    1010.376930,     530.636728,    1010.376930,     530.645669
414,   0.514000,    1010.376930,     530.636728,    1010.376930,     530.645728
415,   0.515000,    1010.376930,     530.636728,    1010.376930,     530.645788
416,   0.516000,    1010.376930,     530.636728,    1010.376930,     530.645728
417,   0.517000,    1010.376930,     530.636728,    1010.376930,     530.645669
418,   0.518000,    1010.376930,     530.636728,    1010.376930,     530.645728
419,   0.519000,    1010.376930,     530.636728,    1010.376930,     530.645788
420,   0.520000,    1010.376930,     530.636728,    1010.376930,     530.645728
421,   0.521000,    1010.376930,     530.636728,    1010.376930,     530.645669
422,   0.522000,    1010.376930,     530.636728,    1010.376930,     530.645669
423,   0.523000,    1010.376930,     530.636728,    1010.376930,     530.645728
424,   0.524000,    1010.376930,     530.636728,    1010.376930,     530.645788
425,   0.525000,    1010.376930,     530.636728,    1010.376930,     530.645728
426,   0.526000,    1010.376930,     530.636728,    1010.376930,     530.645669
427,   0.527000,    1010.376930,     530.636728,    1010.376930,     530.645669
428,   0.528000,    1010.376930,     530.636728,    1010.376930,     530.645728
429,   0.530000,    1010.376930,     530.636728,    1010.376930,     530.645728
430,   0.531000,    1010.376930,     530.636728,    1010.376930,     530.645669
431,   0.532000,    1010.376930,     530.636728,    1010.376930,     530.645728
432,   0.533000,    1010.376930,     530.636728,    1010.376930,     530.645788
433,   0.534000,    1010.376930,     530.636728,    1010.376930,     530.645728
434,   0.535000,    1010.376930,     530.636728,    1010.376930,     530.645669
435,   0.536000,    1010.376930,     530.636728,    1010.376930,     530.645669
436,   0.537000,    1010.376930,     530.636728,    1010.376930,     530.645728
437,   0.538000,    1010.376930,     530.636728,    1010.376930,     530.645788
438,   0.539000,    1010.376930,     530.636728,    1010.376930,     530.645728
439,   0.540000,    1010.376930,     530.636728,    1010.376930,     530.645669
440,   0.541000,    1010.376930,     530.636728,    1010.376930,     530.645669
441,   0.542000,    1010.376930,     530.636728,    1010.376930,     530.645728
442,   0.544000,    1010.376930,     530.636728,    1010.376930,     530.645728
443,   0.545000,    1010.376930,     530.636728,    1010.376930,     530.645669
444,   0.546000,    1010.376930,     530.636728,    1010.376930,     530.645728
445,   0.548000,    1010.376930,     530.636728,    1010.376930,     530.645728
446,   0.549000,    1010.376930,     530.636728,    1010.376930,     530.645669
447,   0.550000,    1010.376930,     530.636728,    1010.376930,     530.645669
448,   0.551000,    1010.376930,     530.636728,    1010.376930,     530.645728
449,   0.553000,    1010.376930,     530.636728,    1010.376930,     530.645728
450,   0.554000,    1010.376930,     530.636728,    1010.376930,     530.645669
451,   0.555000,    1010.376930,     530.636728,    1010.376930,     530.645669
452,   0.556000,    1010.376930,     530.636728,    1010.376930,     530.645728
453,   0.557000,    1010.376930,     530.636728,    1010.376930,     530.645788
454,   0.558000,    1010.376930,     530.636728,    1010.376930,     530.645728
455,   0.559000,    1010.376930,     530.636728,    1010.376930,     530.645669
456,   0.560000,    1010.376930,     530.636728,    1010.376930,     530.645669
457,   0.561000,    1010.376930,     530.636728,    1010.376930,     530.645728
458,   0.562000,    1010.376930,     530.636728,    1010.376930,     530.645788
459,   0.563000,    1010.376930,     530.636728,    1010.376930,     530.645728
460,   0.564000,    1010.376930,     530.636728,    1010.376930,     530.645669
461,   0.565000,    1010.376930,     530.636728,    1010.376930,     530.645728
462,   0.568000,    1010.376930,     530.636728,    1010.376930,     530.645728
463,   0.569000,    1010.376930,     530.636728,    1010.376930,     530.645669
464,   0.570000,    1010.376930,     530.636728,    1010.376930,     530.645728
465,   0.572000,    1010.376930,     530.636728,    1010.376930,     530.645728
466,   0.573000,    1010.376930,     530.636728,    1010.376930,     530.645669
467,   0.574000,    1010.376930,     530.636728,    1010.376930,     530.645669
468,   0.575000,    1010.376930,     530.636728,    1010.376930,     530.645728
469,   0.577000,    1010.376930,     530.636728,    1010.376930,     530.645728
470,   0.578000,    1010.376930,     530.636728,    1010.376930,     530.645669
471,   0.579000,    1010.376930,     530.636728,    1010.376930,     530.645728
472,   0.581000,    1010.376930,     530.636728,    1010.376930,     530.645728
473,   0.582000,    1010.376930,     530.636728,    1010.376930,     530.645669
474,   0.583000,    1010.376930,     530.636728,    1010.376930,     530.645669
475,   0.584000,    1010.376930,     530.636728,    1010.376930,     530.645728
476,   0.586000,    1010.376930,     530.636728,    1010.376930,     530.645728
477,   0.587000,    1010.376930,     530.636728,    1010.376930,     530.645669
478,   0.588000,    1010.376930,     530.636728,    1010.376930,     530.645728
479,   0.590000,    1010.376930,     530.636728,    1010.376930,     530.645728
480,   0.591000,    1010.376930,     530.636728,    1010.376930,     530.645669
481,   0.592000,    1010.376930,     530.636728,    1010.376930,     530.645669
482,   0.593000,    1010.376930,     530.636728,    1010.376930,     530.645728
483,   0.595000,    1010.376930,     530.636728,    1010.376930,     530.645728
484,   0.596000,    1010.376930,     530.636728,    1010.376930,     530.645669
485,   0.597000,    1010.376930,     530.636728,    1010.376930,     530.645728
486,   0.599000,    1010.376930,     530.636728,    1010.376930,     530.645728
487,   0.600000,    1010.376930,     530.636728,    1010.376930,     530.645669
488,   0.601000,    1010.376930,     530.636728,    1010.376930,     530.645669
489,   0.602000,    1010.376930,     530.636728,    1010.376930,     530.645728
490,   0.603000,    1010.376930,     530.636728,    1010.376930,     530.645788
491,   0.604000,    1010.376930,     530.636728,    1010.376930,     530.645728
492,   0.605000,    1010.376930,     530.636728,    1010.376930,     530.645669
493,   0.606000,    1010.376930,     530.636728,    1010.376930,     530.645669
494,   0.607000,    1010.376930,     530.636728,    1010.376930,     530.645728
495,   0.609000,    1010.376930,     530.636728,    1010.376930,     530.645728
496,   0.610000,    1010.376930,     530.636728,    1010.376930,     530.645669
497,   0.611000,    1010.376930,     530.636728,    1010.376930,     530.645728
498,   0.613000,    1010.376930,     530.636728,    1010.376930,     530.645728
499,   0.614000,    1010.376930,     530.636728,    1010.376930,     530.645669
500,   0.615000,    1010.376930,     530.636728,    1010.376930,     530.645728
501,   0.618000,    1010.376930,     530.636728,    1010.376930,     530.645728
502,   0.619000,    1010.376930,     530.636728,    1010.376930,     530.645669
503,   0.620000,    1010.376930,     530.636728,    1010.376930,     530.645728
504,   0.622000,    1010.376930,     530.636728,    1010.376930,     530.645728
505,   0.623000,    1010.376930,     530.636728,    1010.376930,     530.645669
506,   0.624000,    1010.376930,     530.636728,    1010.376930,     530.645728
507,   0.625000,    1010.376930,     530.636728,    1010.376930,     530.645788
508,   0.626000,    1010.376930,     530.636728,    1010.376930,     530.645728
509,   0.627000,    1010.376930,     530.636728,    1010.376930,     530.645669
510,   0.628000,    1010.376930,     530.636728,    1010.376930,     530.645669
511,   0.629000,    1010.376930,     530.636728,    1010.376930,     530.645728
512,   0.630000,    1010.376930,     530.636728,    1010.376930,     530.645788
513,   0.631000,    1010.376930,     530.636728,    1010.376930,     530.645728
514,   0.632000,    1010.376930,     530.636728,    1010.376930,     530.645669
515,   0.633000,    1010.376930,     530.636728,    1010.376930,     530.645669
516,   0.634000,    1010.376930,     530.636728,    1010.376930,     530.645728
517,   0.636000,    1010.376930,     530.636728,    1010.376930,     530.645728
518,   0.637000,    1010.376930,     530.636728,    1010.376930,     530.645669
519,   0.638000,    1010.376930,     530.636728,    1010.376930,     530.645728
520,   0.641000,    1010.376930,     530.636728,    1010.376930,     530.645728
521,   0.642000,    1010.376930,     530.636728,    1010.376930,     530.645669
522,   0.643000,    1010.376930,     530.636728,    1010.376930,     530.645728
523,   0.645000,    1010.376930,     530.636728,    1010.376930,     530.645728
524,   0.646000,    1010.376930,     530.636728,    1010.376930,     530.645669
525,   0.647000,    1010.376930,     530.636728,    1010.376930,     530.645728
526,   0.650000,    1010.376930,     530.636728,    1010.376930,     530.645728
527,   0.651000,    1010.376930,     530.636728,    1010.376930,     530.645669
528,   0.652000,    1010.376930,     530.636728,    1010.376930,     530.645728
529,   0.654000,    1010.376930,     530.636728,    1010.376930,     530.645728
530,   0.655000,    1010.376930,     530.636728,    1010.376930,     530.645669
531,   0.656000,    1010.376930,     530.636728,    1010.376930,     530.645728
532,   0.659000,    1010.376930,     530.636728,    1010.376930,     530.645728
533,   0.660000,    1010.376930,     530.636728,    1010.376930,     530.645669
534,   0.661000,    1010.376930,     530.636728,    1010.376930,     530.645728
535,   0.664000,    1010.376930,     530.636728,    1010.376930,     530.645728
536,   0.665000,    1010.376930,     530.636728,    1010.376930,     530.645669
537,   0.666000,    1010.376930,     530.636728,    1010.376930,     530.645728
538,   0.668000,    1010.376930,     530.636728,    1010.376930,     530.645728
539,   0.669000,    1010.376930,     530.636728,    1010.376930,     530.645669
540,   0.670000,    1010.376930,     530.636728,    1010.376930,     530.645728
541,   0.672000,    1010.376930,     530.636728,    1010.376930,     530.645728
542,   0.673000,    1010.376930,     530.636728,    1010.376930,     530.645669
543,   0.674000,    1010.376930,     530.636728,    1010.376930,     530.645669
544,   0.675000,    1010.376930,     530.636728,    1010.376930,     530.645728
545,   0.676000,    1010.376930,     530.636728,    1010.376930,     530.645788
546,   0.677000,    1010.376930,     530.636728,    1010.376930,     530.645728
547,   0.678000,    1010.376930,     530.636728,    1010.376930,     530.645669
548,   0.679000,    1010.376930,     530.636728,    1010.376930,     530.645669
549,   0.680000,    1010.376930,     530.636728,    1010.376930,     530.645788
550,   0.681000,    1010.376930,     530.636728,    1010.376930,     530.645788
551,   0.682000,    1010.376930,     530.636728,    1010.376930,     530.645728
552,   0.683000,    1010.376930,     530.636728,    1010.376930,     530.645609
553,   0.684000,    1010.376930,     530.636728,    1010.376930,     530.645669
554,   0.685000,    1010.376930,     530.636728,    1010.376930,     530.645788
555,   0.686000,    1010.376930,     530.636728,    1010.376930,     530.645788
556,   0.687000,    1010.376930,     530.636728,    1010.376930,     530.645669
557,   0.688000,    1010.376930,     530.636728,    1010.376930,     530.645609
558,   0.689000,    1010.376930,     530.636728,    1010.376930,     530.645728
559,   0.690000,    1010.376930,     530.636728,    1010.376930,     530.645788
560,   0.691000,    1010.376930,     530.636728,    1010.376930,     530.645728
561,   0.692000,    1010.376930,     530.636728,    1010.376930,     530.645669
562,   0.693000,    1010.376930,     530.636728,    1010.376930,     530.645609
563,   0.694000,    1010.376930,     530.636728,    1010.376930,     530.645728
564,   0.695000,    1010.376930,     530.636728,    1010.376930,     530.645788
565,   0.696000,    1010.376930,     530.636728,    1010.376930,     530.645728
566,   0.697000,    1010.376930,     530.636728,    1010.376930,     530.645609
567,   0.698000,    1010.376930,     530.636728,    1010.376930,     530.645669
568,   0.699000,    1010.376930,     530.636728,    1010.376930,     530.645728
569,   0.700000,    1010.376930,     530.636728,    1010.376930,     530.645788
570,   0.701000,    1010.376930,     530.636728,    1010.376930,     530.645728
571,   0.702000,    1010.376930,     530.636728,    1010.376930,     530.645609
572,   0.703000,    1010.376930,     530.636728,    1010.376930,     530.645669
573,   0.704000,    1010.376930,     530.636728,    1010.376930,     530.645788
574,   0.705000,    1010.376930,     530.636728,    1010.376930,     530.645788
575,   0.706000,    1010.376930,     530.636728,    1010.376930,     530.645669
576,   0.707000,    1010.376930,     530.636728,    1010.376930,     530.645609
577,   0.708000,    1010.376930,     530.636728,    1010.376930,     530.645728
578,   0.709000,    1010.376930,     530.636728,    1010.376930,     530.645788
579,   0.710000,    1010.376930,     530.636728,    1010.376930,     530.645728
580,   0.711000,    1010.376930,     530.636728,    1010.376930,     530.645669
581,   0.712000,    1010.376930,     530.636728,    1010.376930,     530.645669
582,   0.713000,    1010.376930,     530.636728,    1010.376930,     530.645728
583,   0.714000,    1010.376930,     530.636728,    1010.376930,     530.645788
584,   0.715000,    1010.376930,     530.636728,    1010.376930,     530.645728
585,   0.716000,    1010.376930,     530.636728,    1010.376930,     530.645669
586,   0.717000,    1010.376930,     530.636728,    1010.376930,     530.645669
587,   0.718000,    1010.376930,     530.636728,    1010.376930,     530.645728
588,   0.720000,    1010.376930,     530.636728,    1010.376930,     530.645728
589,   0.721000,    1010.376930,     530.636728,    1010.376930,     530.645669
590,   0.722000,    1010.376930,     530.636728,    1010.376930,     530.645728
591,   0.724000,    1010.376930,     530.636728,    1010.376930,     530.645728
592,   0.725000,    1010.376930,     530.636728,    1010.376930,     530.645669
593,   0.726000,    1010.376930,     530.636728,    1010.376930,     530.645669
594,   0.727000,    1010.376930,     530.636728,    1010.376930,     530.645728
595,   0.729000,    1010.376930,     530.636728,    1010.376930,     530.645728
596,   0.730000,    1010.376930,     530.636728,    1010.376930,     530.645669
597,   0.731000,    1010.376930,     530.636728,    1010.376930,     530.645728
598,   0.734000,    1010.376930,     530.636728,    1010.376930,     530.645728
599,   0.735000,    1010.376930,     530.636728,    1010.376930,     530.645669
600,   0.736000,    1010.376930,     530.636728,    1010.376930,     530.645728
601,   0.738000,    1010.376930,     530.636728,    1010.376930,     530.645728
602,   0.739000,    1010.376930,     530.636728,    1010.376930,     530.645669
603,   0.740000,    1010.376930,     530.636728,    1010.376930,     530.645669
604,   0.741000,    1010.376930,     530.636728,    1010.376930,     530.645728
605,   0.743000,    1010.376930,     530.636728,    1010.376930,     530.645728
606,   0.744000,    1010.376930,     530.636728,    1010.376930,     530.645669
607,   0.745000,    1010.376930,     530.636728,    1010.376930,     530.645728
608,   0.748000,    1010.376930,     530.636728,    1010.376930,     530.645728
609,   0.749000,    1010.376930,     530.636728,    1010.376930,     530.645669
610,   0.750000,    1010.376930,     530.636728,    1010.376930,     530.645728
611,   0.752000,    1010.376930,     530.636728,    1010.376930,     530.645728
612,   0.753000,    1010.376930,     530.636728,    1010.376930,     530.645669
613,   0.754000,    1010.376930,     530.636728,    1010.376930,     530.645669
614,   0.755000,    1010.376930,     530.636728,    1010.376930,     530.645728
615,   0.756000,    1010.376930,     530.636728,    1010.376930,     530.645788
616,   0.757000,    1010.376930,     530.636728,    1010.376930,     530.645728
617,   0.758000,    1010.376930,     530.636728,    1010.376930,     530.645669
618,   0.759000,    1010.376930,     530.636728,    1010.376930,     530.645669
619,   0.760000,    1010.376930,     530.636728,    1010.376930,     530.645728
620,   0.761000,    1010.376930,     530.636728,    1010.376930,     530.645788
621,   0.762000,    1010.376930,     530.636728,    1010.376930,     530.645728
622,   0.763000,    1010.376930,     530.636728,    1010.376930,     530.645669
623,   0.764000,    1010.376930,     530.636728,    1010.376930,     530.645728
624,   0.765000,    1010.376930,     530.636728,    1010.376930,     530.645788
625,   0.766000,    1010.376930,     530.636728,    1010.376930,     530.645728
626,   0.767000,    1010.376930,     530.636728,    1010.376930,     530.645669
627,   0.768000,    1010.376930,     530.636728,    1010.376930,     530.645669
628,   0.769000,    1010.376930,     530.636728,    1010.376930,     530.645728
629,   0.771000,    1010.376930,     530.636728,    1010.376930,     530.645728
630,   0.772000,    1010.376930,     530.636728,    1010.376930,     530.645669
631,   0.773000,    1010.376930,     530.636728,    1010.376930,     530.645728
632,   0.775000,    1010.376930,     530.636728,    1010.376930,     530.645728
633,   0.776000,    1010.376930,     530.636728,    1010.376930,     530.645669
634,   0.777000,    1010.376930,     530.636728,    1010.376930,     530.645669
635,   0.778000,    1010.376930,     530.636728,    1010.376930,     530.645728
636,   0.780000,    1010.376930,     530.636728,    1010.376930,     530.645728
637,   0.781000,    1010.376930,     530.636728,    1010.376930,     530.645669
638,   0.782000,    1010.376930,     530.636728,    1010.376930,     530.645728
639,   0.785000,    1010.376930,     530.636728,    1010.376930,     530.645728
640,   0.786000,    1010.376930,     530.636728,    1010.376930,     530.645669
641,   0.787000,    1010.376930,     530.636728,    1010.376930,     530.645728
642,   0.788000,    1010.376930,     530.636728,    1010.376930,     530.645788
643,   0.789000,    1010.376930,     530.636728,    1010.376930,     530.645728
644,   0.790000,    1010.376930,     530.636728,    1010.376930,     530.645669
645,   0.791000,    1010.376930,     530.636728,    1010.376930,     530.645728
646,   0.793000,    1010.376930,     530.636728,    1010.376930,     530.645728
647,   0.794000,    1010.376930,     530.636728,    1010.376930,     530.645669
648,   0.795000,    1010.376930,     530.636728,    1010.376930,     530.645669
649,   0.796000,    1010.376930,     530.636728,    1010.376930,     530.645728
650,   0.797000,    1010.376930,     530.636728,    1010.376930,     530.645788
651,   0.798000,    1010.376930,     530.636728,    1010.376930,     530.645728
652,   0.799000,    1010.376930,     530.636728,    1010.376930,     530.645669
653,   0.800000,    1010.376930,     530.636728,    1010.376930,     530.645728
654,   0.801000,    1010.376930,     530.636728,    1010.376930,     530.645788
655,   0.802000,    1010.376930,     530.636728,    1010.376930,     530.645728
656,   0.803000,    1010.376930,     530.636728,    1010.376930,     530.645669
657,   0.804000,    1010.376930,     530.636728,    1010.376930,     530.645669
658,   0.805000,    1010.376930,     530.636728,    1010.376930,     530.645728
659,   0.807000,    1010.376930,     530.636728,    1010.376930,     530.645728
660,   0.808000,    1010.376930,     530.636728,    1010.376930,     530.645669
661,   0.809000,    1010.376930,     530.636728,    1010.376930,     530.645669
662,   0.810000,    1010.376930,     530.636728,    1010.376930,     530.645728
663,   0.811000,    1010.376930,     530.636728,    1010.376930,     530.645788
664,   0.812000,    1010.376930,     530.636728,    1010.376930,     530.645728
665,   0.813000,    1010.376930,     530.636728,    1010.376930,     530.645669
666,   0.814000,    1010.376930,     530.636728,    1010.376930,     530.645669
667,   0.815000,    1010.376930,     530.636728,    1010.376930,     530.645728
668,   0.816000,    1010.376930,     530.636728,    1010.376930,     530.645788
669,   0.817000,    1010.376930,     530.636728,    1010.376930,     530.645728
670,   0.818000,    1010.376930,     530.636728,    1010.376930,     530.645669
671,   0.819000,    1010.376930,     530.636728,    1010.376930,     530.645728
672,   0.821000,    1010.376930,     530.636728,    1010.376930,     530.645728
673,   0.822000,    1010.376930,     530.636728,    1010.376930,     530.645669
674,   0.823000,    1010.376930,     530.636728,    1010.376930,     530.645669
675,   0.824000,    1010.376930,     530.636728,    1010.376930,     530.645728
676,   0.826000,    1010.376930,     530.636728,    1010.376930,     530.645728
677,   0.827000,    1010.376930,     530.636728,    1010.376930,     530.645669
678,   0.828000,    1010.376930,     530.636728,    1010.376930,     530.645728
679,   0.830000,    1010.376930,     530.636728,    1010.376930,     530.645728
680,   0.831000,    1010.376930,     530.636728,    1010.376930,     530.645669
681,   0.832000,    1010.376930,     530.636728,    1010.376930,     530.645669
682,   0.833000,    1010.376930,     530.636728,    1010.376930,     530.645728
683,   0.835000,    1010.376930,     530.636728,    1010.376930,     530.645728
684,   0.836000,    1010.376930,     530.636728,    1010.376930,     530.645669
685,   0.837000,    1010.376930,     530.636728,    1010.376930,     530.645669
686,   0.838000,    1010.376930,     530.636728,    1010.376930,     530.645728
687,   0.840000,    1010.376930,     530.636728,    1010.376930,     530.645728
688,   0.841000,    1010.376930,     530.636728,    1010.376930,     530.645669
689,   0.842000,    1010.376930,     530.636728,    1010.376930,     530.645728
690,   0.845000,    1010.376930,     530.636728,    1010.376930,     530.645728
691,   0.846000,    1010.376930,     530.636728,    1010.376930,     530.645669
692,   0.847000,    1010.376930,     530.636728,    1010.376930,     530.645728
693,   0.849000,    1010.376930,     530.636728,    1010.376930,     530.645728
694,   0.850000,    1010.376930,     530.636728,    1010.376930,     530.645669
695,   0.851000,    1010.376930,     530.636728,    1010.376930,     530.645728
696,   0.853000,    1010.376930,     530.636728,    1010.376930,     530.645728
697,   0.854000,    1010.376930,     530.636728,    1010.376930,     530.645669
698,   0.855000,    1010.376930,     530.636728,    1010.376930,     530.645669
699,   0.856000,    1010.376930,     530.636728,    1010.376930,     530.645728
700,   0.857000,    1010.376930,     530.636728,    1010.376930,     530.645788
701,   0.858000,    1010.376930,     530.636728,    1010.376930,     530.645728
702,   0.859000,    1010.376930,     530.636728,    1010.376930,     530.645669
703,   0.860000,    1010.376930,     530.636728,    1010.376930,     530.645669
704,   0.861000,    1010.376930,     530.636728,    1010.376930,     530.645728
705,   0.863000,    1010.376930,     530.636728,    1010.376930,     530.645728
706,   0.864000,    1010.376930,     530.636728,    1010.376930,     530.645669
707,   0.865000,    1010.376930,     530.636728,    1010.376930,     530.645728
708,   0.867000,    1010.376930,     530.636728,    1010.376930,     530.645728
709,   0.868000,    1010.376930,     530.636728,    1010.376930,     530.645669
710,   0.869000,    1010.376930,     530.636728,    1010.376930,     530.645669
711,   0.870000,    1010.376930,     530.636728,    1010.376930,     530.645728
712,   0.872000,    1010.376930,     530.636728,    1010.376930,     530.645728
713,   0.873000,    1010.376930,     530.636728,    1010.376930,     530.645669
714,   0.874000,    1010.376930,     530.636728,    1010.376930,     530.645669
715,   0.875000,    1010.376930,     530.636728,    1010.376930,     530.645728
716,   0.877000,    1010.376930,     530.636728,    1010.376930,     530.645728
717,   0.878000,    1010.376930,     530.636728,    1010.376930,     530.645669
718,   0.879000,    1010.376930,     530.636728,    1010.376930,     530.645728
719,   0.882000,    1010.376930,     530.636728,    1010.376930,     530.645728
720,   0.883000,    1010.376930,     530.636728,    1010.376930,     530.645669
721,   0.884000,    1010.376930,     530.636728,    1010.376930,     530.645728
722,   0.887000,    1010.376930,     530.636728,    1010.376930,     530.645728
723,   0.888000,    1010.376930,     530.636728,    1010.376930,     530.645669
724,   0.889000,    1010.376930,     530.636728,    1010.376930,     530.645728
725,   0.891000,    1010.376930,     530.636728,    1010.376930,     530.645728
726,   0.892000,    1010.376930,     530.636728,    1010.376930,     530.645669
727,   0.893000,    1010.376930,     530.636728,    1010.376930,     530.645728
728,   0.895000,    1010.376930,     530.636728,    1010.376930,     530.645728
729,   0.896000,    1010.376930,     530.636728,    1010.376930,     530.645669
730,   0.897000,    1010.376930,     530.636728,    1010.376930,     530.645669
731,   0.898000,    1010.376930,     530.636728,    1010.376930,     530.645728
732,   0.900000,    1010.376930,     530.636728,    1010.376930,     530.645728
733,   0.901000,    1010.376930,     530.636728,    1010.376930,     530.645669
734,   0.902000,    1010.376930,     530.636728,    1010.376930,     530.645728
735,   0.904000,    1010.376930,     530.636728,    1010.376930,     530.645728
736,   0.905000,    1010.376930,     530.636728,    1010.376930,     530.645669
737,   0.906000,    1010.376930,     530.636728,    1010.376930,     530.645669
738,   0.907000,    1010.376930,     530.636728,    1010.376930,     530.645728
739,   0.909000,    1010.376930,     530.636728,    1010.376930,     530.645728
740,   0.910000,    1010.376930,     530.636728,    1010.376930,     530.645669
741,   0.911000,    1010.376930,     530.636728,    1010.376930,     530.645728
742,   0.913000,    1010.376930,     530.636728,    1010.376930,     530.645728
743,   0.914000,    1010.376930,     530.636728,    1010.376930,     530.645669
744,   0.915000,    1010.376930,     530.636728,    1010.376930,     530.645728
745,   0.918000,    1010.376930,     530.636728,    1010.376930,     530.645728
746,   0.919000,    1010.376930,     530.636728,    1010.376930,     530.645669
747,   0.920000,    1010.376930,     530.636728,    1010.376930,     530.645728
748,   0.922000,    1010.376930,     530.636728,    1010.376930,     530.645728
749,   0.923000,    1010.376930,     530.636728,    1010.376930,     530.645669
750,   0.924000,    1010.376930,     530.636728,    1010.376930,     530.645669
751,   0.925000,    1010.376930,     530.636728,    1010.376930,     530.645728
752,   0.926000,    1010.376930,     530.636728,    1010.376930,     530.645788
753,   0.927000,    1010.376930,     530.636728,    1010.376930,     530.645728
754,   0.928000,    1010.376930,     530.636728,    1010.376930,     530.645669
755,   0.929000,    1010.376930,     530.636728,    1010.376930,     530.645728
756,   0.930000,    1010.376930,     530.636728,    1010.376930,     530.645788
757,   0.931000,    1010.376930,     530.636728,    1010.376930,     530.645788
758,   0.932000,    1010.376930,     530.636728,    1010.376930,     530.645728
759,   0.933000,    1010.376930,     530.636728,    1010.376930,     530.645609
760,   0.934000,    1010.376930,     530.636728,    1010.376930,     530.645728
761,   0.936000,    1010.376930,     530.636728,    1010.376930,     530.645728
762,   0.937000,    1010.376930,     530.636728,    1010.376930,     530.645669
763,   0.938000,    1010.376930,     530.636728,    1010.376930,     530.645669
764,   0.939000,    1010.376930,     530.636728,    1010.376930,     530.645728
765,   0.941000,    1010.376930,     530.636728,    1010.376930,     530.645728
766,   0.942000,    1010.376930,     530.636728,    1010.376930,     530.645669
767,   0.943000,    1010.376930,     530.636728,    1010.376930,     530.645728
768,   0.946000,    1010.376930,     530.636728,    1010.376930,     530.645728
769,   0.947000,    1010.376930,     530.636728,    1010.376930,     530.645669
770,   0.948000,    1010.376930,     530.636728,    1010.376930,     530.645728
771,   0.950000,    1010.376930,     530.636728,    1010.376930,     530.645728
772,   0.951000,    1010.376930,     530.636728,    1010.376930,     530.645669
773,   0.952000,    1010.376930,     530.636728,    1010.376930,     530.645728
774,   0.955000,    1010.376930,     530.636728,    1010.376930,     530.645728
775,   0.956000,    1010.376930,     530.636728,    1010.376930,     530.645669
776,   0.957000,    1010.376930,     530.636728,    1010.376930,     530.645728
777,   0.960000,    1010.376930,     530.636728,    1010.376930,     530.645728
778,   0.961000,    1010.376930,     530.636728,    1010.376930,     530.645669
779,   0.962000,    1010.376930,     530.636728,    1010.376930,     530.645728
780,   0.963000,    1010.376930,     530.636728,    1010.376930,     530.645788
781,   0.964000,    1010.376930,     530.636728,    1010.376930,     530.645728
782,   0.965000,    1010.376930,     530.636728,    1010.376930,     530.645669
783,   0.966000,    1010.376930,     530.636728,    1010.376930,     530.645669
784,   0.967000,    1010.376930,     530.636728,    1010.376930,     530.645728
785,   0.969000,    1010.376930,     530.636728,    1010.376930,     530.645728
786,   0.970000,    1010.376930,     530.636728,    1010.376930,     530.645669
787,   0.971000,    1010.376930,     530.636728,    1010.376930,     530.645728
788,   0.974000,    1010.376930,     530.636728,    1010.376930,     530.645728
789,   0.975000,    1010.376930,     530.636728,    1010.376930,     530.645669
790,   0.976000,    1010.376930,     530.636728,    1010.376930,     530.645728
791,   0.978000,    1010.376930,     530.636728,    1010.376930,     530.645728
792,   0.979000,    1010.376930,     530.636728,    1010.376930,     530.645669
793,   0.980000,    1010.376930,     530.636728,    1010.376930,     530.645669
794,   0.981000,    1010.376930,     530.636728,    1010.376930,     530.645728
795,   0.983000,    1010.376930,     530.636728,    1010.376930,     530.645728
796,   0.984000,    1010.376930,     530.636728,    1010.376930,     530.645669
797,   0.985000,    1010.376930,     530.636728,    1010.376930,     530.645669
798,   0.986000,    1010.376930,     530.636728,    1010.376930,     530.645728
799,   0.988000,    1010.376930,     530.636728,    1010.376930,     530.645728
800,   0.989000,    1010.376930,     530.636728,    1010.376930,     530.645669
801,   0.990000,    1010.376930,     530.636728,    1010.376930,     530.645669
802,   0.991000,    1010.376930,     530.636728,    1010.376930,     530.645728
803,   0.993000,    1010.376930,     530.636728,    1010.376930,     530.645728
804,   0.994000,    1010.376930,     530.636728,    1010.376930,     530.645669
805,   0.995000,    1010.376930,     530.636728,    1010.376930,     530.645728
806,   0.998000,    1010.376930,     530.636728,    1010.376930,     530.645728
807,   0.999000,    1010.376930,     530.636728,    1010.376930,     530.645669
808,   1.000000,    1010.376930,     530.636728,    1010.376930,     530.645728
809,   1.003000,    1010.376930,     530.636728,    1010.376930,     530.645728
810,   1.004000,    1010.376930,     530.636728,    1010.376930,     530.645669
811,   1.005000,    1010.376930,     530.636728,    1010.376930,     530.645728
812,   1.007000,    1010.376930,     530.636728,    1010.376930,     530.645728
813,   1.008000,    1010.376930,     530.636728,    1010.376930,     530.645669
814,   1.009000,    1010.376930,     530.636728,    1010.376930,     530.645728
815,   1.010000,    1010.376930,     530.636728,    1010.376930,     530.645788
816,   1.011000,    1010.376930,     530.636728,    1010.376930,     530.645728
817,   1.012000,    1010.376930,     530.636728,    1010.376930,     530.645669
818,   1.013000,    1010.376930,     530.636728,    1010.376930,     530.645669
819,   1.014000,    1010.376930,     530.636728,    1010.376930,     530.645728
820,   1.016000,    1010.376930,     530.636728,    1010.376930,     530.645728
821,   1.017000,    1010.376930,     530.636728,    1010.376930,     530.645669
822,   1.018000,    1010.376930,     530.636728,    1010.376930,     530.645728
823,   1.020000,    1010.376930,     530.636728,    1010.376930,     530.645728
824,   1.021000,    1010.376930,     530.636728,    1010.376930,     530.645669
825,   1.022000,    1010.376930,     530.636728,    1010.376930,     530.645669
826,   1.023000,    1010.376930,     530.636728,    1010.376930,     530.645728
827,   1.025000,    1010.376930,     530.636728,    1010.376930,     530.645728
828,   1.026000,    1010.376930,     530.636728,    1010.376930,     530.645669
829,   1.027000,    1010.376930,     530.636728,    1010.376930,     530.645728
830,   1.029000,    1010.376930,     530.636728,    1010.376930,     530.645728
831,   1.030000,    1010.376930,     530.636728,    1010.376930,     530.645669
832,   1.031000,    1010.376930,     530.636728,    1010.376930,     530.645669
833,   1.032000,    1010.376930,     530.636728,    1010.376930,     530.645728
834,   1.034000,    1010.376930,     530.636728,    1010.376930,     530.645728
835,   1.035000,    1010.376930,     530.636728,    1010.376930,     530.645669
836,   1.036000,    1010.376930,     530.636728,    1010.376930,     530.645728
837,   1.038000,    1010.376930,     530.636728,    1010.376930,     530.645728
838,   1.039000,    1010.376930,     530.636728,    1010.376930,     530.645669
839,   1.040000,    1010.376930,     530.636728,    1010.376930,     530.645669
840,   1.041000,    1010.376930,     530.636728,    1010.376930,     530.645728
841,   1.043000,    1010.376930,     530.636728,    1010.376930,     530.645728
842,   1.044000,    1010.376930,     530.636728,    1010.376930,     530.645669
843,   1.045000,    1010.376930,     530.636728,    1010.376930,     530.645728
844,   1.047000,    1010.376930,     530.636728,    1010.376930,     530.645728
845,   1.048000,    1010.376930,     530.636728,    1010.376930,     530.645669
846,   1.049000,    1010.376930,     530.636728,    1010.376930,     530.645669
847,   1.050000,    1010.376930,     530.636728,    1010.376930,     530.645728
848,   1.053000,    1010.376930,     530.636728,    1010.376930,     530.645728
849,   1.054000,    1010.376930,     530.636728,    1010.376930,     530.645669
850,   1.055000,    1010.376930,     530.636728,    1010.376930,     530.645728
851,   1.057000,    1010.376930,     530.636728,    1010.376930,     530.645728
852,   1.058000,    1010.376930,     530.636728,    1010.376930,     530.645669
853,   1.059000,    1010.376930,     530.636728,    1010.376930,     530.645669
854,   1.060000,    1010.376930,     530.636728,    1010.376930,     530.645728
855,   1.062000,    1010.376930,     530.636728,    1010.376930,     530.645728
856,   1.063000,    1010.376930,     530.636728,    1010.376930,     530.645669
857,   1.064000,    1010.376930,     530.636728,    1010.376930,     530.645728
858,   1.067000,    1010.376930,     530.636728,    1010.376930,     530.645728
859,   1.068000,    1010.376930,     530.636728,    1010.376930,     530.645669
860,   1.069000,    1010.376930,     530.636728,    1010.376930,     530.645728
861,   1.071000,    1010.376930,     530.636728,    1010.376930,     530.645728
862,   1.072000,    1010.376930,     530.636728,    1010.376930,     530.645669
863,   1.073000,    1010.376930,     530.636728,    1010.376930,     530.645728
864,   1.076000,    1010.376930,     530.636728,    1010.376930,     530.645728
865,   1.077000,    1010.376930,     530.636728,    1010.376930,     530.645669
866,   1.078000,    1010.376930,     530.636728,    1010.376930,     530.645728
867,   1.080000,    1010.376930,     530.636728,    1010.376930,     530.645728
868,   1.081000,    1010.376930,     530.636728,    1010.376930,     530.645669
869,   1.082000,    1010.376930,     530.636728,    1010.376930,     530.645669
870,   1.083000,    1010.376930,     530.636728,    1010.376930,     530.645728
871,   1.085000,    1010.376930,     530.636728,    1010.376930,     530.645728
872,   1.086000,    1010.376930,     530.636728,    1010.376930,     530.645669
873,   1.087000,    1010.376930,     530.636728,    1010.376930,     530.645728
874,   1.089000,    1010.376930,     530.636728,    1010.376930,     530.645728
875,   1.090000,    1010.376930,     530.636728,    1010.376930,     530.645669
876,   1.091000,    1010.376930,     530.636728,    1010.376930,     530.645669
877,   1.092000,    1010.376930,     530.636728,    1010.376930,     530.645728
878,   1.094000,    1010.376930,     530.636728,    1010.376930,     530.645728
879,   1.095000,    1010.376930,     530.636728,    1010.376930,     530.645669
880,   1.096000,    1010.376930,     530.636728,    1010.376930,     530.645728
881,   1.099000,    1010.376930,     530.636728,    1010.376930,     530.645728
882,   1.100000,    1010.376930,     530.636728,    1010.376930,     530.645669
883,   1.101000,    1010.376930,     530.636728,    1010.376930,     530.645728
884,   1.103000,    1010.376930,     530.636728,    1010.376930,     530.645728
885,   1.104000,    1010.376930,     530.636728,    1010.376930,     530.645669
886,   1.105000,    1010.376930,     530.636728,    1010.376930,     530.645669
887,   1.106000,    1010.376930,     530.636728,    1010.376930,     530.645728
888,   1.108000,    1010.376930,     530.636728,    1010.376930,     530.645728
889,   1.109000,    1010.376930,     530.636728,    1010.376930,     530.645669
890,   1.110000,    1010.376930,     530.636728,    1010.376930,     530.645728
891,   1.112000,    1010.376930,     530.636728,    1010.376930,     530.645728
892,   1.113000,    1010.376930,     530.636728,    1010.376930,     530.645669
893,   1.114000,    1010.376930,     530.636728,    1010.376930,     530.645669
894,   1.115000,    1010.376930,     530.636728,    1010.376930,     530.645728
895,   1.116000,    1010.376930,     530.636728,    1010.376930,     530.645788
896,   1.117000,    1010.376930,     530.636728,    1010.376930,     530.645728
897,   1.118000,    1010.376930,     530.636728,    1010.376930,     530.645669
898,   1.119000,    1010.376930,     530.636728,    1010.376930,     530.645669
899,   1.120000,    1010.376930,     530.636728,    1010.376930,     530.645728
900,   1.121000,    1010.376930,     530.636728,    1010.376930,     530.645788
901,   1.122000,    1010.376930,     530.636728,    1010.376930,     530.645728
902,   1.123000,    1010.376930,     530.636728,    1010.376930,     530.645669
903,   1.124000,    1010.376930,     530.636728,    1010.376930,     530.645669
904,   1.125000,    1010.376930,     530.636728,    1010.376930,     530.645728
905,   1.126000,    1010.376930,     530.636728,    1010.376930,     530.645788
906,   1.127000,    1010.376930,     530.636728,    1010.376930,     530.645728
907,   1.128000,    1010.376930,     530.636728,    1010.376930,     530.645669
908,   1.129000,    1010.376930,     530.636728,    1010.376930,     530.645728
909,   1.130000,    1010.376930,     530.636728,    1010.376930,     530.645788
910,   1.131000,    1010.376930,     530.636728,    1010.376930,     530.645788
911,   1.132000,    1010.376930,     530.636728,    1010.376930,     530.645669
912,   1.133000,    1010.376930,     530.636728,    1010.376930,     530.645609
913,   1.134000,    1010.376930,     530.636728,    1010.376930,     530.645728
914,   1.135000,    1010.376930,     530.636728,    1010.376930,     530.645788
915,   1.136000,    1010.376930,     530.636728,    1010.376930,     530.645728
916,   1.137000,    1010.376930,     530.636728,    1010.376930,     530.645669
917,   1.138000,    1010.376930,     530.636728,    1010.376930,     530.645669
918,   1.139000,    1010.376930,     530.636728,    1010.376930,     530.645728
919,   1.140000,    1010.376930,     530.636728,    1010.376930,     530.645788
920,   1.141000,    1010.376930,     530.636728,    1010.376930,     530.645728
921,   1.142000,    1010.376930,     530.636728,    1010.376930,     530.645669
922,   1.143000,    1010.376930,     530.636728,    1010.376930,     530.645669
923,   1.144000,    1010.376930,     530.636728,    1010.376930,     530.645728
924,   1.145000,    1010.376930,     530.636728,    1010.376930,     530.645788
925,   1.146000,    1010.376930,     530.636728,    1010.376930,     530.645728
926,   1.147000,    1010.376930,     530.636728,    1010.376930,     530.645669
927,   1.148000,    1010.376930,     530.636728,    1010.376930,     530.645728
928,   1.151000,    1010.376930,     530.636728,    1010.376930,     530.645728
929,   1.152000,    1010.376930,     530.636728,    1010.376930,     530.645669
930,   1.153000,    1010.376930,     530.636728,    1010.376930,     530.645728
931,   1.154000,    1010.376930,     530.636728,    1010.376930,     530.645788
932,   1.155000,    1010.376930,     530.636728,    1010.376930,     530.645728
933,   1.156000,    1010.376930,     530.636728,    1010.376930,     530.645669
934,   1.157000,    1010.376930,     530.636728,    1010.376930,     530.645669
935,   1.158000,    1010.376930,     530.636728,    1010.376930,     530.645728
936,   1.160000,    1010.376930,     530.636728,    1010.376930,     530.645728
937,   1.161000,    1010.376930,     530.636728,    1010.376930,     530.645669
938,   1.162000,    1010.376930,     530.636728,    1010.376930,     530.645669
939,   1.163000,    1010.376930,     530.636728,    1010.376930,     530.645728
940,   1.165000,    1010.376930,     530.636728,    1010.376930,     530.645728
941,   1.166000,    1010.376930,     530.636728,    1010.376930,     530.645669
942,   1.167000,    1010.376930,     530.636728,    1010.376930,     530.645669
943,   1.168000,    1010.376930,     530.636728,    1010.376930,     530.645728
944,   1.170000,    1010.376930,     530.636728,    1010.376930,     530.645728
945,   1.171000,    1010.376930,     530.636728,    1010.376930,     530.645669
946,   1.172000,    1010.376930,     530.636728,    1010.376930,     530.645728
947,   1.175000,    1010.376930,     530.636728,    1010.376930,     530.645728
948,   1.176000,    1010.376930,     530.636728,    1010.376930,     530.645669
949,   1.177000,    1010.376930,     530.636728,    1010.376930,     530.645728
950,   1.179000,    1010.376930,     530.636728,    1010.376930,     530.645728
951,   1.180000,    1010.376930,     530.636728,    1010.376930,     530.645669
952,   1.181000,    1010.376930,     530.636728,    1010.376930,     530.645669
953,   1.182000,    1010.376930,     530.636728,    1010.376930,     530.645728
954,   1.184000,    1010.376930,     530.636728,    1010.376930,     530.645728
955,   1.185000,    1010.376930,     530.636728,    1010.376930,     530.645669
956,   1.186000,    1010.376930,     530.636728,    1010.376930,     530.645728
957,   1.188000,    1010.376930,     530.636728,    1010.376930,     530.645728
958,   1.189000,    1010.376930,     530.636728,    1010.376930,     530.645669
959,   1.190000,    1010.376930,     530.636728,    1010.376930,     530.645728
960,   1.193000,    1010.376930,     530.636728,    1010.376930,     530.645728
961,   1.194000,    1010.376930,     530.636728,    1010.376930,     530.645669
962,   1.195000,    1010.376930,     530.636728,    1010.376930,     530.645728
963,   1.197000,    1010.376930,     530.636728,    1010.376930,     530.645728
964,   1.198000,    1010.376930,     530.636728,    1010.376930,     530.645669
965,   1.199000,    1010.376930,     530.636728,    1010.376930,     530.645669
966,   1.200000,    1010.376930,     530.636728,    1010.376930,     530.645728
967,   1.201000,    1010.376930,     530.636728,    1010.376930,     530.645788
968,   1.202000,    1010.376930,     530.636728,    1010.376930,     530.645728
969,   1.203000,    1010.376930,     530.636728,    1010.376930,     530.645669
970,   1.204000,    1010.376930,     530.636728,    1010.376930,     530.645669
971,   1.205000,    1010.376930,     530.636728,    1010.376930,     530.645728
972,   1.206000,    1010.376930,     530.636728,    1010.376930,     530.645788
973,   1.207000,    1010.376930,     530.636728,    1010.376930,     530.645728
974,   1.208000,    1010.376930,     530.636728,    1010.376930,     530.645669
975,   1.209000,    1010.376930,     530.636728,    1010.376930,     530.645728
976,   1.211000,    1010.376930,     530.636728,    1010.376930,     530.645728
977,   1.212000,    1010.376930,     530.636728,    1010.376930,     530.645669
978,   1.213000,    1010.376930,     530.636728,    1010.376930,     530.645669
979,   1.214000,    1010.376930,     530.636728,    1010.376930,     530.645728
980,   1.216000,    1010.376930,     530.636728,    1010.376930,     530.645728
981,   1.217000,    1010.376930,     530.636728,    1010.376930,     530.645669
982,   1.218000,    1010.376930,     530.636728,    1010.376930,     530.645669
983,   1.219000,    1010.376930,     530.636728,    1010.376930,     530.645728
984,   1.221000,    1010.376930,     530.636728,    1010.376930,     530.645728
985,   1.222000,    1010.376930,     530.636728,    1010.376930,     530.645669
986,   1.223000,    1010.376930,     530.636728,    1010.376930,     530.645728
987,   1.226000,    1010.376930,     530.636728,    1010.376930,     530.645728
988,   1.227000,    1010.376930,     530.636728,    1010.376930,     530.645669
989,   1.228000,    1010.376930,     530.636728,    1010.376930,     530.645728
990,   1.230000,    1010.376930,     530.636728,    1010.376930,     530.645728
991,   1.231000,    1010.376930,     530.636728,    1010.376930,     530.645669
992,   1.232000,    1010.376930,     530.636728,    1010.376930,     530.645728
993,   1.234000,    1010.376930,     530.636728,    1010.376930,     530.645728
994,   1.235000,    1010.376930,     530.636728,    1010.376930,     530.645669
995,   1.236000,    1010.376930,     530.636728,    1010.376930,     530.645669
996,   1.237000,    1010.376930,     530.636728,    1010.376930,     530.645728
997,   1.239000,    1010.376930,     530.636728,    1010.376930,     530.645728
998,   1.240000,    1010.376930,     530.636728,    1010.376930,     530.645669
999,   1.241000,    1010.376930,     530.636728,    1010.376930,     530.645728
1000,   1.244000,    1010.376930,     530.636728,    1010.376930,     530.645728
1001,   1.245000,    1010.376930,     530.636728,    1010.376930,     530.645669
1002,   1.246000,    1010.376930,     530.636728,    1010.376930,     530.645728
1003,   1.248000,    1010.376930,     530.636728,    1010.376930,     530.645728
1004,   1.249000,    1010.376930,     530.636728,    1010.376930,     530.645669
1005,   1.250000,    1010.376930,     530.636728,    1010.376930,     530.645728
1006,   1.253000,    1010.376930,     530.636728,    1010.376930,     530.645728
1007,   1.254000,    1010.376930,     530.636728,    1010.376930,     530.645669
1008,   1.255000,    1010.376930,     530.636728,    1010.376930,     530.645728
1009,   1.257000,    1010.376930,     530.636728,    1010.376930,     530.645728
1010,   1.258000,    1010.376930,     530.636728,    1010.376930,     530.645669
1011,   1.259000,    1010.376930,     530.636728,    1010.376930,     530.645669
1012,   1.260000,    1010.376930,     530.636728,    1010.376930,     530.645728
1013,   1.261000,    1010.376930,     530.636728,    1010.376930,     530.645788
1014,   1.262000,    1010.376930,     530.636728,    1010.376930,     530.645728
1015,   1.263000,    1010.376930,     530.636728,    1010.376930,     530.645669
1016,   1.264000,    1010.376930,     530.636728,    1010.376930,     530.645669
1017,   1.265000,    1010.376930,     530.636728,    1010.376930,     530.645728
1018,   1.267000,    1010.376930,     530.636728,    1010.376930,     530.645728
1019,   1.268000,    1010.376930,     530.636728,    1010.376930,     530.645669
1020,   1.269000,    1010.376930,     530.636728,    1010.376930,     530.645728
1021,   1.272000,    1010.376930,     530.636728,    1010.376930,     530.645728
1022,   1.273000,    1010.376930,     530.636728,    1010.376930,     530.645669
1023,   1.274000,    1010.376930,     530.636728,    1010.376930,     530.645728
1024,   1.276000,    1010.376930,     530.636728,    1010.376930,     530.645728
1025,   1.277000,    1010.376930,     530.636728,    1010.376930,     530.645669
1026,   1.278000,    1010.376930,     530.636728,    1010.376930,     530.645728
1027,   1.280000,    1010.376930,     530.636728,    1010.376930,     530.645728
1028,   1.281000,    1010.376930,     530.636728,    1010.376930,     530.645669
1029,   1.282000,    1010.376930,     530.636728,    1010.376930,     530.645669
1030,   1.283000,    1010.376930,     530.636728,    1010.376930,     530.645728
1031,   1.285000,    1010.376930,     530.636728,    1010.376930,     530.645728
1032,   1.286000,    1010.376930,     530.636728,    1010.376930,     530.645669
1033,   1.287000,    1010.376930,     530.636728,    1010.376930,     530.645728
1034,   1.289000,    1010.376930,     530.636728,    1010.376930,     530.645728
1035,   1.290000,    1010.376930,     530.636728,    1010.376930,     530.645669
1036,   1.291000,    1010.376930,     530.636728,    1010.376930,     530.645669
1037,   1.292000,    1010.376930,     530.636728,    1010.376930,     530.645728
1038,   1.294000,    1010.376930,     530.636728,    1010.376930,     530.645728
1039,   1.295000,    1010.376930,     530.636728,    1010.376930,     530.645669
1040,   1.296000,    1010.376930,     530.636728,    1010.376930,     530.645669
1041,   1.297000,    1010.376930,     530.636728,    1010.376930,     530.645728
1042,   1.299000,    1010.376930,     530.636728,    1010.376930,     530.645728
1043,   1.300000,    1010.376930,     530.636728,    1010.376930,     530.645669
1044,   1.301000,    1010.376930,     530.636728,    1010.376930,     530.645728
1045,   1.303000,    1010.376930,     530.636728,    1010.376930,     530.645728
1046,   1.304000,    1010.376930,     530.636728,    1010.376930,     530.645669
1047,   1.305000,    1010.376930,     530.636728,    1010.376930,     530.645669
1048,   1.306000,    1010.376930,     530.636728,    1010.376930,     530.645728
1049,   1.307000,    1010.376930,     530.636728,    1010.376930,     530.645788
1050,   1.308000,    1010.376930,     530.636728,    1010.376930,     530.645728
1051,   1.309000,    1010.376930,     530.636728,    1010.376930,     530.645669
1052,   1.310000,    1010.376930,     530.636728,    1010.376930,     530.645669
1053,   1.311000,    1010.376930,     530.636728,    1010.376930,     530.645728
1054,   1.313000,    1010.376930,     530.636728,    1010.376930,     530.645728
1055,   1.314000,    1010.376930,     530.636728,    1010.376930,     530.645669
1056,   1.315000,    1010.376930,     530.636728,    1010.376930,     530.645728
1057,   1.317000,    1010.376930,     530.636728,    1010.376930,     530.645728
1058,   1.318000,    1010.376930,     530.636728,    1010.376930,     530.645669
1059,   1.319000,    1010.376930,     530.636728,    1010.376930,     530.645669
1060,   1.320000,    1010.376930,     530.636728,    1010.376930,     530.645728
1061,   1.321000,    1010.376930,     530.636728,    1010.376930,     530.645788
1062,   1.322000,    1010.376930,     530.636728,    1010.376930,     530.645728
1063,   1.323000,    1010.376930,     530.636728,    1010.376930,     530.645669
1064,   1.324000,    1010.376930,     530.636728,    1010.376930,     530.645669
1065,   1.325000,    1010.376930,     530.636728,    1010.376930,     530.645728
1066,   1.326000,    1010.376930,     530.636728,    1010.376930,     530.645788
1067,   1.327000,    1010.376930,     530.636728,    1010.376930,     530.645728
1068,   1.328000,    1010.376930,     530.636728,    1010.376930,     530.645669
1069,   1.329000,    1010.376930,     530.636728,    1010.376930,     530.645728
1070,   1.330000,    1010.376930,     530.636728,    1010.376930,     530.645788
1071,   1.331000,    1010.376930,     530.636728,    1010.376930,     530.645788
1072,   1.332000,    1010.376930,     530.636728,    1010.376930,     530.645728
1073,   1.333000,    1010.376930,     530.636728,    1010.376930,     530.645669
1074,   1.334000,    1010.376930,     530.636728,    1010.376930,     530.645728
1075,   1.335000,    1010.376930,     530.636728,    1010.376930,     530.645788
1076,   1.336000,    1010.376930,     530.636728,    1010.376930,     530.645728
1077,   1.337000,    1010.376930,     530.636728,    1010.376930,     530.645669
1078,   1.338000,    1010.376930,     530.636728,    1010.376930,     530.645669
1079,   1.339000,    1010.376930,     530.636728,    1010.376930,     530.645728
1080,   1.340000,    1010.376930,     530.636728,    1010.376930,     530.645788
1081,   1.341000,    1010.376930,     530.636728,    1010.376930,     530.645728
1082,   1.342000,    1010.376930,     530.636728,    1010.376930,     530.645669
1083,   1.343000,    1010.376930,     530.636728,    1010.376930,     530.645669
1084,   1.344000,    1010.376930,     530.636728,    1010.376930,     530.645788
1085,   1.345000,    1010.376930,     530.636728,    1010.376930,     530.645788
1086,   1.346000,    1010.376930,     530.636728,    1010.376930,     530.645728
1087,   1.347000,    1010.376930,     530.636728,    1010.376930,     530.645669
1088,   1.348000,    1010.376930,     530.636728,    1010.376930,     530.645728
1089,   1.349000,    1010.376930,     530.636728,    1010.376930,     530.645788
1090,   1.350000,    1010.376930,     530.636728,    1010.376930,     530.645728
1091,   1.351000,    1010.376930,     530.636728,    1010.376930,     530.645669
1092,   1.352000,    1010.376930,     530.636728,    1010.376930,     530.645669
1093,   1.353000,    1010.376930,     530.636728,    1010.376930,     530.645728
1094,   1.355000,    1010.376930,     530.636728,    1010.376930,     530.645728
1095,   1.356000,    1010.376930,     530.636728,    1010.376930,     530.645669
1096,   1.357000,    1010.376930,     530.636728,    1010.376930,     530.645728
1097,   1.359000,    1010.376930,     530.636728,    1010.376930,     530.645728
1098,   1.360000,    1010.376930,     530.636728,    1010.376930,     530.645669
1099,   1.361000,    1010.376930,     530.636728,    1010.376930,     530.645669
1100,   1.362000,    1010.376930,     530.636728,    1010.376930,     530.645728
1101,   1.364000,    1010.376930,     530.636728,    1010.376930,     530.645728
1102,   1.365000,    1010.376930,     530.636728,    1010.376930,     530.645669
1103,   1.366000,    1010.376930,     530.636728,    1010.376930,     530.645728
1104,   1.369000,    1010.376930,     530.636728,    1010.376930,     530.645728
1105,   1.370000,    1010.376930,     530.636728,    1010.376930,     530.645669
1106,   1.371000,    1010.376930,     530.636728,    1010.376930,     530.645669
1107,   1.372000,    1010.376930,     530.636728,    1010.376930,     530.645728
1108,   1.374000,    1010.376930,     530.636728,    1010.376930,     530.645728
1109,   1.375000,    1010.376930,     530.636728,    1010.376930,     530.645669
1110,   1.376000,    1010.376930,     530.636728,    1010.376930,     530.645728
1111,   1.378000,    1010.376930,     530.636728,    1010.376930,     530.645728
1112,   1.379000,    1010.376930,     530.636728,    1010.376930,     530.645669
1113,   1.380000,    1010.376930,     530.636728,    1010.376930,     530.645728
1114,   1.383000,    1010.376930,     530.636728,    1010.376930,     530.645728
1115,   1.384000,    1010.376930,     530.636728,    1010.376930,     530.645669
1116,   1.385000,    1010.376930,     530.636728,    1010.376930,     530.645728
1117,   1.387000,    1010.376930,     530.636728,    1010.376930,     530.645728
1118,   1.388000,    1010.376930,     530.636728,    1010.376930,     530.645669
1119,   1.389000,    1010.376930,     530.636728,    1010.376930,     530.645728
1120,   1.392000,    1010.376930,     530.636728,    1010.376930,     530.645728
1121,   1.393000,    1010.376930,     530.636728,    1010.376930,     530.645669
1122,   1.394000,    1010.376930,     530.636728,    1010.376930,     530.645728
1123,   1.401000,    1010.376930,     530.636728,    1010.376930,     530.645728
1124,   1.402000,    1010.376930,     530.636728,    1010.376930,     530.645669
1125,   1.403000,    1010.376930,     530.636728,    1010.376930,     530.645728
1126,   1.405000,    1010.376930,     530.636728,    1010.376930,     530.645728
1127,   1.406000,    1010.376930,     530.636728,    1010.376930,     530.645669
1128,   1.407000,    1010.376930,     530.636728,    1010.376930,     530.645669
1129,   1.408000,    1010.376930,     530.636728,    1010.376930,     530.645728
1130,   1.410000,    1010.376930,     530.636728,    1010.376930,     530.645728
1131,   1.411000,    1010.376930,     530.636728,    1010.376930,     530.645669
1132,   1.412000,    1010.376930,     530.636728,    1010.376930,     530.645728
1133,   1.415000,    1010.376930,     530.636728,    1010.376930,     530.645728
1134,   1.416000,    1010.376930,     530.636728,    1010.376930,     530.645669
1135,   1.417000,    1010.376930,     530.636728,    1010.376930,     530.645728
1136,   1.419000,    1010.376930,     530.636728,    1010.376930,     530.645728
1137,   1.420000,    1010.376930,     530.636728,    1010.376930,     530.645669
1138,   1.421000,    1010.376930,     530.636728,    1010.376930,     530.645669
1139,   1.422000,    1010.376930,     530.636728,    1010.376930,     530.645728
1140,   1.423000,    1010.376930,     530.636728,    1010.376930,     530.645788
1141,   1.424000,    1010.376930,     530.636728,    1010.376930,     530.645728
1142,   1.425000,    1010.376930,     530.636728,    1010.376930,     530.645669
1143,   1.426000,    1010.376930,     530.636728,    1010.376930,     530.645728
1144,   1.428000,    1010.376930,     530.636728,    1010.376930,     530.645728
1145,   1.429000,    1010.376930,     530.636728,    1010.376930,     530.645669
1146,   1.430000,    1010.376930,     530.636728,    1010.376930,     530.645669
1147,   1.431000,    1010.376930,     530.636728,    1010.376930,     530.645728
1148,   1.432000,    1010.376930,     530.636728,    1010.376930,     530.645788
1149,   1.433000,    1010.376930,     530.636728,    1010.376930,     530.645728
1150,   1.434000,    1010.376930,     530.636728,    1010.376930,     530.645669
1151,   1.435000,    1010.376930,     530.636728,    1010.376930,     530.645728
1152,   1.436000,    1010.376930,     530.636728,    1010.376930,     530.645788
1153,   1.437000,    1010.376930,     530.636728,    1010.376930,     530.645728
1154,   1.438000,    1010.376930,     530.636728,    1010.376930,     530.645669
1155,   1.439000,    1010.376930,     530.636728,    1010.376930,     530.645609
1156,   1.440000,    1010.376930,     530.636728,    1010.376930,     530.645728
1157,   1.442000,    1010.376930,     530.636728,    1010.376930,     530.645728
1158,   1.443000,    1010.376930,     530.636728,    1010.376930,     530.645669
1159,   1.444000,    1010.376930,     530.636728,    1010.376930,     530.645609
1160,   1.445000,    1010.376930,     530.636728,    1010.376930,     530.645728
1161,   1.446000,    1010.376930,     530.636728,    1010.376930,     530.645788
1162,   1.447000,    1010.376930,     530.636728,    1010.376930,     530.645728
1163,   1.448000,    1010.376930,     530.636728,    1010.376930,     530.645669
1164,   1.449000,    1010.376930,     530.636728,    1010.376930,     530.645669
1165,   1.450000,    1010.376930,     530.636728,    1010.376930,     530.645728
1166,   1.451000,    1010.376930,     530.636728,    1010.376930,     530.645788
1167,   1.452000,    1010.376930,     530.636728,    1010.376930,     530.645728
1168,   1.453000,    1010.376930,     530.636728,    1010.376930,     530.645669
1169,   1.454000,    1010.376930,     530.636728,    1010.376930,     530.645728
1170,   1.456000,    1010.376930,     530.636728,    1010.376930,     530.645728
1171,   1.457000,    1010.376930,     530.636728,    1010.376930,     530.645669
1172,   1.458000,    1010.376930,     530.636728,    1010.376930,     530.645669
1173,   1.459000,    1010.376930,     530.636728,    1010.376930,     530.645728
1174,   1.460000,    1010.376930,     530.636728,    1010.376930,     530.645788
1175,   1.461000,    1010.376930,     530.636728,    1010.376930,     530.645728
1176,   1.462000,    1010.376930,     530.636728,    1010.376930,     530.645669
1177,   1.463000,    1010.376930,     530.636728,    1010.376930,     530.645669
1178,   1.464000,    1010.376930,     530.636728,    1010.376930,     530.645728
1179,   1.465000,    1010.376930,     530.636728,    1010.376930,     530.645788
1180,   1.466000,    1010.376930,     530.636728,    1010.376930,     530.645728
1181,   1.467000,    1010.376930,     530.636728,    1010.376930,     530.645609
1182,   1.468000,    1010.376930,     530.636728,    1010.376930,     530.645728
1183,   1.469000,    1010.376930,     530.636728,    1010.376930,     530.645788
1184,   1.470000,    1010.376930,     530.636728,    1010.376930,     530.645728
1185,   1.471000,    1010.376930,     530.636728,    1010.376930,     530.645669
1186,   1.472000,    1010.376930,     530.636728,    1010.376930,     530.645609
1187,   1.473000,    1010.376930,     530.636728,    1010.376930,     530.645728
1188,   1.474000,    1010.376930,     530.636728,    1010.376930,     530.645788
1189,   1.475000,    1010.376930,     530.636728,    1010.376930,     530.645728
1190,   1.476000,    1010.376930,     530.636728,    1010.376930,     530.645669
1191,   1.477000,    1010.376930,     530.636728,    1010.376930,     530.645609
1192,   1.478000,    1010.376930,     530.636728,    1010.376930,     530.645728
1193,   1.479000,    1010.376930,     530.636728,    1010.376930,     530.645788
1194,   1.480000,    1010.376930,     530.636728,    1010.376930,     530.645728
1195,   1.481000,    1010.376930,     530.636728,    1010.376930,     530.645669
1196,   1.482000,    1010.376930,     530.636728,    1010.376930,     530.645669
1197,   1.483000,    1010.376930,     530.636728,    1010.376930,     530.645728
1198,   1.485000,    1010.376930,     530.636728,    1010.376930,     530.645728
1199,   1.486000,    1010.376930,     530.636728,    1010.376930,     530.645669
1200,   1.487000,    1010.376930,     530.636728,    1010.376930,     530.645728
1201,   1.488000,    1010.376930,     530.636728,    1010.376930,     530.645788
1202,   1.489000,    1010.376930,     530.636728,    1010.376930,     530.645728
1203,   1.490000,    1010.376930,     530.636728,    1010.376930,     530.645669
1204,   1.491000,    1010.376930,     530.636728,    1010.376930,     530.645669
1205,   1.492000,    1010.376930,     530.636728,    1010.376930,     530.645728
1206,   1.494000,    1010.376930,     530.636728,    1010.376930,     530.645728
1207,   1.495000,    1010.376930,     530.636728,    1010.376930,     530.645669
1208,   1.496000,    1010.376930,     530.636728,    1010.376930,     530.645669
1209,   1.497000,    1010.376930,     530.636728,    1010.376930,     530.645728
1210,   1.499000,    1010.376930,     530.636728,    1010.376930,     530.645728
1211,   1.500000,    1010.376930,     530.636728,    1010.376930,     530.645669
1212,   1.501000,    1010.376930,     530.636728,    1010.376930,     530.645728
1213,   1.503000,    1010.376930,     530.636728,    1010.376930,     530.645728
1214,   1.504000,    1010.376930,     530.636728,    1010.376930,     530.645669
1215,   1.505000,    1010.376930,     530.636728,    1010.376930,     530.645669
1216,   1.506000,    1010.376930,     530.636728,    1010.376930,     530.645728
1217,   1.508000,    1010.376930,     530.636728,    1010.376930,     530.645728
1218,   1.509000,    1010.376930,     530.636728,    1010.376930,     530.645669
1219,   1.510000,    1010.376930,     530.636728,    1010.376930,     530.645669
1220,   1.511000,    1010.376930,     530.636728,    1010.376930,     530.645728
1221,   1.513000,    1010.376930,     530.636728,    1010.376930,     530.645728
1222,   1.514000,    1010.376930,     530.636728,    1010.376930,     530.645669
1223,   1.515000,    1010.376930,     530.636728,    1010.376930,     530.645728
1224,   1.517000,    1010.376930,     530.636728,    1010.376930,     530.645728
1225,   1.518000,    1010.376930,     530.636728,    1010.376930,     530.645669
1226,   1.519000,    1010.376930,     530.636728,    1010.376930,     530.645669
1227,   1.520000,    1010.376930,     530.636728,    1010.376930,     530.645728
1228,   1.522000,    1010.376930,     530.636728,    1010.376930,     530.645728
1229,   1.523000,    1010.376930,     530.636728,    1010.376930,     530.645669
1230,   1.524000,    1010.376930,     530.636728,    1010.376930,     530.645669
1231,   1.525000,    1010.376930,     530.636728,    1010.376930,     530.645728
1232,   1.527000,    1010.376930,     530.636728,    1010.376930,     530.645728
1233,   1.528000,    1010.376930,     530.636728,    1010.376930,     530.645669
1234,   1.529000,    1010.376930,     530.636728,    1010.376930,     530.645728
1235,   1.532000,    1010.376930,     530.636728,    1010.376930,     530.645728
1236,   1.533000,    1010.376930,     530.636728,    1010.376930,     530.645669
1237,   1.534000,    1010.376930,     530.636728,    1010.376930,     530.645728
1238,   1.535000,    1010.376930,     530.636728,    1010.376930,     530.645788
1239,   1.536000,    1010.376930,     530.636728,    1010.376930,     530.645728
1240,   1.537000,    1010.376930,     530.636728,    1010.376930,     530.645669
1241,   1.538000,    1010.376930,     530.636728,    1010.376930,     530.645669
1242,   1.539000,    1010.376930,     530.636728,    1010.376930,     530.645728
1243,   1.541000,    1010.376930,     530.636728,    1010.376930,     530.645728
1244,   1.542000,    1010.376930,     530.636728,    1010.376930,     530.645669
1245,   1.543000,    1010.376930,     530.636728,    1010.376930,     530.645728
1246,   1.545000,    1010.376930,     530.636728,    1010.376930,     530.645728
1247,   1.546000,    1010.376930,     530.636728,    1010.376930,     530.645669
1248,   1.547000,    1010.376930,     530.636728,    1010.376930,     530.645669
1249,   1.548000,    1010.376930,     530.636728,    1010.376930,     530.645728
1250,   1.549000,    1010.376930,     530.636728,    1010.376930,     530.645788
1251,   1.550000,    1010.376930,     530.636728,    1010.376930,     530.645728
1252,   1.551000,    1010.376930,     530.636728,    1010.376930,     530.645669
1253,   1.552000,    1010.376930,     530.636728,    1010.376930,     530.645728
1254,   1.554000,    1010.376930,     530.636728,    1010.376930,     530.645728
1255,   1.555000,    1010.376930,     530.636728,    1010.376930,     530.645669
1256,   1.556000,    1010.376930,     530.636728,    1010.376930,     530.645669
1257,   1.557000,    1010.376930,     530.636728,    1010.376930,     530.645728
1258,   1.558000,    1010.376930,     530.636728,    1010.376930,     530.645788
1259,   1.559000,    1010.376930,     530.636728,    1010.376930,     530.645728
1260,   1.560000,    1010.376930,     530.636728,    1010.376930,     530.645669
1261,   1.561000,    1010.376930,     530.636728,    1010.376930,     530.645669
1262,   1.562000,    1010.376930,     530.636728,    1010.376930,     530.645728
1263,   1.564000,    1010.376930,     530.636728,    1010.376930,     530.645728
1264,   1.565000,    1010.376930,     530.636728,    1010.376930,     530.645669
1265,   1.566000,    1010.376930,     530.636728,    1010.376930,     530.645728
1266,   1.567000,    1010.376930,     530.636728,    1010.376930,     530.645788
1267,   1.568000,    1010.376930,     530.636728,    1010.376930,     530.645728
1268,   1.569000,    1010.376930,     530.636728,    1010.376930,     530.645669
1269,   1.570000,    1010.376930,     530.636728,    1010.376930,     530.645669
1270,   1.571000,    1010.376930,     530.636728,    1010.376930,     530.645728
1271,   1.572000,    1010.376930,     530.636728,    1010.376930,     530.645788
1272,   1.573000,    1010.376930,     530.636728,    1010.376930,     530.645728
1273,   1.574000,    1010.376930,     530.636728,    1010.376930,     530.645669
1274,   1.575000,    1010.376930,     530.636728,    1010.376930,     530.645669
1275,   1.576000,    1010.376930,     530.636728,    1010.376930,     530.645728
1276,   1.578000,    1010.376930,     530.636728,    1010.376930,     530.645728
1277,   1.579000,    1010.376930,     530.636728,    1010.376930,     530.645669
1278,   1.580000,    1010.376930,     530.636728,    1010.376930,     530.645728
1279,   1.582000,    1010.376930,     530.636728,    1010.376930,     530.645728
1280,   1.583000,    1010.376930,     530.636728,    1010.376930,     530.645669
1281,   1.584000,    1010.376930,     530.636728,    1010.376930,     530.645669
1282,   1.585000,    1010.376930,     530.636728,    1010.376930,     530.645728
1283,   1.587000,    1010.376930,     530.636728,    1010.376930,     530.645728
1284,   1.588000,    1010.376930,     530.636728,    1010.376930,     530.645669
1285,   1.589000,    1010.376930,     530.636728,    1010.376930,     530.645669
1286,   1.590000,    1010.376930,     530.636728,    1010.376930,     530.645728
1287,   1.591000,    1010.376930,     530.636728,    1010.376930,     530.645788
1288,   1.592000,    1010.376930,     530.636728,    1010.376930,     530.645728
1289,   1.593000,    1010.376930,     530.636728,    1010.376930,     530.645669
1290,   1.594000,    1010.376930,     530.636728,    1010.376930,     530.645728
1291,   1.595000,    1010.376930,     530.636728,    1010.376930,     530.645788
1292,   1.596000,    1010.376930,     530.636728,    1010.376930,     530.645788
1293,   1.597000,    1010.376930,     530.636728,    1010.376930,     530.645728
1294,   1.598000,    1010.376930,     530.636728,    1010.376930,     530.645669
1295,   1.599000,    1010.376930,     530.636728,    1010.376930,     530.645728
1296,   1.600000,    1010.376930,     530.636728,    1010.376930,     530.645788
1297,   1.601000,    1010.376930,     530.636728,    1010.376930,     530.645728
1298,   1.602000,    1010.376930,     530.636728,    1010.376930,     530.645669
1299,   1.603000,    1010.376930,     530.636728,    1010.376930,     530.645669
1300,   1.604000,    1010.376930,     530.636728,    1010.376930,     530.645728
1301,   1.606000,    1010.376930,     530.636728,    1010.376930,     530.645728
1302,   1.607000,    1010.376930,     530.636728,    1010.376930,     530.645669
1303,   1.608000,    1010.376930,     530.636728,    1010.376930,     530.645728
1304,   1.609000,    1010.376930,     530.636728,    1010.376930,     530.645788
1305,   1.610000,    1010.376930,     530.636728,    1010.376930,     530.645728
1306,   1.611000,    1010.376930,     530.636728,    1010.376930,     530.645669
1307,   1.612000,    1010.376930,     530.636728,    1010.376930,     530.645669
1308,   1.613000,    1010.376930,     530.636728,    1010.376930,     530.645728
1309,   1.614000,    1010.376930,     530.636728,    1010.376930,     530.645788
1310,   1.615000,    1010.376930,     530.636728,    1010.376930,     530.645728
1311,   1.616000,    1010.376930,     530.636728,    1010.376930,     530.645669
1312,   1.617000,    1010.376930,     530.636728,    1010.376930,     530.645669
1313,   1.618000,    1010.376930,     530.636728,    1010.376930,     530.645728
1314,   1.620000,    1010.376930,     530.636728,    1010.376930,     530.645728
1315,   1.621000,    1010.376930,     530.636728,    1010.376930,     530.645669
1316,   1.622000,    1010.376930,     530.636728,    1010.376930,     530.645728
1317,   1.624000,    1010.376930,     530.636728,    1010.376930,     530.645728
1318,   1.625000,    1010.376930,     530.636728,    1010.376930,     530.645669
1319,   1.626000,    1010.376930,     530.636728,    1010.376930,     530.645728
1320,   1.629000,    1010.376930,     530.636728,    1010.376930,     530.645728
1321,   1.630000,    1010.376930,     530.636728,    1010.376930,     530.645669
1322,   1.631000,    1010.376930,     530.636728,    1010.376930,     530.645728
1323,   1.633000,    1010.376930,     530.636728,    1010.376930,     530.645728
1324,   1.634000,    1010.376930,     530.636728,    1010.376930,     530.645669
1325,   1.635000,    1010.376930,     530.636728,    1010.376930,     530.645669
1326,   1.636000,    1010.376930,     530.636728,    1010.376930,     530.645728
1327,   1.638000,    1010.376930,     530.636728,    1010.376930,     530.645728
1328,   1.639000,    1010.376930,     530.636728,    1010.376930,     530.645669
1329,   1.640000,    1010.376930,     530.636728,    1010.376930,     530.645728
1330,   1.642000,    1010.376930,     530.636728,    1010.376930,     530.645728
1331,   1.643000,    1010.376930,     530.636728,    1010.376930,     530.645669
1332,   1.644000,    1010.376930,     530.636728,    1010.376930,     530.645669
1333,   1.645000,    1010.376930,     530.636728,    1010.376930,     530.645728
1334,   1.652000,    1010.376930,     530.636728,    1010.376930,     530.645728
1335,   1.653000,    1010.376930,     530.636728,    1010.376930,     530.645669
1336,   1.654000,    1010.376930,     530.636728,    1010.376930,     530.645728
1337,   1.656000,    1010.376930,     530.636728,    1010.376930,     530.645728
1338,   1.657000,    1010.376930,     530.636728,    1010.376930,     530.645669
1339,   1.658000,    1010.376930,     530.636728,    1010.376930,     530.645728
1340,   1.661000,    1010.376930,     530.636728,    1010.376930,     530.645728
1341,   1.662000,    1010.376930,     530.636728,    1010.376930,     530.645669
1342,   1.663000,    1010.376930,     530.636728,    1010.376930,     530.645728
1343,   1.665000,    1010.376930,     530.636728,    1010.376930,     530.645728
1344,   1.666000,    1010.376930,     530.636728,    1010.376930,     530.645669
1345,   1.667000,    1010.376930,     530.636728,    1010.376930,     530.645669
1346,   1.668000,    1010.376930,     530.636728,    1010.376930,     530.645728
1347,   1.670000,    1010.376930,     530.636728,    1010.376930,     530.645728
1348,   1.671000,    1010.376930,     530.636728,    1010.376930,     530.645669
1349,   1.672000,    1010.376930,     530.636728,    1010.376930,     530.645669
1350,   1.673000,    1010.376930,     530.636728,    1010.376930,     530.645728
1351,   1.675000,    1010.376930,     530.636728,    1010.376930,     530.645728
1352,   1.676000,    1010.376930,     530.636728,    1010.376930,     530.645669
1353,   1.677000,    1010.376930,     530.636728,    1010.376930,     530.645728
1354,   1.680000,    1010.376930,     530.636728,    1010.376930,     530.645728
1355,   1.681000,    1010.376930,     530.636728,    1010.376930,     530.645669
1356,   1.682000,    1010.376930,     530.636728,    1010.376930,     530.645728
1357,   1.685000,    1010.376930,     530.636728,    1010.376930,     530.645728
1358,   1.686000,    1010.376930,     530.636728,    1010.376930,     530.645669
1359,   1.687000,    1010.376930,     530.636728,    1010.376930,     530.645728
1360,   1.690000,    1010.376930,     530.636728,    1010.376930,     530.645728
1361,   1.691000,    1010.376930,     530.636728,    1010.376930,     530.645669
1362,   1.692000,    1010.376930,     530.636728,    1010.376930,     530.645728
1363,   1.695000,    1010.376930,     530.636728,    1010.376930,     530.645728
1364,   1.696000,    1010.376930,     530.636728,    1010.376930,     530.645669
1365,   1.697000,    1010.376930,     530.636728,    1010.376930,     530.645728
1366,   1.699000,    1010.376930,     530.636728,    1010.376930,     530.645728
1367,   1.700000,    1010.376930,     530.636728,    1010.376930,     530.645669
1368,   1.701000,    1010.376930,     530.636728,    1010.376930,     530.645728
1369,   1.702000,    1010.376930,     530.636728,    1010.376930,     530.645728
1370,   1.703000,    1010.376930,     530.636728,    1010.376930,     530.645788
1371,   1.704000,    1010.376930,     530.636728,    1010.376930,     530.645728
1372,   1.705000,    1010.376930,     530.636728,    1010.376930,     530.645669
1373,   1.706000,    1010.376930,     530.636728,    1010.376930,     530.645728
1374,   1.707000,    1010.376930,     530.636728,    1010.376930,     530.645788
1375,   1.708000,    1010.376930,     530.636728,    1010.376930,     530.645788
1376,   1.709000,    1010.376930,     530.636728,    1010.376930,     530.645728
1377,   1.710000,    1010.376930,     530.636728,    1010.376930,     530.645669
1378,   1.711000,    1010.376930,     530.636728,    1010.376930,     530.645728
1379,   1.712000,    1010.376930,     530.636728,    1010.376930,     530.645788
1380,   1.713000,    1010.376930,     530.636728,    1010.376930,     530.645728
1381,   1.714000,    1010.376930,     530.636728,    1010.376930,     530.645669
1382,   1.715000,    1010.376930,     530.636728,    1010.376930,     530.645669
1383,   1.716000,    1010.376930,     530.636728,    1010.376930,     530.645728
1384,   1.717000,    1010.376930,     530.636728,    1010.376930,     530.645788
1385,   1.718000,    1010.376930,     530.636728,    1010.376930,     530.645728
1386,   1.719000,    1010.376930,     530.636728,    1010.376930,     530.645669
1387,   1.720000,    1010.376930,     530.636728,    1010.376930,     530.645669
1388,   1.721000,    1010.376930,     530.636728,    1010.376930,     530.645728
1389,   1.722000,    1010.376930,     530.636728,    1010.376930,     530.645788
1390,   1.723000,    1010.376930,     530.636728,    1010.376930,     530.645728
1391,   1.724000,    1010.376930,     530.636728,    1010.376930,     530.645609
1392,   1.725000,    1010.376930,     530.636728,    1010.376930,     530.645728
1393,   1.727000,    1010.376930,     530.636728,    1010.376930,     530.645728
1394,   1.728000,    1010.376930,     530.636728,    1010.376930,     530.645669
1395,   1.729000,    1010.376930,     530.636728,    1010.376930,     530.645669
1396,   1.730000,    1010.376930,     530.636728,    1010.376930,     530.645728
1397,   1.732000,    1010.376930,     530.636728,    1010.376930,     530.645728
1398,   1.733000,    1010.376930,     530.636728,    1010.376930,     530.645669
1399,   1.734000,    1010.376930,     530.636728,    1010.376930,     530.645728
1400,   1.737000,    1010.376930,     530.636728,    1010.376930,     530.645728
1401,   1.738000,    1010.376930,     530.636728,    1010.376930,     530.645669
1402,   1.739000,    1010.376930,     530.636728,    1010.376930,     530.645728
1403,   1.740000,    1010.376930,     530.636728,    1010.376930,     530.645788
1404,   1.741000,    1010.376930,     530.636728,    1010.376930,     530.645728
1405,   1.742000,    1010.376930,     530.636728,    1010.376930,     530.645669
1406,   1.743000,    1010.376930,     530.636728,    1010.376930,     530.645669
1407,   1.744000,    1010.376930,     530.636728,    1010.376930,     530.645728
1408,   1.746000,    1010.376930,     530.636728,    1010.376930,     530.645728
1409,   1.747000,    1010.376930,     530.636728,    1010.376930,     530.645669
1410,   1.748000,    1010.376930,     530.636728,    1010.376930,     530.645728
1411,   1.751000,    1010.376930,     530.636728,    1010.376930,     530.645728
1412,   1.752000,    1010.376930,     530.636728,    1010.376930,     530.645609
1413,   1.753000,    1010.376930,     530.636728,    1010.376930,     530.645728
1414,   1.754000,    1010.376930,     530.636728,    1010.376930,     530.645788
1415,   1.755000,    1010.376930,     530.636728,    1010.376930,     530.645728
1416,   1.756000,    1010.376930,     530.636728,    1010.376930,     530.645669
1417,   1.757000,    1010.376930,     530.636728,    1010.376930,     530.645669
1418,   1.758000,    1010.376930,     530.636728,    1010.376930,     530.645728
1419,   1.759000,    1010.376930,     530.636728,    1010.376930,     530.645788
1420,   1.760000,    1010.376930,     530.636728,    1010.376930,     530.645728
1421,   1.761000,    1010.376930,     530.636728,    1010.376930,     530.645669
1422,   1.762000,    1010.376930,     530.636728,    1010.376930,     530.645669
1423,   1.763000,    1010.376930,     530.636728,    1010.376930,     530.645728
1424,   1.764000,    1010.376930,     530.636728,    1010.376930,     530.645788
1425,   1.765000,    1010.376930,     530.636728,    1010.376930,     530.645728
1426,   1.766000,    1010.376930,     530.636728,    1010.376930,     530.645669
1427,   1.767000,    1010.376930,     530.636728,    1010.376930,     530.645669
1428,   1.768000,    1010.376930,     530.636728,    1010.376930,     530.645728
1429,   1.770000,    1010.376930,     530.636728,    1010.376930,     530.645728
1430,   1.771000,    1010.376930,     530.636728,    1010.376930,     530.645669
1431,   1.772000,    1010.376930,     530.636728,    1010.376930,     530.645728
1432,   1.774000,    1010.376930,     530.636728,    1010.376930,     530.645728
1433,   1.775000,    1010.376930,     530.636728,    1010.376930,     530.645669
1434,   1.776000,    1010.376930,     530.636728,    1010.376930,     530.645669
1435,   1.777000,    1010.376930,     530.636728,    1010.376930,     530.645728
1436,   1.779000,    1010.376930,     530.636728,    1010.376930,     530.645728
1437,   1.780000,    1010.376930,     530.636728,    1010.376930,     530.645669
1438,   1.781000,    1010.376930,     530.636728,    1010.376930,     530.645728
1439,   1.783000,    1010.376930,     530.636728,    1010.376930,     530.645728
1440,   1.784000,    1010.376930,     530.636728,    1010.376930,     530.645669
1441,   1.785000,    1010.376930,     530.636728,    1010.376930,     530.645669
1442,   1.786000,    1010.376930,     530.636728,    1010.376930,     530.645728
1443,   1.787000,    1010.376930,     530.636728,    1010.376930,     530.645788
1444,   1.788000,    1010.376930,     530.636728,    1010.376930,     530.645728
1445,   1.789000,    1010.376930,     530.636728,    1010.376930,     530.645669
1446,   1.790000,    1010.376930,     530.636728,    1010.376930,     530.645669
1447,   1.791000,    1010.376930,     530.636728,    1010.376930,     530.645728
1448,   1.792000,    1010.376930,     530.636728,    1010.376930,     530.645788
1449,   1.793000,    1010.376930,     530.636728,    1010.376930,     530.645728
1450,   1.794000,    1010.376930,     530.636728,    1010.376930,     530.645609
1451,   1.795000,    1010.376930,     530.636728,    1010.376930,     530.645728
1452,   1.798000,    1010.376930,     530.636728,    1010.376930,     530.645728
1453,   1.799000,    1010.376930,     530.636728,    1010.376930,     530.645669
1454,   1.800000,    1010.376930,     530.636728,    1010.376930,     530.645728
1455,   1.801000,    1010.376930,     530.636728,    1010.376930,     530.645788
1456,   1.802000,    1010.376930,     530.636728,    1010.376930,     530.645728
1457,   1.803000,    1010.376930,     530.636728,    1010.376930,     530.645669
1458,   1.804000,    1010.376930,     530.636728,    1010.376930,     530.645669
1459,   1.805000,    1010.376930,     530.636728,    1010.376930,     530.645728
1460,   1.806000,    1010.376930,     530.636728,    1010.376930,     530.645788
1461,   1.807000,    1010.376930,     530.636728,    1010.376930,     530.645728
1462,   1.808000,    1010.376930,     530.636728,    1010.376930,     530.645609
1463,   1.809000,    1010.376930,     530.636728,    1010.376930,     530.645669
1464,   1.810000,    1010.376930,     530.636728,    1010.376930,     530.645728
1465,   1.812000,    1010.376930,     530.636728,    1010.376930,     530.645728
1466,   1.813000,    1010.376930,     530.636728,    1010.376930,     530.645609
1467,   1.814000,    1010.376930,     530.636728,    1010.376930,     530.645728
1468,   1.815000,    1010.376930,     530.636728,    1010.376930,     530.645788
1469,   1.816000,    1010.376930,     530.636728,    1010.376930,     530.645728
1470,   1.817000,    1010.376930,     530.636728,    1010.376930,     530.645669
1471,   1.818000,    1010.376930,     530.636728,    1010.376930,     530.645609
1472,   1.819000,    1010.376930,     530.636728,    1010.376930,     530.645728
1473,   1.820000,    1010.376930,     530.636728,    1010.376930,     530.645788
1474,   1.821000,    1010.376930,     530.636728,    1010.376930,     530.645728
1475,   1.822000,    1010.376930,     530.636728,    1010.376930,     530.645669
1476,   1.823000,    1010.376930,     530.636728,    1010.376930,     530.645669
1477,   1.824000,    1010.376930,     530.636728,    1010.376930,     530.645728
1478,   1.825000,    1010.376930,     530.636728,    1010.376930,     530.645788
1479,   1.826000,    1010.376930,     530.636728,    1010.376930,     530.645728
1480,   1.827000,    1010.376930,     530.636728,    1010.376930,     530.645609
1481,   1.828000,    1010.376930,     530.636728,    1010.376930,     530.645669
1482,   1.829000,    1010.376930,     530.636728,    1010.376930,     530.645728
1483,   1.831000,    1010.376930,     530.636728,    1010.376930,     530.645728
1484,   1.832000,    1010.376930,     530.636728,    1010.376930,     530.645609
1485,   1.833000,    1010.376930,     530.636728,    1010.376930,     530.645728
1486,   1.834000,    1010.376930,     530.636728,    1010.376930,     530.645788
1487,   1.835000,    1010.376930,     530.636728,    1010.376930,     530.645728
1488,   1.836000,    1010.376930,     530.636728,    1010.376930,     530.645669
1489,   1.837000,    1010.376930,     530.636728,    1010.376930,     530.645669
1490,   1.838000,    1010.376930,     530.636728,    1010.376930,     530.645728
1491,   1.840000,    1010.376930,     530.636728,    1010.376930,     530.645728
1492,   1.841000,    1010.376930,     530.636728,    1010.376930,     530.645669
1493,   1.842000,    1010.376930,     530.636728,    1010.376930,     530.645669
1494,   1.843000,    1010.376930,     530.636728,    1010.376930,     530.645728
1495,   1.845000,    1010.376930,     530.636728,    1010.376930,     530.645728
1496,   1.846000,    1010.376930,     530.636728,    1010.376930,     530.645669
1497,   1.847000,    1010.376930,     530.636728,    1010.376930,     530.645728
1498,   1.849000,    1010.376930,     530.636728,    1010.376930,     530.645728
1499,   1.850000,    1010.376930,     530.636728,    1010.376930,     530.645669
1500,   1.851000,    1010.376930,     530.636728,    1010.376930,     530.645669
1501,   1.852000,    1010.376930,     530.636728,    1010.376930,     530.645728
1502,   1.854000,    1010.376930,     530.636728,    1010.376930,     530.645728
1503,   1.855000,    1010.376930,     530.636728,    1010.376930,     530.645669
1504,   1.856000,    1010.376930,     530.636728,    1010.376930,     530.645728
1505,   1.859000,    1010.376930,     530.636728,    1010.376930,     530.645728
1506,   1.860000,    1010.376930,     530.636728,    1010.376930,     530.645669
1507,   1.861000,    1010.376930,     530.636728,    1010.376930,     530.645728
1508,   1.863000,    1010.376930,     530.636728,    1010.376930,     530.645728
1509,   1.864000,    1010.376930,     530.636728,    1010.376930,     530.645669
1510,   1.865000,    1010.376930,     530.636728,    1010.376930,     530.645669
1511,   1.866000,    1010.376930,     530.636728,    1010.376930,     530.645728
1512,   1.868000,    1010.376930,     530.636728,    1010.376930,     530.645728
1513,   1.869000,    1010.376930,     530.636728,    1010.376930,     530.645669
1514,   1.870000,    1010.376930,     530.636728,    1010.376930,     530.645669
1515,   1.871000,    1010.376930,     530.636728,    1010.376930,     530.645728
1516,   1.872000,    1010.376930,     530.636728,    1010.376930,     530.645788
1517,   1.873000,    1010.376930,     530.636728,    1010.376930,     530.645728
1518,   1.874000,    1010.376930,     530.636728,    1010.376930,     530.645669
1519,   1.875000,    1010.376930,     530.636728,    1010.376930,     530.645728
1520,   1.878000,    1010.376930,     530.636728,    1010.376930,     530.645728
1521,   1.879000,    1010.376930,     530.636728,    1010.376930,     530.645669
1522,   1.880000,    1010.376930,     530.636728,    1010.376930,     530.645728
1523,   1.882000,    1010.376930,     530.636728,    1010.376930,     530.645728
1524,   1.883000,    1010.376930,     530.636728,    1010.376930,     530.645669
1525,   1.884000,    1010.376930,     530.636728,    1010.376930,     530.645669
1526,   1.885000,    1010.376930,     530.636728,    1010.376930,     530.645728
1527,   1.886000,    1010.376930,     530.636728,    1010.376930,     530.645788
1528,   1.887000,    1010.376930,     530.636728,    1010.376930,     530.645728
1529,   1.888000,    1010.376930,     530.636728,    1010.376930,     530.645669
1530,   1.889000,    1010.376930,     530.636728,    1010.376930,     530.645728
1531,   1.891000,    1010.376930,     530.636728,    1010.376930,     530.645728
1532,   1.892000,    1010.376930,     530.636728,    1010.376930,     530.645669
1533,   1.893000,    1010.376930,     530.636728,    1010.376930,     530.645669
1534,   1.894000,    1010.376930,     530.636728,    1010.376930,     530.645728
1535,   1.896000,    1010.376930,     530.636728,    1010.376930,     530.645728
1536,   1.897000,    1010.376930,     530.636728,    1010.376930,     530.645669
1537,   1.898000,    1010.376930,     530.636728,    1010.376930,     530.645728
1538,   1.901000,    1010.376930,     530.636728,    1010.376930,     530.645728
1539,   1.902000,    1010.376930,     530.636728,    1010.376930,     530.645669
1540,   1.903000,    1010.376930,     530.636728,    1010.376930,     530.645728
1541,   1.905000,    1010.376930,     530.636728,    1010.376930,     530.645728
1542,   1.906000,    1010.376930,     530.636728,    1010.376930,     530.645669
1543,   1.907000,    1010.376930,     530.636728,    1010.376930,     530.645728
1544,   1.910000,    1010.376930,     530.636728,    1010.376930,     530.645728
1545,   1.911000,    1010.376930,     530.636728,    1010.376930,     530.645669
1546,   1.912000,    1010.376930,     530.636728,    1010.376930,     530.645728
1547,   1.915000,    1010.376930,     530.636728,    1010.376930,     530.645728
1548,   1.916000,    1010.376930,     530.636728,    1010.376930,     530.645669
1549,   1.917000,    1010.376930,     530.636728,    1010.376930,     530.645728
1550,   1.918000,    1010.376930,     530.636728,    1010.376930,     530.645788
1551,   1.919000,    1010.376930,     530.636728,    1010.376930,     530.645728
1552,   1.920000,    1010.376930,     530.636728,    1010.376930,     530.645669
1553,   1.921000,    1010.376930,     530.636728,    1010.376930,     530.645669
1554,   1.922000,    1010.376930,     530.636728,    1010.376930,     530.645728
1555,   1.923000,    1010.376930,     530.636728,    1010.376930,     530.645788
1556,   1.924000,    1010.376930,     530.636728,    1010.376930,     530.645728
1557,   1.925000,    1010.376930,     530.636728,    1010.376930,     530.645669
1558,   1.926000,    1010.376930,     530.636728,    1010.376930,     530.645728
1559,   1.927000,    1010.376930,     530.636728,    1010.376930,     530.645788
1560,   1.928000,    1010.376930,     530.636728,    1010.376930,     530.645788
1561,   1.929000,    1010.376930,     530.636728,    1010.376930,     530.645728
1562,   1.930000,    1010.376930,     530.636728,    1010.376930,     530.645609
1563,   1.931000,    1010.376930,     530.636728,    1010.376930,     530.645728
1564,   1.932000,    1010.376930,     530.636728,    1010.376930,     530.645788
1565,   1.933000,    1010.376930,     530.636728,    1010.376930,     530.645728
1566,   1.934000,    1010.376930,     530.636728,    1010.376930,     530.645669
1567,   1.935000,    1010.376930,     530.636728,    1010.376930,     530.645609
1568,   1.936000,    1010.376930,     530.636728,    1010.376930,     530.645728
1569,   1.937000,    1010.376930,     530.636728,    1010.376930,     530.645788
1570,   1.938000,    1010.376930,     530.636728,    1010.376930,     530.645728
1571,   1.939000,    1010.376930,     530.636728,    1010.376930,     530.645669
1572,   1.940000,    1010.376930,     530.636728,    1010.376930,     530.645669
1573,   1.941000,    1010.376930,     530.636728,    1010.376930,     530.645728
1574,   1.942000,    1010.376930,     530.636728,    1010.376930,     530.645788
1575,   1.943000,    1010.376930,     530.636728,    1010.376930,     530.645728
1576,   1.944000,    1010.376930,     530.636728,    1010.376930,     530.645669
1577,   1.945000,    1010.376930,     530.636728,    1010.376930,     530.645669
1578,   1.946000,    1010.376930,     530.636728,    1010.376930,     530.645728
1579,   1.947000,    1010.376930,     530.636728,    1010.376930,     530.645788
1580,   1.948000,    1010.376930,     530.636728,    1010.376930,     530.645728
1581,   1.949000,    1010.376930,     530.636728,    1010.376930,     530.645669
1582,   1.950000,    1010.376930,     530.636728,    1010.376930,     530.645728
1583,   1.951000,    1010.376930,     530.636728,    1010.376930,     530.645788
1584,   1.952000,    1010.376930,     530.636728,    1010.376930,     530.645728
1585,   1.953000,    1010.376930,     530.636728,    1010.376930,     530.645669
1586,   1.954000,    1010.376930,     530.636728,    1010.376930,     530.645669
1587,   1.955000,    1010.376930,     530.636728,    1010.376930,     530.645728
1588,   1.956000,    1010.376930,     530.636728,    1010.376930,     530.645788
1589,   1.957000,    1010.376930,     530.636728,    1010.376930,     530.645728
1590,   1.958000,    1010.376930,     530.636728,    1010.376930,     530.645669
1591,   1.959000,    1010.376930,     530.636728,    1010.376930,     530.645669
1592,   1.960000,    1010.376930,     530.636728,    1010.376930,     530.645728
1593,   1.962000,    1010.376930,     530.636728,    1010.376930,     530.645728
1594,   1.963000,    1010.376930,     530.636728,    1010.376930,     530.645669
1595,   1.964000,    1010.376930,     530.636728,    1010.376930,     530.645728
1596,   1.965000,    1010.376930,     530.636728,    1010.376930,     530.645788
1597,   1.966000,    1010.376930,     530.636728,    1010.376930,     530.645728
1598,   1.967000,    1010.376930,     530.636728,    1010.376930,     530.645669
1599,   1.968000,    1010.376930,     530.636728,    1010.376930,     530.645669
1600,   1.969000,    1010.376930,     530.636728,    1010.376930,     530.645728
1601,   1.971000,    1010.376930,     530.636728,    1010.376930,     530.645728
1602,   1.972000,    1010.376930,     530.636728,    1010.376930,     530.645669
1603,   1.973000,    1010.376930,     530.636728,    1010.376930,     530.645728
1604,   1.975000,    1010.376930,     530.636728,    1010.376930,     530.645728
1605,   1.976000,    1010.376930,     530.636728,    1010.376930,     530.645669
1606,   1.977000,    1010.376930,     530.636728,    1010.376930,     530.645669
1607,   1.978000,    1010.376930,     530.636728,    1010.376930,     530.645728
1608,   1.980000,    1010.376930,     530.636728,    1010.376930,     530.645728
1609,   1.981000,    1010.376930,     530.636728,    1010.376930,     530.645669
1610,   1.982000,    1010.376930,     530.636728,    1010.376930,     530.645669
1611,   1.983000,    1010.376930,     530.636728,    1010.376930,     530.645728
1612,   1.985000,    1010.376930,     530.636728,    1010.376930,     530.645728
1613,   1.986000,    1010.376930,     530.636728,    1010.376930,     530.645669
1614,   1.987000,    1010.376930,     530.636728,    1010.376930,     530.645728
1615,   1.989000,    1010.376930,     530.636728,    1010.376930,     530.645728
1616,   1.990000,    1010.376930,     530.636728,    1010.376930,     530.645669
1617,   1.991000,    1010.376930,     530.636728,    1010.376930,     530.645669
1618,   1.992000,    1010.376930,     530.636728,    1010.376930,     530.645728
1619,   1.994000,    1010.376930,     530.636728,    1010.376930,     530.645728
1620,   1.995000,    1010.376930,     530.636728,    1010.376930,     530.645669
1621,   1.996000,    1010.376930,     530.636728,    1010.376930,     530.645669
1622,   1.997000,    1010.376930,     530.636728,    1010.376930,     530.645728
1623,   1.999000,    1010.376930,     530.636728,    1010.376930,     530.645728
1624,   2.000000,    1010.376930,     530.636728,    1010.376930,     530.645669
1625,   2.001000,    1010.376930,     530.636728,    1010.376930,     530.645669
1626,   2.002000,    1010.376930,     530.636728,    1010.376930,     530.645728
1627,   2.004000,    1010.376930,     530.636728,    1010.376930,     530.645728
1628,   2.005000,    1010.376930,     530.636728,    1010.376930,     530.645669
1629,   2.006000,    1010.376930,     530.636728,    1010.376930,     530.645728
1630,   2.009000,    1010.376930,     530.636728,    1010.376930,     530.645728
1631,   2.010000,    1010.376930,     530.636728,    1010.376930,     530.645669
1632,   2.011000,    1010.376930,     530.636728,    1010.376930,     530.645728
1633,   2.013000,    1010.376930,     530.636728,    1010.376930,     530.645728
1634,   2.014000,    1010.376930,     530.636728,    1010.376930,     530.645669
1635,   2.015000,    1010.376930,     530.636728,    1010.376930,     530.645728
1636,   2.018000,    1010.376930,     530.636728,    1010.376930,     530.645728
1637,   2.019000,    1010.376930,     530.636728,    1010.376930,     530.645669
1638,   2.020000,    1010.376930,     530.636728,    1010.376930,     530.645728
1639,   2.023000,    1010.376930,     530.636728,    1010.376930,     530.645728
1640,   2.024000,    1010.376930,     530.636728,    1010.376930,     530.645669
1641,   2.025000,    1010.376930,     530.636728,    1010.376930,     530.645728
1642,   2.027000,    1010.376930,     530.636728,    1010.376930,     530.645728
1643,   2.028000,    1010.376930,     530.636728,    1010.376930,     530.645669
1644,   2.029000,    1010.376930,     530.636728,    1010.376930,     530.645669
1645,   2.030000,    1010.376930,     530.636728,    1010.376930,     530.645728
1646,   2.032000,    1010.376930,     530.636728,    1010.376930,     530.645728
1647,   2.033000,    1010.376930,     530.636728,    1010.376930,     530.645669
1648,   2.034000,    1010.376930,     530.636728,    1010.376930,     530.645728
1649,   2.037000,    1010.376930,     530.636728,    1010.376930,     530.645728
1650,   2.038000,    1010.376930,     530.636728,    1010.376930,     530.645669
1651,   2.039000,    1010.376930,     530.636728,    1010.376930,     530.645669
1652,   2.040000,    1010.376930,     530.636728,    1010.376930,     530.645728
1653,   2.042000,    1010.376930,     530.636728,    1010.376930,     530.645728
1654,   2.043000,    1010.376930,     530.636728,    1010.376930,     530.645669
1655,   2.044000,    1010.376930,     530.636728,    1010.376930,     530.645669
1656,   2.045000,    1010.376930,     530.636728,    1010.376930,     530.645728
1657,   2.047000,    1010.376930,     530.636728,    1010.376930,     530.645728
1658,   2.048000,    1010.376930,     530.636728,    1010.376930,     530.645669
1659,   2.049000,    1010.376930,     530.636728,    1010.376930,     530.645728
1660,   2.056000,    1010.376930,     530.636728,    1010.376930,     530.645728
1661,   2.057000,    1010.376930,     530.636728,    1010.376930,     530.645669
1662,   2.058000,    1010.376930,     530.636728,    1010.376930,     530.645728
1663,   2.060000,    1010.376930,     530.636728,    1010.376930,     530.645728
1664,   2.061000,    1010.376930,     530.636728,    1010.376930,     530.645669
1665,   2.062000,    1010.376930,     530.636728,    1010.376930,     530.645669
1666,   2.063000,    1010.376930,     530.636728,    1010.376930,     530.645728
1667,   2.065000,    1010.376930,     530.636728,    1010.376930,     530.645728
1668,   2.066000,    1010.376930,     530.636728,    1010.376930,     530.645669
1669,   2.067000,    1010.376930,     530.636728,    1010.376930,     530.645669
1670,   2.068000,    1010.376930,     530.636728,    1010.376930,     530.645728
1671,   2.070000,    1010.376930,     530.636728,    1010.376930,     530.645728
1672,   2.071000,    1010.376930,     530.636728,    1010.376930,     530.645669
1673,   2.072000,    1010.376930,     530.636728,    1010.376930,     530.645728
1674,   2.074000,    1010.376930,     530.636728,    1010.376930,     530.645728
1675,   2.075000,    1010.376930,     530.636728,    1010.376930,     530.645669
1676,   2.076000,    1010.376930,     530.636728,    1010.376930,     530.645669
1677,   2.077000,    1010.376930,     530.636728,    1010.376930,     530.645728
1678,   2.079000,    1010.376930,     530.636728,    1010.376930,     530.645728
1679,   2.080000,    1010.376930,     530.636728,    1010.376930,     530.645669
1680,   2.081000,    1010.376930,     530.636728,    1010.376930,     530.645669
1681,   2.082000,    1010.376930,     530.636728,    1010.376930,     530.645728
1682,   2.084000,    1010.376930,     530.636728,    1010.376930,     530.645728
1683,   2.085000,    1010.376930,     530.636728,    1010.376930,     530.645669
1684,   2.086000,    1010.376930,     530.636728,    1010.376930,     530.645728
1685,   2.089000,    1010.376930,     530.636728,    1010.376930,     530.645728
1686,   2.090000,    1010.376930,     530.636728,    1010.376930,     530.645669
1687,   2.091000,    1010.376930,     530.636728,    1010.376930,     530.645669
1688,   2.092000,    1010.376930,     530.636728,    1010.376930,     530.645728
1689,   2.094000,    1010.376930,     530.636728,    1010.376930,     530.645728
1690,   2.095000,    1010.376930,     530.636728,    1010.376930,     530.645669
1691,   2.096000,    1010.376930,     530.636728,    1010.376930,     530.645669
1692,   2.097000,    1010.376930,     530.636728,    1010.376930,     530.645728
1693,   2.099000,    1010.376930,     530.636728,    1010.376930,     530.645728
1694,   2.100000,    1010.376930,     530.636728,    1010.376930,     530.645669
1695,   2.101000,    1010.376930,     530.636728,    1010.376930,     530.645728
1696,   2.108000,    1010.376930,     530.636728,    1010.376930,     530.645728
1697,   2.109000,    1010.376930,     530.636728,    1010.376930,     530.645669
1698,   2.110000,    1010.376930,     530.636728,    1010.376930,     530.645728
1699,   2.117000,    1010.376930,     530.636728,    1010.376930,     530.645728
1700,   2.118000,    1010.376930,     530.636728,    1010.376930,     530.645669
1701,   2.119000,    1010.376930,     530.636728,    1010.376930,     530.645728
1702,   2.122000,    1010.376930,     530.636728,    1010.376930,     530.645728
1703,   2.123000,    1010.376930,     530.636728,    1010.376930,     530.645669
1704,   2.124000,    1010.376930,     530.636728,    1010.376930,     530.645728
1705,   2.125000,    1010.376930,     530.636728,    1010.376930,     530.645788
1706,   2.126000,    1010.376930,     530.636728,    1010.376930,     530.645728
1707,   2.127000,    1010.376930,     530.636728,    1010.376930,     530.645669
1708,   2.128000,    1010.376930,     530.636728,    1010.376930,     530.645669
1709,   2.129000,    1010.376930,     530.636728,    1010.376930,     530.645728
1710,   2.131000,    1010.376930,     530.636728,    1010.376930,     530.645728
1711,   2.132000,    1010.376930,     530.636728,    1010.376930,     530.645669
1712,   2.133000,    1010.376930,     530.636728,    1010.376930,     530.645669
1713,   2.134000,    1010.376930,     530.636728,    1010.376930,     530.645728
1714,   2.136000,    1010.376930,     530.636728,    1010.376930,     530.645728
1715,   2.137000,    1010.376930,     530.636728,    1010.376930,     530.645669
1716,   2.138000,    1010.376930,     530.636728,    1010.376930,     530.645728
1717,   2.141000,    1010.376930,     530.636728,    1010.376930,     530.645728
1718,   2.142000,    1010.376930,     530.636728,    1010.376930,     530.645669
1719,   2.143000,    1010.376930,     530.636728,    1010.376930,     530.645728
1720,   2.145000,    1010.376930,     530.636728,    1010.376930,     530.645728
1721,   2.146000,    1010.376930,     530.636728,    1010.376930,     530.645669
1722,   2.147000,    1010.376930,     530.636728,    1010.376930,     530.645669
1723,   2.148000,    1010.376930,     530.636728,    1010.376930,     530.645728
1724,   2.150000,    1010.376930,     530.636728,    1010.376930,     530.645728
1725,   2.151000,    1010.376930,     530.636728,    1010.376930,     530.645669
1726,   2.152000,    1010.376930,     530.636728,    1010.376930,     530.645728
1727,   2.155000,    1010.376930,     530.636728,    1010.376930,     530.645728
1728,   2.156000,    1010.376930,     530.636728,    1010.376930,     530.645669
1729,   2.157000,    1010.376930,     530.636728,    1010.376930,     530.645728
1730,   2.159000,    1010.376930,     530.636728,    1010.376930,     530.645728
1731,   2.160000,    1010.376930,     530.636728,    1010.376930,     530.645669
1732,   2.161000,    1010.376930,     530.636728,    1010.376930,     530.645728
1733,   2.164000,    1010.376930,     530.636728,    1010.376930,     530.645728
1734,   2.165000,    1010.376930,     530.636728,    1010.376930,     530.645669
1735,   2.166000,    1010.376930,     530.636728,    1010.376930,     530.645728
1736,   2.168000,    1010.376930,     530.636728,    1010.376930,     530.645728
1737,   2.169000,    1010.376930,     530.636728,    1010.376930,     530.645669
1738,   2.170000,    1010.376930,     530.636728,    1010.376930,     530.645669
1739,   2.171000,    1010.376930,     530.636728,    1010.376930,     530.645728
1740,   2.173000,    1010.376930,     530.636728,    1010.376930,     530.645728
1741,   2.174000,    1010.376930,     530.636728,    1010.376930,     530.645669
1742,   2.175000,    1010.376930,     530.636728,    1010.376930,     530.645728
1743,   2.177000,    1010.376930,     530.636728,    1010.376930,     530.645728
1744,   2.178000,    1010.376930,     530.636728,    1010.376930,     530.645669
1745,   2.179000,    1010.376930,     530.636728,    1010.376930,     530.645609
1746,   2.180000,    1010.376930,     530.636728,    1010.376930,     530.645728
1747,   2.181000,    1010.376930,     530.636728,    1010.376930,     530.645788
1748,   2.182000,    1010.376930,     530.636728,    1010.376930,     530.645728
1749,   2.183000,    1010.376930,     530.636728,    1010.376930,     530.645669
1750,   2.184000,    1010.376930,     530.636728,    1010.376930,     530.645609
1751,   2.185000,    1010.376930,     530.636728,    1010.376930,     530.645728
1752,   2.186000,    1010.376930,     530.636728,    1010.376930,     530.645788
1753,   2.187000,    1010.376930,     530.636728,    1010.376930,     530.645728
1754,   2.188000,    1010.376930,     530.636728,    1010.376930,     530.645609
1755,   2.189000,    1010.376930,     530.636728,    1010.376930,     530.645669
1756,   2.190000,    1010.376930,     530.636728,    1010.376930,     530.645728
1757,   2.191000,    1010.376930,     530.636728,    1010.376930,     530.645788
1758,   2.192000,    1010.376930,     530.636728,    1010.376930,     530.645728
1759,   2.193000,    1010.376930,     530.636728,    1010.376930,     530.645669
1760,   2.194000,    1010.376930,     530.636728,    1010.376930,     530.645728
1761,   2.196000,    1010.376930,     530.636728,    1010.376930,     530.645728
1762,   2.197000,    1010.376930,     530.636728,    1010.376930,     530.645669
1763,   2.198000,    1010.376930,     530.636728,    1010.376930,     530.645669
1764,   2.199000,    1010.376930,     530.636728,    1010.376930,     530.645728
1765,   2.201000,    1010.376930,     530.636728,    1010.376930,     530.645728
1766,   2.202000,    1010.376930,     530.636728,    1010.376930,     530.645669
1767,   2.203000,    1010.376930,     530.636728,    1010.376930,     530.645728
1768,   2.206000,    1010.376930,     530.636728,    1010.376930,     530.645728
1769,   2.207000,    1010.376930,     530.636728,    1010.376930,     530.645669
1770,   2.208000,    1010.376930,     530.636728,    1010.376930,     530.645728
1771,   2.210000,    1010.376930,     530.636728,    1010.376930,     530.645728
1772,   2.211000,    1010.376930,     530.636728,    1010.376930,     530.645669
1773,   2.212000,    1010.376930,     530.636728,    1010.376930,     530.645669
1774,   2.213000,    1010.376930,     530.636728,    1010.376930,     530.645728
1775,   2.214000,    1010.376930,     530.636728,    1010.376930,     530.645788
1776,   2.215000,    1010.376930,     530.636728,    1010.376930,     530.645728
1777,   2.216000,    1010.376930,     530.636728,    1010.376930,     530.645669
1778,   2.217000,    1010.376930,     530.636728,    1010.376930,     530.645728
1779,   2.218000,    1010.376930,     530.636728,    1010.376930,     530.645788
1780,   2.219000,    1010.376930,     530.636728,    1010.376930,     530.645728
1781,   2.220000,    1010.376930,     530.636728,    1010.376930,     530.645669
1782,   2.221000,    1010.376930,     530.636728,    1010.376930,     530.645669
1783,   2.222000,    1010.376930,     530.636728,    1010.376930,     530.645728
1784,   2.224000,    1010.376930,     530.636728,    1010.376930,     530.645728
1785,   2.225000,    1010.376930,     530.636728,    1010.376930,     530.645669
1786,   2.226000,    1010.376930,     530.636728,    1010.376930,     530.645669
1787,   2.227000,    1010.376930,     530.636728,    1010.376930,     530.645728
1788,   2.229000,    1010.376930,     530.636728,    1010.376930,     530.645728
1789,   2.230000,    1010.376930,     530.636728,    1010.376930,     530.645669
1790,   2.231000,    1010.376930,     530.636728,    1010.376930,     530.645669
1791,   2.232000,    1010.376930,     530.636728,    1010.376930,     530.645728
1792,   2.234000,    1010.376930,     530.636728,    1010.376930,     530.645728
1793,   2.235000,    1010.376930,     530.636728,    1010.376930,     530.645669
1794,   2.236000,    1010.376930,     530.636728,    1010.376930,     530.645728
1795,   2.239000,    1010.376930,     530.636728,    1010.376930,     530.645728
1796,   2.240000,    1010.376930,     530.636728,    1010.376930,     530.645669
1797,   2.241000,    1010.376930,     530.636728,    1010.376930,     530.645728
1798,   2.248000,    1010.376930,     530.636728,    1010.376930,     530.645728
1799,   2.249000,    1010.376930,     530.636728,    1010.376930,     530.645669
1800,   2.250000,    1010.376930,     530.636728,    1010.376930,     530.645728
1801,   2.252000,    1010.376930,     530.636728,    1010.376930,     530.645728
1802,   2.253000,    1010.376930,     530.636728,    1010.376930,     530.645669
1803,   2.254000,    1010.376930,     530.636728,    1010.376930,     530.645728
1804,   2.257000,    1010.376930,     530.636728,    1010.376930,     530.645728
1805,   2.258000,    1010.376930,     530.636728,    1010.376930,     530.645669
1806,   2.259000,    1010.376930,     530.636728,    1010.376930,     530.645728
1807,   2.261000,    1010.376930,     530.636728,    1010.376930,     530.645728
1808,   2.262000,    1010.376930,     530.636728,    1010.376930,     530.645669
1809,   2.263000,    1010.376930,     530.636728,    1010.376930,     530.645669
1810,   2.264000,    1010.376930,     530.636728,    1010.376930,     530.645728
1811,   2.266000,    1010.376930,     530.636728,    1010.376930,     530.645728
1812,   2.267000,    1010.376930,     530.636728,    1010.376930,     530.645669
1813,   2.268000,    1010.376930,     530.636728,    1010.376930,     530.645669
1814,   2.269000,    1010.376930,     530.636728,    1010.376930,     530.645728
1815,   2.271000,    1010.376930,     530.636728,    1010.376930,     530.645728
1816,   2.272000,    1010.376930,     530.636728,    1010.376930,     530.645669
1817,   2.273000,    1010.376930,     530.636728,    1010.376930,     530.645728
1818,   2.274000,    1010.376930,     530.636728,    1010.376930,     530.645788
1819,   2.275000,    1010.376930,     530.636728,    1010.376930,     530.645728
1820,   2.276000,    1010.376930,     530.636728,    1010.376930,     530.645669
1821,   2.277000,    1010.376930,     530.636728,    1010.376930,     530.645669
1822,   2.278000,    1010.376930,     530.636728,    1010.376930,     530.645728
1823,   2.280000,    1010.376930,     530.636728,    1010.376930,     530.645728
1824,   2.281000,    1010.376930,     530.636728,    1010.376930,     530.645669
1825,   2.282000,    1010.376930,     530.636728,    1010.376930,     530.645728
1826,   2.285000,    1010.376930,     530.636728,    1010.376930,     530.645728
1827,   2.286000,    1010.376930,     530.636728,    1010.376930,     530.645669
1828,   2.287000,    1010.376930,     530.636728,    1010.376930,     530.645669
1829,   2.288000,    1010.376930,     530.636728,    1010.376930,     530.645728
1830,   2.290000,    1010.376930,     530.636728,    1010.376930,     530.645728
1831,   2.291000,    1010.376930,     530.636728,    1010.376930,     530.645669
1832,   2.292000,    1010.376930,     530.636728,    1010.376930,     530.645728
1833,   2.294000,    1010.376930,     530.636728,    1010.376930,     530.645728
1834,   2.295000,    1010.376930,     530.636728,    1010.376930,     530.645669
1835,   2.296000,    1010.376930,     530.636728,    1010.376930,     530.645669
1836,   2.297000,    1010.376930,     530.636728,    1010.376930,     530.645728
1837,   2.299000,    1010.376930,     530.636728,    1010.376930,     530.645728
1838,   2.300000,    1010.376930,     530.636728,    1010.376930,     530.645669
1839,   2.301000,    1010.376930,     530.636728,    1010.376930,     530.645728
1840,   2.308000,    1010.376930,     530.636728,    1010.376930,     530.645728
1841,   2.309000,    1010.376930,     530.636728,    1010.376930,     530.645669
1842,   2.310000,    1010.376930,     530.636728,    1010.376930,     530.645728
1843,   2.317000,    1010.376930,     530.636728,    1010.376930,     530.645728
1844,   2.318000,    1010.376930,     530.636728,    1010.376930,     530.645669
1845,   2.319000,    1010.376930,     530.636728,    1010.376930,     530.645669
1846,   2.320000,    1010.376930,     530.636728,    1010.376930,     530.645728
1847,   2.322000,    1010.376930,     530.636728,    1010.376930,     530.645728
1848,   2.323000,    1010.376930,     530.636728,    1010.376930,     530.645669
1849,   2.324000,    1010.376930,     530.636728,    1010.376930,     530.645728
1850,   2.326000,    1010.376930,     530.636728,    1010.376930,     530.645728
1851,   2.327000,    1010.376930,     530.636728,    1010.376930,     530.645669
1852,   2.328000,    1010.376930,     530.636728,    1010.376930,     530.645669
1853,   2.329000,    1010.376930,     530.636728,    1010.376930,     530.645728
1854,   2.330000,    1010.376930,     530.636728,    1010.376930,     530.645788
1855,   2.331000,    1010.376930,     530.636728,    1010.376930,     530.645728
1856,   2.332000,    1010.376930,     530.636728,    1010.376930,     530.645669
1857,   2.333000,    1010.376930,     530.636728,    1010.376930,     530.645728
1858,   2.336000,    1010.376930,     530.636728,    1010.376930,     530.645728
1859,   2.337000,    1010.376930,     530.636728,    1010.376930,     530.645669
1860,   2.338000,    1010.376930,     530.636728,    1010.376930,     530.645728
1861,   2.339000,    1010.376930,     530.636728,    1010.376930,     530.645788
1862,   2.340000,    1010.376930,     530.636728,    1010.376930,     530.645728
1863,   2.341000,    1010.376930,     530.636728,    1010.376930,     530.645669
1864,   2.342000,    1010.376930,     530.636728,    1010.376930,     530.645609
1865,   2.343000,    1010.376930,     530.636728,    1010.376930,     530.645728
1866,   2.344000,    1010.376930,     530.636728,    1010.376930,     530.645788
1867,   2.345000,    1010.376930,     530.636728,    1010.376930,     530.645728
1868,   2.346000,    1010.376930,     530.636728,    1010.376930,     530.645669
1869,   2.347000,    1010.376930,     530.636728,    1010.376930,     530.645669
1870,   2.348000,    1010.376930,     530.636728,    1010.376930,     530.645728
1871,   2.349000,    1010.376930,     530.636728,    1010.376930,     530.645788
1872,   2.350000,    1010.376930,     530.636728,    1010.376930,     530.645728
1873,   2.351000,    1010.376930,     530.636728,    1010.376930,     530.645669
1874,   2.352000,    1010.376930,     530.636728,    1010.376930,     530.645669
1875,   2.353000,    1010.376930,     530.636728,    1010.376930,     530.645728
1876,   2.354000,    1010.376930,     530.636728,    1010.376930,     530.645788
1877,   2.355000,    1010.376930,     530.636728,    1010.376930,     530.645728
1878,   2.356000,    1010.376930,     530.636728,    1010.376930,     530.645669
1879,   2.357000,    1010.376930,     530.636728,    1010.376930,     530.645669
1880,   2.358000,    1010.376930,     530.636728,    1010.376930,     530.645728
1881,   2.360000,    1010.376930,     530.636728,    1010.376930,     530.645728
1882,   2.361000,    1010.376930,     530.636728,    1010.376930,     530.645669
1883,   2.362000,    1010.376930,     530.636728,    1010.376930,     530.645728
1884,   2.364000,    1010.376930,     530.636728,    1010.376930,     530.645728
1885,   2.365000,    1010.376930,     530.636728,    1010.376930,     530.645669
1886,   2.366000,    1010.376930,     530.636728,    1010.376930,     530.645669
1887,   2.367000,    1010.376930,     530.636728,    1010.376930,     530.645728
1888,   2.369000,    1010.376930,     530.636728,    1010.376930,     530.645728
1889,   2.370000,    1010.376930,     530.636728,    1010.376930,     530.645669
1890,   2.371000,    1010.376930,     530.636728,    1010.376930,     530.645728
1891,   2.374000,    1010.376930,     530.636728,    1010.376930,     530.645728
1892,   2.375000,    1010.376930,     530.636728,    1010.376930,     530.645669
1893,   2.376000,    1010.376930,     530.636728,    1010.376930,     530.645728
1894,   2.383000,    1010.376930,     530.636728,    1010.376930,     530.645728
1895,   2.384000,    1010.376930,     530.636728,    1010.376930,     530.645669
1896,   2.385000,    1010.376930,     530.636728,    1010.376930,     530.645728
1897,   2.387000,    1010.376930,     530.636728,    1010.376930,     530.645728
1898,   2.388000,    1010.376930,     530.636728,    1010.376930,     530.645669
1899,   2.389000,    1010.376930,     530.636728,    1010.376930,     530.645728
1900,   2.391000,    1010.376930,     530.636728,    1010.376930,     530.645728
1901,   2.392000,    1010.376930,     530.636728,    1010.376930,     530.645669
1902,   2.393000,    1010.376930,     530.636728,    1010.376930,     530.645669
1903,   2.394000,    1010.376930,     530.636728,    1010.376930,     530.645728
1904,   2.395000,    1010.376930,     530.636728,    1010.376930,     530.645788
1905,   2.396000,    1010.376930,     530.636728,    1010.376930,     530.645728
1906,   2.397000,    1010.376930,     530.636728,    1010.376930,     530.645669
1907,   2.398000,    1010.376930,     530.636728,    1010.376930,     530.645669
1908,   2.399000,    1010.376930,     530.636728,    1010.376930,     530.645728
1909,   2.401000,    1010.376930,     530.636728,    1010.376930,     530.645728
1910,   2.402000,    1010.376930,     530.636728,    1010.376930,     530.645669
1911,   2.403000,    1010.376930,     530.636728,    1010.376930,     530.645669
1912,   2.404000,    1010.376930,     530.636728,    1010.376930,     530.645728
1913,   2.406000,    1010.376930,     530.636728,    1010.376930,     530.645728
1914,   2.407000,    1010.376930,     530.636728,    1010.376930,     530.645669
1915,   2.408000,    1010.376930,     530.636728,    1010.376930,     530.645728
1916,   2.410000,    1010.376930,     530.636728,    1010.376930,     530.645728
1917,   2.411000,    1010.376930,     530.636728,    1010.376930,     530.645669
1918,   2.412000,    1010.376930,     530.636728,    1010.376930,     530.645728
1919,   2.415000,    1010.376930,     530.636728,    1010.376930,     530.645728
1920,   2.416000,    1010.376930,     530.636728,    1010.376930,     530.645669
1921,   2.417000,    1010.376930,     530.636728,    1010.376930,     530.645728
1922,   2.419000,    1010.376930,     530.636728,    1010.376930,     530.645728
1923,   2.420000,    1010.376930,     530.636728,    1010.376930,     530.645669
1924,   2.421000,    1010.376930,     530.636728,    1010.376930,     530.645669
1925,   2.422000,    1010.376930,     530.636728,    1010.376930,     530.645728
1926,   2.424000,    1010.376930,     530.636728,    1010.376930,     530.645728
1927,   2.425000,    1010.376930,     530.636728,    1010.376930,     530.645669
1928,   2.426000,    1010.376930,     530.636728,    1010.376930,     530.645728
1929,   2.428000,    1010.376930,     530.636728,    1010.376930,     530.645728
1930,   2.429000,    1010.376930,     530.636728,    1010.376930,     530.645669
1931,   2.430000,    1010.376930,     530.636728,    1010.376930,     530.645728
1932,   2.433000,    1010.376930,     530.636728,    1010.376930,     530.645728
1933,   2.434000,    1010.376930,     530.636728,    1010.376930,     530.645669
1934,   2.435000,    1010.376930,     530.636728,    1010.376930,     530.645728
1935,   2.437000,    1010.376930,     530.636728,    1010.376930,     530.645728
1936,   2.438000,    1010.376930,     530.636728,    1010.376930,     530.645669
1937,   2.439000,    1010.376930,     530.636728,    1010.376930,     530.645669
1938,   2.440000,    1010.376930,     530.636728,    1010.376930,     530.645728
1939,   2.442000,    1010.376930,     530.636728,    1010.376930,     530.645728
1940,   2.443000,    1010.376930,     530.636728,    1010.376930,     530.645669
1941,   2.444000,    1010.376930,     530.636728,    1010.376930,     530.645728
1942,   2.446000,    1010.376930,     530.636728,    1010.376930,     530.645728
1943,   2.447000,    1010.376930,     530.636728,    1010.376930,     530.645669
1944,   2.448000,    1010.376930,     530.636728,    1010.376930,     530.645669
1945,   2.449000,    1010.376930,     530.636728,    1010.376930,     530.645728
1946,   2.456000,    1010.376930,     530.636728,    1010.376930,     530.645728
1947,   2.457000,    1010.376930,     530.636728,    1010.376930,     530.645669
1948,   2.458000,    1010.376930,     530.636728,    1010.376930,     530.645728
1949,   2.465000,    1010.376930,     530.636728,    1010.376930,     530.645728
1950,   2.466000,    1010.376930,     530.636728,    1010.376930,     530.645669
1951,   2.467000,    1010.376930,     530.636728,    1010.376930,     530.645728
1952,   2.470000,    1010.376930,     530.636728,    1010.376930,     530.645728
1953,   2.471000,    1010.376930,     530.636728,    1010.376930,     530.645669
1954,   2.472000,    1010.376930,     530.636728,    1010.376930,     530.645728
1955,   2.475000,    1010.376930,     530.636728,    1010.376930,     530.645728
1956,   2.476000,    1010.376930,     530.636728,    1010.376930,     530.645669
1957,   2.477000,    1010.376930,     530.636728,    1010.376930,     530.645669
1958,   2.478000,    1010.376930,     530.636728,    1010.376930,     530.645728
1959,   2.480000,    1010.376930,     530.636728,    1010.376930,     530.645728
1960,   2.481000,    1010.376930,     530.636728,    1010.376930,     530.645669
1961,   2.482000,    1010.376930,     530.636728,    1010.376930,     530.645728
1962,   2.494000,    1010.376930,     530.636728,    1010.376930,     530.645728
1963,   2.495000,    1010.376930,     530.636728,    1010.376930,     530.645669
1964,   2.496000,    1010.376930,     530.636728,    1010.376930,     530.645728
1965,   2.503000,    1010.376930,     530.636728,    1010.376930,     530.645728
1966,   2.504000,    1010.376930,     530.636728,    1010.376930,     530.645669
1967,   2.505000,    1010.376930,     530.636728,    1010.376930,     530.645728
1968,   2.507000,    1010.376930,     530.636728,    1010.376930,     530.645728
1969,   2.508000,    1010.376930,     530.636728,    1010.376930,     530.645669
1970,   2.509000,    1010.376930,     530.636728,    1010.376930,     530.645669
1971,   2.510000,    1010.376930,     530.636728,    1010.376930,     530.645728
1972,   2.512000,    1010.376930,     530.636728,    1010.376930,     530.645728
1973,   2.513000,    1010.376930,     530.636728,    1010.376930,     530.645669
1974,   2.514000,    1010.376930,     530.636728,    1010.376930,     530.645728
1975,   2.516000,    1010.376930,     530.636728,    1010.376930,     530.645728
1976,   2.517000,    1010.376930,     530.636728,    1010.376930,     530.645669
1977,   2.518000,    1010.376930,     530.636728,    1010.376930,     530.645669
1978,   2.519000,    1010.376930,     530.636728,    1010.376930,     530.645728
1979,   2.520000,    1010.376930,     530.636728,    1010.376930,     530.645788
1980,   2.521000,    1010.376930,     530.636728,    1010.376930,     530.645728
1981,   2.522000,    1010.376930,     530.636728,    1010.376930,     530.645669
1982,   2.523000,    1010.376930,     530.636728,    1010.376930,     530.645669
1983,   2.524000,    1010.376930,     530.636728,    1010.376930,     530.645728
1984,   2.525000,    1010.376930,     530.636728,    1010.376930,     530.645788
1985,   2.526000,    1010.376930,     530.636728,    1010.376930,     530.645728
1986,   2.527000,    1010.376930,     530.636728,    1010.376930,     530.645669
1987,   2.528000,    1010.376930,     530.636728,    1010.376930,     530.645728
1988,   2.529000,    1010.376930,     530.636728,    1010.376930,     530.645788
1989,   2.530000,    1010.376930,     530.636728,    1010.376930,     530.645728
1990,   2.531000,    1010.376930,     530.636728,    1010.376930,     530.645728
1991,   2.532000,    1010.376930,     530.636728,    1010.376930,     530.645669
1992,   2.533000,    1010.376930,     530.636728,    1010.376930,     530.645728
1993,   2.534000,    1010.376930,     530.636728,    1010.376930,     530.645788
1994,   2.535000,    1010.376930,     530.636728,    1010.376930,     530.645728
1995,   2.536000,    1010.376930,     530.636728,    1010.376930,     530.645669
1996,   2.537000,    1010.376930,     530.636728,    1010.376930,     530.645669
1997,   2.538000,    1010.376930,     530.636728,    1010.376930,     530.645728
1998,   2.539000,    1010.376930,     530.636728,    1010.376930,     530.645788
1999,   2.540000,    1010.376930,     530.636728,    1010.376930,     530.645728
2000,   2.541000,    1010.376930,     530.636728,    1010.376930,     530.645669
2001,   2.542000,    1010.376930,     530.636728,    1010.376930,     530.645669
2002,   2.543000,    1010.376930,     530.636728,    1010.376930,     530.645728
2003,   2.544000,    1010.376930,     530.636728,    1010.376930,     530.645788
2004,   2.545000,    1010.376930,     530.636728,    1010.376930,     530.645728
2005,   2.546000,    1010.376930,     530.636728,    1010.376930,     530.645669
2006,   2.547000,    1010.376930,     530.636728,    1010.376930,     530.645728
2007,   2.548000,    1010.376930,     530.636728,    1010.376930,     530.645788
2008,   2.549000,    1010.376930,     530.636728,    1010.376930,     530.645788
2009,   2.550000,    1010.376930,     530.636728,    1010.376930,     530.645728
2010,   2.551000,    1010.376930,     530.636728,    1010.376930,     530.645609
2011,   2.552000,    1010.376930,     530.636728,    1010.376930,     530.645728
2012,   2.553000,    1010.376930,     530.636728,    1010.376930,     530.645788
2013,   2.554000,    1010.376930,     530.636728,    1010.376930,     530.645728
2014,   2.555000,    1010.376930,     530.636728,    1010.376930,     530.645669
2015,   2.556000,    1010.376930,     530.636728,    1010.376930,     530.645669
2016,   2.557000,    1010.376930,     530.636728,    1010.376930,     530.645728
2017,   2.558000,    1010.376930,     530.636728,    1010.376930,     530.645788
2018,   2.559000,    1010.376930,     530.636728,    1010.376930,     530.645728
2019,   2.560000,    1010.376930,     530.636728,    1010.376930,     530.645669
2020,   2.561000,    1010.376930,     530.636728,    1010.376930,     530.645669
2021,   2.562000,    1010.376930,     530.636728,    1010.376930,     530.645728
2022,   2.563000,    1010.376930,     530.636728,    1010.376930,     530.645788
2023,   2.564000,    1010.376930,     530.636728,    1010.376930,     530.645728
2024,   2.565000,    1010.376930,     530.636728,    1010.376930,     530.645669
2025,   2.566000,    1010.376930,     530.636728,    1010.376930,     530.645728
2026,   2.568000,    1010.376930,     530.636728,    1010.376930,     530.645728
2027,   2.569000,    1010.376930,     530.636728,    1010.376930,     530.645669
2028,   2.570000,    1010.376930,     530.636728,    1010.376930,     530.645669
2029,   2.571000,    1010.376930,     530.636728,    1010.376930,     530.645728
2030,   2.573000,    1010.376930,     530.636728,    1010.376930,     530.645728
2031,   2.574000,    1010.376930,     530.636728,    1010.376930,     530.645669
2032,   2.575000,    1010.376930,     530.636728,    1010.376930,     530.645728
2033,   2.578000,    1010.376930,     530.636728,    1010.376930,     530.645728
2034,   2.579000,    1010.376930,     530.636728,    1010.376930,     530.645669
2035,   2.580000,    1010.376930,     530.636728,    1010.376930,     530.645728
2036,   2.582000,    1010.376930,     530.636728,    1010.376930,     530.645728
2037,   2.583000,    1010.376930,     530.636728,    1010.376930,     530.645669
2038,   2.584000,    1010.376930,     530.636728,    1010.376930,     530.645728
2039,   2.587000,    1010.376930,     530.636728,    1010.376930,     530.645728
2040,   2.588000,    1010.376930,     530.636728,    1010.376930,     530.645669
2041,   2.589000,    1010.376930,     530.636728,    1010.376930,     530.645728
2042,   2.591000,    1010.376930,     530.636728,    1010.376930,     530.645728
2043,   2.592000,    1010.376930,     530.636728,    1010.376930,     530.645669
2044,   2.593000,    1010.376930,     530.636728,    1010.376930,     530.645669
2045,   2.594000,    1010.376930,     530.636728,    1010.376930,     530.645728
2046,   2.596000,    1010.376930,     530.636728,    1010.376930,     530.645728
2047,   2.597000,    1010.376930,     530.636728,    1010.376930,     530.645669
2048,   2.598000,    1010.376930,     530.636728,    1010.376930,     530.645669
2049,   2.599000,    1010.376930,     530.636728,    1010.376930,     530.645728
2050,   2.601000,    1010.376930,     530.636728,    1010.376930,     530.645728
2051,   2.602000,    1010.376930,     530.636728,    1010.376930,     530.645669
2052,   2.603000,    1010.376930,     530.636728,    1010.376930,     530.645728
2053,   2.604000,    1010.376930,     530.636728,    1010.376930,     530.645788
2054,   2.605000,    1010.376930,     530.636728,    1010.376930,     530.645728
2055,   2.606000,    1010.376930,     530.636728,    1010.376930,     530.645728
2056,   2.607000,    1010.376930,     530.636728,    1010.376930,     530.645669
2057,   2.608000,    1010.376930,     530.636728,    1010.376930,     530.645728
2058,   2.609000,    1010.376930,     530.636728,    1010.376930,     530.645788
2059,   2.610000,    1010.376930,     530.636728,    1010.376930,     530.645728
2060,   2.611000,    1010.376930,     530.636728,    1010.376930,     530.645669
2061,   2.612000,    1010.376930,     530.636728,    1010.376930,     530.645669
2062,   2.613000,    1010.376930,     530.636728,    1010.376930,     530.645728
2063,   2.615000,    1010.376930,     530.636728,    1010.376930,     530.645728
2064,   2.616000,    1010.376930,     530.636728,    1010.376930,     530.645669
2065,   2.617000,    1010.376930,     530.636728,    1010.376930,     530.645728
2066,   2.619000,    1010.376930,     530.636728,    1010.376930,     530.645728
2067,   2.620000,    1010.376930,     530.636728,    1010.376930,     530.645669
2068,   2.621000,    1010.376930,     530.636728,    1010.376930,     530.645669
2069,   2.622000,    1010.376930,     530.636728,    1010.376930,     530.645728
2070,   2.624000,    1010.376930,     530.636728,    1010.376930,     530.645728
2071,   2.625000,    1010.376930,     530.636728,    1010.376930,     530.645669
2072,   2.626000,    1010.376930,     530.636728,    1010.376930,     530.645669
2073,   2.627000,    1010.376930,     530.636728,    1010.376930,     530.645728
2074,   2.629000,    1010.376930,     530.636728,    1010.376930,     530.645728
2075,   2.630000,    1010.376930,     530.636728,    1010.376930,     530.645669
2076,   2.631000,    1010.376930,     530.636728,    1010.376930,     530.645728
2077,   2.633000,    1010.376930,     530.636728,    1010.376930,     530.645728
2078,   2.634000,    1010.376930,     530.636728,    1010.376930,     530.645669
2079,   2.635000,    1010.376930,     530.636728,    1010.376930,     530.645669
2080,   2.636000,    1010.376930,     530.636728,    1010.376930,     530.645728
2081,   2.638000,    1010.376930,     530.636728,    1010.376930,     530.645728
2082,   2.639000,    1010.376930,     530.636728,    1010.376930,     530.645669
2083,   2.640000,    1010.376930,     530.636728,    1010.376930,     530.645669
2084,   2.641000,    1010.376930,     530.636728,    1010.376930,     530.645728
2085,   2.643000,    1010.376930,     530.636728,    1010.376930,     530.645728
2086,   2.644000,    1010.376930,     530.636728,    1010.376930,     530.645669
2087,   2.645000,    1010.376930,     530.636728,    1010.376930,     530.645728
2088,   2.647000,    1010.376930,     530.636728,    1010.376930,     530.645728
2089,   2.648000,    1010.376930,     530.636728,    1010.376930,     530.645669
2090,   2.649000,    1010.376930,     530.636728,    1010.376930,     530.645669
2091,   2.650000,    1010.376930,     530.636728,    1010.376930,     530.645728
2092,   2.652000,    1010.376930,     530.636728,    1010.376930,     530.645728
2093,   2.653000,    1010.376930,     530.636728,    1010.376930,     530.645669
2094,   2.654000,    1010.376930,     530.636728,    1010.376930,     530.645728
2095,   2.655000,    1010.376930,     530.636728,    1010.376930,     530.645788
2096,   2.656000,    1010.376930,     530.636728,    1010.376930,     530.645728
2097,   2.657000,    1010.376930,     530.636728,    1010.376930,     530.645669
2098,   2.658000,    1010.376930,     530.636728,    1010.376930,     530.645669
2099,   2.659000,    1010.376930,     530.636728,    1010.376930,     530.645728
2100,   2.661000,    1010.376930,     530.636728,    1010.376930,     530.645728
2101,   2.662000,    1010.376930,     530.636728,    1010.376930,     530.645669
2102,   2.663000,    1010.376930,     530.636728,    1010.376930,     530.645728
2103,   2.665000,    1010.376930,     530.636728,    1010.376930,     530.645728
2104,   2.666000,    1010.376930,     530.636728,    1010.376930,     530.645669
2105,   2.667000,    1010.376930,     530.636728,    1010.376930,     530.645669
2106,   2.668000,    1010.376930,     530.636728,    1010.376930,     530.645728
2107,   2.669000,    1010.376930,     530.636728,    1010.376930,     530.645788
2108,   2.670000,    1010.376930,     530.636728,    1010.376930,     530.645728
2109,   2.671000,    1010.376930,     530.636728,    1010.376930,     530.645669
2110,   2.672000,    1010.376930,     530.636728,    1010.376930,     530.645728
2111,   2.674000,    1010.376930,     530.636728,    1010.376930,     530.645728
2112,   2.675000,    1010.376930,     530.636728,    1010.376930,     530.645669
2113,   2.676000,    1010.376930,     530.636728,    1010.376930,     530.645669
2114,   2.677000,    1010.376930,     530.636728,    1010.376930,     530.645728
2115,   2.679000,    1010.376930,     530.636728,    1010.376930,     530.645728
2116,   2.680000,    1010.376930,     530.636728,    1010.376930,     530.645669
2117,   2.681000,    1010.376930,     530.636728,    1010.376930,     530.645669
2118,   2.682000,    1010.376930,     530.636728,    1010.376930,     530.645728
2119,   2.689000,    1010.376930,     530.636728,    1010.376930,     530.645728
2120,   2.690000,    1010.376930,     530.636728,    1010.376930,     530.645669
2121,   2.691000,    1010.376930,     530.636728,    1010.376930,     530.645728
2122,   2.692000,    1010.376930,     530.636728,    1010.376930,     530.645788
2123,   2.693000,    1010.376930,     530.636728,    1010.376930,     530.645728
2124,   2.694000,    1010.376930,     530.636728,    1010.376930,     530.645669
2125,   2.695000,    1010.376930,     530.636728,    1010.376930,     530.645669
2126,   2.696000,    1010.376930,     530.636728,    1010.376930,     530.645728
2127,   2.698000,    1010.376930,     530.636728,    1010.376930,     530.645728
2128,   2.699000,    1010.376930,     530.636728,    1010.376930,     530.645669
2129,   2.700000,    1010.376930,     530.636728,    1010.376930,     530.645669
2130,   2.701000,    1010.376930,     530.636728,    1010.376930,     530.645728
2131,   2.703000,    1010.376930,     530.636728,    1010.376930,     530.645728
2132,   2.704000,    1010.376930,     530.636728,    1010.376930,     530.645669
2133,   2.705000,    1010.376930,     530.636728,    1010.376930,     530.645728
2134,   2.706000,    1010.376930,     530.636728,    1010.376930,     530.645788
2135,   2.707000,    1010.376930,     530.636728,    1010.376930,     530.645728
2136,   2.708000,    1010.376930,     530.636728,    1010.376930,     530.645669
2137,   2.709000,    1010.376930,     530.636728,    1010.376930,     530.645669
2138,   2.710000,    1010.376930,     530.636728,    1010.376930,     530.645728
2139,   2.712000,    1010.376930,     530.636728,    1010.376930,     530.645728
2140,   2.713000,    1010.376930,     530.636728,    1010.376930,     530.645669
2141,   2.714000,    1010.376930,     530.636728,    1010.376930,     530.645669
2142,   2.715000,    1010.376930,     530.636728,    1010.376930,     530.645728
2143,   2.717000,    1010.376930,     530.636728,    1010.376930,     530.645728
2144,   2.718000,    1010.376930,     530.636728,    1010.376930,     530.645669
2145,   2.719000,    1010.376930,     530.636728,    1010.376930,     530.645728
2146,   2.720000,    1010.376930,     530.636728,    1010.376930,     530.645788
2147,   2.721000,    1010.376930,     530.636728,    1010.376930,     530.645728
2148,   2.722000,    1010.376930,     530.636728,    1010.376930,     530.645669
2149,   2.723000,    1010.376930,     530.636728,    1010.376930,     530.645669
2150,   2.724000,    1010.376930,     530.636728,    1010.376930,     530.645728
2151,   2.725000,    1010.376930,     530.636728,    1010.376930,     530.645788
2152,   2.726000,    1010.376930,     530.636728,    1010.376930,     530.645728
2153,   2.727000,    1010.376930,     530.636728,    1010.376930,     530.645669
2154,   2.728000,    1010.376930,     530.636728,    1010.376930,     530.645669
2155,   2.729000,    1010.376930,     530.636728,    1010.376930,     530.645728
2156,   2.731000,    1010.376930,     530.636728,    1010.376930,     530.645728
2157,   2.732000,    1010.376930,     530.636728,    1010.376930,     530.645669
2158,   2.733000,    1010.376930,     530.636728,    1010.376930,     530.645728
2159,   2.736000,    1010.376930,     530.636728,    1010.376930,     530.645728
2160,   2.737000,    1010.376930,     530.636728,    1010.376930,     530.645669
2161,   2.738000,    1010.376930,     530.636728,    1010.376930,     530.645728
2162,   2.740000,    1010.376930,     530.636728,    1010.376930,     530.645728
2163,   2.741000,    1010.376930,     530.636728,    1010.376930,     530.645669
2164,   2.742000,    1010.376930,     530.636728,    1010.376930,     530.645669
2165,   2.743000,    1010.376930,     530.636728,    1010.376930,     530.645728
2166,   2.744000,    1010.376930,     530.636728,    1010.376930,     530.645788
2167,   2.745000,    1010.376930,     530.636728,    1010.376930,     530.645728
2168,   2.746000,    1010.376930,     530.636728,    1010.376930,     530.645669
2169,   2.747000,    1010.376930,     530.636728,    1010.376930,     530.645669
2170,   2.748000,    1010.376930,     530.636728,    1010.376930,     530.645728
2171,   2.750000,    1010.376930,     530.636728,    1010.376930,     530.645728
2172,   2.751000,    1010.376930,     530.636728,    1010.376930,     530.645669
2173,   2.752000,    1010.376930,     530.636728,    1010.376930,     530.645728
2174,   2.753000,    1010.376930,     530.636728,    1010.376930,     530.645788
2175,   2.754000,    1010.376930,     530.636728,    1010.376930,     530.645728
2176,   2.755000,    1010.376930,     530.636728,    1010.376930,     530.645669
2177,   2.756000,    1010.376930,     530.636728,    1010.376930,     530.645669
2178,   2.757000,    1010.376930,     530.636728,    1010.376930,     530.645728
2179,   2.758000,    1010.376930,     530.636728,    1010.376930,     530.645788
2180,   2.759000,    1010.376930,     530.636728,    1010.376930,     530.645728
2181,   2.760000,    1010.376930,     530.636728,    1010.376930,     530.645669
2182,   2.761000,    1010.376930,     530.636728,    1010.376930,     530.645669
2183,   2.762000,    1010.376930,     530.636728,    1010.376930,     530.645728
2184,   2.764000,    1010.376930,     530.636728,    1010.376930,     530.645728
2185,   2.765000,    1010.376930,     530.636728,    1010.376930,     530.645669
2186,   2.766000,    1010.376930,     530.636728,    1010.376930,     530.645728
2187,   2.768000,    1010.376930,     530.636728,    1010.376930,     530.645728
2188,   2.769000,    1010.376930,     530.636728,    1010.376930,     530.645669
2189,   2.770000,    1010.376930,     530.636728,    1010.376930,     530.645669
2190,   2.771000,    1010.376930,     530.636728,    1010.376930,     530.645728
2191,   2.773000,    1010.376930,     530.636728,    1010.376930,     530.645728
2192,   2.774000,    1010.376930,     530.636728,    1010.376930,     530.645669
2193,   2.775000,    1010.376930,     530.636728,    1010.376930,     530.645669
2194,   2.776000,    1010.376930,     530.636728,    1010.376930,     530.645728
2195,   2.778000,    1010.376930,     530.636728,    1010.376930,     530.645728
2196,   2.779000,    1010.376930,     530.636728,    1010.376930,     530.645669
2197,   2.780000,    1010.376930,     530.636728,    1010.376930,     530.645728
2198,   2.781000,    1010.376930,     530.636728,    1010.376930,     530.645788
2199,   2.782000,    1010.376930,     530.636728,    1010.376930,     530.645728
2200,   2.783000,    1010.376930,     530.636728,    1010.376930,     530.645669
2201,   2.784000,    1010.376930,     530.636728,    1010.376930,     530.645669
2202,   2.785000,    1010.376930,     530.636728,    1010.376930,     530.645728
2203,   2.787000,    1010.376930,     530.636728,    1010.376930,     530.645728
2204,   2.788000,    1010.376930,     530.636728,    1010.376930,     530.645669
2205,   2.789000,    1010.376930,     530.636728,    1010.376930,     530.645669
2206,   2.790000,    1010.376930,     530.636728,    1010.376930,     530.645728
2207,   2.792000,    1010.376930,     530.636728,    1010.376930,     530.645728
2208,   2.793000,    1010.376930,     530.636728,    1010.376930,     530.645669
2209,   2.794000,    1010.376930,     530.636728,    1010.376930,     530.645669
2210,   2.795000,    1010.376930,     530.636728,    1010.376930,     530.645728
2211,   2.797000,    1010.376930,     530.636728,    1010.376930,     530.645728
2212,   2.798000,    1010.376930,     530.636728,    1010.376930,     530.645669
2213,   2.799000,    1010.376930,     530.636728,    1010.376930,     530.645728
2214,   2.801000,    1010.376930,     530.636728,    1010.376930,     530.645728
2215,   2.802000,    1010.376930,     530.636728,    1010.376930,     530.645669
2216,   2.803000,    1010.376930,     530.636728,    1010.376930,     530.645669
2217,   2.804000,    1010.376930,     530.636728,    1010.376930,     530.645728
2218,   2.806000,    1010.376930,     530.636728,    1010.376930,     530.645728
2219,   2.807000,    1010.376930,     530.636728,    1010.376930,     530.645669
2220,   2.808000,    1010.376930,     530.636728,    1010.376930,     530.645728
2221,   2.815000,    1010.376930,     530.636728,    1010.376930,     530.645728
2222,   2.816000,    1010.376930,     530.636728,    1010.376930,     530.645669
2223,   2.817000,    1010.376930,     530.636728,    1010.376930,     530.645728
2224,   2.819000,    1010.376930,     530.636728,    1010.376930,     530.645728
2225,   2.820000,    1010.376930,     530.636728,    1010.376930,     530.645669
2226,   2.821000,    1010.376930,     530.636728,    1010.376930,     530.645669
2227,   2.822000,    1010.376930,     530.636728,    1010.376930,     530.645728
2228,   2.824000,    1010.376930,     530.636728,    1010.376930,     530.645728
2229,   2.825000,    1010.376930,     530.636728,    1010.376930,     530.645669
2230,   2.826000,    1010.376930,     530.636728,    1010.376930,     530.645669
2231,   2.827000,    1010.376930,     530.636728,    1010.376930,     530.645728
2232,   2.828000,    1010.376930,     530.636728,    1010.376930,     530.645788
2233,   2.829000,    1010.376930,     530.636728,    1010.376930,     530.645728
2234,   2.830000,    1010.376930,     530.636728,    1010.376930,     530.645669
2235,   2.831000,    1010.376930,     530.636728,    1010.376930,     530.645728
2236,   2.833000,    1010.376930,     530.636728,    1010.376930,     530.645728
2237,   2.834000,    1010.376930,     530.636728,    1010.376930,     530.645669
2238,   2.835000,    1010.376930,     530.636728,    1010.376930,     530.645669
2239,   2.836000,    1010.376930,     530.636728,    1010.376930,     530.645728
2240,   2.838000,    1010.376930,     530.636728,    1010.376930,     530.645728
2241,   2.839000,    1010.376930,     530.636728,    1010.376930,     530.645669
2242,   2.840000,    1010.376930,     530.636728,    1010.376930,     530.645728
2243,   2.843000,    1010.376930,     530.636728,    1010.376930,     530.645728
2244,   2.844000,    1010.376930,     530.636728,    1010.376930,     530.645669
2245,   2.845000,    1010.376930,     530.636728,    1010.376930,     530.645728
2246,   2.847000,    1010.376930,     530.636728,    1010.376930,     530.645728
2247,   2.848000,    1010.376930,     530.636728,    1010.376930,     530.645669
2248,   2.849000,    1010.376930,     530.636728,    1010.376930,     530.645669
2249,   2.850000,    1010.376930,     530.636728,    1010.376930,     530.645728
2250,   2.853000,    1010.376930,     530.636728,    1010.376930,     530.645728
2251,   2.854000,    1010.376930,     530.636728,    1010.376930,     530.645669
2252,   2.855000,    1010.376930,     530.636728,    1010.376930,     530.645728
2253,   2.857000,    1010.376930,     530.636728,    1010.376930,     530.645728
2254,   2.858000,    1010.376930,     530.636728,    1010.376930,     530.645669
2255,   2.859000,    1010.376930,     530.636728,    1010.376930,     530.645728
2256,   2.862000,    1010.376930,     530.636728,    1010.376930,     530.645728
2257,   2.863000,    1010.376930,     530.636728,    1010.376930,     530.645669
2258,   2.864000,    1010.376930,     530.636728,    1010.376930,     530.645728
2259,   2.867000,    1010.376930,     530.636728,    1010.376930,     530.645728
2260,   2.868000,    1010.376930,     530.636728,    1010.376930,     530.645669
2261,   2.869000,    1010.376930,     530.636728,    1010.376930,     530.645728
2262,   2.876000,    1010.376930,     530.636728,    1010.376930,     530.645728
2263,   2.877000,    1010.376930,     530.636728,    1010.376930,     530.645669
2264,   2.878000,    1010.376930,     530.636728,    1010.376930,     530.645728
2265,   2.881000,    1010.376930,     530.636728,    1010.376930,     530.645728
2266,   2.882000,    1010.376930,     530.636728,    1010.376930,     530.645669
2267,   2.883000,    1010.376930,     530.636728,    1010.376930,     530.645728
2268,   2.890000,    1010.376930,     530.636728,    1010.376930,     530.645728
2269,   2.891000,    1010.376930,     530.636728,    1010.376930,     530.645669
2270,   2.892000,    1010.376930,     530.636728,    1010.376930,     530.645728
2271,   2.899000,    1010.376930,     530.636728,    1010.376930,     530.645728
2272,   2.900000,    1010.376930,     530.636728,    1010.376930,     530.645669
2273,   2.901000,    1010.376930,     530.636728,    1010.376930,     530.645728
2274,   2.903000,    1010.376930,     530.636728,    1010.376930,     530.645728
2275,   2.904000,    1010.376930,     530.636728,    1010.376930,     530.645669
2276,   2.905000,    1010.376930,     530.636728,    1010.376930,     530.645669
2277,   2.906000,    1010.376930,     530.636728,    1010.376930,     530.645728
2278,   2.908000,    1010.376930,     530.636728,    1010.376930,     530.645728
2279,   2.909000,    1010.376930,     530.636728,    1010.376930,     530.645669
2280,   2.910000,    1010.376930,     530.636728,    1010.376930,     530.645728
2281,   2.913000,    1010.376930,     530.636728,    1010.376930,     530.645728
2282,   2.914000,    1010.376930,     530.636728,    1010.376930,     530.645669
2283,   2.915000,    1010.376930,     530.636728,    1010.376930,     530.645728
2284,   2.916000,    1010.376930,     530.636728,    1010.376930,     530.645788
2285,   2.917000,    1010.376930,     530.636728,    1010.376930,     530.645728
2286,   2.918000,    1010.376930,     530.636728,    1010.376930,     530.645669
2287,   2.919000,    1010.376930,     530.636728,    1010.376930,     530.645669
2288,   2.920000,    1010.376930,     530.636728,    1010.376930,     530.645728
2289,   2.921000,    1010.376930,     530.636728,    1010.376930,     530.645788
2290,   2.922000,    1010.376930,     530.636728,    1010.376930,     530.645728
2291,   2.923000,    1010.376930,     530.636728,    1010.376930,     530.645669
2292,   2.924000,    1010.376930,     530.636728,    1010.376930,     530.645669
2293,   2.925000,    1010.376930,     530.636728,    1010.376930,     530.645728
2294,   2.926000,    1010.376930,     530.636728,    1010.376930,     530.645788
2295,   2.927000,    1010.376930,     530.636728,    1010.376930,     530.645728
2296,   2.928000,    1010.376930,     530.636728,    1010.376930,     530.645669
2297,   2.929000,    1010.376930,     530.636728,    1010.376930,     530.645728
2298,   2.932000,    1010.376930,     530.636728,    1010.376930,     530.645728
2299,   2.933000,    1010.376930,     530.636728,    1010.376930,     530.645669
2300,   2.934000,    1010.376930,     530.636728,    1010.376930,     530.645728
2301,   2.936000,    1010.376930,     530.636728,    1010.376930,     530.645728
2302,   2.937000,    1010.376930,     530.636728,    1010.376930,     530.645669
2303,   2.938000,    1010.376930,     530.636728,    1010.376930,     530.645669
2304,   2.939000,    1010.376930,     530.636728,    1010.376930,     530.645728
2305,   2.941000,    1010.376930,     530.636728,    1010.376930,     530.645728
2306,   2.942000,    1010.376930,     530.636728,    1010.376930,     530.645669
2307,   2.943000,    1010.376930,     530.636728,    1010.376930,     530.645669
2308,   2.944000,    1010.376930,     530.636728,    1010.376930,     530.645728
2309,   2.946000,    1010.376930,     530.636728,    1010.376930,     530.645728
2310,   2.947000,    1010.376930,     530.636728,    1010.376930,     530.645669
2311,   2.948000,    1010.376930,     530.636728,    1010.376930,     530.645728
2312,   2.950000,    1010.376930,     530.636728,    1010.376930,     530.645728
2313,   2.951000,    1010.376930,     530.636728,    1010.376930,     530.645669
2314,   2.952000,    1010.376930,     530.636728,    1010.376930,     530.645728
2315,   2.955000,    1010.376930,     530.636728,    1010.376930,     530.645728
2316,   2.956000,    1010.376930,     530.636728,    1010.376930,     530.645669
2317,   2.957000,    1010.376930,     530.636728,    1010.376930,     530.645728
2318,   2.959000,    1010.376930,     530.636728,    1010.376930,     530.645728
2319,   2.960000,    1010.376930,     530.636728,    1010.376930,     530.645669
2320,   2.961000,    1010.376930,     530.636728,    1010.376930,     530.645728
2321,   2.964000,    1010.376930,     530.636728,    1010.376930,     530.645728
2322,   2.965000,    1010.376930,     530.636728,    1010.376930,     530.645669
2323,   2.966000,    1010.376930,     530.636728,    1010.376930,     530.645728
2324,   2.968000,    1010.376930,     530.636728,    1010.376930,     530.645728
2325,   2.969000,    1010.376930,     530.636728,    1010.376930,     530.645669
2326,   2.970000,    1010.376930,     530.636728,    1010.376930,     530.645669
2327,   2.971000,    1010.376930,     530.636728,    1010.376930,     530.645728
2328,   2.973000,    1010.376930,     530.636728,    1010.376930,     530.645728
2329,   2.974000,    1010.376930,     530.636728,    1010.376930,     530.645669
2330,   2.975000,    1010.376930,     530.636728,    1010.376930,     530.645728
2331,   2.978000,    1010.376930,     530.636728,    1010.376930,     530.645728
2332,   2.979000,    1010.376930,     530.636728,    1010.376930,     530.645669
2333,   2.980000,    1010.376930,     530.636728,    1010.376930,     530.645728
2334,   2.982000,    1010.376930,     530.636728,    1010.376930,     530.645728
2335,   2.983000,    1010.376930,     530.636728,    1010.376930,     530.645669
2336,   2.984000,    1010.376930,     530.636728,    1010.376930,     530.645669
2337,   2.985000,    1010.376930,     530.636728,    1010.376930,     530.645728
2338,   2.988000,    1010.376930,     530.636728,    1010.376930,     530.645728
2339,   2.989000,    1010.376930,     530.636728,    1010.376930,     530.645669
2340,   2.990000,    1010.376930,     530.636728,    1010.376930,     530.645728
2341,   2.992000,    1010.376930,     530.636728,    1010.376930,     530.645728
2342,   2.993000,    1010.376930,     530.636728,    1010.376930,     530.645669
2343,   2.994000,    1010.376930,     530.636728,    1010.376930,     530.645669
2344,   2.995000,    1010.376930,     530.636728,    1010.376930,     530.645728
2345,   2.997000,    1010.376930,     530.636728,    1010.376930,     530.645728
2346,   2.998000,    1010.376930,     530.636728,    1010.376930,     530.645669
2347,   2.999000,    1010.376930,     530.636728,    1010.376930,     530.645728
2348,   3.000000,    1010.376930,     530.636728,    1010.376930,     530.645728
2349,   3.001000,    1010.376930,     530.636728,    1010.376930,     530.645728
2350,   3.002000,    1010.376930,     530.636728,    1010.376930,     530.645669
2351,   3.003000,    1010.376930,     530.636728,    1010.376930,     530.645669
2352,   3.004000,    1010.376930,     530.636728,    1010.376930,     530.645728
2353,   3.006000,    1010.376930,     530.636728,    1010.376930,     530.645728
2354,   3.007000,    1010.376930,     530.636728,    1010.376930,     530.645669
2355,   3.008000,    1010.376930,     530.636728,    1010.376930,     530.645669
2356,   3.009000,    1010.376930,     530.636728,    1010.376930,     530.645728
2357,   3.010000,    1010.376930,     530.636728,    1010.376930,     530.645788
2358,   3.011000,    1010.376930,     530.636728,    1010.376930,     530.645728
2359,   3.012000,    1010.376930,     530.636728,    1010.376930,     530.645669
2360,   3.013000,    1010.376930,     530.636728,    1010.376930,     530.645728
2361,   3.014000,    1010.376930,     530.636728,    1010.376930,     530.645788
2362,   3.015000,    1010.376930,     530.636728,    1010.376930,     530.645728
2363,   3.016000,    1010.376930,     530.636728,    1010.376930,     530.645669
2364,   3.017000,    1010.376930,     530.636728,    1010.376930,     530.645669
2365,   3.018000,    1010.376930,     530.636728,    1010.376930,     530.645728
2366,   3.020000,    1010.376930,     530.636728,    1010.376930,     530.645728
2367,   3.021000,    1010.376930,     530.636728,    1010.376930,     530.645669
2368,   3.022000,    1010.376930,     530.636728,    1010.376930,     530.645669
2369,   3.023000,    1010.376930,     530.636728,    1010.376930,     530.645728
2370,   3.025000,    1010.376930,     530.636728,    1010.376930,     530.645728
2371,   3.026000,    1010.376930,     530.636728,    1010.376930,     530.645669
2372,   3.027000,    1010.376930,     530.636728,    1010.376930,     530.645728
2373,   3.029000,    1010.376930,     530.636728,    1010.376930,     530.645728
2374,   3.030000,    1010.376930,     530.636728,    1010.376930,     530.645669
2375,   3.031000,    1010.376930,     530.636728,    1010.376930,     530.645728
2376,   3.034000,    1010.376930,     530.636728,    1010.376930,     530.645728
2377,   3.035000,    1010.376930,     530.636728,    1010.376930,     530.645669
2378,   3.036000,    1010.376930,     530.636728,    1010.376930,     530.645728
2379,   3.038000,    1010.376930,     530.636728,    1010.376930,     530.645728
2380,   3.039000,    1010.376930,     530.636728,    1010.376930,     530.645669
2381,   3.040000,    1010.376930,     530.636728,    1010.376930,     530.645669
2382,   3.041000,    1010.376930,     530.636728,    1010.376930,     530.645728
2383,   3.042000,    1010.376930,     530.636728,    1010.376930,     530.645788
2384,   3.043000,    1010.376930,     530.636728,    1010.376930,     530.645728
2385,   3.044000,    1010.376930,     530.636728,    1010.376930,     530.645669
2386,   3.045000,    1010.376930,     530.636728,    1010.376930,     530.645728
2387,   3.046000,    1010.376930,     530.636728,    1010.376930,     530.645788
2388,   3.047000,    1010.376930,     530.636728,    1010.376930,     530.645728
2389,   3.048000,    1010.376930,     530.636728,    1010.376930,     530.645669
2390,   3.049000,    1010.376930,     530.636728,    1010.376930,     530.645609
2391,   3.050000,    1010.376930,     530.636728,    1010.376930,     530.645728
2392,   3.051000,    1010.376930,     530.636728,    1010.376930,     530.645788
2393,   3.052000,    1010.376930,     530.636728,    1010.376930,     530.645728
2394,   3.053000,    1010.376930,     530.636728,    1010.376930,     530.645669
2395,   3.054000,    1010.376930,     530.636728,    1010.376930,     530.645669
2396,   3.055000,    1010.376930,     530.636728,    1010.376930,     530.645728
2397,   3.057000,    1010.376930,     530.636728,    1010.376930,     530.645728
2398,   3.058000,    1010.376930,     530.636728,    1010.376930,     530.645669
2399,   3.059000,    1010.376930,     530.636728,    1010.376930,     530.645669
2400,   3.060000,    1010.376930,     530.636728,    1010.376930,     530.645728
2401,   3.061000,    1010.376930,     530.636728,    1010.376930,     530.645788
2402,   3.062000,    1010.376930,     530.636728,    1010.376930,     530.645728
2403,   3.063000,    1010.376930,     530.636728,    1010.376930,     530.645669
2404,   3.064000,    1010.376930,     530.636728,    1010.376930,     530.645728
2405,   3.065000,    1010.376930,     530.636728,    1010.376930,     530.645788
2406,   3.066000,    1010.376930,     530.636728,    1010.376930,     530.645728
2407,   3.067000,    1010.376930,     530.636728,    1010.376930,     530.645669
2408,   3.068000,    1010.376930,     530.636728,    1010.376930,     530.645609
2409,   3.069000,    1010.376930,     530.636728,    1010.376930,     530.645728
2410,   3.070000,    1010.376930,     530.636728,    1010.376930,     530.645788
2411,   3.071000,    1010.376930,     530.636728,    1010.376930,     530.645728
2412,   3.072000,    1010.376930,     530.636728,    1010.376930,     530.645669
2413,   3.073000,    1010.376930,     530.636728,    1010.376930,     530.645669
2414,   3.074000,    1010.376930,     530.636728,    1010.376930,     530.645728
2415,   3.075000,    1010.376930,     530.636728,    1010.376930,     530.645788
2416,   3.076000,    1010.376930,     530.636728,    1010.376930,     530.645728
2417,   3.077000,    1010.376930,     530.636728,    1010.376930,     530.645609
2418,   3.078000,    1010.376930,     530.636728,    1010.376930,     530.645669
2419,   3.079000,    1010.376930,     530.636728,    1010.376930,     530.645728
2420,   3.080000,    1010.376930,     530.636728,    1010.376930,     530.645788
2421,   3.081000,    1010.376930,     530.636728,    1010.376930,     530.645728
2422,   3.082000,    1010.376930,     530.636728,    1010.376930,     530.645609
2423,   3.083000,    1010.376930,     530.636728,    1010.376930,     530.645669
2424,   3.084000,    1010.376930,     530.636728,    1010.376930,     530.645788
2425,   3.085000,    1010.376930,     530.636728,    1010.376930,     530.645728
2426,   3.086000,    1010.376930,     530.636728,    1010.376930,     530.645669
2427,   3.087000,    1010.376930,     530.636728,    1010.376930,     530.645669
2428,   3.088000,    1010.376930,     530.636728,    1010.376930,     530.645728
2429,   3.089000,    1010.376930,     530.636728,    1010.376930,     530.645788
2430,   3.090000,    1010.376930,     530.636728,    1010.376930,     530.645728
2431,   3.091000,    1010.376930,     530.636728,    1010.376930,     530.645669
2432,   3.092000,    1010.376930,     530.636728,    1010.376930,     530.645669
2433,   3.093000,    1010.376930,     530.636728,    1010.376930,     530.645728
2434,   3.095000,    1010.376930,     530.636728,    1010.376930,     530.645728
2435,   3.096000,    1010.376930,     530.636728,    1010.376930,     530.645669
2436,   3.097000,    1010.376930,     530.636728,    1010.376930,     530.645728
2437,   3.099000,    1010.376930,     530.636728,    1010.376930,     530.645728
2438,   3.100000,    1010.376930,     530.636728,    1010.376930,     530.645669
2439,   3.101000,    1010.376930,     530.636728,    1010.376930,     530.645669
2440,   3.102000,    1010.376930,     530.636728,    1010.376930,     530.645728
2441,   3.104000,    1010.376930,     530.636728,    1010.376930,     530.645728
2442,   3.105000,    1010.376930,     530.636728,    1010.376930,     530.645669
2443,   3.106000,    1010.376930,     530.636728,    1010.376930,     530.645669
2444,   3.107000,    1010.376930,     530.636728,    1010.376930,     530.645728
2445,   3.109000,    1010.376930,     530.636728,    1010.376930,     530.645728
2446,   3.110000,    1010.376930,     530.636728,    1010.376930,     530.645669
2447,   3.111000,    1010.376930,     530.636728,    1010.376930,     530.645669
2448,   3.112000,    1010.376930,     530.636728,    1010.376930,     530.645728
2449,   3.114000,    1010.376930,     530.636728,    1010.376930,     530.645728
2450,   3.115000,    1010.376930,     530.636728,    1010.376930,     530.645669
2451,   3.116000,    1010.376930,     530.636728,    1010.376930,     530.645728
2452,   3.117000,    1010.376930,     530.636728,    1010.376930,     530.645788
2453,   3.118000,    1010.376930,     530.636728,    1010.376930,     530.645728
2454,   3.119000,    1010.376930,     530.636728,    1010.376930,     530.645669
2455,   3.120000,    1010.376930,     530.636728,    1010.376930,     530.645728
2456,   3.123000,    1010.376930,     530.636728,    1010.376930,     530.645728
2457,   3.124000,    1010.376930,     530.636728,    1010.376930,     530.645669
2458,   3.125000,    1010.376930,     530.636728,    1010.376930,     530.645728
2459,   3.128000,    1010.376930,     530.636728,    1010.376930,     530.645728
2460,   3.129000,    1010.376930,     530.636728,    1010.376930,     530.645669
2461,   3.130000,    1010.376930,     530.636728,    1010.376930,     530.645728
2462,   3.132000,    1010.376930,     530.636728,    1010.376930,     530.645728
2463,   3.133000,    1010.376930,     530.636728,    1010.376930,     530.645669
2464,   3.134000,    1010.376930,     530.636728,    1010.376930,     530.645669
2465,   3.135000,    1010.376930,     530.636728,    1010.376930,     530.645728
2466,   3.137000,    1010.376930,     530.636728,    1010.376930,     530.645728
2467,   3.138000,    1010.376930,     530.636728,    1010.376930,     530.645669
2468,   3.139000,    1010.376930,     530.636728,    1010.376930,     530.645728
2469,   3.141000,    1010.376930,     530.636728,    1010.376930,     530.645728
2470,   3.142000,    1010.376930,     530.636728,    1010.376930,     530.645669
2471,   3.143000,    1010.376930,     530.636728,    1010.376930,     530.645669
2472,   3.144000,    1010.376930,     530.636728,    1010.376930,     530.645728
2473,   3.146000,    1010.376930,     530.636728,    1010.376930,     530.645728
2474,   3.147000,    1010.376930,     530.636728,    1010.376930,     530.645669
2475,   3.148000,    1010.376930,     530.636728,    1010.376930,     530.645669
2476,   3.149000,    1010.376930,     530.636728,    1010.376930,     530.645728
2477,   3.151000,    1010.376930,     530.636728,    1010.376930,     530.645728
2478,   3.152000,    1010.376930,     530.636728,    1010.376930,     530.645669
2479,   3.153000,    1010.376930,     530.636728,    1010.376930,     530.645728
2480,   3.155000,    1010.376930,     530.636728,    1010.376930,     530.645728
2481,   3.156000,    1010.376930,     530.636728,    1010.376930,     530.645669
2482,   3.157000,    1010.376930,     530.636728,    1010.376930,     530.645669
2483,   3.158000,    1010.376930,     530.636728,    1010.376930,     530.645728
2484,   3.160000,    1010.376930,     530.636728,    1010.376930,     530.645728
2485,   3.161000,    1010.376930,     530.636728,    1010.376930,     530.645669
2486,   3.162000,    1010.376930,     530.636728,    1010.376930,     530.645669
2487,   3.163000,    1010.376930,     530.636728,    1010.376930,     530.645728
2488,   3.164000,    1010.376930,     530.636728,    1010.376930,     530.645788
2489,   3.165000,    1010.376930,     530.636728,    1010.376930,     530.645728
2490,   3.166000,    1010.376930,     530.636728,    1010.376930,     530.645669
2491,   3.167000,    1010.376930,     530.636728,    1010.376930,     530.645669
2492,   3.168000,    1010.376930,     530.636728,    1010.376930,     530.645788
2493,   3.169000,    1010.376930,     530.636728,    1010.376930,     530.645728
2494,   3.170000,    1010.376930,     530.636728,    1010.376930,     530.645728
2495,   3.171000,    1010.376930,     530.636728,    1010.376930,     530.645609
2496,   3.172000,    1010.376930,     530.636728,    1010.376930,     530.645728
2497,   3.174000,    1010.376930,     530.636728,    1010.376930,     530.645728
2498,   3.175000,    1010.376930,     530.636728,    1010.376930,     530.645669
2499,   3.176000,    1010.376930,     530.636728,    1010.376930,     530.645669
2500,   3.177000,    1010.376930,     530.636728,    1010.376930,     530.645728
2501,   3.179000,    1010.376930,     530.636728,    1010.376930,     530.645728
2502,   3.180000,    1010.376930,     530.636728,    1010.376930,     530.645669
2503,   3.181000,    1010.376930,     530.636728,    1010.376930,     530.645669
2504,   3.182000,    1010.376930,     530.636728,    1010.376930,     530.645728
2505,   3.183000,    1010.376930,     530.636728,    1010.376930,     530.645788
2506,   3.184000,    1010.376930,     530.636728,    1010.376930,     530.645728
2507,   3.185000,    1010.376930,     530.636728,    1010.376930,     530.645669
2508,   3.186000,    1010.376930,     530.636728,    1010.376930,     530.645728
2509,   3.188000,    1010.376930,     530.636728,    1010.376930,     530.645728
2510,   3.189000,    1010.376930,     530.636728,    1010.376930,     530.645669
2511,   3.190000,    1010.376930,     530.636728,    1010.376930,     530.645669
2512,   3.191000,    1010.376930,     530.636728,    1010.376930,     530.645728
2513,   3.193000,    1010.376930,     530.636728,    1010.376930,     530.645728
2514,   3.194000,    1010.376930,     530.636728,    1010.376930,     530.645669
2515,   3.195000,    1010.376930,     530.636728,    1010.376930,     530.645669
2516,   3.196000,    1010.376930,     530.636728,    1010.376930,     530.645728
2517,   3.198000,    1010.376930,     530.636728,    1010.376930,     530.645728
2518,   3.199000,    1010.376930,     530.636728,    1010.376930,     530.645669
2519,   3.200000,    1010.376930,     530.636728,    1010.376930,     530.645728
2520,   3.203000,    1010.376930,     530.636728,    1010.376930,     530.645728
2521,   3.204000,    1010.376930,     530.636728,    1010.376930,     530.645669
2522,   3.205000,    1010.376930,     530.636728,    1010.376930,     530.645728
2523,   3.207000,    1010.376930,     530.636728,    1010.376930,     530.645728
2524,   3.208000,    1010.376930,     530.636728,    1010.376930,     530.645669
2525,   3.209000,    1010.376930,     530.636728,    1010.376930,     530.645728
2526,   3.210000,    1010.376930,     530.636728,    1010.376930,     530.645788
2527,   3.211000,    1010.376930,     530.636728,    1010.376930,     530.645728
2528,   3.212000,    1010.376930,     530.636728,    1010.376930,     530.645669
2529,   3.213000,    1010.376930,     530.636728,    1010.376930,     530.645669
2530,   3.214000,    1010.376930,     530.636728,    1010.376930,     530.645728
2531,   3.216000,    1010.376930,     530.636728,    1010.376930,     530.645728
2532,   3.217000,    1010.376930,     530.636728,    1010.376930,     530.645669
2533,   3.218000,    1010.376930,     530.636728,    1010.376930,     530.645728
2534,   3.220000,    1010.376930,     530.636728,    1010.376930,     530.645728
2535,   3.221000,    1010.376930,     530.636728,    1010.376930,     530.645669
2536,   3.222000,    1010.376930,     530.636728,    1010.376930,     530.645669
2537,   3.223000,    1010.376930,     530.636728,    1010.376930,     530.645728
2538,   3.225000,    1010.376930,     530.636728,    1010.376930,     530.645728
2539,   3.226000,    1010.376930,     530.636728,    1010.376930,     530.645669
2540,   3.227000,    1010.376930,     530.636728,    1010.376930,     530.645728
2541,   3.229000,    1010.376930,     530.636728,    1010.376930,     530.645728
2542,   3.230000,    1010.376930,     530.636728,    1010.376930,     530.645669
2543,   3.231000,    1010.376930,     530.636728,    1010.376930,     530.645728
2544,   3.233000,    1010.376930,     530.636728,    1010.376930,     530.645728
2545,   3.234000,    1010.376930,     530.636728,    1010.376930,     530.645669
2546,   3.235000,    1010.376930,     530.636728,    1010.376930,     530.645669
2547,   3.236000,    1010.376930,     530.636728,    1010.376930,     530.645728
2548,   3.238000,    1010.376930,     530.636728,    1010.376930,     530.645728
2549,   3.239000,    1010.376930,     530.636728,    1010.376930,     530.645669
2550,   3.240000,    1010.376930,     530.636728,    1010.376930,     530.645669
2551,   3.241000,    1010.376930,     530.636728,    1010.376930,     530.645728
2552,   3.243000,    1010.376930,     530.636728,    1010.376930,     530.645728
2553,   3.244000,    1010.376930,     530.636728,    1010.376930,     530.645669
2554,   3.245000,    1010.376930,     530.636728,    1010.376930,     530.645728
2555,   3.247000,    1010.376930,     530.636728,    1010.376930,     530.645728
2556,   3.248000,    1010.376930,     530.636728,    1010.376930,     530.645669
2557,   3.249000,    1010.376930,     530.636728,    1010.376930,     530.645728
2558,   3.252000,    1010.376930,     530.636728,    1010.376930,     530.645728
2559,   3.253000,    1010.376930,     530.636728,    1010.376930,     530.645669
2560,   3.254000,    1010.376930,     530.636728,    1010.376930,     530.645728
2561,   3.256000,    1010.376930,     530.636728,    1010.376930,     530.645728
2562,   3.257000,    1010.376930,     530.636728,    1010.376930,     530.645669
2563,   3.258000,    1010.376930,     530.636728,    1010.376930,     530.645669
2564,   3.259000,    1010.376930,     530.636728,    1010.376930,     530.645728
2565,   3.260000,    1010.376930,     530.636728,    1010.376930,     530.645788
2566,   3.261000,    1010.376930,     530.636728,    1010.376930,     530.645728
2567,   3.262000,    1010.376930,     530.636728,    1010.376930,     530.645669
2568,   3.263000,    1010.376930,     530.636728,    1010.376930,     530.645669
2569,   3.264000,    1010.376930,     530.636728,    1010.376930,     530.645728
2570,   3.265000,    1010.376930,     530.636728,    1010.376930,     530.645788
2571,   3.266000,    1010.376930,     530.636728,    1010.376930,     530.645728
2572,   3.267000,    1010.376930,     530.636728,    1010.376930,     530.645669
2573,   3.268000,    1010.376930,     530.636728,    1010.376930,     530.645728
2574,   3.270000,    1010.376930,     530.636728,    1010.376930,     530.645728
2575,   3.271000,    1010.376930,     530.636728,    1010.376930,     530.645669
2576,   3.272000,    1010.376930,     530.636728,    1010.376930,     530.645669
2577,   3.273000,    1010.376930,     530.636728,    1010.376930,     530.645728
2578,   3.275000,    1010.376930,     530.636728,    1010.376930,     530.645728
2579,   3.276000,    1010.376930,     530.636728,    1010.376930,     530.645669
2580,   3.277000,    1010.376930,     530.636728,    1010.376930,     530.645669
2581,   3.278000,    1010.376930,     530.636728,    1010.376930,     530.645728
2582,   3.279000,    1010.376930,     530.636728,    1010.376930,     530.645788
2583,   3.280000,    1010.376930,     530.636728,    1010.376930,     530.645728
2584,   3.281000,    1010.376930,     530.636728,    1010.376930,     530.645669
2585,   3.282000,    1010.376930,     530.636728,    1010.376930,     530.645728
2586,   3.283000,    1010.376930,     530.636728,    1010.376930,     530.645728
2587,   3.284000,    1010.376930,     530.636728,    1010.376930,     530.645788
2588,   3.285000,    1010.376930,     530.636728,    1010.376930,     530.645669
2589,   3.286000,    1010.376930,     530.636728,    1010.376930,     530.645669
2590,   3.287000,    1010.376930,     530.636728,    1010.376930,     530.645728
2591,   3.288000,    1010.376930,     530.636728,    1010.376930,     530.645788
2592,   3.289000,    1010.376930,     530.636728,    1010.376930,     530.645728
2593,   3.290000,    1010.376930,     530.636728,    1010.376930,     530.645669
2594,   3.291000,    1010.376930,     530.636728,    1010.376930,     530.645669
2595,   3.292000,    1010.376930,     530.636728,    1010.376930,     530.645728
2596,   3.293000,    1010.376930,     530.636728,    1010.376930,     530.645788
2597,   3.294000,    1010.376930,     530.636728,    1010.376930,     530.645728
2598,   3.295000,    1010.376930,     530.636728,    1010.376930,     530.645669
2599,   3.296000,    1010.376930,     530.636728,    1010.376930,     530.645669
2600,   3.297000,    1010.376930,     530.636728,    1010.376930,     530.645728
2601,   3.299000,    1010.376930,     530.636728,    1010.376930,     530.645728
2602,   3.300000,    1010.376930,     530.636728,    1010.376930,     530.645669
2603,   3.301000,    1010.376930,     530.636728,    1010.376930,     530.645728
2604,   3.302000,    1010.376930,     530.636728,    1010.376930,     530.645788
2605,   3.303000,    1010.376930,     530.636728,    1010.376930,     530.645728
2606,   3.304000,    1010.376930,     530.636728,    1010.376930,     530.645669
2607,   3.305000,    1010.376930,     530.636728,    1010.376930,     530.645669
2608,   3.306000,    1010.376930,     530.636728,    1010.376930,     530.645728
2609,   3.307000,    1010.376930,     530.636728,    1010.376930,     530.645788
2610,   3.308000,    1010.376930,     530.636728,    1010.376930,     530.645728
2611,   3.309000,    1010.376930,     530.636728,    1010.376930,     530.645669
2612,   3.310000,    1010.376930,     530.636728,    1010.376930,     530.645728
2613,   3.311000,    1010.376930,     530.636728,    1010.376930,     530.645788
2614,   3.312000,    1010.376930,     530.636728,    1010.376930,     530.645788
2615,   3.313000,    1010.376930,     530.636728,    1010.376930,     530.645669
2616,   3.314000,    1010.376930,     530.636728,    1010.376930,     530.645669
2617,   3.315000,    1010.376930,     530.636728,    1010.376930,     530.645728
2618,   3.317000,    1010.376930,     530.636728,    1010.376930,     530.645728
2619,   3.318000,    1010.376930,     530.636728,    1010.376930,     530.645669
2620,   3.319000,    1010.376930,     530.636728,    1010.376930,     530.645669
2621,   3.320000,    1010.376930,     530.636728,    1010.376930,     530.645728
2622,   3.321000,    1010.376930,     530.636728,    1010.376930,     530.645788
2623,   3.322000,    1010.376930,     530.636728,    1010.376930,     530.645728
2624,   3.323000,    1010.376930,     530.636728,    1010.376930,     530.645669
2625,   3.324000,    1010.376930,     530.636728,    1010.376930,     530.645669
2626,   3.325000,    1010.376930,     530.636728,    1010.376930,     530.645728
2627,   3.326000,    1010.376930,     530.636728,    1010.376930,     530.645788
2628,   3.327000,    1010.376930,     530.636728,    1010.376930,     530.645728
2629,   3.328000,    1010.376930,     530.636728,    1010.376930,     530.645609
2630,   3.329000,    1010.376930,     530.636728,    1010.376930,     530.645669
2631,   3.330000,    1010.376930,     530.636728,    1010.376930,     530.645788
2632,   3.331000,    1010.376930,     530.636728,    1010.376930,     530.645788
2633,   3.332000,    1010.376930,     530.636728,    1010.376930,     530.645669
2634,   3.333000,    1010.376930,     530.636728,    1010.376930,     530.645609
2635,   3.334000,    1010.376930,     530.636728,    1010.376930,     530.645728
2636,   3.335000,    1010.376930,     530.636728,    1010.376930,     530.645788
2637,   3.336000,    1010.376930,     530.636728,    1010.376930,     530.645728
2638,   3.337000,    1010.376930,     530.636728,    1010.376930,     530.645669
2639,   3.338000,    1010.376930,     530.636728,    1010.376930,     530.645609
2640,   3.339000,    1010.376930,     530.636728,    1010.376930,     530.645728
2641,   3.340000,    1010.376930,     530.636728,    1010.376930,     530.645788
2642,   3.341000,    1010.376930,     530.636728,    1010.376930,     530.645728
2643,   3.342000,    1010.376930,     530.636728,    1010.376930,     530.645669
2644,   3.343000,    1010.376930,     530.636728,    1010.376930,     530.645669
2645,   3.344000,    1010.376930,     530.636728,    1010.376930,     530.645728
2646,   3.346000,    1010.376930,     530.636728,    1010.376930,     530.645728
2647,   3.347000,    1010.376930,     530.636728,    1010.376930,     530.645669
2648,   3.348000,    1010.376930,     530.636728,    1010.376930,     530.645728
2649,   3.350000,    1010.376930,     530.636728,    1010.376930,     530.645728
2650,   3.351000,    1010.376930,     530.636728,    1010.376930,     530.645669
2651,   3.352000,    1010.376930,     530.636728,    1010.376930,     530.645669
2652,   3.353000,    1010.376930,     530.636728,    1010.376930,     530.645728
2653,   3.355000,    1010.376930,     530.636728,    1010.376930,     530.645728
2654,   3.356000,    1010.376930,     530.636728,    1010.376930,     530.645669
2655,   3.357000,    1010.376930,     530.636728,    1010.376930,     530.645669
2656,   3.358000,    1010.376930,     530.636728,    1010.376930,     530.645728
2657,   3.360000,    1010.376930,     530.636728,    1010.376930,     530.645728
2658,   3.361000,    1010.376930,     530.636728,    1010.376930,     530.645669
2659,   3.362000,    1010.376930,     530.636728,    1010.376930,     530.645728
2660,   3.364000,    1010.376930,     530.636728,    1010.376930,     530.645728
2661,   3.365000,    1010.376930,     530.636728,    1010.376930,     530.645669
2662,   3.366000,    1010.376930,     530.636728,    1010.376930,     530.645669
2663,   3.367000,    1010.376930,     530.636728,    1010.376930,     530.645728
2664,   3.369000,    1010.376930,     530.636728,    1010.376930,     530.645728
2665,   3.370000,    1010.376930,     530.636728,    1010.376930,     530.645669
2666,   3.371000,    1010.376930,     530.636728,    1010.376930,     530.645669
2667,   3.372000,    1010.376930,     530.636728,    1010.376930,     530.645728
2668,   3.373000,    1010.376930,     530.636728,    1010.376930,     530.645788
2669,   3.374000,    1010.376930,     530.636728,    1010.376930,     530.645728
2670,   3.375000,    1010.376930,     530.636728,    1010.376930,     530.645669
2671,   3.376000,    1010.376930,     530.636728,    1010.376930,     530.645728
2672,   3.378000,    1010.376930,     530.636728,    1010.376930,     530.645728
2673,   3.379000,    1010.376930,     530.636728,    1010.376930,     530.645669
2674,   3.380000,    1010.376930,     530.636728,    1010.376930,     530.645669
2675,   3.381000,    1010.376930,     530.636728,    1010.376930,     530.645728
2676,   3.382000,    1010.376930,     530.636728,    1010.376930,     530.645788
2677,   3.383000,    1010.376930,     530.636728,    1010.376930,     530.645728
2678,   3.384000,    1010.376930,     530.636728,    1010.376930,     530.645669
2679,   3.385000,    1010.376930,     530.636728,    1010.376930,     530.645669
2680,   3.386000,    1010.376930,     530.636728,    1010.376930,     530.645728
2681,   3.388000,    1010.376930,     530.636728,    1010.376930,     530.645728
2682,   3.389000,    1010.376930,     530.636728,    1010.376930,     530.645669
2683,   3.390000,    1010.376930,     530.636728,    1010.376930,     530.645728
2684,   3.392000,    1010.376930,     530.636728,    1010.376930,     530.645728
2685,   3.393000,    1010.376930,     530.636728,    1010.376930,     530.645669
2686,   3.394000,    1010.376930,     530.636728,    1010.376930,     530.645728
2687,   3.396000,    1010.376930,     530.636728,    1010.376930,     530.645728
2688,   3.397000,    1010.376930,     530.636728,    1010.376930,     530.645669
2689,   3.398000,    1010.376930,     530.636728,    1010.376930,     530.645669
2690,   3.399000,    1010.376930,     530.636728,    1010.376930,     530.645728
2691,   3.401000,    1010.376930,     530.636728,    1010.376930,     530.645728
2692,   3.402000,    1010.376930,     530.636728,    1010.376930,     530.645669
2693,   3.403000,    1010.376930,     530.636728,    1010.376930,     530.645728
2694,   3.406000,    1010.376930,     530.636728,    1010.376930,     530.645728
2695,   3.407000,    1010.376930,     530.636728,    1010.376930,     530.645609
2696,   3.408000,    1010.376930,     530.636728,    1010.376930,     530.645728
2697,   3.411000,    1010.376930,     530.636728,    1010.376930,     530.645728
2698,   3.412000,    1010.376930,     530.636728,    1010.376930,     530.645669
2699,   3.413000,    1010.376930,     530.636728,    1010.376930,     530.645728
2700,   3.415000,    1010.376930,     530.636728,    1010.376930,     530.645728
2701,   3.416000,    1010.376930,     530.636728,    1010.376930,     530.645669
2702,   3.417000,    1010.376930,     530.636728,    1010.376930,     530.645669
2703,   3.418000,    1010.376930,     530.636728,    1010.376930,     530.645728
2704,   3.419000,    1010.376930,     530.636728,    1010.376930,     530.645788
2705,   3.420000,    1010.376930,     530.636728,    1010.376930,     530.645728
2706,   3.421000,    1010.376930,     530.636728,    1010.376930,     530.645609
2707,   3.422000,    1010.376930,     530.636728,    1010.376930,     530.645669
2708,   3.423000,    1010.376930,     530.636728,    1010.376930,     530.645728
2709,   3.425000,    1010.376930,     530.636728,    1010.376930,     530.645728
2710,   3.426000,    1010.376930,     530.636728,    1010.376930,     530.645669
2711,   3.427000,    1010.376930,     530.636728,    1010.376930,     530.645728
2712,   3.429000,    1010.376930,     530.636728,    1010.376930,     530.645728
2713,   3.430000,    1010.376930,     530.636728,    1010.376930,     530.645669
2714,   3.431000,    1010.376930,     530.636728,    1010.376930,     530.645669
2715,   3.432000,    1010.376930,     530.636728,    1010.376930,     530.645728
2716,   3.434000,    1010.376930,     530.636728,    1010.376930,     530.645728
2717,   3.435000,    1010.376930,     530.636728,    1010.376930,     530.645669
2718,   3.436000,    1010.376930,     530.636728,    1010.376930,     530.645728
2719,   3.437000,    1010.376930,     530.636728,    1010.376930,     530.645788
2720,   3.438000,    1010.376930,     530.636728,    1010.376930,     530.645728
2721,   3.439000,    1010.376930,     530.636728,    1010.376930,     530.645669
2722,   3.440000,    1010.376930,     530.636728,    1010.376930,     530.645669
2723,   3.441000,    1010.376930,     530.636728,    1010.376930,     530.645728
2724,   3.443000,    1010.376930,     530.636728,    1010.376930,     530.645728
2725,   3.444000,    1010.376930,     530.636728,    1010.376930,     530.645669
2726,   3.445000,    1010.376930,     530.636728,    1010.376930,     530.645728
2727,   3.447000,    1010.376930,     530.636728,    1010.376930,     530.645728
2728,   3.448000,    1010.376930,     530.636728,    1010.376930,     530.645669
2729,   3.449000,    1010.376930,     530.636728,    1010.376930,     530.645669
2730,   3.450000,    1010.376930,     530.636728,    1010.376930,     530.645728
2731,   3.452000,    1010.376930,     530.636728,    1010.376930,     530.645728
2732,   3.453000,    1010.376930,     530.636728,    1010.376930,     530.645669
2733,   3.454000,    1010.376930,     530.636728,    1010.376930,     530.645728
2734,   3.457000,    1010.376930,     530.636728,    1010.376930,     530.645728
2735,   3.458000,    1010.376930,     530.636728,    1010.376930,     530.645669
2736,   3.459000,    1010.376930,     530.636728,    1010.376930,     530.645728
2737,   3.461000,    1010.376930,     530.636728,    1010.376930,     530.645728
2738,   3.462000,    1010.376930,     530.636728,    1010.376930,     530.645669
2739,   3.463000,    1010.376930,     530.636728,    1010.376930,     530.645669
2740,   3.464000,    1010.376930,     530.636728,    1010.376930,     530.645728
2741,   3.466000,    1010.376930,     530.636728,    1010.376930,     530.645728
2742,   3.467000,    1010.376930,     530.636728,    1010.376930,     530.645669
2743,   3.468000,    1010.376930,     530.636728,    1010.376930,     530.645669
2744,   3.469000,    1010.376930,     530.636728,    1010.376930,     530.645728
2745,   3.471000,    1010.376930,     530.636728,    1010.376930,     530.645728
2746,   3.472000,    1010.376930,     530.636728,    1010.376930,     530.645669
2747,   3.473000,    1010.376930,     530.636728,    1010.376930,     530.645728
2748,   3.475000,    1010.376930,     530.636728,    1010.376930,     530.645728
2749,   3.476000,    1010.376930,     530.636728,    1010.376930,     530.645669
2750,   3.477000,    1010.376930,     530.636728,    1010.376930,     530.645669
2751,   3.478000,    1010.376930,     530.636728,    1010.376930,     530.645728
2752,   3.479000,    1010.376930,     530.636728,    1010.376930,     530.645788
2753,   3.480000,    1010.376930,     530.636728,    1010.376930,     530.645728
2754,   3.481000,    1010.376930,     530.636728,    1010.376930,     530.645669
2755,   3.482000,    1010.376930,     530.636728,    1010.376930,     530.645669
2756,   3.483000,    1010.376930,     530.636728,    1010.376930,     530.645728
2757,   3.484000,    1010.376930,     530.636728,    1010.376930,     530.645788
2758,   3.485000,    1010.376930,     530.636728,    1010.376930,     530.645728
2759,   3.486000,    1010.376930,     530.636728,    1010.376930,     530.645669
2760,   3.487000,    1010.376930,     530.636728,    1010.376930,     530.645669
2761,   3.488000,    1010.376930,     530.636728,    1010.376930,     530.645728
2762,   3.489000,    1010.376930,     530.636728,    1010.376930,     530.645788
2763,   3.490000,    1010.376930,     530.636728,    1010.376930,     530.645728
2764,   3.491000,    1010.376930,     530.636728,    1010.376930,     530.645609
2765,   3.492000,    1010.376930,     530.636728,    1010.376930,     530.645669
2766,   3.493000,    1010.376930,     530.636728,    1010.376930,     530.645788
2767,   3.494000,    1010.376930,     530.636728,    1010.376930,     530.645788
2768,   3.495000,    1010.376930,     530.636728,    1010.376930,     530.645728
2769,   3.496000,    1010.376930,     530.636728,    1010.376930,     530.645609
2770,   3.497000,    1010.376930,     530.636728,    1010.376930,     530.645728
2771,   3.498000,    1010.376930,     530.636728,    1010.376930,     530.645788
2772,   3.499000,    1010.376930,     530.636728,    1010.376930,     530.645788
2773,   3.500000,    1010.376930,     530.636728,    1010.376930,     530.645669
2774,   3.501000,    1010.376930,     530.636728,    1010.376930,     530.645609
2775,   3.502000,    1010.376930,     530.636728,    1010.376930,     530.645728
2776,   3.503000,    1010.376930,     530.636728,    1010.376930,     530.645788
2777,   3.504000,    1010.376930,     530.636728,    1010.376930,     530.645728
2778,   3.505000,    1010.376930,     530.636728,    1010.376930,     530.645669
2779,   3.506000,    1010.376930,     530.636728,    1010.376930,     530.645669
2780,   3.507000,    1010.376930,     530.636728,    1010.376930,     530.645728
2781,   3.508000,    1010.376930,     530.636728,    1010.376930,     530.645788
2782,   3.509000,    1010.376930,     530.636728,    1010.376930,     530.645728
2783,   3.510000,    1010.376930,     530.636728,    1010.376930,     530.645669
2784,   3.511000,    1010.376930,     530.636728,    1010.376930,     530.645728
2785,   3.512000,    1010.376930,     530.636728,    1010.376930,     530.645788
2786,   3.513000,    1010.376930,     530.636728,    1010.376930,     530.645788
2787,   3.514000,    1010.376930,     530.636728,    1010.376930,     530.645728
2788,   3.515000,    1010.376930,     530.636728,    1010.376930,     530.645669
2789,   3.516000,    1010.376930,     530.636728,    1010.376930,     530.645728
2790,   3.517000,    1010.376930,     530.636728,    1010.376930,     530.645788
2791,   3.518000,    1010.376930,     530.636728,    1010.376930,     530.645728
2792,   3.519000,    1010.376930,     530.636728,    1010.376930,     530.645669
2793,   3.520000,    1010.376930,     530.636728,    1010.376930,     530.645669
2794,   3.521000,    1010.376930,     530.636728,    1010.376930,     530.645728
2795,   3.522000,    1010.376930,     530.636728,    1010.376930,     530.645788
2796,   3.523000,    1010.376930,     530.636728,    1010.376930,     530.645728
2797,   3.524000,    1010.376930,     530.636728,    1010.376930,     530.645609
2798,   3.525000,    1010.376930,     530.636728,    1010.376930,     530.645669
2799,   3.526000,    1010.376930,     530.636728,    1010.376930,     530.645728
2800,   3.528000,    1010.376930,     530.636728,    1010.376930,     530.645728
2801,   3.529000,    1010.376930,     530.636728,    1010.376930,     530.645669
2802,   3.530000,    1010.376930,     530.636728,    1010.376930,     530.645728
2803,   3.533000,    1010.376930,     530.636728,    1010.376930,     530.645728
2804,   3.534000,    1010.376930,     530.636728,    1010.376930,     530.645669
2805,   3.535000,    1010.376930,     530.636728,    1010.376930,     530.645728
2806,   3.537000,    1010.376930,     530.636728,    1010.376930,     530.645728
2807,   3.538000,    1010.376930,     530.636728,    1010.376930,     530.645669
2808,   3.539000,    1010.376930,     530.636728,    1010.376930,     530.645728
2809,   3.542000,    1010.376930,     530.636728,    1010.376930,     530.645728
2810,   3.543000,    1010.376930,     530.636728,    1010.376930,     530.645669
2811,   3.544000,    1010.376930,     530.636728,    1010.376930,     530.645728
2812,   3.546000,    1010.376930,     530.636728,    1010.376930,     530.645728
2813,   3.547000,    1010.376930,     530.636728,    1010.376930,     530.645669
2814,   3.548000,    1010.376930,     530.636728,    1010.376930,     530.645728
2815,   3.551000,    1010.376930,     530.636728,    1010.376930,     530.645728
2816,   3.552000,    1010.376930,     530.636728,    1010.376930,     530.645669
2817,   3.553000,    1010.376930,     530.636728,    1010.376930,     530.645728
2818,   3.554000,    1010.376930,     530.636728,    1010.376930,     530.645788
2819,   3.555000,    1010.376930,     530.636728,    1010.376930,     530.645728
2820,   3.556000,    1010.376930,     530.636728,    1010.376930,     530.645669
2821,   3.557000,    1010.376930,     530.636728,    1010.376930,     530.645669
2822,   3.558000,    1010.376930,     530.636728,    1010.376930,     530.645728
2823,   3.559000,    1010.376930,     530.636728,    1010.376930,     530.645788
2824,   3.560000,    1010.376930,     530.636728,    1010.376930,     530.645728
2825,   3.561000,    1010.376930,     530.636728,    1010.376930,     530.645669
2826,   3.562000,    1010.376930,     530.636728,    1010.376930,     530.645669
2827,   3.563000,    1010.376930,     530.636728,    1010.376930,     530.645728
2828,   3.565000,    1010.376930,     530.636728,    1010.376930,     530.645728
2829,   3.566000,    1010.376930,     530.636728,    1010.376930,     530.645669
2830,   3.567000,    1010.376930,     530.636728,    1010.376930,     530.645728
2831,   3.569000,    1010.376930,     530.636728,    1010.376930,     530.645728
2832,   3.570000,    1010.376930,     530.636728,    1010.376930,     530.645669
2833,   3.571000,    1010.376930,     530.636728,    1010.376930,     530.645669
2834,   3.572000,    1010.376930,     530.636728,    1010.376930,     530.645728
2835,   3.573000,    1010.376930,     530.636728,    1010.376930,     530.645788
2836,   3.574000,    1010.376930,     530.636728,    1010.376930,     530.645728
2837,   3.575000,    1010.376930,     530.636728,    1010.376930,     530.645669
2838,   3.576000,    1010.376930,     530.636728,    1010.376930,     530.645669
2839,   3.577000,    1010.376930,     530.636728,    1010.376930,     530.645728
2840,   3.579000,    1010.376930,     530.636728,    1010.376930,     530.645728
2841,   3.580000,    1010.376930,     530.636728,    1010.376930,     530.645669
2842,   3.581000,    1010.376930,     530.636728,    1010.376930,     530.645728
2843,   3.583000,    1010.376930,     530.636728,    1010.376930,     530.645728
2844,   3.584000,    1010.376930,     530.636728,    1010.376930,     530.645669
2845,   3.585000,    1010.376930,     530.636728,    1010.376930,     530.645728
2846,   3.587000,    1010.376930,     530.636728,    1010.376930,     530.645728
2847,   3.588000,    1010.376930,     530.636728,    1010.376930,     530.645669
2848,   3.589000,    1010.376930,     530.636728,    1010.376930,     530.645609
2849,   3.590000,    1010.376930,     530.636728,    1010.376930,     530.645728
2850,   3.591000,    1010.376930,     530.636728,    1010.376930,     530.645788
2851,   3.592000,    1010.376930,     530.636728,    1010.376930,     530.645728
2852,   3.593000,    1010.376930,     530.636728,    1010.376930,     530.645669
2853,   3.594000,    1010.376930,     530.636728,    1010.376930,     530.645669
2854,   3.595000,    1010.376930,     530.636728,    1010.376930,     530.645728
2855,   3.596000,    1010.376930,     530.636728,    1010.376930,     530.645788
2856,   3.597000,    1010.376930,     530.636728,    1010.376930,     530.645728
2857,   3.598000,    1010.376930,     530.636728,    1010.376930,     530.645669
2858,   3.599000,    1010.376930,     530.636728,    1010.376930,     530.645728
2859,   3.601000,    1010.376930,     530.636728,    1010.376930,     530.645728
2860,   3.602000,    1010.376930,     530.636728,    1010.376930,     530.645669
2861,   3.603000,    1010.376930,     530.636728,    1010.376930,     530.645669
2862,   3.604000,    1010.376930,     530.636728,    1010.376930,     530.645728
2863,   3.606000,    1010.376930,     530.636728,    1010.376930,     530.645728
2864,   3.607000,    1010.376930,     530.636728,    1010.376930,     530.645669
2865,   3.608000,    1010.376930,     530.636728,    1010.376930,     530.645669
2866,   3.609000,    1010.376930,     530.636728,    1010.376930,     530.645728
2867,   3.611000,    1010.376930,     530.636728,    1010.376930,     530.645728
2868,   3.612000,    1010.376930,     530.636728,    1010.376930,     530.645669
2869,   3.613000,    1010.376930,     530.636728,    1010.376930,     530.645728
2870,   3.615000,    1010.376930,     530.636728,    1010.376930,     530.645728
2871,   3.616000,    1010.376930,     530.636728,    1010.376930,     530.645669
2872,   3.617000,    1010.376930,     530.636728,    1010.376930,     530.645669
2873,   3.618000,    1010.376930,     530.636728,    1010.376930,     530.645728
2874,   3.620000,    1010.376930,     530.636728,    1010.376930,     530.645728
2875,   3.621000,    1010.376930,     530.636728,    1010.376930,     530.645669
2876,   3.622000,    1010.376930,     530.636728,    1010.376930,     530.645669
2877,   3.623000,    1010.376930,     530.636728,    1010.376930,     530.645728
2878,   3.625000,    1010.376930,     530.636728,    1010.376930,     530.645728
2879,   3.626000,    1010.376930,     530.636728,    1010.376930,     530.645669
2880,   3.627000,    1010.376930,     530.636728,    1010.376930,     530.645728
2881,   3.630000,    1010.376930,     530.636728,    1010.376930,     530.645728
2882,   3.631000,    1010.376930,     530.636728,    1010.376930,     530.645669
2883,   3.632000,    1010.376930,     530.636728,    1010.376930,     530.645728
2884,   3.633000,    1010.376930,     530.636728,    1010.376930,     530.645788
2885,   3.634000,    1010.376930,     530.636728,    1010.376930,     530.645728
2886,   3.635000,    1010.376930,     530.636728,    1010.376930,     530.645669
2887,   3.636000,    1010.376930,     530.636728,    1010.376930,     530.645728
2888,   3.639000,    1010.376930,     530.636728,    1010.376930,     530.645728
2889,   3.640000,    1010.376930,     530.636728,    1010.376930,     530.645669
2890,   3.641000,    1010.376930,     530.636728,    1010.376930,     530.645728
2891,   3.642000,    1010.376930,     530.636728,    1010.376930,     530.645788
2892,   3.643000,    1010.376930,     530.636728,    1010.376930,     530.645728
2893,   3.644000,    1010.376930,     530.636728,    1010.376930,     530.645669
2894,   3.645000,    1010.376930,     530.636728,    1010.376930,     530.645669
2895,   3.646000,    1010.376930,     530.636728,    1010.376930,     530.645728
2896,   3.648000,    1010.376930,     530.636728,    1010.376930,     530.645728
2897,   3.649000,    1010.376930,     530.636728,    1010.376930,     530.645669
2898,   3.650000,    1010.376930,     530.636728,    1010.376930,     530.645728
2899,   3.653000,    1010.376930,     530.636728,    1010.376930,     530.645728
2900,   3.654000,    1010.376930,     530.636728,    1010.376930,     530.645669
2901,   3.655000,    1010.376930,     530.636728,    1010.376930,     530.645728
2902,   3.657000,    1010.376930,     530.636728,    1010.376930,     530.645728
2903,   3.658000,    1010.376930,     530.636728,    1010.376930,     530.645669
2904,   3.659000,    1010.376930,     530.636728,    1010.376930,     530.645728
2905,   3.662000,    1010.376930,     530.636728,    1010.376930,     530.645728
2906,   3.663000,    1010.376930,     530.636728,    1010.376930,     530.645669
2907,   3.664000,    1010.376930,     530.636728,    1010.376930,     530.645728
2908,   3.675000,    1010.376930,     530.636728,    1010.376930,     530.645728
2909,   3.676000,    1010.376930,     530.636728,    1010.376930,     530.645669
2910,   3.677000,    1010.376930,     530.636728,    1010.376930,     530.645728
2911,   3.680000,    1010.376930,     530.636728,    1010.376930,     530.645728
2912,   3.681000,    1010.376930,     530.636728,    1010.376930,     530.645669
2913,   3.682000,    1010.376930,     530.636728,    1010.376930,     530.645728
2914,   3.684000,    1010.376930,     530.636728,    1010.376930,     530.645728
2915,   3.685000,    1010.376930,     530.636728,    1010.376930,     530.645669
2916,   3.686000,    1010.376930,     530.636728,    1010.376930,     530.645669
2917,   3.687000,    1010.376930,     530.636728,    1010.376930,     530.645728
2918,   3.690000,    1010.376930,     530.636728,    1010.376930,     530.645728
2919,   3.691000,    1010.376930,     530.636728,    1010.376930,     530.645669
2920,   3.692000,    1010.376930,     530.636728,    1010.376930,     530.645728
2921,   3.694000,    1010.376930,     530.636728,    1010.376930,     530.645728
2922,   3.695000,    1010.376930,     530.636728,    1010.376930,     530.645669
2923,   3.696000,    1010.376930,     530.636728,    1010.376930,     530.645669
2924,   3.697000,    1010.376930,     530.636728,    1010.376930,     530.645728
2925,   3.704000,    1010.376930,     530.636728,    1010.376930,     530.645728
2926,   3.705000,    1010.376930,     530.636728,    1010.376930,     530.645669
2927,   3.706000,    1010.376930,     530.636728,    1010.376930,     530.645728
2928,   3.713000,    1010.376930,     530.636728,    1010.376930,     530.645728
2929,   3.714000,    1010.376930,     530.636728,    1010.376930,     530.645669
2930,   3.715000,    1010.376930,     530.636728,    1010.376930,     530.645669
2931,   3.716000,    1010.376930,     530.636728,    1010.376930,     530.645728
2932,   3.718000,    1010.376930,     530.636728,    1010.376930,     530.645728
2933,   3.719000,    1010.376930,     530.636728,    1010.376930,     530.645669
2934,   3.720000,    1010.376930,     530.636728,    1010.376930,     530.645669
2935,   3.721000,    1010.376930,     530.636728,    1010.376930,     530.645728
2936,   3.723000,    1010.376930,     530.636728,    1010.376930,     530.645728
2937,   3.724000,    1010.376930,     530.636728,    1010.376930,     530.645669
2938,   3.725000,    1010.376930,     530.636728,    1010.376930,     530.645669
2939,   3.726000,    1010.376930,     530.636728,    1010.376930,     530.645728
2940,   3.728000,    1010.376930,     530.636728,    1010.376930,     530.645728
2941,   3.729000,    1010.376930,     530.636728,    1010.376930,     530.645669
2942,   3.730000,    1010.376930,     530.636728,    1010.376930,     530.645728
2943,   3.742000,    1010.376930,     530.636728,    1010.376930,     530.645728
2944,   3.743000,    1010.376930,     530.636728,    1010.376930,     530.645669
2945,   3.744000,    1010.376930,     530.636728,    1010.376930,     530.645728
2946,   3.746000,    1010.376930,     530.636728,    1010.376930,     530.645728
2947,   3.747000,    1010.376930,     530.636728,    1010.376930,     530.645669
2948,   3.748000,    1010.376930,     530.636728,    1010.376930,     530.645728
2949,   3.751000,    1010.376930,     530.636728,    1010.376930,     530.645728
2950,   3.752000,    1010.376930,     530.636728,    1010.376930,     530.645669
2951,   3.753000,    1010.376930,     530.636728,    1010.376930,     530.645728
2952,   3.755000,    1010.376930,     530.636728,    1010.376930,     530.645728
2953,   3.756000,    1010.376930,     530.636728,    1010.376930,     530.645669
2954,   3.757000,    1010.376930,     530.636728,    1010.376930,     530.645728
2955,   3.760000,    1010.376930,     530.636728,    1010.376930,     530.645728
2956,   3.761000,    1010.376930,     530.636728,    1010.376930,     530.645669
2957,   3.762000,    1010.376930,     530.636728,    1010.376930,     530.645728
2958,   3.764000,    1010.376930,     530.636728,    1010.376930,     530.645728
2959,   3.765000,    1010.376930,     530.636728,    1010.376930,     530.645669
2960,   3.766000,    1010.376930,     530.636728,    1010.376930,     530.645728
2961,   3.773000,    1010.376930,     530.636728,    1010.376930,     530.645728
2962,   3.774000,    1010.376930,     530.636728,    1010.376930,     530.645669
2963,   3.775000,    1010.376930,     530.636728,    1010.376930,     530.645669
2964,   3.776000,    1010.376930,     530.636728,    1010.376930,     530.645728
2965,   3.778000,    1010.376930,     530.636728,    1010.376930,     530.645728
2966,   3.779000,    1010.376930,     530.636728,    1010.376930,     530.645669
2967,   3.780000,    1010.376930,     530.636728,    1010.376930,     530.645669
2968,   3.781000,    1010.376930,     530.636728,    1010.376930,     530.645728
2969,   3.782000,    1010.376930,     530.636728,    1010.376930,     530.645788
2970,   3.783000,    1010.376930,     530.636728,    1010.376930,     530.645728
2971,   3.784000,    1010.376930,     530.636728,    1010.376930,     530.645669
2972,   3.785000,    1010.376930,     530.636728,    1010.376930,     530.645728
2973,   3.786000,    1010.376930,     530.636728,    1010.376930,     530.645788
2974,   3.787000,    1010.376930,     530.636728,    1010.376930,     530.645728
2975,   3.788000,    1010.376930,     530.636728,    1010.376930,     530.645669
2976,   3.789000,    1010.376930,     530.636728,    1010.376930,     530.645669
2977,   3.790000,    1010.376930,     530.636728,    1010.376930,     530.645728
2978,   3.791000,    1010.376930,     530.636728,    1010.376930,     530.645788
2979,   3.792000,    1010.376930,     530.636728,    1010.376930,     530.645728
2980,   3.793000,    1010.376930,     530.636728,    1010.376930,     530.645669
2981,   3.794000,    1010.376930,     530.636728,    1010.376930,     530.645669
2982,   3.795000,    1010.376930,     530.636728,    1010.376930,     530.645728
2983,   3.796000,    1010.376930,     530.636728,    1010.376930,     530.645788
2984,   3.797000,    1010.376930,     530.636728,    1010.376930,     530.645728
2985,   3.798000,    1010.376930,     530.636728,    1010.376930,     530.645669
2986,   3.799000,    1010.376930,     530.636728,    1010.376930,     530.645669
2987,   3.800000,    1010.376930,     530.636728,    1010.376930,     530.645728
2988,   3.802000,    1010.376930,     530.636728,    1010.376930,     530.645728
2989,   3.803000,    1010.376930,     530.636728,    1010.376930,     530.645669
2990,   3.804000,    1010.376930,     530.636728,    1010.376930,     530.645728
2991,   3.807000,    1010.376930,     530.636728,    1010.376930,     530.645728
2992,   3.808000,    1010.376930,     530.636728,    1010.376930,     530.645669
2993,   3.809000,    1010.376930,     530.636728,    1010.376930,     530.645728
2994,   3.811000,    1010.376930,     530.636728,    1010.376930,     530.645728
2995,   3.812000,    1010.376930,     530.636728,    1010.376930,     530.645669
2996,   3.813000,    1010.376930,     530.636728,    1010.376930,     530.645728
2997,   3.816000,    1010.376930,     530.636728,    1010.376930,     530.645728
2998,   3.817000,    1010.376930,     530.636728,    1010.376930,     530.645669
2999,   3.818000,    1010.376930,     530.636728,    1010.376930,     530.645728
3000,   3.820000,    1010.376930,     530.636728,    1010.376930,     530.645728
3001,   3.821000,    1010.376930,     530.636728,    1010.376930,     530.645669
3002,   3.822000,    1010.376930,     530.636728,    1010.376930,     530.645728
3003,   3.825000,    1010.376930,     530.636728,    1010.376930,     530.645728
3004,   3.826000,    1010.376930,     530.636728,    1010.376930,     530.645669
3005,   3.827000,    1010.376930,     530.636728,    1010.376930,     530.645728
3006,   3.839000,    1010.376930,     530.636728,    1010.376930,     530.645728
3007,   3.840000,    1010.376930,     530.636728,    1010.376930,     530.645669
3008,   3.841000,    1010.376930,     530.636728,    1010.376930,     530.645728
3009,   3.848000,    1010.376930,     530.636728,    1010.376930,     530.645728
3010,   3.849000,    1010.376930,     530.636728,    1010.376930,     530.645669
3011,   3.850000,    1010.376930,     530.636728,    1010.376930,     530.645669
3012,   3.851000,    1010.376930,     530.636728,    1010.376930,     530.645728
3013,   3.853000,    1010.376930,     530.636728,    1010.376930,     530.645728
3014,   3.854000,    1010.376930,     530.636728,    1010.376930,     530.645669
3015,   3.855000,    1010.376930,     530.636728,    1010.376930,     530.645669
3016,   3.856000,    1010.376930,     530.636728,    1010.376930,     530.645728
3017,   3.858000,    1010.376930,     530.636728,    1010.376930,     530.645728
3018,   3.859000,    1010.376930,     530.636728,    1010.376930,     530.645669
3019,   3.860000,    1010.376930,     530.636728,    1010.376930,     530.645728
3020,   3.867000,    1010.376930,     530.636728,    1010.376930,     530.645728
3021,   3.868000,    1010.376930,     530.636728,    1010.376930,     530.645669
3022,   3.869000,    1010.376930,     530.636728,    1010.376930,     530.645728
3023,   3.871000,    1010.376930,     530.636728,    1010.376930,     530.645728
3024,   3.872000,    1010.376930,     530.636728,    1010.376930,     530.645669
3025,   3.873000,    1010.376930,     530.636728,    1010.376930,     530.645728
3026,   3.876000,    1010.376930,     530.636728,    1010.376930,     530.645728
3027,   3.877000,    1010.376930,     530.636728,    1010.376930,     530.645669
3028,   3.878000,    1010.376930,     530.636728,    1010.376930,     530.645728
3029,   3.881000,    1010.376930,     530.636728,    1010.376930,     530.645728
3030,   3.882000,    1010.376930,     530.636728,    1010.376930,     530.645669
3031,   3.883000,    1010.376930,     530.636728,    1010.376930,     530.645728
3032,   3.885000,    1010.376930,     530.636728,    1010.376930,     530.645728
3033,   3.886000,    1010.376930,     530.636728,    1010.376930,     530.645669
3034,   3.887000,    1010.376930,     530.636728,    1010.376930,     530.645669
3035,   3.888000,    1010.376930,     530.636728,    1010.376930,     530.645728
3036,   3.890000,    1010.376930,     530.636728,    1010.376930,     530.645728
3037,   3.891000,    1010.376930,     530.636728,    1010.376930,     530.645669
3038,   3.892000,    1010.376930,     530.636728,    1010.376930,     530.645728
3039,   3.893000,    1010.376930,     530.636728,    1010.376930,     530.645788
3040,   3.894000,    1010.376930,     530.636728,    1010.376930,     530.645728
3041,   3.895000,    1010.376930,     530.636728,    1010.376930,     530.645669
3042,   3.896000,    1010.376930,     530.636728,    1010.376930,     530.645669
3043,   3.897000,    1010.376930,     530.636728,    1010.376930,     530.645728
3044,   3.899000,    1010.376930,     530.636728,    1010.376930,     530.645728
3045,   3.900000,    1010.376930,     530.636728,    1010.376930,     530.645669
3046,   3.901000,    1010.376930,     530.636728,    1010.376930,     530.645669
3047,   3.902000,    1010.376930,     530.636728,    1010.376930,     530.645728
3048,   3.904000,    1010.376930,     530.636728,    1010.376930,     530.645728
3049,   3.905000,    1010.376930,     530.636728,    1010.376930,     530.645669
3050,   3.906000,    1010.376930,     530.636728,    1010.376930,     530.645728
3051,   3.908000,    1010.376930,     530.636728,    1010.376930,     530.645728
3052,   3.909000,    1010.376930,     530.636728,    1010.376930,     530.645669
3053,   3.910000,    1010.376930,     530.636728,    1010.376930,     530.645669
3054,   3.911000,    1010.376930,     530.636728,    1010.376930,     530.645728
3055,   3.912000,    1010.376930,     530.636728,    1010.376930,     530.645788
3056,   3.913000,    1010.376930,     530.636728,    1010.376930,     530.645728
3057,   3.914000,    1010.376930,     530.636728,    1010.376930,     530.645669
3058,   3.915000,    1010.376930,     530.636728,    1010.376930,     530.645728
3059,   3.918000,    1010.376930,     530.636728,    1010.376930,     530.645728
3060,   3.919000,    1010.376930,     530.636728,    1010.376930,     530.645669
3061,   3.920000,    1010.376930,     530.636728,    1010.376930,     530.645669
3062,   3.921000,    1010.376930,     530.636728,    1010.376930,     530.645728
3063,   3.923000,    1010.376930,     530.636728,    1010.376930,     530.645728
3064,   3.924000,    1010.376930,     530.636728,    1010.376930,     530.645669
3065,   3.925000,    1010.376930,     530.636728,    1010.376930,     530.645669
3066,   3.926000,    1010.376930,     530.636728,    1010.376930,     530.645728
3067,   3.928000,    1010.376930,     530.636728,    1010.376930,     530.645728
3068,   3.929000,    1010.376930,     530.636728,    1010.376930,     530.645669
3069,   3.930000,    1010.376930,     530.636728,    1010.376930,     530.645669
3070,   3.931000,    1010.376930,     530.636728,    1010.376930,     530.645728
3071,   3.934000,    1010.376930,     530.636728,    1010.376930,     530.645728
3072,   3.935000,    1010.376930,     530.636728,    1010.376930,     530.645669
3073,   3.936000,    1010.376930,     530.636728,    1010.376930,     530.645669
3074,   3.937000,    1010.376930,     530.636728,    1010.376930,     530.645728
3075,   3.939000,    1010.376930,     530.636728,    1010.376930,     530.645728
3076,   3.940000,    1010.376930,     530.636728,    1010.376930,     530.645669
3077,   3.941000,    1010.376930,     530.636728,    1010.376930,     530.645728
3078,   3.944000,    1010.376930,     530.636728,    1010.376930,     530.645728
3079,   3.945000,    1010.376930,     530.636728,    1010.376930,     530.645669
3080,   3.946000,    1010.376930,     530.636728,    1010.376930,     530.645728
3081,   3.948000,    1010.376930,     530.636728,    1010.376930,     530.645728
3082,   3.949000,    1010.376930,     530.636728,    1010.376930,     530.645669
3083,   3.950000,    1010.376930,     530.636728,    1010.376930,     530.645669
3084,   3.951000,    1010.376930,     530.636728,    1010.376930,     530.645728
3085,   3.952000,    1010.376930,     530.636728,    1010.376930,     530.645788
3086,   3.953000,    1010.376930,     530.636728,    1010.376930,     530.645728
3087,   3.954000,    1010.376930,     530.636728,    1010.376930,     530.645669
3088,   3.955000,    1010.376930,     530.636728,    1010.376930,     530.645669
3089,   3.956000,    1010.376930,     530.636728,    1010.376930,     530.645728
3090,   3.958000,    1010.376930,     530.636728,    1010.376930,     530.645728
3091,   3.959000,    1010.376930,     530.636728,    1010.376930,     530.645669
3092,   3.960000,    1010.376930,     530.636728,    1010.376930,     530.645669
3093,   3.961000,    1010.376930,     530.636728,    1010.376930,     530.645728
3094,   3.963000,    1010.376930,     530.636728,    1010.376930,     530.645728
3095,   3.964000,    1010.376930,     530.636728,    1010.376930,     530.645669
3096,   3.965000,    1010.376930,     530.636728,    1010.376930,     530.645728
3097,   3.967000,    1010.376930,     530.636728,    1010.376930,     530.645728
3098,   3.968000,    1010.376930,     530.636728,    1010.376930,     530.645669
3099,   3.969000,    1010.376930,     530.636728,    1010.376930,     530.645669
3100,   3.970000,    1010.376930,     530.636728,    1010.376930,     530.645728
3101,   3.972000,    1010.376930,     530.636728,    1010.376930,     530.645728
3102,   3.973000,    1010.376930,     530.636728,    1010.376930,     530.645669
3103,   3.974000,    1010.376930,     530.636728,    1010.376930,     530.645728
3104,   3.977000,    1010.376930,     530.636728,    1010.376930,     530.645728
3105,   3.978000,    1010.376930,     530.636728,    1010.376930,     530.645669
3106,   3.979000,    1010.376930,     530.636728,    1010.376930,     530.645728
3107,   3.981000,    1010.376930,     530.636728,    1010.376930,     530.645728
3108,   3.982000,    1010.376930,     530.636728,    1010.376930,     530.645669
3109,   3.983000,    1010.376930,     530.636728,    1010.376930,     530.645728
3110,   3.986000,    1010.376930,     530.636728,    1010.376930,     530.645728
3111,   3.987000,    1010.376930,     530.636728,    1010.376930,     530.645669
3112,   3.988000,    1010.376930,     530.636728,    1010.376930,     530.645728
3113,   3.991000,    1010.376930,     530.636728,    1010.376930,     530.645728
3114,   3.992000,    1010.376930,     530.636728,    1010.376930,     530.645669
3115,   3.993000,    1010.376930,     530.636728,    1010.376930,     530.645728
3116,   3.994000,    1010.376930,     530.636728,    1010.376930,     530.645788
3117,   3.995000,    1010.376930,     530.636728,    1010.376930,     530.645728
3118,   3.996000,    1010.376930,     530.636728,    1010.376930,     530.645669
3119,   3.997000,    1010.376930,     530.636728,    1010.376930,     530.645728
3120,   3.999000,    1010.376930,     530.636728,    1010.376930,     530.645728
3121,   4.000000,    1010.376930,     530.636728,    1010.376930,     530.645669
3122,   4.001000,    1010.376930,     530.636728,    1010.376930,     530.645669
3123,   4.002000,    1010.376930,     530.636728,    1010.376930,     530.645728
3124,   4.004000,    1010.376930,     530.636728,    1010.376930,     530.645728
3125,   4.005000,    1010.376930,     530.636728,    1010.376930,     530.645669
3126,   4.006000,    1010.376930,     530.636728,    1010.376930,     530.645669
3127,   4.007000,    1010.376930,     530.636728,    1010.376930,     530.645728
3128,   4.009000,    1010.376930,     530.636728,    1010.376930,     530.645728
3129,   4.010000,    1010.376930,     530.636728,    1010.376930,     530.645669
3130,   4.011000,    1010.376930,     530.636728,    1010.376930,     530.645728
3131,   4.014000,    1010.376930,     530.636728,    1010.376930,     530.645728
3132,   4.015000,    1010.376930,     530.636728,    1010.376930,     530.645669
3133,   4.016000,    1010.376930,     530.636728,    1010.376930,     530.645728
3134,   4.018000,    1010.376930,     530.636728,    1010.376930,     530.645728
3135,   4.019000,    1010.376930,     530.636728,    1010.376930,     530.645669
3136,   4.020000,    1010.376930,     530.636728,    1010.376930,     530.645728
3137,   4.022000,    1010.376930,     530.636728,    1010.376930,     530.645728
3138,   4.023000,    1010.376930,     530.636728,    1010.376930,     530.645669
3139,   4.024000,    1010.376930,     530.636728,    1010.376930,     530.645669
3140,   4.025000,    1010.376930,     530.636728,    1010.376930,     530.645728
3141,   4.026000,    1010.376930,     530.636728,    1010.376930,     530.645788
3142,   4.027000,    1010.376930,     530.636728,    1010.376930,     530.645728
3143,   4.028000,    1010.376930,     530.636728,    1010.376930,     530.645609
3144,   4.029000,    1010.376930,     530.636728,    1010.376930,     530.645669
3145,   4.030000,    1010.376930,     530.636728,    1010.376930,     530.645788
3146,   4.031000,    1010.376930,     530.636728,    1010.376930,     530.645728
3147,   4.032000,    1010.376930,     530.636728,    1010.376930,     530.645728
3148,   4.033000,    1010.376930,     530.636728,    1010.376930,     530.645669
3149,   4.034000,    1010.376930,     530.636728,    1010.376930,     530.645728
3150,   4.035000,    1010.376930,     530.636728,    1010.376930,     530.645788
3151,   4.036000,    1010.376930,     530.636728,    1010.376930,     530.645728
3152,   4.037000,    1010.376930,     530.636728,    1010.376930,     530.645669
3153,   4.038000,    1010.376930,     530.636728,    1010.376930,     530.645669
3154,   4.039000,    1010.376930,     530.636728,    1010.376930,     530.645728
3155,   4.040000,    1010.376930,     530.636728,    1010.376930,     530.645788
3156,   4.041000,    1010.376930,     530.636728,    1010.376930,     530.645728
3157,   4.042000,    1010.376930,     530.636728,    1010.376930,     530.645669
3158,   4.043000,    1010.376930,     530.636728,    1010.376930,     530.645669
3159,   4.044000,    1010.376930,     530.636728,    1010.376930,     530.645728
3160,   4.046000,    1010.376930,     530.636728,    1010.376930,     530.645728
3161,   4.047000,    1010.376930,     530.636728,    1010.376930,     530.645669
3162,   4.048000,    1010.376930,     530.636728,    1010.376930,     530.645728
3163,   4.049000,    1010.376930,     530.636728,    1010.376930,     530.645788
3164,   4.050000,    1010.376930,     530.636728,    1010.376930,     530.645728
3165,   4.051000,    1010.376930,     530.636728,    1010.376930,     530.645669
3166,   4.052000,    1010.376930,     530.636728,    1010.376930,     530.645669
3167,   4.053000,    1010.376930,     530.636728,    1010.376930,     530.645728
3168,   4.054000,    1010.376930,     530.636728,    1010.376930,     530.645788
3169,   4.055000,    1010.376930,     530.636728,    1010.376930,     530.645728
3170,   4.056000,    1010.376930,     530.636728,    1010.376930,     530.645609
3171,   4.057000,    1010.376930,     530.636728,    1010.376930,     530.645669
3172,   4.058000,    1010.376930,     530.636728,    1010.376930,     530.645728
3173,   4.060000,    1010.376930,     530.636728,    1010.376930,     530.645728
3174,   4.061000,    1010.376930,     530.636728,    1010.376930,     530.645669
3175,   4.062000,    1010.376930,     530.636728,    1010.376930,     530.645728
3176,   4.064000,    1010.376930,     530.636728,    1010.376930,     530.645728
3177,   4.065000,    1010.376930,     530.636728,    1010.376930,     530.645669
3178,   4.066000,    1010.376930,     530.636728,    1010.376930,     530.645669
3179,   4.067000,    1010.376930,     530.636728,    1010.376930,     530.645728
3180,   4.069000,    1010.376930,     530.636728,    1010.376930,     530.645728
3181,   4.070000,    1010.376930,     530.636728,    1010.376930,     530.645669
3182,   4.071000,    1010.376930,     530.636728,    1010.376930,     530.645669
3183,   4.072000,    1010.376930,     530.636728,    1010.376930,     530.645728
3184,   4.074000,    1010.376930,     530.636728,    1010.376930,     530.645728
3185,   4.075000,    1010.376930,     530.636728,    1010.376930,     530.645669
3186,   4.076000,    1010.376930,     530.636728,    1010.376930,     530.645728
3187,   4.079000,    1010.376930,     530.636728,    1010.376930,     530.645728
3188,   4.080000,    1010.376930,     530.636728,    1010.376930,     530.645669
3189,   4.081000,    1010.376930,     530.636728,    1010.376930,     530.645728
3190,   4.083000,    1010.376930,     530.636728,    1010.376930,     530.645728
3191,   4.084000,    1010.376930,     530.636728,    1010.376930,     530.645669
3192,   4.085000,    1010.376930,     530.636728,    1010.376930,     530.645669
3193,   4.086000,    1010.376930,     530.636728,    1010.376930,     530.645728
3194,   4.088000,    1010.376930,     530.636728,    1010.376930,     530.645728
3195,   4.089000,    1010.376930,     530.636728,    1010.376930,     530.645669
3196,   4.090000,    1010.376930,     530.636728,    1010.376930,     530.645728
3197,   4.091000,    1010.376930,     530.636728,    1010.376930,     530.645788
3198,   4.092000,    1010.376930,     530.636728,    1010.376930,     530.645728
3199,   4.093000,    1010.376930,     530.636728,    1010.376930,     530.645728
3200,   4.094000,    1010.376930,     530.636728,    1010.376930,     530.645669
3201,   4.095000,    1010.376930,     530.636728,    1010.376930,     530.645728
3202,   4.097000,    1010.376930,     530.636728,    1010.376930,     530.645728
3203,   4.098000,    1010.376930,     530.636728,    1010.376930,     530.645669
3204,   4.099000,    1010.376930,     530.636728,    1010.376930,     530.645728
3205,   4.102000,    1010.376930,     530.636728,    1010.376930,     530.645728
3206,   4.103000,    1010.376930,     530.636728,    1010.376930,     530.645669
3207,   4.104000,    1010.376930,     530.636728,    1010.376930,     530.645728
3208,   4.116000,    1010.376930,     530.636728,    1010.376930,     530.645728
3209,   4.117000,    1010.376930,     530.636728,    1010.376930,     530.645669
3210,   4.118000,    1010.376930,     530.636728,    1010.376930,     530.645728
3211,   4.121000,    1010.376930,     530.636728,    1010.376930,     530.645728
3212,   4.122000,    1010.376930,     530.636728,    1010.376930,     530.645669
3213,   4.123000,    1010.376930,     530.636728,    1010.376930,     530.645669
3214,   4.124000,    1010.376930,     530.636728,    1010.376930,     530.645728
3215,   4.126000,    1010.376930,     530.636728,    1010.376930,     530.645728
3216,   4.127000,    1010.376930,     530.636728,    1010.376930,     530.645669
3217,   4.128000,    1010.376930,     530.636728,    1010.376930,     530.645728
3218,   4.131000,    1010.376930,     530.636728,    1010.376930,     530.645728
3219,   4.132000,    1010.376930,     530.636728,    1010.376930,     530.645669
3220,   4.133000,    1010.376930,     530.636728,    1010.376930,     530.645669
3221,   4.134000,    1010.376930,     530.636728,    1010.376930,     530.645728
3222,   4.150000,    1010.376930,     530.636728,    1010.376930,     530.645728
3223,   4.151000,    1010.376930,     530.636728,    1010.376930,     530.645669
3224,   4.152000,    1010.376930,     530.636728,    1010.376930,     530.645728
3225,   4.153000,    1010.376930,     530.636728,    1010.376930,     530.645788
3226,   4.154000,    1010.376930,     530.636728,    1010.376930,     530.645728
3227,   4.155000,    1010.376930,     530.636728,    1010.376930,     530.645669
3228,   4.156000,    1010.376930,     530.636728,    1010.376930,     530.645669
3229,   4.157000,    1010.376930,     530.636728,    1010.376930,     530.645728
3230,   4.158000,    1010.376930,     530.636728,    1010.376930,     530.645788
3231,   4.159000,    1010.376930,     530.636728,    1010.376930,     530.645728
3232,   4.160000,    1010.376930,     530.636728,    1010.376930,     530.645669
3233,   4.161000,    1010.376930,     530.636728,    1010.376930,     530.645669
3234,   4.162000,    1010.376930,     530.636728,    1010.376930,     530.645728
3235,   4.163000,    1010.376930,     530.636728,    1010.376930,     530.645788
3236,   4.164000,    1010.376930,     530.636728,    1010.376930,     530.645728
3237,   4.165000,    1010.376930,     530.636728,    1010.376930,     530.645669
3238,   4.166000,    1010.376930,     530.636728,    1010.376930,     530.645728
3239,   4.167000,    1010.376930,     530.636728,    1010.376930,     530.645788
3240,   4.168000,    1010.376930,     530.636728,    1010.376930,     530.645728
3241,   4.169000,    1010.376930,     530.636728,    1010.376930,     530.645669
3242,   4.170000,    1010.376930,     530.636728,    1010.376930,     530.645669
3243,   4.171000,    1010.376930,     530.636728,    1010.376930,     530.645728
3244,   4.172000,    1010.376930,     530.636728,    1010.376930,     530.645788
3245,   4.173000,    1010.376930,     530.636728,    1010.376930,     530.645728
3246,   4.174000,    1010.376930,     530.636728,    1010.376930,     530.645669
3247,   4.175000,    1010.376930,     530.636728,    1010.376930,     530.645669
3248,   4.176000,    1010.376930,     530.636728,    1010.376930,     530.645728
3249,   4.178000,    1010.376930,     530.636728,    1010.376930,     530.645728
3250,   4.179000,    1010.376930,     530.636728,    1010.376930,     530.645669
3251,   4.180000,    1010.376930,     530.636728,    1010.376930,     530.645728
3252,   4.183000,    1010.376930,     530.636728,    1010.376930,     530.645728
3253,   4.184000,    1010.376930,     530.636728,    1010.376930,     530.645669
3254,   4.185000,    1010.376930,     530.636728,    1010.376930,     530.645728
3255,   4.187000,    1010.376930,     530.636728,    1010.376930,     530.645728
3256,   4.188000,    1010.376930,     530.636728,    1010.376930,     530.645669
3257,   4.189000,    1010.376930,     530.636728,    1010.376930,     530.645669
3258,   4.190000,    1010.376930,     530.636728,    1010.376930,     530.645728
3259,   4.192000,    1010.376930,     530.636728,    1010.376930,     530.645728
3260,   4.193000,    1010.376930,     530.636728,    1010.376930,     530.645669
3261,   4.194000,    1010.376930,     530.636728,    1010.376930,     530.645728
3262,   4.196000,    1010.376930,     530.636728,    1010.376930,     530.645728
3263,   4.197000,    1010.376930,     530.636728,    1010.376930,     530.645669
3264,   4.198000,    1010.376930,     530.636728,    1010.376930,     530.645669
3265,   4.199000,    1010.376930,     530.636728,    1010.376930,     530.645728
3266,   4.202000,    1010.376930,     530.636728,    1010.376930,     530.645728
3267,   4.203000,    1010.376930,     530.636728,    1010.376930,     530.645669
3268,   4.204000,    1010.376930,     530.636728,    1010.376930,     530.645728
3269,   4.206000,    1010.376930,     530.636728,    1010.376930,     530.645728
3270,   4.207000,    1010.376930,     530.636728,    1010.376930,     530.645669
3271,   4.208000,    1010.376930,     530.636728,    1010.376930,     530.645669
3272,   4.209000,    1010.376930,     530.636728,    1010.376930,     530.645728
3273,   4.211000,    1010.376930,     530.636728,    1010.376930,     530.645728
3274,   4.212000,    1010.376930,     530.636728,    1010.376930,     530.645669
3275,   4.213000,    1010.376930,     530.636728,    1010.376930,     530.645728
3276,   4.216000,    1010.376930,     530.636728,    1010.376930,     530.645728
3277,   4.217000,    1010.376930,     530.636728,    1010.376930,     530.645669
3278,   4.218000,    1010.376930,     530.636728,    1010.376930,     530.645728
3279,   4.221000,    1010.376930,     530.636728,    1010.376930,     530.645728
3280,   4.222000,    1010.376930,     530.636728,    1010.376930,     530.645669
3281,   4.223000,    1010.376930,     530.636728,    1010.376930,     530.645728
3282,   4.225000,    1010.376930,     530.636728,    1010.376930,     530.645728
3283,   4.226000,    1010.376930,     530.636728,    1010.376930,     530.645669
3284,   4.227000,    1010.376930,     530.636728,    1010.376930,     530.645669
3285,   4.228000,    1010.376930,     530.636728,    1010.376930,     530.645728
3286,   4.230000,    1010.376930,     530.636728,    1010.376930,     530.645728
3287,   4.231000,    1010.376930,     530.636728,    1010.376930,     530.645669
3288,   4.232000,    1010.376930,     530.636728,    1010.376930,     530.645728
3289,   4.234000,    1010.376930,     530.636728,    1010.376930,     530.645728
3290,   4.235000,    1010.376930,     530.636728,    1010.376930,     530.645669
3291,   4.236000,    1010.376930,     530.636728,    1010.376930,     530.645728
3292,   4.239000,    1010.376930,     530.636728,    1010.376930,     530.645728
3293,   4.240000,    1010.376930,     530.636728,    1010.376930,     530.645669
3294,   4.241000,    1010.376930,     530.636728,    1010.376930,     530.645669
3295,   4.242000,    1010.376930,     530.636728,    1010.376930,     530.645728
3296,   4.244000,    1010.376930,     530.636728,    1010.376930,     530.645728
3297,   4.245000,    1010.376930,     530.636728,    1010.376930,     530.645669
3298,   4.246000,    1010.376930,     530.636728,    1010.376930,     530.645728
3299,   4.248000,    1010.376930,     530.636728,    1010.376930,     530.645728
3300,   4.249000,    1010.376930,     530.636728,    1010.376930,     530.645669
3301,   4.250000,    1010.376930,     530.636728,    1010.376930,     530.645728
3302,   4.253000,    1010.376930,     530.636728,    1010.376930,     530.645728
3303,   4.254000,    1010.376930,     530.636728,    1010.376930,     530.645669
3304,   4.255000,    1010.376930,     530.636728,    1010.376930,     530.645728
3305,   4.258000,    1010.376930,     530.636728,    1010.376930,     530.645728
3306,   4.259000,    1010.376930,     530.636728,    1010.376930,     530.645669
3307,   4.260000,    1010.376930,     530.636728,    1010.376930,     530.645728
3308,   4.280000,    1010.376930,     530.636728,    1010.376930,     530.645728
3309,   4.281000,    1010.376930,     530.636728,    1010.376930,     530.645669
3310,   4.282000,    1010.376930,     530.636728,    1010.376930,     530.645669
3311,   4.283000,    1010.376930,     530.636728,    1010.376930,     530.645728
3312,   4.285000,    1010.376930,     530.636728,    1010.376930,     530.645728
3313,   4.286000,    1010.376930,     530.636728,    1010.376930,     530.645669
3314,   4.287000,    1010.376930,     530.636728,    1010.376930,     530.645669
3315,   4.288000,    1010.376930,     530.636728,    1010.376930,     530.645728
3316,   4.290000,    1010.376930,     530.636728,    1010.376930,     530.645728
3317,   4.291000,    1010.376930,     530.636728,    1010.376930,     530.645669
3318,   4.292000,    1010.376930,     530.636728,    1010.376930,     530.645728
3319,   4.304000,    1010.376930,     530.636728,    1010.376930,     530.645728
3320,   4.305000,    1010.376930,     530.636728,    1010.376930,     530.645669
3321,   4.306000,    1010.376930,     530.636728,    1010.376930,     530.645728
3322,   4.308000,    1010.376930,     530.636728,    1010.376930,     530.645728
3323,   4.309000,    1010.376930,     530.636728,    1010.376930,     530.645669
3324,   4.310000,    1010.376930,     530.636728,    1010.376930,     530.645669
3325,   4.311000,    1010.376930,     530.636728,    1010.376930,     530.645728
3326,   4.318000,    1010.376930,     530.636728,    1010.376930,     530.645728
3327,   4.319000,    1010.376930,     530.636728,    1010.376930,     530.645669
3328,   4.320000,    1010.376930,     530.636728,    1010.376930,     530.645728
3329,   4.323000,    1010.376930,     530.636728,    1010.376930,     530.645728
3330,   4.324000,    1010.376930,     530.636728,    1010.376930,     530.645669
3331,   4.325000,    1010.376930,     530.636728,    1010.376930,     530.645728
3332,   4.328000,    1010.376930,     530.636728,    1010.376930,     530.645728
3333,   4.329000,    1010.376930,     530.636728,    1010.376930,     530.645669
3334,   4.330000,    1010.376930,     530.636728,    1010.376930,     530.645728
3335,   4.332000,    1010.376930,     530.636728,    1010.376930,     530.645728
3336,   4.333000,    1010.376930,     530.636728,    1010.376930,     530.645669
3337,   4.334000,    1010.376930,     530.636728,    1010.376930,     530.645728
3338,   4.337000,    1010.376930,     530.636728,    1010.376930,     530.645728
3339,   4.338000,    1010.376930,     530.636728,    1010.376930,     530.645669
3340,   4.339000,    1010.376930,     530.636728,    1010.376930,     530.645728
3341,   4.340000,    1010.376930,     530.636728,    1010.376930,     530.645788
3342,   4.341000,    1010.376930,     530.636728,    1010.376930,     530.645728
3343,   4.342000,    1010.376930,     530.636728,    1010.376930,     530.645669
3344,   4.343000,    1010.376930,     530.636728,    1010.376930,     530.645669
3345,   4.344000,    1010.376930,     530.636728,    1010.376930,     530.645728
3346,   4.346000,    1010.376930,     530.636728,    1010.376930,     530.645728
3347,   4.347000,    1010.376930,     530.636728,    1010.376930,     530.645669
3348,   4.348000,    1010.376930,     530.636728,    1010.376930,     530.645728
3349,   4.355000,    1010.376930,     530.636728,    1010.376930,     530.645728
3350,   4.356000,    1010.376930,     530.636728,    1010.376930,     530.645669
3351,   4.357000,    1010.376930,     530.636728,    1010.376930,     530.645669
3352,   4.358000,    1010.376930,     530.636728,    1010.376930,     530.645728
3353,   4.360000,    1010.376930,     530.636728,    1010.376930,     530.645728
3354,   4.361000,    1010.376930,     530.636728,    1010.376930,     530.645669
3355,   4.362000,    1010.376930,     530.636728,    1010.376930,     530.645728
3356,   4.363000,    1010.376930,     530.636728,    1010.376930,     530.645788
3357,   4.364000,    1010.376930,     530.636728,    1010.376930,     530.645728
3358,   4.365000,    1010.376930,     530.636728,    1010.376930,     530.645669
3359,   4.366000,    1010.376930,     530.636728,    1010.376930,     530.645669
3360,   4.367000,    1010.376930,     530.636728,    1010.376930,     530.645728
3361,   4.369000,    1010.376930,     530.636728,    1010.376930,     530.645728
3362,   4.370000,    1010.376930,     530.636728,    1010.376930,     530.645669
3363,   4.371000,    1010.376930,     530.636728,    1010.376930,     530.645669
3364,   4.372000,    1010.376930,     530.636728,    1010.376930,     530.645728
3365,   4.374000,    1010.376930,     530.636728,    1010.376930,     530.645728
3366,   4.375000,    1010.376930,     530.636728,    1010.376930,     530.645669
3367,   4.376000,    1010.376930,     530.636728,    1010.376930,     530.645669
3368,   4.377000,    1010.376930,     530.636728,    1010.376930,     530.645728
3369,   4.383000,    1010.376930,     530.636728,    1010.376930,     530.645728
3370,   4.384000,    1010.376930,     530.636728,    1010.376930,     530.645669
3371,   4.385000,    1010.376930,     530.636728,    1010.376930,     530.645669
3372,   4.386000,    1010.376930,     530.636728,    1010.376930,     530.645728
3373,   4.388000,    1010.376930,     530.636728,    1010.376930,     530.645728
3374,   4.389000,    1010.376930,     530.636728,    1010.376930,     530.645669
3375,   4.390000,    1010.376930,     530.636728,    1010.376930,     530.645728
3376,   4.411000,    1010.376930,     530.636728,    1010.376930,     530.645728
3377,   4.412000,    1010.376930,     530.636728,    1010.376930,     530.645669
3378,   4.413000,    1010.376930,     530.636728,    1010.376930,     530.645728
3379,   4.415000,    1010.376930,     530.636728,    1010.376930,     530.645728
3380,   4.416000,    1010.376930,     530.636728,    1010.376930,     530.645669
3381,   4.417000,    1010.376930,     530.636728,    1010.376930,     530.645728
3382,   4.420000,    1010.376930,     530.636728,    1010.376930,     530.645728
3383,   4.421000,    1010.376930,     530.636728,    1010.376930,     530.645669
3384,   4.422000,    1010.376930,     530.636728,    1010.376930,     530.645728
3385,   4.424000,    1010.376930,     530.636728,    1010.376930,     530.645728
3386,   4.425000,    1010.376930,     530.636728,    1010.376930,     530.645669
3387,   4.426000,    1010.376930,     530.636728,    1010.376930,     530.645669
3388,   4.427000,    1010.376930,     530.636728,    1010.376930,     530.645728
3389,   4.429000,    1010.376930,     530.636728,    1010.376930,     530.645728
3390,   4.430000,    1010.376930,     530.636728,    1010.376930,     530.645669
3391,   4.431000,    1010.376930,     530.636728,    1010.376930,     530.645728
3392,   4.433000,    1010.376930,     530.636728,    1010.376930,     530.645728
3393,   4.434000,    1010.376930,     530.636728,    1010.376930,     530.645669
3394,   4.435000,    1010.376930,     530.636728,    1010.376930,     530.645669
3395,   4.436000,    1010.376930,     530.636728,    1010.376930,     530.645728
3396,   4.438000,    1010.376930,     530.636728,    1010.376930,     530.645728
3397,   4.439000,    1010.376930,     530.636728,    1010.376930,     530.645669
3398,   4.440000,    1010.376930,     530.636728,    1010.376930,     530.645728
3399,   4.443000,    1010.376930,     530.636728,    1010.376930,     530.645728
3400,   4.444000,    1010.376930,     530.636728,    1010.376930,     530.645669
3401,   4.445000,    1010.376930,     530.636728,    1010.376930,     530.645728
3402,   4.447000,    1010.376930,     530.636728,    1010.376930,     530.645728
3403,   4.448000,    1010.376930,     530.636728,    1010.376930,     530.645669
3404,   4.449000,    1010.376930,     530.636728,    1010.376930,     530.645728
3405,   4.452000,    1010.376930,     530.636728,    1010.376930,     530.645728
3406,   4.453000,    1010.376930,     530.636728,    1010.376930,     530.645669
3407,   4.454000,    1010.376930,     530.636728,    1010.376930,     530.645728
3408,   4.456000,    1010.376930,     530.636728,    1010.376930,     530.645728
3409,   4.457000,    1010.376930,     530.636728,    1010.376930,     530.645669
3410,   4.458000,    1010.376930,     530.636728,    1010.376930,     530.645728
3411,   4.460000,    1010.376930,     530.636728,    1010.376930,     530.645728
3412,   4.461000,    1010.376930,     530.636728,    1010.376930,     530.645669
3413,   4.462000,    1010.376930,     530.636728,    1010.376930,     530.645669
3414,   4.463000,    1010.376930,     530.636728,    1010.376930,     530.645728
3415,   4.465000,    1010.376930,     530.636728,    1010.376930,     530.645728
3416,   4.466000,    1010.376930,     530.636728,    1010.376930,     530.645669
3417,   4.467000,    1010.376930,     530.636728,    1010.376930,     530.645669
3418,   4.468000,    1010.376930,     530.636728,    1010.376930,     530.645728
3419,   4.470000,    1010.376930,     530.636728,    1010.376930,     530.645728
3420,   4.471000,    1010.376930,     530.636728,    1010.376930,     530.645669
3421,   4.472000,    1010.376930,     530.636728,    1010.376930,     530.645728
3422,   4.475000,    1010.376930,     530.636728,    1010.376930,     530.645728
3423,   4.476000,    1010.376930,     530.636728,    1010.376930,     530.645669
3424,   4.477000,    1010.376930,     530.636728,    1010.376930,     530.645728
3425,   4.479000,    1010.376930,     530.636728,    1010.376930,     530.645728
3426,   4.480000,    1010.376930,     530.636728,    1010.376930,     530.645669
3427,   4.481000,    1010.376930,     530.636728,    1010.376930,     530.645728
3428,   4.484000,    1010.376930,     530.636728,    1010.376930,     530.645728
3429,   4.485000,    1010.376930,     530.636728,    1010.376930,     530.645669
3430,   4.486000,    1010.376930,     530.636728,    1010.376930,     530.645728
3431,   4.488000,    1010.376930,     530.636728,    1010.376930,     530.645728
3432,   4.489000,    1010.376930,     530.636728,    1010.376930,     530.645669
3433,   4.490000,    1010.376930,     530.636728,    1010.376930,     530.645728
3434,   4.493000,    1010.376930,     530.636728,    1010.376930,     530.645728
3435,   4.494000,    1010.376930,     530.636728,    1010.376930,     530.645669
3436,   4.495000,    1010.376930,     530.636728,    1010.376930,     530.645728
3437,   4.497000,    1010.376930,     530.636728,    1010.376930,     530.645728
3438,   4.498000,    1010.376930,     530.636728,    1010.376930,     530.645669
3439,   4.499000,    1010.376930,     530.636728,    1010.376930,     530.645728
3440,   4.500000,    1010.376930,     530.636728,    1010.376930,     530.645788
3441,   4.501000,    1010.376930,     530.636728,    1010.376930,     530.645728
3442,   4.502000,    1010.376930,     530.636728,    1010.376930,     530.645669
3443,   4.503000,    1010.376930,     530.636728,    1010.376930,     530.645669
3444,   4.504000,    1010.376930,     530.636728,    1010.376930,     530.645728
3445,   4.506000,    1010.376930,     530.636728,    1010.376930,     530.645728
3446,   4.507000,    1010.376930,     530.636728,    1010.376930,     530.645669
3447,   4.508000,    1010.376930,     530.636728,    1010.376930,     530.645669
3448,   4.509000,    1010.376930,     530.636728,    1010.376930,     530.645728
3449,   4.511000,    1010.376930,     530.636728,    1010.376930,     530.645728
3450,   4.512000,    1010.376930,     530.636728,    1010.376930,     530.645669
3451,   4.513000,    1010.376930,     530.636728,    1010.376930,     530.645669
3452,   4.514000,    1010.376930,     530.636728,    1010.376930,     530.645728
3453,   4.516000,    1010.376930,     530.636728,    1010.376930,     530.645728
3454,   4.517000,    1010.376930,     530.636728,    1010.376930,     530.645609
3455,   4.518000,    1010.376930,     530.636728,    1010.376930,     530.645728
3456,   4.519000,    1010.376930,     530.636728,    1010.376930,     530.645788
3457,   4.520000,    1010.376930,     530.636728,    1010.376930,     530.645728
3458,   4.521000,    1010.376930,     530.636728,    1010.376930,     530.645669
3459,   4.522000,    1010.376930,     530.636728,    1010.376930,     530.645669
3460,   4.523000,    1010.376930,     530.636728,    1010.376930,     530.645728
3461,   4.524000,    1010.376930,     530.636728,    1010.376930,     530.645788
3462,   4.525000,    1010.376930,     530.636728,    1010.376930,     530.645728
3463,   4.526000,    1010.376930,     530.636728,    1010.376930,     530.645669
3464,   4.527000,    1010.376930,     530.636728,    1010.376930,     530.645669
3465,   4.528000,    1010.376930,     530.636728,    1010.376930,     530.645728
3466,   4.530000,    1010.376930,     530.636728,    1010.376930,     530.645728
3467,   4.531000,    1010.376930,     530.636728,    1010.376930,     530.645669
3468,   4.532000,    1010.376930,     530.636728,    1010.376930,     530.645728
3469,   4.533000,    1010.376930,     530.636728,    1010.376930,     530.645788
3470,   4.534000,    1010.376930,     530.636728,    1010.376930,     530.645728
3471,   4.535000,    1010.376930,     530.636728,    1010.376930,     530.645669
3472,   4.536000,    1010.376930,     530.636728,    1010.376930,     530.645669
3473,   4.537000,    1010.376930,     530.636728,    1010.376930,     530.645728
3474,   4.538000,    1010.376930,     530.636728,    1010.376930,     530.645788
3475,   4.539000,    1010.376930,     530.636728,    1010.376930,     530.645728
3476,   4.540000,    1010.376930,     530.636728,    1010.376930,     530.645669
3477,   4.541000,    1010.376930,     530.636728,    1010.376930,     530.645669
3478,   4.542000,    1010.376930,     530.636728,    1010.376930,     530.645728
3479,   4.543000,    1010.376930,     530.636728,    1010.376930,     530.645788
3480,   4.544000,    1010.376930,     530.636728,    1010.376930,     530.645728
3481,   4.545000,    1010.376930,     530.636728,    1010.376930,     530.645609
3482,   4.546000,    1010.376930,     530.636728,    1010.376930,     530.645669
3483,   4.547000,    1010.376930,     530.636728,    1010.376930,     530.645788
3484,   4.548000,    1010.376930,     530.636728,    1010.376930,     530.645728
3485,   4.549000,    1010.376930,     530.636728,    1010.376930,     530.645728
3486,   4.550000,    1010.376930,     530.636728,    1010.376930,     530.645669
3487,   4.551000,    1010.376930,     530.636728,    1010.376930,     530.645728
3488,   4.553000,    1010.376930,     530.636728,    1010.376930,     530.645728
3489,   4.554000,    1010.376930,     530.636728,    1010.376930,     530.645669
3490,   4.555000,    1010.376930,     530.636728,    1010.376930,     530.645728
3491,   4.558000,    1010.376930,     530.636728,    1010.376930,     530.645728
3492,   4.559000,    1010.376930,     530.636728,    1010.376930,     530.645669
3493,   4.560000,    1010.376930,     530.636728,    1010.376930,     530.645728
3494,   4.562000,    1010.376930,     530.636728,    1010.376930,     530.645728
3495,   4.563000,    1010.376930,     530.636728,    1010.376930,     530.645669
3496,   4.564000,    1010.376930,     530.636728,    1010.376930,     530.645728
3497,   4.567000,    1010.376930,     530.636728,    1010.376930,     530.645728
3498,   4.568000,    1010.376930,     530.636728,    1010.376930,     530.645669
3499,   4.569000,    1010.376930,     530.636728,    1010.376930,     530.645728
3500,   4.571000,    1010.376930,     530.636728,    1010.376930,     530.645728
3501,   4.572000,    1010.376930,     530.636728,    1010.376930,     530.645669
3502,   4.573000,    1010.376930,     530.636728,    1010.376930,     530.645728
3503,   4.575000,    1010.376930,     530.636728,    1010.376930,     530.645728
3504,   4.576000,    1010.376930,     530.636728,    1010.376930,     530.645669
3505,   4.577000,    1010.376930,     530.636728,    1010.376930,     530.645669
3506,   4.578000,    1010.376930,     530.636728,    1010.376930,     530.645728
3507,   4.580000,    1010.376930,     530.636728,    1010.376930,     530.645728
3508,   4.581000,    1010.376930,     530.636728,    1010.376930,     530.645669
3509,   4.582000,    1010.376930,     530.636728,    1010.376930,     530.645669
3510,   4.583000,    1010.376930,     530.636728,    1010.376930,     530.645728
3511,   4.585000,    1010.376930,     530.636728,    1010.376930,     530.645728
3512,   4.586000,    1010.376930,     530.636728,    1010.376930,     530.645669
3513,   4.587000,    1010.376930,     530.636728,    1010.376930,     530.645728
3514,   4.588000,    1010.376930,     530.636728,    1010.376930,     530.645788
3515,   4.589000,    1010.376930,     530.636728,    1010.376930,     530.645728
3516,   4.590000,    1010.376930,     530.636728,    1010.376930,     530.645669
3517,   4.591000,    1010.376930,     530.636728,    1010.376930,     530.645669
3518,   4.592000,    1010.376930,     530.636728,    1010.376930,     530.645728
3519,   4.593000,    1010.376930,     530.636728,    1010.376930,     530.645788
3520,   4.594000,    1010.376930,     530.636728,    1010.376930,     530.645728
3521,   4.595000,    1010.376930,     530.636728,    1010.376930,     530.645669
3522,   4.596000,    1010.376930,     530.636728,    1010.376930,     530.645669
3523,   4.597000,    1010.376930,     530.636728,    1010.376930,     530.645728
3524,   4.598000,    1010.376930,     530.636728,    1010.376930,     530.645788
3525,   4.599000,    1010.376930,     530.636728,    1010.376930,     530.645728
3526,   4.600000,    1010.376930,     530.636728,    1010.376930,     530.645609
3527,   4.601000,    1010.376930,     530.636728,    1010.376930,     530.645728
3528,   4.603000,    1010.376930,     530.636728,    1010.376930,     530.645728
3529,   4.604000,    1010.376930,     530.636728,    1010.376930,     530.645669
3530,   4.605000,    1010.376930,     530.636728,    1010.376930,     530.645669
3531,   4.606000,    1010.376930,     530.636728,    1010.376930,     530.645728
3532,   4.607000,    1010.376930,     530.636728,    1010.376930,     530.645788
3533,   4.608000,    1010.376930,     530.636728,    1010.376930,     530.645728
3534,   4.609000,    1010.376930,     530.636728,    1010.376930,     530.645669
3535,   4.610000,    1010.376930,     530.636728,    1010.376930,     530.645669
3536,   4.611000,    1010.376930,     530.636728,    1010.376930,     530.645728
3537,   4.613000,    1010.376930,     530.636728,    1010.376930,     530.645728
3538,   4.614000,    1010.376930,     530.636728,    1010.376930,     530.645669
3539,   4.615000,    1010.376930,     530.636728,    1010.376930,     530.645669
3540,   4.616000,    1010.376930,     530.636728,    1010.376930,     530.645728
3541,   4.618000,    1010.376930,     530.636728,    1010.376930,     530.645728
3542,   4.619000,    1010.376930,     530.636728,    1010.376930,     530.645669
3543,   4.620000,    1010.376930,     530.636728,    1010.376930,     530.645728
3544,   4.622000,    1010.376930,     530.636728,    1010.376930,     530.645728
3545,   4.623000,    1010.376930,     530.636728,    1010.376930,     530.645669
3546,   4.624000,    1010.376930,     530.636728,    1010.376930,     530.645669
3547,   4.625000,    1010.376930,     530.636728,    1010.376930,     530.645728
3548,   4.627000,    1010.376930,     530.636728,    1010.376930,     530.645728
3549,   4.628000,    1010.376930,     530.636728,    1010.376930,     530.645669
3550,   4.629000,    1010.376930,     530.636728,    1010.376930,     530.645728
3551,   4.631000,    1010.376930,     530.636728,    1010.376930,     530.645728
3552,   4.632000,    1010.376930,     530.636728,    1010.376930,     530.645669
3553,   4.633000,    1010.376930,     530.636728,    1010.376930,     530.645669
3554,   4.634000,    1010.376930,     530.636728,    1010.376930,     530.645728
3555,   4.636000,    1010.376930,     530.636728,    1010.376930,     530.645728
3556,   4.637000,    1010.376930,     530.636728,    1010.376930,     530.645669
3557,   4.638000,    1010.376930,     530.636728,    1010.376930,     530.645669
3558,   4.639000,    1010.376930,     530.636728,    1010.376930,     530.645728
3559,   4.641000,    1010.376930,     530.636728,    1010.376930,     530.645728
3560,   4.642000,    1010.376930,     530.636728,    1010.376930,     530.645669
3561,   4.643000,    1010.376930,     530.636728,    1010.376930,     530.645669
3562,   4.644000,    1010.376930,     530.636728,    1010.376930,     530.645728
3563,   4.646000,    1010.376930,     530.636728,    1010.376930,     530.645728
3564,   4.647000,    1010.376930,     530.636728,    1010.376930,     530.645669
3565,   4.648000,    1010.376930,     530.636728,    1010.376930,     530.645669
3566,   4.649000,    1010.376930,     530.636728,    1010.376930,     530.645728
3567,   4.651000,    1010.376930,     530.636728,    1010.376930,     530.645728
3568,   4.652000,    1010.376930,     530.636728,    1010.376930,     530.645669
3569,   4.653000,    1010.376930,     530.636728,    1010.376930,     530.645728
3570,   4.654000,    1010.376930,     530.636728,    1010.376930,     530.645788
3571,   4.655000,    1010.376930,     530.636728,    1010.376930,     530.645728
3572,   4.656000,    1010.376930,     530.636728,    1010.376930,     530.645669
3573,   4.657000,    1010.376930,     530.636728,    1010.376930,     530.645728
3574,   4.658000,    1010.376930,     530.636728,    1010.376930,     530.645728
3575,   4.659000,    1010.376930,     530.636728,    1010.376930,     530.645788
3576,   4.660000,    1010.376930,     530.636728,    1010.376930,     530.645728
3577,   4.661000,    1010.376930,     530.636728,    1010.376930,     530.645669
3578,   4.662000,    1010.376930,     530.636728,    1010.376930,     530.645728
3579,   4.664000,    1010.376930,     530.636728,    1010.376930,     530.645728
3580,   4.665000,    1010.376930,     530.636728,    1010.376930,     530.645669
3581,   4.666000,    1010.376930,     530.636728,    1010.376930,     530.645669
3582,   4.667000,    1010.376930,     530.636728,    1010.376930,     530.645728
3583,   4.668000,    1010.376930,     530.636728,    1010.376930,     530.645788
3584,   4.669000,    1010.376930,     530.636728,    1010.376930,     530.645728
3585,   4.670000,    1010.376930,     530.636728,    1010.376930,     530.645609
3586,   4.671000,    1010.376930,     530.636728,    1010.376930,     530.645669
3587,   4.672000,    1010.376930,     530.636728,    1010.376930,     530.645728
3588,   4.674000,    1010.376930,     530.636728,    1010.376930,     530.645728
3589,   4.675000,    1010.376930,     530.636728,    1010.376930,     530.645669
3590,   4.676000,    1010.376930,     530.636728,    1010.376930,     530.645728
3591,   4.678000,    1010.376930,     530.636728,    1010.376930,     530.645728
3592,   4.679000,    1010.376930,     530.636728,    1010.376930,     530.645669
3593,   4.680000,    1010.376930,     530.636728,    1010.376930,     530.645669
3594,   4.681000,    1010.376930,     530.636728,    1010.376930,     530.645728
3595,   4.683000,    1010.376930,     530.636728,    1010.376930,     530.645728
3596,   4.684000,    1010.376930,     530.636728,    1010.376930,     530.645669
3597,   4.685000,    1010.376930,     530.636728,    1010.376930,     530.645728
3598,   4.687000,    1010.376930,     530.636728,    1010.376930,     530.645728
3599,   4.688000,    1010.376930,     530.636728,    1010.376930,     530.645669
3600,   4.689000,    1010.376930,     530.636728,    1010.376930,     530.645669
3601,   4.690000,    1010.376930,     530.636728,    1010.376930,     530.645728
3602,   4.692000,    1010.376930,     530.636728,    1010.376930,     530.645728
3603,   4.693000,    1010.376930,     530.636728,    1010.376930,     530.645669
3604,   4.694000,    1010.376930,     530.636728,    1010.376930,     530.645728
3605,   4.696000,    1010.376930,     530.636728,    1010.376930,     530.645728
3606,   4.697000,    1010.376930,     530.636728,    1010.376930,     530.645669
3607,   4.698000,    1010.376930,     530.636728,    1010.376930,     530.645669
3608,   4.699000,    1010.376930,     530.636728,    1010.376930,     530.645728
3609,   4.701000,    1010.376930,     530.636728,    1010.376930,     530.645728
3610,   4.702000,    1010.376930,     530.636728,    1010.376930,     530.645669
3611,   4.703000,    1010.376930,     530.636728,    1010.376930,     530.645728
3612,   4.705000,    1010.376930,     530.636728,    1010.376930,     530.645728
3613,   4.706000,    1010.376930,     530.636728,    1010.376930,     530.645669
3614,   4.707000,    1010.376930,     530.636728,    1010.376930,     530.645728
3615,   4.710000,    1010.376930,     530.636728,    1010.376930,     530.645728
3616,   4.711000,    1010.376930,     530.636728,    1010.376930,     530.645669
3617,   4.712000,    1010.376930,     530.636728,    1010.376930,     530.645728
3618,   4.714000,    1010.376930,     530.636728,    1010.376930,     530.645728
3619,   4.715000,    1010.376930,     530.636728,    1010.376930,     530.645669
3620,   4.716000,    1010.376930,     530.636728,    1010.376930,     530.645669
3621,   4.717000,    1010.376930,     530.636728,    1010.376930,     530.645728
3622,   4.718000,    1010.376930,     530.636728,    1010.376930,     530.645788
3623,   4.719000,    1010.376930,     530.636728,    1010.376930,     530.645728
3624,   4.720000,    1010.376930,     530.636728,    1010.376930,     530.645669
3625,   4.721000,    1010.376930,     530.636728,    1010.376930,     530.645728
3626,   4.722000,    1010.376930,     530.636728,    1010.376930,     530.645788
3627,   4.723000,    1010.376930,     530.636728,    1010.376930,     530.645728
3628,   4.724000,    1010.376930,     530.636728,    1010.376930,     530.645669
3629,   4.725000,    1010.376930,     530.636728,    1010.376930,     530.645609
3630,   4.726000,    1010.376930,     530.636728,    1010.376930,     530.645728
3631,   4.727000,    1010.376930,     530.636728,    1010.376930,     530.645788
3632,   4.728000,    1010.376930,     530.636728,    1010.376930,     530.645728
3633,   4.729000,    1010.376930,     530.636728,    1010.376930,     530.645669
3634,   4.730000,    1010.376930,     530.636728,    1010.376930,     530.645669
3635,   4.731000,    1010.376930,     530.636728,    1010.376930,     530.645728
3636,   4.733000,    1010.376930,     530.636728,    1010.376930,     530.645728
3637,   4.734000,    1010.376930,     530.636728,    1010.376930,     530.645669
3638,   4.735000,    1010.376930,     530.636728,    1010.376930,     530.645728
3639,   4.736000,    1010.376930,     530.636728,    1010.376930,     530.645788
3640,   4.737000,    1010.376930,     530.636728,    1010.376930,     530.645728
3641,   4.738000,    1010.376930,     530.636728,    1010.376930,     530.645669
3642,   4.739000,    1010.376930,     530.636728,    1010.376930,     530.645669
3643,   4.740000,    1010.376930,     530.636728,    1010.376930,     530.645728
3644,   4.741000,    1010.376930,     530.636728,    1010.376930,     530.645788
3645,   4.742000,    1010.376930,     530.636728,    1010.376930,     530.645728
3646,   4.743000,    1010.376930,     530.636728,    1010.376930,     530.645609
3647,   4.744000,    1010.376930,     530.636728,    1010.376930,     530.645669
3648,   4.745000,    1010.376930,     530.636728,    1010.376930,     530.645788
3649,   4.746000,    1010.376930,     530.636728,    1010.376930,     530.645788
3650,   4.747000,    1010.376930,     530.636728,    1010.376930,     530.645728
3651,   4.748000,    1010.376930,     530.636728,    1010.376930,     530.645609
3652,   4.749000,    1010.376930,     530.636728,    1010.376930,     530.645728
3653,   4.750000,    1010.376930,     530.636728,    1010.376930,     530.645788
3654,   4.751000,    1010.376930,     530.636728,    1010.376930,     530.645728
3655,   4.752000,    1010.376930,     530.636728,    1010.376930,     530.645669
3656,   4.753000,    1010.376930,     530.636728,    1010.376930,     530.645609
3657,   4.754000,    1010.376930,     530.636728,    1010.376930,     530.645728
3658,   4.755000,    1010.376930,     530.636728,    1010.376930,     530.645788
3659,   4.756000,    1010.376930,     530.636728,    1010.376930,     530.645728
3660,   4.757000,    1010.376930,     530.636728,    1010.376930,     530.645669
3661,   4.758000,    1010.376930,     530.636728,    1010.376930,     530.645669
3662,   4.759000,    1010.376930,     530.636728,    1010.376930,     530.645728
3663,   4.760000,    1010.376930,     530.636728,    1010.376930,     530.645788
3664,   4.761000,    1010.376930,     530.636728,    1010.376930,     530.645728
3665,   4.762000,    1010.376930,     530.636728,    1010.376930,     530.645669
3666,   4.763000,    1010.376930,     530.636728,    1010.376930,     530.645728
3667,   4.765000,    1010.376930,     530.636728,    1010.376930,     530.645728
3668,   4.766000,    1010.376930,     530.636728,    1010.376930,     530.645669
3669,   4.767000,    1010.376930,     530.636728,    1010.376930,     530.645669
3670,   4.768000,    1010.376930,     530.636728,    1010.376930,     530.645728
3671,   4.770000,    1010.376930,     530.636728,    1010.376930,     530.645728
3672,   4.771000,    1010.376930,     530.636728,    1010.376930,     530.645669
3673,   4.772000,    1010.376930,     530.636728,    1010.376930,     530.645728
3674,   4.775000,    1010.376930,     530.636728,    1010.376930,     530.645728
3675,   4.776000,    1010.376930,     530.636728,    1010.376930,     530.645669
3676,   4.777000,    1010.376930,     530.636728,    1010.376930,     530.645728
3677,   4.779000,    1010.376930,     530.636728,    1010.376930,     530.645728
3678,   4.780000,    1010.376930,     530.636728,    1010.376930,     530.645669
3679,   4.781000,    1010.376930,     530.636728,    1010.376930,     530.645728
3680,   4.783000,    1010.376930,     530.636728,    1010.376930,     530.645728
3681,   4.784000,    1010.376930,     530.636728,    1010.376930,     530.645669
3682,   4.785000,    1010.376930,     530.636728,    1010.376930,     530.645669
3683,   4.786000,    1010.376930,     530.636728,    1010.376930,     530.645728
3684,   4.789000,    1010.376930,     530.636728,    1010.376930,     530.645728
3685,   4.790000,    1010.376930,     530.636728,    1010.376930,     530.645669
3686,   4.791000,    1010.376930,     530.636728,    1010.376930,     530.645728
3687,   4.794000,    1010.376930,     530.636728,    1010.376930,     530.645728
3688,   4.795000,    1010.376930,     530.636728,    1010.376930,     530.645669
3689,   4.796000,    1010.376930,     530.636728,    1010.376930,     530.645728
3690,   4.798000,    1010.376930,     530.636728,    1010.376930,     530.645728
3691,   4.799000,    1010.376930,     530.636728,    1010.376930,     530.645669
3692,   4.800000,    1010.376930,     530.636728,    1010.376930,     530.645669
3693,   4.801000,    1010.376930,     530.636728,    1010.376930,     530.645728
3694,   4.812000,    1010.376930,     530.636728,    1010.376930,     530.645728
3695,   4.813000,    1010.376930,     530.636728,    1010.376930,     530.645669
3696,   4.814000,    1010.376930,     530.636728,    1010.376930,     530.645669
3697,   4.815000,    1010.376930,     530.636728,    1010.376930,     530.645728
3698,   4.817000,    1010.376930,     530.636728,    1010.376930,     530.645728
3699,   4.818000,    1010.376930,     530.636728,    1010.376930,     530.645669
3700,   4.819000,    1010.376930,     530.636728,    1010.376930,     530.645728
3701,   4.821000,    1010.376930,     530.636728,    1010.376930,     530.645728
3702,   4.822000,    1010.376930,     530.636728,    1010.376930,     530.645669
3703,   4.823000,    1010.376930,     530.636728,    1010.376930,     530.645669
3704,   4.824000,    1010.376930,     530.636728,    1010.376930,     530.645728
3705,   4.826000,    1010.376930,     530.636728,    1010.376930,     530.645728
3706,   4.827000,    1010.376930,     530.636728,    1010.376930,     530.645669
3707,   4.828000,    1010.376930,     530.636728,    1010.376930,     530.645728
3708,   4.831000,    1010.376930,     530.636728,    1010.376930,     530.645728
3709,   4.832000,    1010.376930,     530.636728,    1010.376930,     530.645669
3710,   4.833000,    1010.376930,     530.636728,    1010.376930,     530.645728
3711,   4.834000,    1010.376930,     530.636728,    1010.376930,     530.645788
3712,   4.835000,    1010.376930,     530.636728,    1010.376930,     530.645728
3713,   4.836000,    1010.376930,     530.636728,    1010.376930,     530.645669
3714,   4.837000,    1010.376930,     530.636728,    1010.376930,     530.645669
3715,   4.838000,    1010.376930,     530.636728,    1010.376930,     530.645728
3716,   4.840000,    1010.376930,     530.636728,    1010.376930,     530.645728
3717,   4.841000,    1010.376930,     530.636728,    1010.376930,     530.645669
3718,   4.842000,    1010.376930,     530.636728,    1010.376930,     530.645728
3719,   4.844000,    1010.376930,     530.636728,    1010.376930,     530.645728
3720,   4.845000,    1010.376930,     530.636728,    1010.376930,     530.645669
3721,   4.846000,    1010.376930,     530.636728,    1010.376930,     530.645669
3722,   4.847000,    1010.376930,     530.636728,    1010.376930,     530.645728
3723,   4.849000,    1010.376930,     530.636728,    1010.376930,     530.645728
3724,   4.850000,    1010.376930,     530.636728,    1010.376930,     530.645669
3725,   4.851000,    1010.376930,     530.636728,    1010.376930,     530.645728
3726,   4.854000,    1010.376930,     530.636728,    1010.376930,     530.645728
3727,   4.855000,    1010.376930,     530.636728,    1010.376930,     530.645669
3728,   4.856000,    1010.376930,     530.636728,    1010.376930,     530.645728
3729,   4.858000,    1010.376930,     530.636728,    1010.376930,     530.645728
3730,   4.859000,    1010.376930,     530.636728,    1010.376930,     530.645669
3731,   4.860000,    1010.376930,     530.636728,    1010.376930,     530.645728
3732,   4.862000,    1010.376930,     530.636728,    1010.376930,     530.645728
3733,   4.863000,    1010.376930,     530.636728,    1010.376930,     530.645669
3734,   4.864000,    1010.376930,     530.636728,    1010.376930,     530.645669
3735,   4.865000,    1010.376930,     530.636728,    1010.376930,     530.645728
3736,   4.866000,    1010.376930,     530.636728,    1010.376930,     530.645788
3737,   4.867000,    1010.376930,     530.636728,    1010.376930,     530.645728
3738,   4.868000,    1010.376930,     530.636728,    1010.376930,     530.645669
3739,   4.869000,    1010.376930,     530.636728,    1010.376930,     530.645669
3740,   4.870000,    1010.376930,     530.636728,    1010.376930,     530.645728
3741,   4.871000,    1010.376930,     530.636728,    1010.376930,     530.645788
3742,   4.872000,    1010.376930,     530.636728,    1010.376930,     530.645728
3743,   4.873000,    1010.376930,     530.636728,    1010.376930,     530.645669
3744,   4.874000,    1010.376930,     530.636728,    1010.376930,     530.645669
3745,   4.875000,    1010.376930,     530.636728,    1010.376930,     530.645728
3746,   4.877000,    1010.376930,     530.636728,    1010.376930,     530.645728
3747,   4.878000,    1010.376930,     530.636728,    1010.376930,     530.645669
3748,   4.879000,    1010.376930,     530.636728,    1010.376930,     530.645728
3749,   4.881000,    1010.376930,     530.636728,    1010.376930,     530.645728
3750,   4.882000,    1010.376930,     530.636728,    1010.376930,     530.645669
3751,   4.883000,    1010.376930,     530.636728,    1010.376930,     530.645669
3752,   4.884000,    1010.376930,     530.636728,    1010.376930,     530.645728
3753,   4.886000,    1010.376930,     530.636728,    1010.376930,     530.645728
3754,   4.887000,    1010.376930,     530.636728,    1010.376930,     530.645669
3755,   4.888000,    1010.376930,     530.636728,    1010.376930,     530.645728
3756,   4.891000,    1010.376930,     530.636728,    1010.376930,     530.645728
3757,   4.892000,    1010.376930,     530.636728,    1010.376930,     530.645669
3758,   4.893000,    1010.376930,     530.636728,    1010.376930,     530.645728
3759,   4.895000,    1010.376930,     530.636728,    1010.376930,     530.645728
3760,   4.896000,    1010.376930,     530.636728,    1010.376930,     530.645669
3761,   4.897000,    1010.376930,     530.636728,    1010.376930,     530.645728
3762,   4.900000,    1010.376930,     530.636728,    1010.376930,     530.645728
3763,   4.901000,    1010.376930,     530.636728,    1010.376930,     530.645669
3764,   4.902000,    1010.376930,     530.636728,    1010.376930,     530.645728
3765,   4.903000,    1010.376930,     530.636728,    1010.376930,     530.645788
3766,   4.904000,    1010.376930,     530.636728,    1010.376930,     530.645728
3767,   4.905000,    1010.376930,     530.636728,    1010.376930,     530.645669
3768,   4.906000,    1010.376930,     530.636728,    1010.376930,     530.645669
3769,   4.907000,    1010.376930,     530.636728,    1010.376930,     530.645728
3770,   4.908000,    1010.376930,     530.636728,    1010.376930,     530.645788
3771,   4.909000,    1010.376930,     530.636728,    1010.376930,     530.645728
3772,   4.910000,    1010.376930,     530.636728,    1010.376930,     530.645669
3773,   4.911000,    1010.376930,     530.636728,    1010.376930,     530.645728
3774,   4.912000,    1010.376930,     530.636728,    1010.376930,     530.645788
3775,   4.913000,    1010.376930,     530.636728,    1010.376930,     530.645728
3776,   4.914000,    1010.376930,     530.636728,    1010.376930,     530.645669
3777,   4.915000,    1010.376930,     530.636728,    1010.376930,     530.645669
3778,   4.916000,    1010.376930,     530.636728,    1010.376930,     530.645728
3779,   4.918000,    1010.376930,     530.636728,    1010.376930,     530.645728
3780,   4.919000,    1010.376930,     530.636728,    1010.376930,     530.645669
3781,   4.920000,    1010.376930,     530.636728,    1010.376930,     530.645728
3782,   4.923000,    1010.376930,     530.636728,    1010.376930,     530.645728
3783,   4.924000,    1010.376930,     530.636728,    1010.376930,     530.645669
3784,   4.925000,    1010.376930,     530.636728,    1010.376930,     530.645728
3785,   4.926000,    1010.376930,     530.636728,    1010.376930,     530.645788
3786,   4.927000,    1010.376930,     530.636728,    1010.376930,     530.645728
3787,   4.928000,    1010.376930,     530.636728,    1010.376930,     530.645669
3788,   4.929000,    1010.376930,     530.636728,    1010.376930,     530.645609
3789,   4.930000,    1010.376930,     530.636728,    1010.376930,     530.645728
3790,   4.931000,    1010.376930,     530.636728,    1010.376930,     530.645788
3791,   4.932000,    1010.376930,     530.636728,    1010.376930,     530.645728
3792,   4.933000,    1010.376930,     530.636728,    1010.376930,     530.645669
3793,   4.934000,    1010.376930,     530.636728,    1010.376930,     530.645669
3794,   4.935000,    1010.376930,     530.636728,    1010.376930,     530.645728
3795,   4.936000,    1010.376930,     530.636728,    1010.376930,     530.645788
3796,   4.937000,    1010.376930,     530.636728,    1010.376930,     530.645728
3797,   4.938000,    1010.376930,     530.636728,    1010.376930,     530.645609
3798,   4.939000,    1010.376930,     530.636728,    1010.376930,     530.645669
3799,   4.940000,    1010.376930,     530.636728,    1010.376930,     530.645788
3800,   4.941000,    1010.376930,     530.636728,    1010.376930,     530.645788
3801,   4.942000,    1010.376930,     530.636728,    1010.376930,     530.645728
3802,   4.943000,    1010.376930,     530.636728,    1010.376930,     530.645609
3803,   4.944000,    1010.376930,     530.636728,    1010.376930,     530.645728
3804,   4.945000,    1010.376930,     530.636728,    1010.376930,     530.645788
3805,   4.946000,    1010.376930,     530.636728,    1010.376930,     530.645728
3806,   4.947000,    1010.376930,     530.636728,    1010.376930,     530.645669
3807,   4.948000,    1010.376930,     530.636728,    1010.376930,     530.645669
3808,   4.949000,    1010.376930,     530.636728,    1010.376930,     530.645728
3809,   4.950000,    1010.376930,     530.636728,    1010.376930,     530.645788
3810,   4.951000,    1010.376930,     530.636728,    1010.376930,     530.645728
3811,   4.952000,    1010.376930,     530.636728,    1010.376930,     530.645669
3812,   4.953000,    1010.376930,     530.636728,    1010.376930,     530.645669
3813,   4.954000,    1010.376930,     530.636728,    1010.376930,     530.645728
3814,   4.955000,    1010.376930,     530.636728,    1010.376930,     530.645788
3815,   4.956000,    1010.376930,     530.636728,    1010.376930,     530.645728
3816,   4.957000,    1010.376930,     530.636728,    1010.376930,     530.645609
3817,   4.958000,    1010.376930,     530.636728,    1010.376930,     530.645669
3818,   4.959000,    1010.376930,     530.636728,    1010.376930,     530.645728
3819,   4.961000,    1010.376930,     530.636728,    1010.376930,     530.645728
3820,   4.962000,    1010.376930,     530.636728,    1010.376930,     530.645669
3821,   4.963000,    1010.376930,     530.636728,    1010.376930,     530.645728
3822,   4.964000,    1010.376930,     530.636728,    1010.376930,     530.645788
3823,   4.965000,    1010.376930,     530.636728,    1010.376930,     530.645728
3824,   4.966000,    1010.376930,     530.636728,    1010.376930,     530.645669
3825,   4.967000,    1010.376930,     530.636728,    1010.376930,     530.645609
3826,   4.968000,    1010.376930,     530.636728,    1010.376930,     530.645728
3827,   4.969000,    1010.376930,     530.636728,    1010.376930,     530.645788
3828,   4.970000,    1010.376930,     530.636728,    1010.376930,     530.645728
3829,   4.971000,    1010.376930,     530.636728,    1010.376930,     530.645669
3830,   4.972000,    1010.376930,     530.636728,    1010.376930,     530.645669
3831,   4.973000,    1010.376930,     530.636728,    1010.376930,     530.645728
3832,   4.974000,    1010.376930,     530.636728,    1010.376930,     530.645788
3833,   4.975000,    1010.376930,     530.636728,    1010.376930,     530.645728
3834,   4.976000,    1010.376930,     530.636728,    1010.376930,     530.645609
3835,   4.977000,    1010.376930,     530.636728,    1010.376930,     530.645728
3836,   4.978000,    1010.376930,     530.636728,    1010.376930,     530.645788
3837,   4.979000,    1010.376930,     530.636728,    1010.376930,     530.645788
3838,   4.980000,    1010.376930,     530.636728,    1010.376930,     530.645669
3839,   4.981000,    1010.376930,     530.636728,    1010.376930,     530.645669
3840,   4.982000,    1010.376930,     530.636728,    1010.376930,     530.645728
3841,   4.983000,    1010.376930,     530.636728,    1010.376930,     530.645788
3842,   4.984000,    1010.376930,     530.636728,    1010.376930,     530.645728
3843,   4.985000,    1010.376930,     530.636728,    1010.376930,     530.645669
3844,   4.986000,    1010.376930,     530.636728,    1010.376930,     530.645669
3845,   4.987000,    1010.376930,     530.636728,    1010.376930,     530.645728
3846,   4.988000,    1010.376930,     530.636728,    1010.376930,     530.645788
3847,   4.989000,    1010.376930,     530.636728,    1010.376930,     530.645728
3848,   4.990000,    1010.376930,     530.636728,    1010.376930,     530.645669
3849,   4.991000,    1010.376930,     530.636728,    1010.376930,     530.645669
3850,   4.992000,    1010.376930,     530.636728,    1010.376930,     530.645728
3851,   4.994000,    1010.376930,     530.636728,    1010.376930,     530.645728
3852,   4.995000,    1010.376930,     530.636728,    1010.376930,     530.645669
3853,   4.996000,    1010.376930,     530.636728,    1010.376930,     530.645728
3854,   4.998000,    1010.376930,     530.636728,    1010.376930,     530.645728
3855,   4.999000,    1010.376930,     530.636728,    1010.376930,     530.645669
3856,   5.000000,    1010.376930,     530.636728,    1010.376930,     530.645669
3857,   5.001000,    1010.376930,     530.636728,    1010.376930,     530.645728
3858,   5.002000,    1010.376930,     530.636728,    1010.376930,     530.645788
3859,   5.003000,    1010.376930,     530.636728,    1010.376930,     530.645728
3860,   5.004000,    1010.376930,     530.636728,    1010.376930,     530.645669
3861,   5.005000,    1010.376930,     530.636728,    1010.376930,     530.645669
3862,   5.006000,    1010.376930,     530.636728,    1010.376930,     530.645728
3863,   5.008000,    1010.376930,     530.636728,    1010.376930,     530.645728
3864,   5.009000,    1010.376930,     530.636728,    1010.376930,     530.645669
3865,   5.010000,    1010.376930,     530.636728,    1010.376930,     530.645728
3866,   5.011000,    1010.376930,     530.636728,    1010.376930,     530.645788
3867,   5.012000,    1010.376930,     530.636728,    1010.376930,     530.645728
3868,   5.013000,    1010.376930,     530.636728,    1010.376930,     530.645669
3869,   5.014000,    1010.376930,     530.636728,    1010.376930,     530.645669
3870,   5.015000,    1010.376930,     530.636728,    1010.376930,     530.645728
3871,   5.017000,    1010.376930,     530.636728,    1010.376930,     530.645728
3872,   5.018000,    1010.376930,     530.636728,    1010.376930,     530.645669
3873,   5.019000,    1010.376930,     530.636728,    1010.376930,     530.645669
3874,   5.020000,    1010.376930,     530.636728,    1010.376930,     530.645728
3875,   5.022000,    1010.376930,     530.636728,    1010.376930,     530.645728
3876,   5.023000,    1010.376930,     530.636728,    1010.376930,     530.645669
3877,   5.024000,    1010.376930,     530.636728,    1010.376930,     530.645728
3878,   5.027000,    1010.376930,     530.636728,    1010.376930,     530.645728
3879,   5.028000,    1010.376930,     530.636728,    1010.376930,     530.645669
3880,   5.029000,    1010.376930,     530.636728,    1010.376930,     530.645728
3881,   5.030000,    1010.376930,     530.636728,    1010.376930,     530.645788
3882,   5.031000,    1010.376930,     530.636728,    1010.376930,     530.645728
3883,   5.032000,    1010.376930,     530.636728,    1010.376930,     530.645669
3884,   5.033000,    1010.376930,     530.636728,    1010.376930,     530.645669
3885,   5.034000,    1010.376930,     530.636728,    1010.376930,     530.645728
3886,   5.035000,    1010.376930,     530.636728,    1010.376930,     530.645788
3887,   5.036000,    1010.376930,     530.636728,    1010.376930,     530.645728
3888,   5.037000,    1010.376930,     530.636728,    1010.376930,     530.645669
3889,   5.038000,    1010.376930,     530.636728,    1010.376930,     530.645669
3890,   5.039000,    1010.376930,     530.636728,    1010.376930,     530.645728
3891,   5.040000,    1010.376930,     530.636728,    1010.376930,     530.645788
3892,   5.041000,    1010.376930,     530.636728,    1010.376930,     530.645728
3893,   5.042000,    1010.376930,     530.636728,    1010.376930,     530.645669
3894,   5.043000,    1010.376930,     530.636728,    1010.376930,     530.645728
3895,   5.046000,    1010.376930,     530.636728,    1010.376930,     530.645728
3896,   5.047000,    1010.376930,     530.636728,    1010.376930,     530.645669
3897,   5.048000,    1010.376930,     530.636728,    1010.376930,     530.645728
3898,   5.049000,    1010.376930,     530.636728,    1010.376930,     530.645788
3899,   5.050000,    1010.376930,     530.636728,    1010.376930,     530.645728
3900,   5.051000,    1010.376930,     530.636728,    1010.376930,     530.645669
3901,   5.052000,    1010.376930,     530.636728,    1010.376930,     530.645669
3902,   5.053000,    1010.376930,     530.636728,    1010.376930,     530.645728
3903,   5.054000,    1010.376930,     530.636728,    1010.376930,     530.645788
3904,   5.055000,    1010.376930,     530.636728,    1010.376930,     530.645728
3905,   5.056000,    1010.376930,     530.636728,    1010.376930,     530.645669
3906,   5.057000,    1010.376930,     530.636728,    1010.376930,     530.645728
3907,   5.058000,    1010.376930,     530.636728,    1010.376930,     530.645788
3908,   5.059000,    1010.376930,     530.636728,    1010.376930,     530.645728
3909,   5.060000,    1010.376930,     530.636728,    1010.376930,     530.645669
3910,   5.061000,    1010.376930,     530.636728,    1010.376930,     530.645669
3911,   5.062000,    1010.376930,     530.636728,    1010.376930,     530.645728
3912,   5.063000,    1010.376930,     530.636728,    1010.376930,     530.645788
3913,   5.064000,    1010.376930,     530.636728,    1010.376930,     530.645728
3914,   5.065000,    1010.376930,     530.636728,    1010.376930,     530.645669
3915,   5.066000,    1010.376930,     530.636728,    1010.376930,     530.645669
3916,   5.067000,    1010.376930,     530.636728,    1010.376930,     530.645728
3917,   5.068000,    1010.376930,     530.636728,    1010.376930,     530.645788
3918,   5.069000,    1010.376930,     530.636728,    1010.376930,     530.645728
3919,   5.070000,    1010.376930,     530.636728,    1010.376930,     530.645669
3920,   5.071000,    1010.376930,     530.636728,    1010.376930,     530.645728
3921,   5.073000,    1010.376930,     530.636728,    1010.376930,     530.645728
3922,   5.074000,    1010.376930,     530.636728,    1010.376930,     530.645669
3923,   5.075000,    1010.376930,     530.636728,    1010.376930,     530.645669
3924,   5.076000,    1010.376930,     530.636728,    1010.376930,     530.645728
3925,   5.078000,    1010.376930,     530.636728,    1010.376930,     530.645728
3926,   5.079000,    1010.376930,     530.636728,    1010.376930,     530.645669
3927,   5.080000,    1010.376930,     530.636728,    1010.376930,     530.645669
3928,   5.081000,    1010.376930,     530.636728,    1010.376930,     530.645728
3929,   5.083000,    1010.376930,     530.636728,    1010.376930,     530.645728
3930,   5.084000,    1010.376930,     530.636728,    1010.376930,     530.645669
3931,   5.085000,    1010.376930,     530.636728,    1010.376930,     530.645728
3932,   5.087000,    1010.376930,     530.636728,    1010.376930,     530.645728
3933,   5.088000,    1010.376930,     530.636728,    1010.376930,     530.645669
3934,   5.089000,    1010.376930,     530.636728,    1010.376930,     530.645669
3935,   5.090000,    1010.376930,     530.636728,    1010.376930,     530.645728
3936,   5.092000,    1010.376930,     530.636728,    1010.376930,     530.645728
3937,   5.093000,    1010.376930,     530.636728,    1010.376930,     530.645669
3938,   5.094000,    1010.376930,     530.636728,    1010.376930,     530.645728
3939,   5.096000,    1010.376930,     530.636728,    1010.376930,     530.645728
3940,   5.097000,    1010.376930,     530.636728,    1010.376930,     530.645669
3941,   5.098000,    1010.376930,     530.636728,    1010.376930,     530.645669
3942,   5.099000,    1010.376930,     530.636728,    1010.376930,     530.645728
3943,   5.101000,    1010.376930,     530.636728,    1010.376930,     530.645728
3944,   5.102000,    1010.376930,     530.636728,    1010.376930,     530.645669
3945,   5.103000,    1010.376930,     530.636728,    1010.376930,     530.645669
3946,   5.104000,    1010.376930,     530.636728,    1010.376930,     530.645728
3947,   5.106000,    1010.376930,     530.636728,    1010.376930,     530.645728
3948,   5.107000,    1010.376930,     530.636728,    1010.376930,     530.645669
3949,   5.108000,    1010.376930,     530.636728,    1010.376930,     530.645728
3950,   5.109000,    1010.376930,     530.636728,    1010.376930,     530.645728
3951,   5.110000,    1010.376930,     530.636728,    1010.376930,     530.645788
3952,   5.111000,    1010.376930,     530.636728,    1010.376930,     530.645728
3953,   5.112000,    1010.376930,     530.636728,    1010.376930,     530.645669
3954,   5.113000,    1010.376930,     530.636728,    1010.376930,     530.645728
3955,   5.115000,    1010.376930,     530.636728,    1010.376930,     530.645728
3956,   5.116000,    1010.376930,     530.636728,    1010.376930,     530.645669
3957,   5.117000,    1010.376930,     530.636728,    1010.376930,     530.645669
3958,   5.118000,    1010.376930,     530.636728,    1010.376930,     530.645728
3959,   5.120000,    1010.376930,     530.636728,    1010.376930,     530.645728
3960,   5.121000,    1010.376930,     530.636728,    1010.376930,     530.645669
3961,   5.122000,    1010.376930,     530.636728,    1010.376930,     530.645728
3962,   5.124000,    1010.376930,     530.636728,    1010.376930,     530.645728
3963,   5.125000,    1010.376930,     530.636728,    1010.376930,     530.645669
3964,   5.126000,    1010.376930,     530.636728,    1010.376930,     530.645669
3965,   5.127000,    1010.376930,     530.636728,    1010.376930,     530.645728
3966,   5.128000,    1010.376930,     530.636728,    1010.376930,     530.645788
3967,   5.129000,    1010.376930,     530.636728,    1010.376930,     530.645728
3968,   5.130000,    1010.376930,     530.636728,    1010.376930,     530.645669
3969,   5.131000,    1010.376930,     530.636728,    1010.376930,     530.645728
3970,   5.133000,    1010.376930,     530.636728,    1010.376930,     530.645728
3971,   5.134000,    1010.376930,     530.636728,    1010.376930,     530.645669
3972,   5.135000,    1010.376930,     530.636728,    1010.376930,     530.645669
3973,   5.136000,    1010.376930,     530.636728,    1010.376930,     530.645728
3974,   5.138000,    1010.376930,     530.636728,    1010.376930,     530.645728
3975,   5.139000,    1010.376930,     530.636728,    1010.376930,     530.645669
3976,   5.140000,    1010.376930,     530.636728,    1010.376930,     530.645728
3977,   5.142000,    1010.376930,     530.636728,    1010.376930,     530.645728
3978,   5.143000,    1010.376930,     530.636728,    1010.376930,     530.645669
3979,   5.144000,    1010.376930,     530.636728,    1010.376930,     530.645669
3980,   5.145000,    1010.376930,     530.636728,    1010.376930,     530.645728
3981,   5.147000,    1010.376930,     530.636728,    1010.376930,     530.645728
3982,   5.148000,    1010.376930,     530.636728,    1010.376930,     530.645669
3983,   5.149000,    1010.376930,     530.636728,    1010.376930,     530.645669
3984,   5.150000,    1010.376930,     530.636728,    1010.376930,     530.645728
3985,   5.152000,    1010.376930,     530.636728,    1010.376930,     530.645728
3986,   5.153000,    1010.376930,     530.636728,    1010.376930,     530.645669
3987,   5.154000,    1010.376930,     530.636728,    1010.376930,     530.645669
3988,   5.155000,    1010.376930,     530.636728,    1010.376930,     530.645728
3989,   5.156000,    1010.376930,     530.636728,    1010.376930,     530.645788
3990,   5.157000,    1010.376930,     530.636728,    1010.376930,     530.645728
3991,   5.158000,    1010.376930,     530.636728,    1010.376930,     530.645669
3992,   5.159000,    1010.376930,     530.636728,    1010.376930,     530.645669
3993,   5.160000,    1010.376930,     530.636728,    1010.376930,     530.645728
3994,   5.161000,    1010.376930,     530.636728,    1010.376930,     530.645788
3995,   5.162000,    1010.376930,     530.636728,    1010.376930,     530.645728
3996,   5.163000,    1010.376930,     530.636728,    1010.376930,     530.645609
3997,   5.164000,    1010.376930,     530.636728,    1010.376930,     530.645669
3998,   5.165000,    1010.376930,     530.636728,    1010.376930,     530.645788
3999,   5.166000,    1010.376930,     530.636728,    1010.376930,     530.645788
4000,   5.167000,    1010.376930,     530.636728,    1010.376930,     530.645728
4001,   5.168000,    1010.376930,     530.636728,    1010.376930,     530.645609
4002,   5.169000,    1010.376930,     530.636728,    1010.376930,     530.645728
4003,   5.170000,    1010.376930,     530.636728,    1010.376930,     530.645788
4004,   5.171000,    1010.376930,     530.636728,    1010.376930,     530.645788
4005,   5.172000,    1010.376930,     530.636728,    1010.376930,     530.645669
4006,   5.173000,    1010.376930,     530.636728,    1010.376930,     530.645669
4007,   5.174000,    1010.376930,     530.636728,    1010.376930,     530.645728
4008,   5.175000,    1010.376930,     530.636728,    1010.376930,     530.645788
4009,   5.176000,    1010.376930,     530.636728,    1010.376930,     530.645728
4010,   5.177000,    1010.376930,     530.636728,    1010.376930,     530.645669
4011,   5.178000,    1010.376930,     530.636728,    1010.376930,     530.645609
4012,   5.179000,    1010.376930,     530.636728,    1010.376930,     530.645728
4013,   5.180000,    1010.376930,     530.636728,    1010.376930,     530.645788
4014,   5.181000,    1010.376930,     530.636728,    1010.376930,     530.645728
4015,   5.182000,    1010.376930,     530.636728,    1010.376930,     530.645669
4016,   5.183000,    1010.376930,     530.636728,    1010.376930,     530.645669
4017,   5.184000,    1010.376930,     530.636728,    1010.376930,     530.645728
4018,   5.185000,    1010.376930,     530.636728,    1010.376930,     530.645788
4019,   5.186000,    1010.376930,     530.636728,    1010.376930,     530.645728
4020,   5.187000,    1010.376930,     530.636728,    1010.376930,     530.645669
4021,   5.188000,    1010.376930,     530.636728,    1010.376930,     530.645728
4022,   5.189000,    1010.376930,     530.636728,    1010.376930,     530.645788
4023,   5.190000,    1010.376930,     530.636728,    1010.376930,     530.645728
4024,   5.191000,    1010.376930,     530.636728,    1010.376930,     530.645669
4025,   5.192000,    1010.376930,     530.636728,    1010.376930,     530.645669
4026,   5.193000,    1010.376930,     530.636728,    1010.376930,     530.645728
4027,   5.194000,    1010.376930,     530.636728,    1010.376930,     530.645788
4028,   5.195000,    1010.376930,     530.636728,    1010.376930,     530.645728
4029,   5.196000,    1010.376930,     530.636728,    1010.376930,     530.645669
4030,   5.197000,    1010.376930,     530.636728,    1010.376930,     530.645669
4031,   5.198000,    1010.376930,     530.636728,    1010.376930,     530.645728
4032,   5.200000,    1010.376930,     530.636728,    1010.376930,     530.645728
4033,   5.201000,    1010.376930,     530.636728,    1010.376930,     530.645669
4034,   5.202000,    1010.376930,     530.636728,    1010.376930,     530.645728
4035,   5.204000,    1010.376930,     530.636728,    1010.376930,     530.645728
4036,   5.205000,    1010.376930,     530.636728,    1010.376930,     530.645669
4037,   5.206000,    1010.376930,     530.636728,    1010.376930,     530.645728
4038,   5.208000,    1010.376930,     530.636728,    1010.376930,     530.645728
4039,   5.209000,    1010.376930,     530.636728,    1010.376930,     530.645669
4040,   5.210000,    1010.376930,     530.636728,    1010.376930,     530.645669
4041,   5.211000,    1010.376930,     530.636728,    1010.376930,     530.645728
4042,   5.213000,    1010.376930,     530.636728,    1010.376930,     530.645728
4043,   5.214000,    1010.376930,     530.636728,    1010.376930,     530.645669
4044,   5.215000,    1010.376930,     530.636728,    1010.376930,     530.645669
4045,   5.216000,    1010.376930,     530.636728,    1010.376930,     530.645728
4046,   5.218000,    1010.376930,     530.636728,    1010.376930,     530.645728
4047,   5.219000,    1010.376930,     530.636728,    1010.376930,     530.645669
4048,   5.220000,    1010.376930,     530.636728,    1010.376930,     530.645728
4049,   5.222000,    1010.376930,     530.636728,    1010.376930,     530.645728
4050,   5.223000,    1010.376930,     530.636728,    1010.376930,     530.645669
4051,   5.224000,    1010.376930,     530.636728,    1010.376930,     530.645669
4052,   5.225000,    1010.376930,     530.636728,    1010.376930,     530.645728
4053,   5.226000,    1010.376930,     530.636728,    1010.376930,     530.645788
4054,   5.227000,    1010.376930,     530.636728,    1010.376930,     530.645728
4055,   5.228000,    1010.376930,     530.636728,    1010.376930,     530.645669
4056,   5.229000,    1010.376930,     530.636728,    1010.376930,     530.645669
4057,   5.230000,    1010.376930,     530.636728,    1010.376930,     530.645728
4058,   5.231000,    1010.376930,     530.636728,    1010.376930,     530.645788
4059,   5.232000,    1010.376930,     530.636728,    1010.376930,     530.645728
4060,   5.233000,    1010.376930,     530.636728,    1010.376930,     530.645669
4061,   5.234000,    1010.376930,     530.636728,    1010.376930,     530.645728
4062,   5.235000,    1010.376930,     530.636728,    1010.376930,     530.645788
4063,   5.236000,    1010.376930,     530.636728,    1010.376930,     530.645728
4064,   5.237000,    1010.376930,     530.636728,    1010.376930,     530.645669
4065,   5.238000,    1010.376930,     530.636728,    1010.376930,     530.645669
4066,   5.239000,    1010.376930,     530.636728,    1010.376930,     530.645728
4067,   5.240000,    1010.376930,     530.636728,    1010.376930,     530.645788
4068,   5.241000,    1010.376930,     530.636728,    1010.376930,     530.645728
4069,   5.242000,    1010.376930,     530.636728,    1010.376930,     530.645609
4070,   5.243000,    1010.376930,     530.636728,    1010.376930,     530.645669
4071,   5.244000,    1010.376930,     530.636728,    1010.376930,     530.645728
4072,   5.246000,    1010.376930,     530.636728,    1010.376930,     530.645728
4073,   5.247000,    1010.376930,     530.636728,    1010.376930,     530.645669
4074,   5.248000,    1010.376930,     530.636728,    1010.376930,     530.645728
4075,   5.251000,    1010.376930,     530.636728,    1010.376930,     530.645728
4076,   5.252000,    1010.376930,     530.636728,    1010.376930,     530.645669
4077,   5.253000,    1010.376930,     530.636728,    1010.376930,     530.645728
4078,   5.254000,    1010.376930,     530.636728,    1010.376930,     530.645788
4079,   5.255000,    1010.376930,     530.636728,    1010.376930,     530.645728
4080,   5.256000,    1010.376930,     530.636728,    1010.376930,     530.645669
4081,   5.257000,    1010.376930,     530.636728,    1010.376930,     530.645669
4082,   5.258000,    1010.376930,     530.636728,    1010.376930,     530.645728
4083,   5.259000,    1010.376930,     530.636728,    1010.376930,     530.645788
4084,   5.260000,    1010.376930,     530.636728,    1010.376930,     530.645728
4085,   5.261000,    1010.376930,     530.636728,    1010.376930,     530.645669
4086,   5.262000,    1010.376930,     530.636728,    1010.376930,     530.645728
4087,   5.263000,    1010.376930,     530.636728,    1010.376930,     530.645788
4088,   5.264000,    1010.376930,     530.636728,    1010.376930,     530.645728
4089,   5.265000,    1010.376930,     530.636728,    1010.376930,     530.645669
4090,   5.266000,    1010.376930,     530.636728,    1010.376930,     530.645669
4091,   5.267000,    1010.376930,     530.636728,    1010.376930,     530.645728
4092,   5.268000,    1010.376930,     530.636728,    1010.376930,     530.645788
4093,   5.269000,    1010.376930,     530.636728,    1010.376930,     530.645728
4094,   5.270000,    1010.376930,     530.636728,    1010.376930,     530.645669
4095,   5.271000,    1010.376930,     530.636728,    1010.376930,     530.645669
4096,   5.272000,    1010.376930,     530.636728,    1010.376930,     530.645728
4097,   5.274000,    1010.376930,     530.636728,    1010.376930,     530.645728
4098,   5.275000,    1010.376930,     530.636728,    1010.376930,     530.645669
4099,   5.276000,    1010.376930,     530.636728,    1010.376930,     530.645728
4100,   5.277000,    1010.376930,     530.636728,    1010.376930,     530.645788
4101,   5.278000,    1010.376930,     530.636728,    1010.376930,     530.645728
4102,   5.279000,    1010.376930,     530.636728,    1010.376930,     530.645669
4103,   5.280000,    1010.376930,     530.636728,    1010.376930,     530.645669
4104,   5.281000,    1010.376930,     530.636728,    1010.376930,     530.645728
4105,   5.282000,    1010.376930,     530.636728,    1010.376930,     530.645788
4106,   5.283000,    1010.376930,     530.636728,    1010.376930,     530.645728
4107,   5.284000,    1010.376930,     530.636728,    1010.376930,     530.645669
4108,   5.285000,    1010.376930,     530.636728,    1010.376930,     530.645669
4109,   5.286000,    1010.376930,     530.636728,    1010.376930,     530.645728
4110,   5.287000,    1010.376930,     530.636728,    1010.376930,     530.645788
4111,   5.288000,    1010.376930,     530.636728,    1010.376930,     530.645728
4112,   5.289000,    1010.376930,     530.636728,    1010.376930,     530.645669
4113,   5.290000,    1010.376930,     530.636728,    1010.376930,     530.645728
4114,   5.291000,    1010.376930,     530.636728,    1010.376930,     530.645788
4115,   5.292000,    1010.376930,     530.636728,    1010.376930,     530.645728
4116,   5.293000,    1010.376930,     530.636728,    1010.376930,     530.645669
4117,   5.294000,    1010.376930,     530.636728,    1010.376930,     530.645609
4118,   5.295000,    1010.376930,     530.636728,    1010.376930,     530.645728
4119,   5.296000,    1010.376930,     530.636728,    1010.376930,     530.645788
4120,   5.297000,    1010.376930,     530.636728,    1010.376930,     530.645728
4121,   5.298000,    1010.376930,     530.636728,    1010.376930,     530.645669
4122,   5.299000,    1010.376930,     530.636728,    1010.376930,     530.645669
4123,   5.300000,    1010.376930,     530.636728,    1010.376930,     530.645728
4124,   5.302000,    1010.376930,     530.636728,    1010.376930,     530.645728
4125,   5.303000,    1010.376930,     530.636728,    1010.376930,     530.645669
4126,   5.304000,    1010.376930,     530.636728,    1010.376930,     530.645728
4127,   5.306000,    1010.376930,     530.636728,    1010.376930,     530.645728
4128,   5.307000,    1010.376930,     530.636728,    1010.376930,     530.645669
4129,   5.308000,    1010.376930,     530.636728,    1010.376930,     530.645669
4130,   5.309000,    1010.376930,     530.636728,    1010.376930,     530.645728
4131,   5.311000,    1010.376930,     530.636728,    1010.376930,     530.645728
4132,   5.312000,    1010.376930,     530.636728,    1010.376930,     530.645669
4133,   5.313000,    1010.376930,     530.636728,    1010.376930,     530.645669
4134,   5.314000,    1010.376930,     530.636728,    1010.376930,     530.645728
4135,   5.316000,    1010.376930,     530.636728,    1010.376930,     530.645728
4136,   5.317000,    1010.376930,     530.636728,    1010.376930,     530.645669
4137,   5.318000,    1010.376930,     530.636728,    1010.376930,     530.645728
4138,   5.321000,    1010.376930,     530.636728,    1010.376930,     530.645728
4139,   5.322000,    1010.376930,     530.636728,    1010.376930,     530.645669
4140,   5.323000,    1010.376930,     530.636728,    1010.376930,     530.645728
4141,   5.325000,    1010.376930,     530.636728,    1010.376930,     530.645728
4142,   5.326000,    1010.376930,     530.636728,    1010.376930,     530.645669
4143,   5.327000,    1010.376930,     530.636728,    1010.376930,     530.645669
4144,   5.328000,    1010.376930,     530.636728,    1010.376930,     530.645728
4145,   5.330000,    1010.376930,     530.636728,    1010.376930,     530.645728
4146,   5.331000,    1010.376930,     530.636728,    1010.376930,     530.645669
4147,   5.332000,    1010.376930,     530.636728,    1010.376930,     530.645728
4148,   5.333000,    1010.376930,     530.636728,    1010.376930,     530.645788
4149,   5.334000,    1010.376930,     530.636728,    1010.376930,     530.645728
4150,   5.335000,    1010.376930,     530.636728,    1010.376930,     530.645669
4151,   5.336000,    1010.376930,     530.636728,    1010.376930,     530.645609
4152,   5.337000,    1010.376930,     530.636728,    1010.376930,     530.645728
4153,   5.338000,    1010.376930,     530.636728,    1010.376930,     530.645788
4154,   5.339000,    1010.376930,     530.636728,    1010.376930,     530.645728
4155,   5.340000,    1010.376930,     530.636728,    1010.376930,     530.645669
4156,   5.341000,    1010.376930,     530.636728,    1010.376930,     530.645669
4157,   5.342000,    1010.376930,     530.636728,    1010.376930,     530.645728
4158,   5.344000,    1010.376930,     530.636728,    1010.376930,     530.645728
4159,   5.345000,    1010.376930,     530.636728,    1010.376930,     530.645669
4160,   5.346000,    1010.376930,     530.636728,    1010.376930,     530.645728
4161,   5.348000,    1010.376930,     530.636728,    1010.376930,     530.645728
4162,   5.349000,    1010.376930,     530.636728,    1010.376930,     530.645669
4163,   5.350000,    1010.376930,     530.636728,    1010.376930,     530.645669
4164,   5.351000,    1010.376930,     530.636728,    1010.376930,     530.645728
4165,   5.353000,    1010.376930,     530.636728,    1010.376930,     530.645728
4166,   5.354000,    1010.376930,     530.636728,    1010.376930,     530.645669
4167,   5.355000,    1010.376930,     530.636728,    1010.376930,     530.645728
4168,   5.357000,    1010.376930,     530.636728,    1010.376930,     530.645728
4169,   5.358000,    1010.376930,     530.636728,    1010.376930,     530.645669
4170,   5.359000,    1010.376930,     530.636728,    1010.376930,     530.645669
4171,   5.360000,    1010.376930,     530.636728,    1010.376930,     530.645728
4172,   5.362000,    1010.376930,     530.636728,    1010.376930,     530.645728
4173,   5.363000,    1010.376930,     530.636728,    1010.376930,     530.645669
4174,   5.364000,    1010.376930,     530.636728,    1010.376930,     530.645728
4175,   5.366000,    1010.376930,     530.636728,    1010.376930,     530.645728
4176,   5.367000,    1010.376930,     530.636728,    1010.376930,     530.645669
4177,   5.368000,    1010.376930,     530.636728,    1010.376930,     530.645669
4178,   5.369000,    1010.376930,     530.636728,    1010.376930,     530.645728
4179,   5.371000,    1010.376930,     530.636728,    1010.376930,     530.645728
4180,   5.372000,    1010.376930,     530.636728,    1010.376930,     530.645669
4181,   5.373000,    1010.376930,     530.636728,    1010.376930,     530.645669
4182,   5.374000,    1010.376930,     530.636728,    1010.376930,     530.645728
4183,   5.376000,    1010.376930,     530.636728,    1010.376930,     530.645728
4184,   5.377000,    1010.376930,     530.636728,    1010.376930,     530.645669
4185,   5.378000,    1010.376930,     530.636728,    1010.376930,     530.645728
4186,   5.380000,    1010.376930,     530.636728,    1010.376930,     530.645728
4187,   5.381000,    1010.376930,     530.636728,    1010.376930,     530.645669
4188,   5.382000,    1010.376930,     530.636728,    1010.376930,     530.645669
4189,   5.383000,    1010.376930,     530.636728,    1010.376930,     530.645728
4190,   5.385000,    1010.376930,     530.636728,    1010.376930,     530.645728
4191,   5.386000,    1010.376930,     530.636728,    1010.376930,     530.645669
4192,   5.387000,    1010.376930,     530.636728,    1010.376930,     530.645669
4193,   5.388000,    1010.376930,     530.636728,    1010.376930,     530.645728
4194,   5.390000,    1010.376930,     530.636728,    1010.376930,     530.645728
4195,   5.391000,    1010.376930,     530.636728,    1010.376930,     530.645669
4196,   5.393000,    1010.376930,     530.636728,    1010.376930,     530.645669
4197,   5.394000,    1010.376930,     530.636728,    1010.376930,     530.645728
4198,   5.396000,    1010.376930,     530.636728,    1010.376930,     530.645728
4199,   5.397000,    1010.376930,     530.636728,    1010.376930,     530.645669
4200,   5.398000,    1010.376930,     530.636728,    1010.376930,     530.645728
4201,   5.405000,    1010.376930,     530.636728,    1010.376930,     530.645728
4202,   5.406000,    1010.376930,     530.636728,    1010.376930,     530.645669
4203,   5.407000,    1010.376930,     530.636728,    1010.376930,     530.645728
4204,   5.409000,    1010.376930,     530.636728,    1010.376930,     530.645728
4205,   5.410000,    1010.376930,     530.636728,    1010.376930,     530.645669
4206,   5.411000,    1010.376930,     530.636728,    1010.376930,     530.645728
4207,   5.414000,    1010.376930,     530.636728,    1010.376930,     530.645728
4208,   5.415000,    1010.376930,     530.636728,    1010.376930,     530.645669
4209,   5.416000,    1010.376930,     530.636728,    1010.376930,     530.645728
4210,   5.418000,    1010.376930,     530.636728,    1010.376930,     530.645728
4211,   5.419000,    1010.376930,     530.636728,    1010.376930,     530.645669
4212,   5.420000,    1010.376930,     530.636728,    1010.376930,     530.645669
4213,   5.421000,    1010.376930,     530.636728,    1010.376930,     530.645728
4214,   5.423000,    1010.376930,     530.636728,    1010.376930,     530.645728
4215,   5.424000,    1010.376930,     530.636728,    1010.376930,     530.645669
4216,   5.425000,    1010.376930,     530.636728,    1010.376930,     530.645728
4217,   5.428000,    1010.376930,     530.636728,    1010.376930,     530.645728
4218,   5.429000,    1010.376930,     530.636728,    1010.376930,     530.645669
4219,   5.430000,    1010.376930,     530.636728,    1010.376930,     530.645728
4220,   5.431000,    1010.376930,     530.636728,    1010.376930,     530.645788
4221,   5.432000,    1010.376930,     530.636728,    1010.376930,     530.645728
4222,   5.433000,    1010.376930,     530.636728,    1010.376930,     530.645669
4223,   5.434000,    1010.376930,     530.636728,    1010.376930,     530.645728
4224,   5.437000,    1010.376930,     530.636728,    1010.376930,     530.645728
4225,   5.438000,    1010.376930,     530.636728,    1010.376930,     530.645669
4226,   5.439000,    1010.376930,     530.636728,    1010.376930,     530.645728
4227,   5.441000,    1010.376930,     530.636728,    1010.376930,     530.645728
4228,   5.442000,    1010.376930,     530.636728,    1010.376930,     530.645669
4229,   5.443000,    1010.376930,     530.636728,    1010.376930,     530.645669
4230,   5.444000,    1010.376930,     530.636728,    1010.376930,     530.645728
4231,   5.446000,    1010.376930,     530.636728,    1010.376930,     530.645728
4232,   5.447000,    1010.376930,     530.636728,    1010.376930,     530.645669
4233,   5.448000,    1010.376930,     530.636728,    1010.376930,     530.645728
4234,   5.451000,    1010.376930,     530.636728,    1010.376930,     530.645728
4235,   5.452000,    1010.376930,     530.636728,    1010.376930,     530.645669
4236,   5.453000,    1010.376930,     530.636728,    1010.376930,     530.645728
4237,   5.455000,    1010.376930,     530.636728,    1010.376930,     530.645728
4238,   5.456000,    1010.376930,     530.636728,    1010.376930,     530.645669
4239,   5.457000,    1010.376930,     530.636728,    1010.376930,     530.645728
4240,   5.460000,    1010.376930,     530.636728,    1010.376930,     530.645728
4241,   5.461000,    1010.376930,     530.636728,    1010.376930,     530.645669
4242,   5.462000,    1010.376930,     530.636728,    1010.376930,     530.645728
4243,   5.464000,    1010.376930,     530.636728,    1010.376930,     530.645728
4244,   5.465000,    1010.376930,     530.636728,    1010.376930,     530.645669
4245,   5.466000,    1010.376930,     530.636728,    1010.376930,     530.645669
4246,   5.467000,    1010.376930,     530.636728,    1010.376930,     530.645728
4247,   5.469000,    1010.376930,     530.636728,    1010.376930,     530.645728
4248,   5.470000,    1010.376930,     530.636728,    1010.376930,     530.645669
4249,   5.471000,    1010.376930,     530.636728,    1010.376930,     530.645728
4250,   5.473000,    1010.376930,     530.636728,    1010.376930,     530.645728
4251,   5.474000,    1010.376930,     530.636728,    1010.376930,     530.645669
4252,   5.475000,    1010.376930,     530.636728,    1010.376930,     530.645669
4253,   5.476000,    1010.376930,     530.636728,    1010.376930,     530.645728
4254,   5.478000,    1010.376930,     530.636728,    1010.376930,     530.645728
4255,   5.479000,    1010.376930,     530.636728,    1010.376930,     530.645669
4256,   5.480000,    1010.376930,     530.636728,    1010.376930,     530.645669
4257,   5.481000,    1010.376930,     530.636728,    1010.376930,     530.645728
4258,   5.483000,    1010.376930,     530.636728,    1010.376930,     530.645728
4259,   5.484000,    1010.376930,     530.636728,    1010.376930,     530.645669
4260,   5.485000,    1010.376930,     530.636728,    1010.376930,     530.645728
4261,   5.487000,    1010.376930,     530.636728,    1010.376930,     530.645728
4262,   5.488000,    1010.376930,     530.636728,    1010.376930,     530.645669
4263,   5.489000,    1010.376930,     530.636728,    1010.376930,     530.645728
4264,   5.492000,    1010.376930,     530.636728,    1010.376930,     530.645728
4265,   5.493000,    1010.376930,     530.636728,    1010.376930,     530.645669
4266,   5.494000,    1010.376930,     530.636728,    1010.376930,     530.645728
4267,   5.495000,    1010.376930,     530.636728,    1010.376930,     530.645788
4268,   5.496000,    1010.376930,     530.636728,    1010.376930,     530.645728
4269,   5.497000,    1010.376930,     530.636728,    1010.376930,     530.645669
4270,   5.498000,    1010.376930,     530.636728,    1010.376930,     530.645669
4271,   5.499000,    1010.376930,     530.636728,    1010.376930,     530.645728
4272,   5.500000,    1010.376930,     530.636728,    1010.376930,     530.645788
4273,   5.501000,    1010.376930,     530.636728,    1010.376930,     530.645728
4274,   5.502000,    1010.376930,     530.636728,    1010.376930,     530.645669
4275,   5.503000,    1010.376930,     530.636728,    1010.376930,     530.645669
4276,   5.504000,    1010.376930,     530.636728,    1010.376930,     530.645728
4277,   5.505000,    1010.376930,     530.636728,    1010.376930,     530.645788
4278,   5.506000,    1010.376930,     530.636728,    1010.376930,     530.645728
4279,   5.507000,    1010.376930,     530.636728,    1010.376930,     530.645609
4280,   5.508000,    1010.376930,     530.636728,    1010.376930,     530.645728
4281,   5.509000,    1010.376930,     530.636728,    1010.376930,     530.645788
4282,   5.510000,    1010.376930,     530.636728,    1010.376930,     530.645728
4283,   5.511000,    1010.376930,     530.636728,    1010.376930,     530.645669
4284,   5.512000,    1010.376930,     530.636728,    1010.376930,     530.645669
4285,   5.513000,    1010.376930,     530.636728,    1010.376930,     530.645728
4286,   5.514000,    1010.376930,     530.636728,    1010.376930,     530.645788
4287,   5.515000,    1010.376930,     530.636728,    1010.376930,     530.645728
4288,   5.516000,    1010.376930,     530.636728,    1010.376930,     530.645669
4289,   5.517000,    1010.376930,     530.636728,    1010.376930,     530.645669
4290,   5.518000,    1010.376930,     530.636728,    1010.376930,     530.645728
4291,   5.520000,    1010.376930,     530.636728,    1010.376930,     530.645728
4292,   5.521000,    1010.376930,     530.636728,    1010.376930,     530.645669
4293,   5.522000,    1010.376930,     530.636728,    1010.376930,     530.645669
4294,   5.523000,    1010.376930,     530.636728,    1010.376930,     530.645728
4295,   5.525000,    1010.376930,     530.636728,    1010.376930,     530.645728
4296,   5.526000,    1010.376930,     530.636728,    1010.376930,     530.645669
4297,   5.527000,    1010.376930,     530.636728,    1010.376930,     530.645728
4298,   5.529000,    1010.376930,     530.636728,    1010.376930,     530.645728
4299,   5.530000,    1010.376930,     530.636728,    1010.376930,     530.645669
4300,   5.531000,    1010.376930,     530.636728,    1010.376930,     530.645669
4301,   5.532000,    1010.376930,     530.636728,    1010.376930,     530.645728
4302,   5.534000,    1010.376930,     530.636728,    1010.376930,     530.645728
4303,   5.535000,    1010.376930,     530.636728,    1010.376930,     530.645669
4304,   5.536000,    1010.376930,     530.636728,    1010.376930,     530.645728
4305,   5.537000,    1010.376930,     530.636728,    1010.376930,     530.645788
4306,   5.538000,    1010.376930,     530.636728,    1010.376930,     530.645728
4307,   5.539000,    1010.376930,     530.636728,    1010.376930,     530.645669
4308,   5.540000,    1010.376930,     530.636728,    1010.376930,     530.645609
4309,   5.541000,    1010.376930,     530.636728,    1010.376930,     530.645728
4310,   5.542000,    1010.376930,     530.636728,    1010.376930,     530.645788
4311,   5.543000,    1010.376930,     530.636728,    1010.376930,     530.645728
4312,   5.544000,    1010.376930,     530.636728,    1010.376930,     530.645669
4313,   5.545000,    1010.376930,     530.636728,    1010.376930,     530.645669
4314,   5.546000,    1010.376930,     530.636728,    1010.376930,     530.645728
4315,   5.548000,    1010.376930,     530.636728,    1010.376930,     530.645728
4316,   5.549000,    1010.376930,     530.636728,    1010.376930,     530.645669
4317,   5.550000,    1010.376930,     530.636728,    1010.376930,     530.645728
4318,   5.552000,    1010.376930,     530.636728,    1010.376930,     530.645728
4319,   5.553000,    1010.376930,     530.636728,    1010.376930,     530.645669
4320,   5.554000,    1010.376930,     530.636728,    1010.376930,     530.645669
4321,   5.555000,    1010.376930,     530.636728,    1010.376930,     530.645728
4322,   5.557000,    1010.376930,     530.636728,    1010.376930,     530.645728
4323,   5.558000,    1010.376930,     530.636728,    1010.376930,     530.645669
4324,   5.559000,    1010.376930,     530.636728,    1010.376930,     530.645669
4325,   5.560000,    1010.376930,     530.636728,    1010.376930,     530.645728
4326,   5.562000,    1010.376930,     530.636728,    1010.376930,     530.645728
4327,   5.563000,    1010.376930,     530.636728,    1010.376930,     530.645669
4328,   5.564000,    1010.376930,     530.636728,    1010.376930,     530.645728
4329,   5.571000,    1010.376930,     530.636728,    1010.376930,     530.645728
4330,   5.572000,    1010.376930,     530.636728,    1010.376930,     530.645669
4331,   5.573000,    1010.376930,     530.636728,    1010.376930,     530.645728
4332,   5.576000,    1010.376930,     530.636728,    1010.376930,     530.645728
4333,   5.577000,    1010.376930,     530.636728,    1010.376930,     530.645669
4334,   5.578000,    1010.376930,     530.636728,    1010.376930,     530.645728
4335,   5.581000,    1010.376930,     530.636728,    1010.376930,     530.645728
4336,   5.582000,    1010.376930,     530.636728,    1010.376930,     530.645669
4337,   5.583000,    1010.376930,     530.636728,    1010.376930,     530.645728
4338,   5.585000,    1010.376930,     530.636728,    1010.376930,     530.645728
4339,   5.586000,    1010.376930,     530.636728,    1010.376930,     530.645669
4340,   5.587000,    1010.376930,     530.636728,    1010.376930,     530.645728
4341,   5.590000,    1010.376930,     530.636728,    1010.376930,     530.645728
4342,   5.591000,    1010.376930,     530.636728,    1010.376930,     530.645669
4343,   5.592000,    1010.376930,     530.636728,    1010.376930,     530.645728
4344,   5.594000,    1010.376930,     530.636728,    1010.376930,     530.645728
4345,   5.595000,    1010.376930,     530.636728,    1010.376930,     530.645669
4346,   5.596000,    1010.376930,     530.636728,    1010.376930,     530.645728
4347,   5.599000,    1010.376930,     530.636728,    1010.376930,     530.645728
4348,   5.600000,    1010.376930,     530.636728,    1010.376930,     530.645669
4349,   5.601000,    1010.376930,     530.636728,    1010.376930,     530.645728
4350,   5.604000,    1010.376930,     530.636728,    1010.376930,     530.645728
4351,   5.605000,    1010.376930,     530.636728,    1010.376930,     530.645669
4352,   5.606000,    1010.376930,     530.636728,    1010.376930,     530.645728
4353,   5.608000,    1010.376930,     530.636728,    1010.376930,     530.645728
4354,   5.609000,    1010.376930,     530.636728,    1010.376930,     530.645669
4355,   5.610000,    1010.376930,     530.636728,    1010.376930,     530.645669
4356,   5.611000,    1010.376930,     530.636728,    1010.376930,     530.645728
4357,   5.612000,    1010.376930,     530.636728,    1010.376930,     530.645788
4358,   5.613000,    1010.376930,     530.636728,    1010.376930,     530.645728
4359,   5.614000,    1010.376930,     530.636728,    1010.376930,     530.645669
4360,   5.615000,    1010.376930,     530.636728,    1010.376930,     530.645669
4361,   5.616000,    1010.376930,     530.636728,    1010.376930,     530.645728
4362,   5.618000,    1010.376930,     530.636728,    1010.376930,     530.645728
4363,   5.619000,    1010.376930,     530.636728,    1010.376930,     530.645669
4364,   5.620000,    1010.376930,     530.636728,    1010.376930,     530.645728
4365,   5.622000,    1010.376930,     530.636728,    1010.376930,     530.645728
4366,   5.623000,    1010.376930,     530.636728,    1010.376930,     530.645669
4367,   5.624000,    1010.376930,     530.636728,    1010.376930,     530.645669
4368,   5.625000,    1010.376930,     530.636728,    1010.376930,     530.645728
4369,   5.627000,    1010.376930,     530.636728,    1010.376930,     530.645728
4370,   5.628000,    1010.376930,     530.636728,    1010.376930,     530.645669
4371,   5.629000,    1010.376930,     530.636728,    1010.376930,     530.645728
4372,   5.632000,    1010.376930,     530.636728,    1010.376930,     530.645728
4373,   5.633000,    1010.376930,     530.636728,    1010.376930,     530.645669
4374,   5.634000,    1010.376930,     530.636728,    1010.376930,     530.645728
4375,   5.636000,    1010.376930,     530.636728,    1010.376930,     530.645728
4376,   5.637000,    1010.376930,     530.636728,    1010.376930,     530.645669
4377,   5.638000,    1010.376930,     530.636728,    1010.376930,     530.645728
4378,   5.640000,    1010.376930,     530.636728,    1010.376930,     530.645728
4379,   5.641000,    1010.376930,     530.636728,    1010.376930,     530.645669
4380,   5.642000,    1010.376930,     530.636728,    1010.376930,     530.645669
4381,   5.643000,    1010.376930,     530.636728,    1010.376930,     530.645728
4382,   5.645000,    1010.376930,     530.636728,    1010.376930,     530.645728
4383,   5.646000,    1010.376930,     530.636728,    1010.376930,     530.645669
4384,   5.647000,    1010.376930,     530.636728,    1010.376930,     530.645669
4385,   5.648000,    1010.376930,     530.636728,    1010.376930,     530.645728
4386,   5.649000,    1010.376930,     530.636728,    1010.376930,     530.645788
4387,   5.650000,    1010.376930,     530.636728,    1010.376930,     530.645728
4388,   5.651000,    1010.376930,     530.636728,    1010.376930,     530.645669
4389,   5.652000,    1010.376930,     530.636728,    1010.376930,     530.645728
4390,   5.654000,    1010.376930,     530.636728,    1010.376930,     530.645728
4391,   5.655000,    1010.376930,     530.636728,    1010.376930,     530.645669
4392,   5.656000,    1010.376930,     530.636728,    1010.376930,     530.645669
4393,   5.657000,    1010.376930,     530.636728,    1010.376930,     530.645728
4394,   5.659000,    1010.376930,     530.636728,    1010.376930,     530.645728
4395,   5.660000,    1010.376930,     530.636728,    1010.376930,     530.645669
4396,   5.661000,    1010.376930,     530.636728,    1010.376930,     530.645728
4397,   5.664000,    1010.376930,     530.636728,    1010.376930,     530.645728
4398,   5.665000,    1010.376930,     530.636728,    1010.376930,     530.645669
4399,   5.666000,    1010.376930,     530.636728,    1010.376930,     530.645728
4400,   5.667000,    1010.376930,     530.636728,    1010.376930,     530.645788
4401,   5.668000,    1010.376930,     530.636728,    1010.376930,     530.645728
4402,   5.669000,    1010.376930,     530.636728,    1010.376930,     530.645669
4403,   5.670000,    1010.376930,     530.636728,    1010.376930,     530.645669
4404,   5.671000,    1010.376930,     530.636728,    1010.376930,     530.645728
4405,   5.673000,    1010.376930,     530.636728,    1010.376930,     530.645728
4406,   5.674000,    1010.376930,     530.636728,    1010.376930,     530.645669
4407,   5.675000,    1010.376930,     530.636728,    1010.376930,     530.645669
4408,   5.676000,    1010.376930,     530.636728,    1010.376930,     530.645728
4409,   5.678000,    1010.376930,     530.636728,    1010.376930,     530.645728
4410,   5.679000,    1010.376930,     530.636728,    1010.376930,     530.645669
4411,   5.680000,    1010.376930,     530.636728,    1010.376930,     530.645669
4412,   5.681000,    1010.376930,     530.636728,    1010.376930,     530.645728
4413,   5.683000,    1010.376930,     530.636728,    1010.376930,     530.645728
4414,   5.684000,    1010.376930,     530.636728,    1010.376930,     530.645669
4415,   5.685000,    1010.376930,     530.636728,    1010.376930,     530.645728
4416,   5.686000,    1010.376930,     530.636728,    1010.376930,     530.645788
4417,   5.687000,    1010.376930,     530.636728,    1010.376930,     530.645728
4418,   5.688000,    1010.376930,     530.636728,    1010.376930,     530.645669
4419,   5.689000,    1010.376930,     530.636728,    1010.376930,     530.645669
4420,   5.690000,    1010.376930,     530.636728,    1010.376930,     530.645728
4421,   5.692000,    1010.376930,     530.636728,    1010.376930,     530.645728
4422,   5.693000,    1010.376930,     530.636728,    1010.376930,     530.645669
4423,   5.694000,    1010.376930,     530.636728,    1010.376930,     530.645728
4424,   5.695000,    1010.376930,     530.636728,    1010.376930,     530.645788
4425,   5.696000,    1010.376930,     530.636728,    1010.376930,     530.645728
4426,   5.697000,    1010.376930,     530.636728,    1010.376930,     530.645728
4427,   5.698000,    1010.376930,     530.636728,    1010.376930,     530.645669
4428,   5.699000,    1010.376930,     530.636728,    1010.376930,     530.645728
4429,   5.700000,    1010.376930,     530.636728,    1010.376930,     530.645788
4430,   5.701000,    1010.376930,     530.636728,    1010.376930,     530.645728
4431,   5.702000,    1010.376930,     530.636728,    1010.376930,     530.645669
4432,   5.703000,    1010.376930,     530.636728,    1010.376930,     530.645669
4433,   5.704000,    1010.376930,     530.636728,    1010.376930,     530.645728
4434,   5.705000,    1010.376930,     530.636728,    1010.376930,     530.645788
4435,   5.706000,    1010.376930,     530.636728,    1010.376930,     530.645728
4436,   5.707000,    1010.376930,     530.636728,    1010.376930,     530.645609
4437,   5.708000,    1010.376930,     530.636728,    1010.376930,     530.645669
4438,   5.709000,    1010.376930,     530.636728,    1010.376930,     530.645788
4439,   5.710000,    1010.376930,     530.636728,    1010.376930,     530.645788
4440,   5.711000,    1010.376930,     530.636728,    1010.376930,     530.645728
4441,   5.712000,    1010.376930,     530.636728,    1010.376930,     530.645609
4442,   5.713000,    1010.376930,     530.636728,    1010.376930,     530.645669
4443,   5.714000,    1010.376930,     530.636728,    1010.376930,     530.645728
4444,   5.715000,    1010.376930,     530.636728,    1010.376930,     530.645728
4445,   5.716000,    1010.376930,     530.636728,    1010.376930,     530.645669
4446,   5.717000,    1010.376930,     530.636728,    1010.376930,     530.645609
4447,   5.718000,    1010.376930,     530.636728,    1010.376930,     530.645728
4448,   5.719000,    1010.376930,     530.636728,    1010.376930,     530.645788
4449,   5.720000,    1010.376930,     530.636728,    1010.376930,     530.645728
4450,   5.721000,    1010.376930,     530.636728,    1010.376930,     530.645669
4451,   5.722000,    1010.376930,     530.636728,    1010.376930,     530.645609
4452,   5.723000,    1010.376930,     530.636728,    1010.376930,     530.645728
4453,   5.724000,    1010.376930,     530.636728,    1010.376930,     530.645788
4454,   5.725000,    1010.376930,     530.636728,    1010.376930,     530.645728
4455,   5.726000,    1010.376930,     530.636728,    1010.376930,     530.645669
4456,   5.727000,    1010.376930,     530.636728,    1010.376930,     530.645669
4457,   5.728000,    1010.376930,     530.636728,    1010.376930,     530.645728
4458,   5.730000,    1010.376930,     530.636728,    1010.376930,     530.645728
4459,   5.731000,    1010.376930,     530.636728,    1010.376930,     530.645669
4460,   5.732000,    1010.376930,     530.636728,    1010.376930,     530.645728
4461,   5.735000,    1010.376930,     530.636728,    1010.376930,     530.645728
4462,   5.736000,    1010.376930,     530.636728,    1010.376930,     530.645669
4463,   5.737000,    1010.376930,     530.636728,    1010.376930,     530.645728
4464,   5.739000,    1010.376930,     530.636728,    1010.376930,     530.645728
4465,   5.740000,    1010.376930,     530.636728,    1010.376930,     530.645669
4466,   5.741000,    1010.376930,     530.636728,    1010.376930,     530.645669
4467,   5.742000,    1010.376930,     530.636728,    1010.376930,     530.645728
4468,   5.743000,    1010.376930,     530.636728,    1010.376930,     530.645788
4469,   5.744000,    1010.376930,     530.636728,    1010.376930,     530.645728
4470,   5.745000,    1010.376930,     530.636728,    1010.376930,     530.645669
4471,   5.746000,    1010.376930,     530.636728,    1010.376930,     530.645669
4472,   5.747000,    1010.376930,     530.636728,    1010.376930,     530.645728
4473,   5.749000,    1010.376930,     530.636728,    1010.376930,     530.645728
4474,   5.750000,    1010.376930,     530.636728,    1010.376930,     530.645669
4475,   5.751000,    1010.376930,     530.636728,    1010.376930,     530.645669
4476,   5.752000,    1010.376930,     530.636728,    1010.376930,     530.645728
4477,   5.754000,    1010.376930,     530.636728,    1010.376930,     530.645728
4478,   5.755000,    1010.376930,     530.636728,    1010.376930,     530.645669
4479,   5.756000,    1010.376930,     530.636728,    1010.376930,     530.645728
4480,   5.758000,    1010.376930,     530.636728,    1010.376930,     530.645728
4481,   5.759000,    1010.376930,     530.636728,    1010.376930,     530.645669
4482,   5.760000,    1010.376930,     530.636728,    1010.376930,     530.645669
4483,   5.761000,    1010.376930,     530.636728,    1010.376930,     530.645728
4484,   5.763000,    1010.376930,     530.636728,    1010.376930,     530.645728
4485,   5.764000,    1010.376930,     530.636728,    1010.376930,     530.645669
4486,   5.765000,    1010.376930,     530.636728,    1010.376930,     530.645669
4487,   5.766000,    1010.376930,     530.636728,    1010.376930,     530.645728
4488,   5.767000,    1010.376930,     530.636728,    1010.376930,     530.645788
4489,   5.768000,    1010.376930,     530.636728,    1010.376930,     530.645728
4490,   5.769000,    1010.376930,     530.636728,    1010.376930,     530.645669
4491,   5.770000,    1010.376930,     530.636728,    1010.376930,     530.645728
4492,   5.772000,    1010.376930,     530.636728,    1010.376930,     530.645728
4493,   5.773000,    1010.376930,     530.636728,    1010.376930,     530.645669
4494,   5.774000,    1010.376930,     530.636728,    1010.376930,     530.645669
4495,   5.775000,    1010.376930,     530.636728,    1010.376930,     530.645728
4496,   5.777000,    1010.376930,     530.636728,    1010.376930,     530.645728
4497,   5.778000,    1010.376930,     530.636728,    1010.376930,     530.645669
4498,   5.779000,    1010.376930,     530.636728,    1010.376930,     530.645728
4499,   5.782000,    1010.376930,     530.636728,    1010.376930,     530.645728
4500,   5.783000,    1010.376930,     530.636728,    1010.376930,     530.645669
4501,   5.784000,    1010.376930,     530.636728,    1010.376930,     530.645728
4502,   5.786000,    1010.376930,     530.636728,    1010.376930,     530.645728
4503,   5.787000,    1010.376930,     530.636728,    1010.376930,     530.645669
4504,   5.788000,    1010.376930,     530.636728,    1010.376930,     530.645669
4505,   5.789000,    1010.376930,     530.636728,    1010.376930,     530.645728
4506,   5.791000,    1010.376930,     530.636728,    1010.376930,     530.645728
4507,   5.792000,    1010.376930,     530.636728,    1010.376930,     530.645669
4508,   5.793000,    1010.376930,     530.636728,    1010.376930,     530.645728
4509,   5.795000,    1010.376930,     530.636728,    1010.376930,     530.645728
4510,   5.796000,    1010.376930,     530.636728,    1010.376930,     530.645669
4511,   5.797000,    1010.376930,     530.636728,    1010.376930,     530.645669
4512,   5.798000,    1010.376930,     530.636728,    1010.376930,     530.645728
4513,   5.800000,    1010.376930,     530.636728,    1010.376930,     530.645728
4514,   5.801000,    1010.376930,     530.636728,    1010.376930,     530.645669
4515,   5.802000,    1010.376930,     530.636728,    1010.376930,     530.645728
4516,   5.804000,    1010.376930,     530.636728,    1010.376930,     530.645728
4517,   5.805000,    1010.376930,     530.636728,    1010.376930,     530.645669
4518,   5.806000,    1010.376930,     530.636728,    1010.376930,     530.645669
4519,   5.807000,    1010.376930,     530.636728,    1010.376930,     530.645728
4520,   5.809000,    1010.376930,     530.636728,    1010.376930,     530.645728
4521,   5.810000,    1010.376930,     530.636728,    1010.376930,     530.645669
4522,   5.811000,    1010.376930,     530.636728,    1010.376930,     530.645728
4523,   5.814000,    1010.376930,     530.636728,    1010.376930,     530.645728
4524,   5.815000,    1010.376930,     530.636728,    1010.376930,     530.645669
4525,   5.816000,    1010.376930,     530.636728,    1010.376930,     530.645728
4526,   5.823000,    1010.376930,     530.636728,    1010.376930,     530.645728
4527,   5.824000,    1010.376930,     530.636728,    1010.376930,     530.645669
4528,   5.825000,    1010.376930,     530.636728,    1010.376930,     530.645728
4529,   5.826000,    1010.376930,     530.636728,    1010.376930,     530.645788
4530,   5.827000,    1010.376930,     530.636728,    1010.376930,     530.645728
4531,   5.828000,    1010.376930,     530.636728,    1010.376930,     530.645669
4532,   5.829000,    1010.376930,     530.636728,    1010.376930,     530.645728
4533,   5.830000,    1010.376930,     530.636728,    1010.376930,     530.645728
4534,   5.831000,    1010.376930,     530.636728,    1010.376930,     530.645788
4535,   5.832000,    1010.376930,     530.636728,    1010.376930,     530.645728
4536,   5.833000,    1010.376930,     530.636728,    1010.376930,     530.645669
4537,   5.834000,    1010.376930,     530.636728,    1010.376930,     530.645728
4538,   5.835000,    1010.376930,     530.636728,    1010.376930,     530.645788
4539,   5.836000,    1010.376930,     530.636728,    1010.376930,     530.645728
4540,   5.837000,    1010.376930,     530.636728,    1010.376930,     530.645669
4541,   5.838000,    1010.376930,     530.636728,    1010.376930,     530.645669
4542,   5.839000,    1010.376930,     530.636728,    1010.376930,     530.645728
4543,   5.841000,    1010.376930,     530.636728,    1010.376930,     530.645728
4544,   5.842000,    1010.376930,     530.636728,    1010.376930,     530.645669
4545,   5.843000,    1010.376930,     530.636728,    1010.376930,     530.645669
4546,   5.844000,    1010.376930,     530.636728,    1010.376930,     530.645728
4547,   5.846000,    1010.376930,     530.636728,    1010.376930,     530.645728
4548,   5.847000,    1010.376930,     530.636728,    1010.376930,     530.645669
4549,   5.848000,    1010.376930,     530.636728,    1010.376930,     530.645669
4550,   5.849000,    1010.376930,     530.636728,    1010.376930,     530.645728
4551,   5.851000,    1010.376930,     530.636728,    1010.376930,     530.645728
4552,   5.852000,    1010.376930,     530.636728,    1010.376930,     530.645669
4553,   5.853000,    1010.376930,     530.636728,    1010.376930,     530.645728
4554,   5.855000,    1010.376930,     530.636728,    1010.376930,     530.645728
4555,   5.856000,    1010.376930,     530.636728,    1010.376930,     530.645669
4556,   5.857000,    1010.376930,     530.636728,    1010.376930,     530.645728
4557,   5.860000,    1010.376930,     530.636728,    1010.376930,     530.645728
4558,   5.861000,    1010.376930,     530.636728,    1010.376930,     530.645669
4559,   5.862000,    1010.376930,     530.636728,    1010.376930,     530.645728
4560,   5.864000,    1010.376930,     530.636728,    1010.376930,     530.645728
4561,   5.865000,    1010.376930,     530.636728,    1010.376930,     530.645669
4562,   5.866000,    1010.376930,     530.636728,    1010.376930,     530.645728
4563,   5.868000,    1010.376930,     530.636728,    1010.376930,     530.645728
4564,   5.869000,    1010.376930,     530.636728,    1010.376930,     530.645669
4565,   5.870000,    1010.376930,     530.636728,    1010.376930,     530.645669
4566,   5.871000,    1010.376930,     530.636728,    1010.376930,     530.645728
4567,   5.873000,    1010.376930,     530.636728,    1010.376930,     530.645728
4568,   5.874000,    1010.376930,     530.636728,    1010.376930,     530.645669
4569,   5.875000,    1010.376930,     530.636728,    1010.376930,     530.645728
4570,   5.878000,    1010.376930,     530.636728,    1010.376930,     530.645728
4571,   5.879000,    1010.376930,     530.636728,    1010.376930,     530.645669
4572,   5.880000,    1010.376930,     530.636728,    1010.376930,     530.645728
4573,   5.883000,    1010.376930,     530.636728,    1010.376930,     530.645728
4574,   5.884000,    1010.376930,     530.636728,    1010.376930,     530.645669
4575,   5.885000,    1010.376930,     530.636728,    1010.376930,     530.645728
4576,   5.887000,    1010.376930,     530.636728,    1010.376930,     530.645728
4577,   5.888000,    1010.376930,     530.636728,    1010.376930,     530.645669
4578,   5.889000,    1010.376930,     530.636728,    1010.376930,     530.645669
4579,   5.890000,    1010.376930,     530.636728,    1010.376930,     530.645728
4580,   5.892000,    1010.376930,     530.636728,    1010.376930,     530.645728
4581,   5.893000,    1010.376930,     530.636728,    1010.376930,     530.645669
4582,   5.894000,    1010.376930,     530.636728,    1010.376930,     530.645728
4583,   5.896000,    1010.376930,     530.636728,    1010.376930,     530.645728
4584,   5.897000,    1010.376930,     530.636728,    1010.376930,     530.645669
4585,   5.898000,    1010.376930,     530.636728,    1010.376930,     530.645669
4586,   5.899000,    1010.376930,     530.636728,    1010.376930,     530.645728
4587,   5.901000,    1010.376930,     530.636728,    1010.376930,     530.645728
4588,   5.902000,    1010.376930,     530.636728,    1010.376930,     530.645669
4589,   5.903000,    1010.376930,     530.636728,    1010.376930,     530.645728
4590,   5.906000,    1010.376930,     530.636728,    1010.376930,     530.645728
4591,   5.907000,    1010.376930,     530.636728,    1010.376930,     530.645669
4592,   5.908000,    1010.376930,     530.636728,    1010.376930,     530.645728
4593,   5.909000,    1010.376930,     530.636728,    1010.376930,     530.645788
4594,   5.910000,    1010.376930,     530.636728,    1010.376930,     530.645728
4595,   5.911000,    1010.376930,     530.636728,    1010.376930,     530.645669
4596,   5.912000,    1010.376930,     530.636728,    1010.376930,     530.645669
4597,   5.913000,    1010.376930,     530.636728,    1010.376930,     530.645728
4598,   5.914000,    1010.376930,     530.636728,    1010.376930,     530.645788
4599,   5.915000,    1010.376930,     530.636728,    1010.376930,     530.645728
4600,   5.916000,    1010.376930,     530.636728,    1010.376930,     530.645669
4601,   5.917000,    1010.376930,     530.636728,    1010.376930,     530.645728
4602,   5.920000,    1010.376930,     530.636728,    1010.376930,     530.645728
4603,   5.921000,    1010.376930,     530.636728,    1010.376930,     530.645669
4604,   5.922000,    1010.376930,     530.636728,    1010.376930,     530.645728
4605,   5.924000,    1010.376930,     530.636728,    1010.376930,     530.645728
4606,   5.925000,    1010.376930,     530.636728,    1010.376930,     530.645669
4607,   5.926000,    1010.376930,     530.636728,    1010.376930,     530.645728
4608,   5.929000,    1010.376930,     530.636728,    1010.376930,     530.645728
4609,   5.930000,    1010.376930,     530.636728,    1010.376930,     530.645669
4610,   5.931000,    1010.376930,     530.636728,    1010.376930,     530.645728
4611,   5.933000,    1010.376930,     530.636728,    1010.376930,     530.645728
4612,   5.934000,    1010.376930,     530.636728,    1010.376930,     530.645669
4613,   5.935000,    1010.376930,     530.636728,    1010.376930,     530.645669
4614,   5.936000,    1010.376930,     530.636728,    1010.376930,     530.645728
4615,   5.938000,    1010.376930,     530.636728,    1010.376930,     530.645728
4616,   5.939000,    1010.376930,     530.636728,    1010.376930,     530.645669
4617,   5.940000,    1010.376930,     530.636728,    1010.376930,     530.645728
4618,   5.942000,    1010.376930,     530.636728,    1010.376930,     530.645728
4619,   5.943000,    1010.376930,     530.636728,    1010.376930,     530.645669
4620,   5.944000,    1010.376930,     530.636728,    1010.376930,     530.645669
4621,   5.945000,    1010.376930,     530.636728,    1010.376930,     530.645728
4622,   5.947000,    1010.376930,     530.636728,    1010.376930,     530.645728
4623,   5.948000,    1010.376930,     530.636728,    1010.376930,     530.645669
4624,   5.949000,    1010.376930,     530.636728,    1010.376930,     530.645669
4625,   5.950000,    1010.376930,     530.636728,    1010.376930,     530.645728
4626,   5.956000,    1010.376930,     530.636728,    1010.376930,     530.645728
4627,   5.957000,    1010.376930,     530.636728,    1010.376930,     530.645669
4628,   5.958000,    1010.376930,     530.636728,    1010.376930,     530.645728
4629,   5.960000,    1010.376930,     530.636728,    1010.376930,     530.645728
4630,   5.961000,    1010.376930,     530.636728,    1010.376930,     530.645669
4631,   5.962000,    1010.376930,     530.636728,    1010.376930,     530.645728
4632,   5.965000,    1010.376930,     530.636728,    1010.376930,     530.645728
4633,   5.966000,    1010.376930,     530.636728,    1010.376930,     530.645669
4634,   5.967000,    1010.376930,     530.636728,    1010.376930,     530.645728
4635,   5.969000,    1010.376930,     530.636728,    1010.376930,     530.645728
4636,   5.970000,    1010.376930,     530.636728,    1010.376930,     530.645669
4637,   5.971000,    1010.376930,     530.636728,    1010.376930,     530.645669
4638,   5.972000,    1010.376930,     530.636728,    1010.376930,     530.645728
4639,   5.974000,    1010.376930,     530.636728,    1010.376930,     530.645728
4640,   5.975000,    1010.376930,     530.636728,    1010.376930,     530.645669
4641,   5.976000,    1010.376930,     530.636728,    1010.376930,     530.645728
4642,   5.979000,    1010.376930,     530.636728,    1010.376930,     530.645728
4643,   5.980000,    1010.376930,     530.636728,    1010.376930,     530.645669
4644,   5.981000,    1010.376930,     530.636728,    1010.376930,     530.645728
4645,   5.983000,    1010.376930,     530.636728,    1010.376930,     530.645728
4646,   5.984000,    1010.376930,     530.636728,    1010.376930,     530.645669
4647,   5.985000,    1010.376930,     530.636728,    1010.376930,     530.645728
4648,   5.988000,    1010.376930,     530.636728,    1010.376930,     530.645728
4649,   5.989000,    1010.376930,     530.636728,    1010.376930,     530.645669
4650,   5.990000,    1010.376930,     530.636728,    1010.376930,     530.645728
4651,   5.992000,    1010.376930,     530.636728,    1010.376930,     530.645728
4652,   5.993000,    1010.376930,     530.636728,    1010.376930,     530.645669
4653,   5.994000,    1010.376930,     530.636728,    1010.376930,     530.645728
4654,   5.996000,    1010.376930,     530.636728,    1010.376930,     530.645728
4655,   5.997000,    1010.376930,     530.636728,    1010.376930,     530.645669
4656,   5.998000,    1010.376930,     530.636728,    1010.376930,     530.645669
4657,   5.999000,    1010.376930,     530.636728,    1010.376930,     530.645728
4658,   6.000000,    1010.376930,     530.636728,    1010.376930,     530.645728
4659,   6.001000,    1010.376930,     530.636728,    1010.376930,     530.645728
4660,   6.002000,    1010.376930,     530.636728,    1010.376930,     530.645669
4661,   6.003000,    1010.376930,     530.636728,    1010.376930,     530.645728
4662,   6.006000,    1010.376930,     530.636728,    1010.376930,     530.645728
4663,   6.007000,    1010.376930,     530.636728,    1010.376930,     530.645669
4664,   6.008000,    1010.376930,     530.636728,    1010.376930,     530.645728
4665,   6.010000,    1010.376930,     530.636728,    1010.376930,     530.645728
4666,   6.011000,    1010.376930,     530.636728,    1010.376930,     530.645669
4667,   6.012000,    1010.376930,     530.636728,    1010.376930,     530.645728
4668,   6.014000,    1010.376930,     530.636728,    1010.376930,     530.645728
4669,   6.015000,    1010.376930,     530.636728,    1010.376930,     530.645669
4670,   6.016000,    1010.376930,     530.636728,    1010.376930,     530.645669
4671,   6.017000,    1010.376930,     530.636728,    1010.376930,     530.645728
4672,   6.019000,    1010.376930,     530.636728,    1010.376930,     530.645728
4673,   6.020000,    1010.376930,     530.636728,    1010.376930,     530.645669
4674,   6.021000,    1010.376930,     530.636728,    1010.376930,     530.645728
4675,   6.024000,    1010.376930,     530.636728,    1010.376930,     530.645728
4676,   6.025000,    1010.376930,     530.636728,    1010.376930,     530.645669
4677,   6.026000,    1010.376930,     530.636728,    1010.376930,     530.645728
4678,   6.028000,    1010.376930,     530.636728,    1010.376930,     530.645728
4679,   6.029000,    1010.376930,     530.636728,    1010.376930,     530.645669
4680,   6.030000,    1010.376930,     530.636728,    1010.376930,     530.645728
4681,   6.031000,    1010.376930,     530.636728,    1010.376930,     530.645788
4682,   6.032000,    1010.376930,     530.636728,    1010.376930,     530.645728
4683,   6.033000,    1010.376930,     530.636728,    1010.376930,     530.645669
4684,   6.034000,    1010.376930,     530.636728,    1010.376930,     530.645609
4685,   6.035000,    1010.376930,     530.636728,    1010.376930,     530.645728
4686,   6.036000,    1010.376930,     530.636728,    1010.376930,     530.645788
4687,   6.037000,    1010.376930,     530.636728,    1010.376930,     530.645728
4688,   6.038000,    1010.376930,     530.636728,    1010.376930,     530.645669
4689,   6.039000,    1010.376930,     530.636728,    1010.376930,     530.645669
4690,   6.040000,    1010.376930,     530.636728,    1010.376930,     530.645728
4691,   6.041000,    1010.376930,     530.636728,    1010.376930,     530.645788
4692,   6.042000,    1010.376930,     530.636728,    1010.376930,     530.645728
4693,   6.043000,    1010.376930,     530.636728,    1010.376930,     530.645669
4694,   6.044000,    1010.376930,     530.636728,    1010.376930,     530.645728
4695,   6.045000,    1010.376930,     530.636728,    1010.376930,     530.645788
4696,   6.046000,    1010.376930,     530.636728,    1010.376930,     530.645728
4697,   6.047000,    1010.376930,     530.636728,    1010.376930,     530.645669
4698,   6.048000,    1010.376930,     530.636728,    1010.376930,     530.645669
4699,   6.049000,    1010.376930,     530.636728,    1010.376930,     530.645728
4700,   6.050000,    1010.376930,     530.636728,    1010.376930,     530.645788
4701,   6.051000,    1010.376930,     530.636728,    1010.376930,     530.645728
4702,   6.052000,    1010.376930,     530.636728,    1010.376930,     530.645669
4703,   6.053000,    1010.376930,     530.636728,    1010.376930,     530.645669
4704,   6.054000,    1010.376930,     530.636728,    1010.376930,     530.645728
4705,   6.056000,    1010.376930,     530.636728,    1010.376930,     530.645728
4706,   6.057000,    1010.376930,     530.636728,    1010.376930,     530.645669
4707,   6.058000,    1010.376930,     530.636728,    1010.376930,     530.645728
4708,   6.060000,    1010.376930,     530.636728,    1010.376930,     530.645728
4709,   6.061000,    1010.376930,     530.636728,    1010.376930,     530.645669
4710,   6.062000,    1010.376930,     530.636728,    1010.376930,     530.645669
4711,   6.063000,    1010.376930,     530.636728,    1010.376930,     530.645728
4712,   6.065000,    1010.376930,     530.636728,    1010.376930,     530.645728
4713,   6.066000,    1010.376930,     530.636728,    1010.376930,     530.645669
4714,   6.067000,    1010.376930,     530.636728,    1010.376930,     530.645728
4715,   6.069000,    1010.376930,     530.636728,    1010.376930,     530.645728
4716,   6.070000,    1010.376930,     530.636728,    1010.376930,     530.645669
4717,   6.071000,    1010.376930,     530.636728,    1010.376930,     530.645669
4718,   6.072000,    1010.376930,     530.636728,    1010.376930,     530.645728
4719,   6.073000,    1010.376930,     530.636728,    1010.376930,     530.645788
4720,   6.074000,    1010.376930,     530.636728,    1010.376930,     530.645728
4721,   6.075000,    1010.376930,     530.636728,    1010.376930,     530.645669
4722,   6.076000,    1010.376930,     530.636728,    1010.376930,     530.645669
4723,   6.077000,    1010.376930,     530.636728,    1010.376930,     530.645728
4724,   6.079000,    1010.376930,     530.636728,    1010.376930,     530.645728
4725,   6.080000,    1010.376930,     530.636728,    1010.376930,     530.645669
4726,   6.081000,    1010.376930,     530.636728,    1010.376930,     530.645728
4727,   6.083000,    1010.376930,     530.636728,    1010.376930,     530.645728
4728,   6.084000,    1010.376930,     530.636728,    1010.376930,     530.645669
4729,   6.085000,    1010.376930,     530.636728,    1010.376930,     530.645669
4730,   6.086000,    1010.376930,     530.636728,    1010.376930,     530.645728
4731,   6.087000,    1010.376930,     530.636728,    1010.376930,     530.645788
4732,   6.088000,    1010.376930,     530.636728,    1010.376930,     530.645728
4733,   6.089000,    1010.376930,     530.636728,    1010.376930,     530.645669
4734,   6.090000,    1010.376930,     530.636728,    1010.376930,     530.645728
4735,   6.092000,    1010.376930,     530.636728,    1010.376930,     530.645728
4736,   6.093000,    1010.376930,     530.636728,    1010.376930,     530.645669
4737,   6.094000,    1010.376930,     530.636728,    1010.376930,     530.645669
4738,   6.095000,    1010.376930,     530.636728,    1010.376930,     530.645728
4739,   6.097000,    1010.376930,     530.636728,    1010.376930,     530.645728
4740,   6.098000,    1010.376930,     530.636728,    1010.376930,     530.645669
4741,   6.099000,    1010.376930,     530.636728,    1010.376930,     530.645728
4742,   6.102000,    1010.376930,     530.636728,    1010.376930,     530.645728
4743,   6.103000,    1010.376930,     530.636728,    1010.376930,     530.645669
4744,   6.104000,    1010.376930,     530.636728,    1010.376930,     530.645728
4745,   6.106000,    1010.376930,     530.636728,    1010.376930,     530.645728
4746,   6.107000,    1010.376930,     530.636728,    1010.376930,     530.645669
4747,   6.108000,    1010.376930,     530.636728,    1010.376930,     530.645669
4748,   6.109000,    1010.376930,     530.636728,    1010.376930,     530.645728
4749,   6.111000,    1010.376930,     530.636728,    1010.376930,     530.645728
4750,   6.112000,    1010.376930,     530.636728,    1010.376930,     530.645669
4751,   6.113000,    1010.376930,     530.636728,    1010.376930,     530.645728
4752,   6.114000,    1010.376930,     530.636728,    1010.376930,     530.645788
4753,   6.115000,    1010.376930,     530.636728,    1010.376930,     530.645728
4754,   6.116000,    1010.376930,     530.636728,    1010.376930,     530.645669
4755,   6.117000,    1010.376930,     530.636728,    1010.376930,     530.645728
4756,   6.120000,    1010.376930,     530.636728,    1010.376930,     530.645728
4757,   6.121000,    1010.376930,     530.636728,    1010.376930,     530.645609
4758,   6.122000,    1010.376930,     530.636728,    1010.376930,     530.645728
4759,   6.123000,    1010.376930,     530.636728,    1010.376930,     530.645788
4760,   6.124000,    1010.376930,     530.636728,    1010.376930,     530.645728
4761,   6.125000,    1010.376930,     530.636728,    1010.376930,     530.645669
4762,   6.126000,    1010.376930,     530.636728,    1010.376930,     530.645609
4763,   6.127000,    1010.376930,     530.636728,    1010.376930,     530.645728
4764,   6.128000,    1010.376930,     530.636728,    1010.376930,     530.645788
4765,   6.129000,    1010.376930,     530.636728,    1010.376930,     530.645728
4766,   6.130000,    1010.376930,     530.636728,    1010.376930,     530.645669
4767,   6.131000,    1010.376930,     530.636728,    1010.376930,     530.645669
4768,   6.132000,    1010.376930,     530.636728,    1010.376930,     530.645728
4769,   6.133000,    1010.376930,     530.636728,    1010.376930,     530.645788
4770,   6.134000,    1010.376930,     530.636728,    1010.376930,     530.645728
4771,   6.135000,    1010.376930,     530.636728,    1010.376930,     530.645609
4772,   6.136000,    1010.376930,     530.636728,    1010.376930,     530.645669
4773,   6.137000,    1010.376930,     530.636728,    1010.376930,     530.645728
4774,   6.138000,    1010.376930,     530.636728,    1010.376930,     530.645788
4775,   6.139000,    1010.376930,     530.636728,    1010.376930,     530.645728
4776,   6.140000,    1010.376930,     530.636728,    1010.376930,     530.645609
4777,   6.141000,    1010.376930,     530.636728,    1010.376930,     530.645728
4778,   6.142000,    1010.376930,     530.636728,    1010.376930,     530.645788
4779,   6.143000,    1010.376930,     530.636728,    1010.376930,     530.645728
4780,   6.144000,    1010.376930,     530.636728,    1010.376930,     530.645669
4781,   6.145000,    1010.376930,     530.636728,    1010.376930,     530.645669
4782,   6.146000,    1010.376930,     530.636728,    1010.376930,     530.645728
4783,   6.147000,    1010.376930,     530.636728,    1010.376930,     530.645788
4784,   6.148000,    1010.376930,     530.636728,    1010.376930,     530.645728
4785,   6.149000,    1010.376930,     530.636728,    1010.376930,     530.645669
4786,   6.150000,    1010.376930,     530.636728,    1010.376930,     530.645669
4787,   6.151000,    1010.376930,     530.636728,    1010.376930,     530.645728
4788,   6.153000,    1010.376930,     530.636728,    1010.376930,     530.645728
4789,   6.154000,    1010.376930,     530.636728,    1010.376930,     530.645669
4790,   6.155000,    1010.376930,     530.636728,    1010.376930,     530.645728
4791,   6.157000,    1010.376930,     530.636728,    1010.376930,     530.645728
4792,   6.158000,    1010.376930,     530.636728,    1010.376930,     530.645669
4793,   6.159000,    1010.376930,     530.636728,    1010.376930,     530.645669
4794,   6.160000,    1010.376930,     530.636728,    1010.376930,     530.645728
4795,   6.162000,    1010.376930,     530.636728,    1010.376930,     530.645728
4796,   6.163000,    1010.376930,     530.636728,    1010.376930,     530.645669
4797,   6.164000,    1010.376930,     530.636728,    1010.376930,     530.645728
4798,   6.165000,    1010.376930,     530.636728,    1010.376930,     530.645788
4799,   6.166000,    1010.376930,     530.636728,    1010.376930,     530.645728
4800,   6.167000,    1010.376930,     530.636728,    1010.376930,     530.645669
4801,   6.168000,    1010.376930,     530.636728,    1010.376930,     530.645669
4802,   6.169000,    1010.376930,     530.636728,    1010.376930,     530.645728
4803,   6.171000,    1010.376930,     530.636728,    1010.376930,     530.645728
4804,   6.172000,    1010.376930,     530.636728,    1010.376930,     530.645669
4805,   6.173000,    1010.376930,     530.636728,    1010.376930,     530.645669
4806,   6.174000,    1010.376930,     530.636728,    1010.376930,     530.645728
4807,   6.176000,    1010.376930,     530.636728,    1010.376930,     530.645728
4808,   6.177000,    1010.376930,     530.636728,    1010.376930,     530.645669
4809,   6.178000,    1010.376930,     530.636728,    1010.376930,     530.645669
4810,   6.179000,    1010.376930,     530.636728,    1010.376930,     530.645728
4811,   6.181000,    1010.376930,     530.636728,    1010.376930,     530.645728
4812,   6.182000,    1010.376930,     530.636728,    1010.376930,     530.645669
4813,   6.183000,    1010.376930,     530.636728,    1010.376930,     530.645728
4814,   6.184000,    1010.376930,     530.636728,    1010.376930,     530.645788
4815,   6.185000,    1010.376930,     530.636728,    1010.376930,     530.645728
4816,   6.186000,    1010.376930,     530.636728,    1010.376930,     530.645669
4817,   6.187000,    1010.376930,     530.636728,    1010.376930,     530.645669
4818,   6.188000,    1010.376930,     530.636728,    1010.376930,     530.645728
4819,   6.189000,    1010.376930,     530.636728,    1010.376930,     530.645788
4820,   6.190000,    1010.376930,     530.636728,    1010.376930,     530.645728
4821,   6.191000,    1010.376930,     530.636728,    1010.376930,     530.645669
4822,   6.192000,    1010.376930,     530.636728,    1010.376930,     530.645669
4823,   6.193000,    1010.376930,     530.636728,    1010.376930,     530.645728
4824,   6.195000,    1010.376930,     530.636728,    1010.376930,     530.645728
4825,   6.196000,    1010.376930,     530.636728,    1010.376930,     530.645669
4826,   6.197000,    1010.376930,     530.636728,    1010.376930,     530.645728
4827,   6.199000,    1010.376930,     530.636728,    1010.376930,     530.645728
4828,   6.200000,    1010.376930,     530.636728,    1010.376930,     530.645669
4829,   6.201000,    1010.376930,     530.636728,    1010.376930,     530.645669
4830,   6.202000,    1010.376930,     530.636728,    1010.376930,     530.645728
4831,   6.204000,    1010.376930,     530.636728,    1010.376930,     530.645728
4832,   6.205000,    1010.376930,     530.636728,    1010.376930,     530.645669
4833,   6.206000,    1010.376930,     530.636728,    1010.376930,     530.645728
4834,   6.208000,    1010.376930,     530.636728,    1010.376930,     530.645728
4835,   6.209000,    1010.376930,     530.636728,    1010.376930,     530.645669
4836,   6.210000,    1010.376930,     530.636728,    1010.376930,     530.645669
4837,   6.211000,    1010.376930,     530.636728,    1010.376930,     530.645728
4838,   6.213000,    1010.376930,     530.636728,    1010.376930,     530.645728
4839,   6.214000,    1010.376930,     530.636728,    1010.376930,     530.645669
4840,   6.215000,    1010.376930,     530.636728,    1010.376930,     530.645669
4841,   6.216000,    1010.376930,     530.636728,    1010.376930,     530.645728
4842,   6.218000,    1010.376930,     530.636728,    1010.376930,     530.645728
4843,   6.219000,    1010.376930,     530.636728,    1010.376930,     530.645669
4844,   6.220000,    1010.376930,     530.636728,    1010.376930,     530.645669
4845,   6.221000,    1010.376930,     530.636728,    1010.376930,     530.645728
4846,   6.223000,    1010.376930,     530.636728,    1010.376930,     530.645728
4847,   6.224000,    1010.376930,     530.636728,    1010.376930,     530.645669
4848,   6.225000,    1010.376930,     530.636728,    1010.376930,     530.645728
4849,   6.226000,    1010.376930,     530.636728,    1010.376930,     530.645788
4850,   6.227000,    1010.376930,     530.636728,    1010.376930,     530.645728
4851,   6.228000,    1010.376930,     530.636728,    1010.376930,     530.645669
4852,   6.229000,    1010.376930,     530.636728,    1010.376930,     530.645669
4853,   6.230000,    1010.376930,     530.636728,    1010.376930,     530.645728
4854,   6.232000,    1010.376930,     530.636728,    1010.376930,     530.645728
4855,   6.233000,    1010.376930,     530.636728,    1010.376930,     530.645669
4856,   6.234000,    1010.376930,     530.636728,    1010.376930,     530.645728
4857,   6.236000,    1010.376930,     530.636728,    1010.376930,     530.645728
4858,   6.237000,    1010.376930,     530.636728,    1010.376930,     530.645669
4859,   6.238000,    1010.376930,     530.636728,    1010.376930,     530.645669
4860,   6.239000,    1010.376930,     530.636728,    1010.376930,     530.645728
4861,   6.241000,    1010.376930,     530.636728,    1010.376930,     530.645728
4862,   6.242000,    1010.376930,     530.636728,    1010.376930,     530.645669
4863,   6.243000,    1010.376930,     530.636728,    1010.376930,     530.645669
4864,   6.244000,    1010.376930,     530.636728,    1010.376930,     530.645728
4865,   6.246000,    1010.376930,     530.636728,    1010.376930,     530.645728
4866,   6.247000,    1010.376930,     530.636728,    1010.376930,     530.645669
4867,   6.248000,    1010.376930,     530.636728,    1010.376930,     530.645669
4868,   6.249000,    1010.376930,     530.636728,    1010.376930,     530.645728
4869,   6.251000,    1010.376930,     530.636728,    1010.376930,     530.645728
4870,   6.252000,    1010.376930,     530.636728,    1010.376930,     530.645669
4871,   6.253000,    1010.376930,     530.636728,    1010.376930,     530.645728
4872,   6.256000,    1010.376930,     530.636728,    1010.376930,     530.645728
4873,   6.257000,    1010.376930,     530.636728,    1010.376930,     530.645669
4874,   6.258000,    1010.376930,     530.636728,    1010.376930,     530.645728
4875,   6.260000,    1010.376930,     530.636728,    1010.376930,     530.645728
4876,   6.261000,    1010.376930,     530.636728,    1010.376930,     530.645669
4877,   6.262000,    1010.376930,     530.636728,    1010.376930,     530.645728
4878,   6.265000,    1010.376930,     530.636728,    1010.376930,     530.645728
4879,   6.266000,    1010.376930,     530.636728,    1010.376930,     530.645669
4880,   6.267000,    1010.376930,     530.636728,    1010.376930,     530.645728
4881,   6.270000,    1010.376930,     530.636728,    1010.376930,     530.645728
4882,   6.271000,    1010.376930,     530.636728,    1010.376930,     530.645669
4883,   6.272000,    1010.376930,     530.636728,    1010.376930,     530.645728
4884,   6.273000,    1010.376930,     530.636728,    1010.376930,     530.645788
4885,   6.274000,    1010.376930,     530.636728,    1010.376930,     530.645728
4886,   6.275000,    1010.376930,     530.636728,    1010.376930,     530.645669
4887,   6.276000,    1010.376930,     530.636728,    1010.376930,     530.645669
4888,   6.277000,    1010.376930,     530.636728,    1010.376930,     530.645728
4889,   6.278000,    1010.376930,     530.636728,    1010.376930,     530.645788
4890,   6.279000,    1010.376930,     530.636728,    1010.376930,     530.645728
4891,   6.280000,    1010.376930,     530.636728,    1010.376930,     530.645669
4892,   6.281000,    1010.376930,     530.636728,    1010.376930,     530.645669
4893,   6.282000,    1010.376930,     530.636728,    1010.376930,     530.645728
4894,   6.284000,    1010.376930,     530.636728,    1010.376930,     530.645728
4895,   6.285000,    1010.376930,     530.636728,    1010.376930,     530.645669
4896,   6.286000,    1010.376930,     530.636728,    1010.376930,     530.645728
4897,   6.288000,    1010.376930,     530.636728,    1010.376930,     530.645728
4898,   6.289000,    1010.376930,     530.636728,    1010.376930,     530.645669
4899,   6.290000,    1010.376930,     530.636728,    1010.376930,     530.645728
4900,   6.293000,    1010.376930,     530.636728,    1010.376930,     530.645728
4901,   6.294000,    1010.376930,     530.636728,    1010.376930,     530.645669
4902,   6.295000,    1010.376930,     530.636728,    1010.376930,     530.645728
4903,   6.296000,    1010.376930,     530.636728,    1010.376930,     530.645788
4904,   6.297000,    1010.376930,     530.636728,    1010.376930,     530.645728
4905,   6.298000,    1010.376930,     530.636728,    1010.376930,     530.645669
4906,   6.299000,    1010.376930,     530.636728,    1010.376930,     530.645669
4907,   6.300000,    1010.376930,     530.636728,    1010.376930,     530.645728
4908,   6.301000,    1010.376930,     530.636728,    1010.376930,     530.645788
4909,   6.302000,    1010.376930,     530.636728,    1010.376930,     530.645728
4910,   6.303000,    1010.376930,     530.636728,    1010.376930,     530.645669
4911,   6.304000,    1010.376930,     530.636728,    1010.376930,     530.645669
4912,   6.305000,    1010.376930,     530.636728,    1010.376930,     530.645728
4913,   6.307000,    1010.376930,     530.636728,    1010.376930,     530.645728
4914,   6.308000,    1010.376930,     530.636728,    1010.376930,     530.645669
4915,   6.309000,    1010.376930,     530.636728,    1010.376930,     530.645728
4916,   6.311000,    1010.376930,     530.636728,    1010.376930,     530.645728
4917,   6.312000,    1010.376930,     530.636728,    1010.376930,     530.645669
4918,   6.313000,    1010.376930,     530.636728,    1010.376930,     530.645669
4919,   6.314000,    1010.376930,     530.636728,    1010.376930,     530.645728
4920,   6.316000,    1010.376930,     530.636728,    1010.376930,     530.645728
4921,   6.317000,    1010.376930,     530.636728,    1010.376930,     530.645669
4922,   6.318000,    1010.376930,     530.636728,    1010.376930,     530.645728
4923,   6.320000,    1010.376930,     530.636728,    1010.376930,     530.645728
4924,   6.321000,    1010.376930,     530.636728,    1010.376930,     530.645669
4925,   6.322000,    1010.376930,     530.636728,    1010.376930,     530.645669
4926,   6.323000,    1010.376930,     530.636728,    1010.376930,     530.645728
4927,   6.325000,    1010.376930,     530.636728,    1010.376930,     530.645728
4928,   6.326000,    1010.376930,     530.636728,    1010.376930,     530.645669
4929,   6.327000,    1010.376930,     530.636728,    1010.376930,     530.645669
4930,   6.328000,    1010.376930,     530.636728,    1010.376930,     530.645728
4931,   6.330000,    1010.376930,     530.636728,    1010.376930,     530.645728
4932,   6.331000,    1010.376930,     530.636728,    1010.376930,     530.645669
4933,   6.332000,    1010.376930,     530.636728,    1010.376930,     530.645669
4934,   6.333000,    1010.376930,     530.636728,    1010.376930,     530.645728
4935,   6.334000,    1010.376930,     530.636728,    1010.376930,     530.645788
4936,   6.335000,    1010.376930,     530.636728,    1010.376930,     530.645728
4937,   6.336000,    1010.376930,     530.636728,    1010.376930,     530.645669
4938,   6.337000,    1010.376930,     530.636728,    1010.376930,     530.645728
4939,   6.338000,    1010.376930,     530.636728,    1010.376930,     530.645728
4940,   6.339000,    1010.376930,     530.636728,    1010.376930,     530.645788
4941,   6.340000,    1010.376930,     530.636728,    1010.376930,     530.645728
4942,   6.341000,    1010.376930,     530.636728,    1010.376930,     530.645669
4943,   6.342000,    1010.376930,     530.636728,    1010.376930,     530.645728
4944,   6.343000,    1010.376930,     530.636728,    1010.376930,     530.645788
4945,   6.344000,    1010.376930,     530.636728,    1010.376930,     530.645728
4946,   6.345000,    1010.376930,     530.636728,    1010.376930,     530.645669
4947,   6.346000,    1010.376930,     530.636728,    1010.376930,     530.645669
4948,   6.347000,    1010.376930,     530.636728,    1010.376930,     530.645728
4949,   6.348000,    1010.376930,     530.636728,    1010.376930,     530.645788
4950,   6.349000,    1010.376930,     530.636728,    1010.376930,     530.645728
4951,   6.350000,    1010.376930,     530.636728,    1010.376930,     530.645669
4952,   6.351000,    1010.376930,     530.636728,    1010.376930,     530.645669
4953,   6.352000,    1010.376930,     530.636728,    1010.376930,     530.645728
4954,   6.353000,    1010.376930,     530.636728,    1010.376930,     530.645788
4955,   6.354000,    1010.376930,     530.636728,    1010.376930,     530.645728
4956,   6.355000,    1010.376930,     530.636728,    1010.376930,     530.645609
4957,   6.356000,    1010.376930,     530.636728,    1010.376930,     530.645669
4958,   6.357000,    1010.376930,     530.636728,    1010.376930,     530.645788
4959,   6.358000,    1010.376930,     530.636728,    1010.376930,     530.645788
4960,   6.359000,    1010.376930,     530.636728,    1010.376930,     530.645728
4961,   6.360000,    1010.376930,     530.636728,    1010.376930,     530.645609
4962,   6.361000,    1010.376930,     530.636728,    1010.376930,     530.645728
4963,   6.362000,    1010.376930,     530.636728,    1010.376930,     530.645788
4964,   6.363000,    1010.376930,     530.636728,    1010.376930,     530.645728
4965,   6.364000,    1010.376930,     530.636728,    1010.376930,     530.645669
4966,   6.365000,    1010.376930,     530.636728,    1010.376930,     530.645669
4967,   6.366000,    1010.376930,     530.636728,    1010.376930,     530.645728
4968,   6.367000,    1010.376930,     530.636728,    1010.376930,     530.645788
4969,   6.368000,    1010.376930,     530.636728,    1010.376930,     530.645728
4970,   6.369000,    1010.376930,     530.636728,    1010.376930,     530.645669
4971,   6.370000,    1010.376930,     530.636728,    1010.376930,     530.645669
4972,   6.371000,    1010.376930,     530.636728,    1010.376930,     530.645728
4973,   6.373000,    1010.376930,     530.636728,    1010.376930,     530.645728
4974,   6.374000,    1010.376930,     530.636728,    1010.376930,     530.645669
4975,   6.375000,    1010.376930,     530.636728,    1010.376930,     530.645728
4976,   6.378000,    1010.376930,     530.636728,    1010.376930,     530.645728
4977,   6.379000,    1010.376930,     530.636728,    1010.376930,     530.645609
4978,   6.380000,    1010.376930,     530.636728,    1010.376930,     530.645728
4979,   6.382000,    1010.376930,     530.636728,    1010.376930,     530.645728
4980,   6.383000,    1010.376930,     530.636728,    1010.376930,     530.645669
4981,   6.384000,    1010.376930,     530.636728,    1010.376930,     530.645669
4982,   6.385000,    1010.376930,     530.636728,    1010.376930,     530.645728
4983,   6.387000,    1010.376930,     530.636728,    1010.376930,     530.645728
4984,   6.388000,    1010.376930,     530.636728,    1010.376930,     530.645669
4985,   6.389000,    1010.376930,     530.636728,    1010.376930,     530.645669
4986,   6.390000,    1010.376930,     530.636728,    1010.376930,     530.645728
4987,   6.392000,    1010.376930,     530.636728,    1010.376930,     530.645728
4988,   6.393000,    1010.376930,     530.636728,    1010.376930,     530.645669
4989,   6.394000,    1010.376930,     530.636728,    1010.376930,     530.645728
4990,   6.396000,    1010.376930,     530.636728,    1010.376930,     530.645728
4991,   6.397000,    1010.376930,     530.636728,    1010.376930,     530.645669
4992,   6.398000,    1010.376930,     530.636728,    1010.376930,     530.645669
4993,   6.399000,    1010.376930,     530.636728,    1010.376930,     530.645728
4994,   6.401000,    1010.376930,     530.636728,    1010.376930,     530.645728
4995,   6.402000,    1010.376930,     530.636728,    1010.376930,     530.645669
4996,   6.403000,    1010.376930,     530.636728,    1010.376930,     530.645728
4997,   6.406000,    1010.376930,     530.636728,    1010.376930,     530.645728
4998,   6.407000,    1010.376930,     530.636728,    1010.376930,     530.645669
4999,   6.408000,    1010.376930,     530.636728,    1010.376930,     530.645728
5000,   6.410000,    1010.376930,     530.636728,    1010.376930,     530.645728
5001,   6.411000,    1010.376930,     530.636728,    1010.376930,     530.645669
5002,   6.412000,    1010.376930,     530.636728,    1010.376930,     530.645669
5003,   6.413000,    1010.376930,     530.636728,    1010.376930,     530.645728
5004,   6.415000,    1010.376930,     530.636728,    1010.376930,     530.645728
5005,   6.416000,    1010.376930,     530.636728,    1010.376930,     530.645669
5006,   6.417000,    1010.376930,     530.636728,    1010.376930,     530.645728
5007,   6.424000,    1010.376930,     530.636728,    1010.376930,     530.645728
5008,   6.425000,    1010.376930,     530.636728,    1010.376930,     530.645669
5009,   6.426000,    1010.376930,     530.636728,    1010.376930,     530.645728
5010,   6.428000,    1010.376930,     530.636728,    1010.376930,     530.645728
5011,   6.429000,    1010.376930,     530.636728,    1010.376930,     530.645669
5012,   6.430000,    1010.376930,     530.636728,    1010.376930,     530.645669
5013,   6.431000,    1010.376930,     530.636728,    1010.376930,     530.645728
5014,   6.433000,    1010.376930,     530.636728,    1010.376930,     530.645728
5015,   6.434000,    1010.376930,     530.636728,    1010.376930,     530.645669
5016,   6.435000,    1010.376930,     530.636728,    1010.376930,     530.645669
5017,   6.436000,    1010.376930,     530.636728,    1010.376930,     530.645728
5018,   6.437000,    1010.376930,     530.636728,    1010.376930,     530.645788
5019,   6.438000,    1010.376930,     530.636728,    1010.376930,     530.645728
5020,   6.439000,    1010.376930,     530.636728,    1010.376930,     530.645669
5021,   6.440000,    1010.376930,     530.636728,    1010.376930,     530.645728
5022,   6.441000,    1010.376930,     530.636728,    1010.376930,     530.645788
5023,   6.442000,    1010.376930,     530.636728,    1010.376930,     530.645788
5024,   6.443000,    1010.376930,     530.636728,    1010.376930,     530.645728
5025,   6.444000,    1010.376930,     530.636728,    1010.376930,     530.645609
5026,   6.445000,    1010.376930,     530.636728,    1010.376930,     530.645728
5027,   6.446000,    1010.376930,     530.636728,    1010.376930,     530.645788
5028,   6.447000,    1010.376930,     530.636728,    1010.376930,     530.645728
5029,   6.448000,    1010.376930,     530.636728,    1010.376930,     530.645669
5030,   6.449000,    1010.376930,     530.636728,    1010.376930,     530.645669
5031,   6.450000,    1010.376930,     530.636728,    1010.376930,     530.645728
5032,   6.451000,    1010.376930,     530.636728,    1010.376930,     530.645788
5033,   6.452000,    1010.376930,     530.636728,    1010.376930,     530.645728
5034,   6.453000,    1010.376930,     530.636728,    1010.376930,     530.645609
5035,   6.454000,    1010.376930,     530.636728,    1010.376930,     530.645669
5036,   6.455000,    1010.376930,     530.636728,    1010.376930,     530.645728
5037,   6.457000,    1010.376930,     530.636728,    1010.376930,     530.645728
5038,   6.458000,    1010.376930,     530.636728,    1010.376930,     530.645669
5039,   6.459000,    1010.376930,     530.636728,    1010.376930,     530.645728
5040,   6.461000,    1010.376930,     530.636728,    1010.376930,     530.645728
5041,   6.462000,    1010.376930,     530.636728,    1010.376930,     530.645669
5042,   6.463000,    1010.376930,     530.636728,    1010.376930,     530.645669
5043,   6.464000,    1010.376930,     530.636728,    1010.376930,     530.645728
5044,   6.466000,    1010.376930,     530.636728,    1010.376930,     530.645728
5045,   6.467000,    1010.376930,     530.636728,    1010.376930,     530.645669
5046,   6.468000,    1010.376930,     530.636728,    1010.376930,     530.645728
5047,   6.475000,    1010.376930,     530.636728,    1010.376930,     530.645728
5048,   6.476000,    1010.376930,     530.636728,    1010.376930,     530.645669
5049,   6.477000,    1010.376930,     530.636728,    1010.376930,     530.645728
5050,   6.479000,    1010.376930,     530.636728,    1010.376930,     530.645728
5051,   6.480000,    1010.376930,     530.636728,    1010.376930,     530.645669
5052,   6.481000,    1010.376930,     530.636728,    1010.376930,     530.645728
5053,   6.483000,    1010.376930,     530.636728,    1010.376930,     530.645728
5054,   6.484000,    1010.376930,     530.636728,    1010.376930,     530.645669
5055,   6.485000,    1010.376930,     530.636728,    1010.376930,     530.645669
5056,   6.486000,    1010.376930,     530.636728,    1010.376930,     530.645728
5057,   6.488000,    1010.376930,     530.636728,    1010.376930,     530.645728
5058,   6.489000,    1010.376930,     530.636728,    1010.376930,     530.645669
5059,   6.490000,    1010.376930,     530.636728,    1010.376930,     530.645728
5060,   6.493000,    1010.376930,     530.636728,    1010.376930,     530.645728
5061,   6.494000,    1010.376930,     530.636728,    1010.376930,     530.645669
5062,   6.495000,    1010.376930,     530.636728,    1010.376930,     530.645728
5063,   6.497000,    1010.376930,     530.636728,    1010.376930,     530.645728
5064,   6.498000,    1010.376930,     530.636728,    1010.376930,     530.645669
5065,   6.499000,    1010.376930,     530.636728,    1010.376930,     530.645728
5066,   6.502000,    1010.376930,     530.636728,    1010.376930,     530.645728
5067,   6.503000,    1010.376930,     530.636728,    1010.376930,     530.645669
5068,   6.504000,    1010.376930,     530.636728,    1010.376930,     530.645728
5069,   6.511000,    1010.376930,     530.636728,    1010.376930,     530.645728
5070,   6.512000,    1010.376930,     530.636728,    1010.376930,     530.645669
5071,   6.513000,    1010.376930,     530.636728,    1010.376930,     530.645728
5072,   6.520000,    1010.376930,     530.636728,    1010.376930,     530.645728
5073,   6.521000,    1010.376930,     530.636728,    1010.376930,     530.645669
5074,   6.522000,    1010.376930,     530.636728,    1010.376930,     530.645728
5075,   6.529000,    1010.376930,     530.636728,    1010.376930,     530.645728
5076,   6.530000,    1010.376930,     530.636728,    1010.376930,     530.645669
5077,   6.531000,    1010.376930,     530.636728,    1010.376930,     530.645728
5078,   6.534000,    1010.376930,     530.636728,    1010.376930,     530.645728
5079,   6.535000,    1010.376930,     530.636728,    1010.376930,     530.645669
5080,   6.536000,    1010.376930,     530.636728,    1010.376930,     530.645728
5081,   6.543000,    1010.376930,     530.636728,    1010.376930,     530.645728
5082,   6.544000,    1010.376930,     530.636728,    1010.376930,     530.645669
5083,   6.545000,    1010.376930,     530.636728,    1010.376930,     530.645728
5084,   6.552000,    1010.376930,     530.636728,    1010.376930,     530.645728
5085,   6.553000,    1010.376930,     530.636728,    1010.376930,     530.645669
5086,   6.554000,    1010.376930,     530.636728,    1010.376930,     530.645728
5087,   6.556000,    1010.376930,     530.636728,    1010.376930,     530.645728
5088,   6.557000,    1010.376930,     530.636728,    1010.376930,     530.645669
5089,   6.558000,    1010.376930,     530.636728,    1010.376930,     530.645728
5090,   6.561000,    1010.376930,     530.636728,    1010.376930,     530.645728
5091,   6.562000,    1010.376930,     530.636728,    1010.376930,     530.645669
5092,   6.563000,    1010.376930,     530.636728,    1010.376930,     530.645669
5093,   6.564000,    1010.376930,     530.636728,    1010.376930,     530.645728
5094,   6.566000,    1010.376930,     530.636728,    1010.376930,     530.645728
5095,   6.567000,    1010.376930,     530.636728,    1010.376930,     530.645669
5096,   6.568000,    1010.376930,     530.636728,    1010.376930,     530.645728
5097,   6.570000,    1010.376930,     530.636728,    1010.376930,     530.645728
5098,   6.571000,    1010.376930,     530.636728,    1010.376930,     530.645669
5099,   6.572000,    1010.376930,     530.636728,    1010.376930,     530.645728
5100,   6.575000,    1010.376930,     530.636728,    1010.376930,     530.645728
5101,   6.576000,    1010.376930,     530.636728,    1010.376930,     530.645669
5102,   6.577000,    1010.376930,     530.636728,    1010.376930,     530.645728
5103,   6.578000,    1010.376930,     530.636728,    1010.376930,     530.645788
5104,   6.579000,    1010.376930,     530.636728,    1010.376930,     530.645728
5105,   6.580000,    1010.376930,     530.636728,    1010.376930,     530.645669
5106,   6.581000,    1010.376930,     530.636728,    1010.376930,     530.645669
5107,   6.582000,    1010.376930,     530.636728,    1010.376930,     530.645728
5108,   6.583000,    1010.376930,     530.636728,    1010.376930,     530.645788
5109,   6.584000,    1010.376930,     530.636728,    1010.376930,     530.645728
5110,   6.585000,    1010.376930,     530.636728,    1010.376930,     530.645669
5111,   6.586000,    1010.376930,     530.636728,    1010.376930,     530.645669
5112,   6.587000,    1010.376930,     530.636728,    1010.376930,     530.645728
5113,   6.588000,    1010.376930,     530.636728,    1010.376930,     530.645788
5114,   6.589000,    1010.376930,     530.636728,    1010.376930,     530.645728
5115,   6.590000,    1010.376930,     530.636728,    1010.376930,     530.645669
5116,   6.591000,    1010.376930,     530.636728,    1010.376930,     530.645728
5117,   6.594000,    1010.376930,     530.636728,    1010.376930,     530.645728
5118,   6.595000,    1010.376930,     530.636728,    1010.376930,     530.645669
5119,   6.596000,    1010.376930,     530.636728,    1010.376930,     530.645728
5120,   6.598000,    1010.376930,     530.636728,    1010.376930,     530.645728
5121,   6.599000,    1010.376930,     530.636728,    1010.376930,     530.645669
5122,   6.600000,    1010.376930,     530.636728,    1010.376930,     530.645728
5123,   6.603000,    1010.376930,     530.636728,    1010.376930,     530.645728
5124,   6.604000,    1010.376930,     530.636728,    1010.376930,     530.645669
5125,   6.605000,    1010.376930,     530.636728,    1010.376930,     530.645728
5126,   6.607000,    1010.376930,     530.636728,    1010.376930,     530.645728
5127,   6.608000,    1010.376930,     530.636728,    1010.376930,     530.645669
5128,   6.609000,    1010.376930,     530.636728,    1010.376930,     530.645728
5129,   6.612000,    1010.376930,     530.636728,    1010.376930,     530.645728
5130,   6.613000,    1010.376930,     530.636728,    1010.376930,     530.645669
5131,   6.614000,    1010.376930,     530.636728,    1010.376930,     530.645728
5132,   6.616000,    1010.376930,     530.636728,    1010.376930,     530.645728
5133,   6.617000,    1010.376930,     530.636728,    1010.376930,     530.645669
5134,   6.618000,    1010.376930,     530.636728,    1010.376930,     530.645728
5135,   6.621000,    1010.376930,     530.636728,    1010.376930,     530.645728
5136,   6.622000,    1010.376930,     530.636728,    1010.376930,     530.645669
5137,   6.623000,    1010.376930,     530.636728,    1010.376930,     530.645728
5138,   6.625000,    1010.376930,     530.636728,    1010.376930,     530.645728
5139,   6.626000,    1010.376930,     530.636728,    1010.376930,     530.645669
5140,   6.627000,    1010.376930,     530.636728,    1010.376930,     530.645669
5141,   6.628000,    1010.376930,     530.636728,    1010.376930,     530.645728
5142,   6.630000,    1010.376930,     530.636728,    1010.376930,     530.645728
5143,   6.631000,    1010.376930,     530.636728,    1010.376930,     530.645669
5144,   6.632000,    1010.376930,     530.636728,    1010.376930,     530.645728
5145,   6.633000,    1010.376930,     530.636728,    1010.376930,     530.645788
5146,   6.634000,    1010.376930,     530.636728,    1010.376930,     530.645728
5147,   6.635000,    1010.376930,     530.636728,    1010.376930,     530.645669
5148,   6.636000,    1010.376930,     530.636728,    1010.376930,     530.645669
5149,   6.637000,    1010.376930,     530.636728,    1010.376930,     530.645728
5150,   6.639000,    1010.376930,     530.636728,    1010.376930,     530.645728
5151,   6.640000,    1010.376930,     530.636728,    1010.376930,     530.645669
5152,   6.641000,    1010.376930,     530.636728,    1010.376930,     530.645669
5153,   6.642000,    1010.376930,     530.636728,    1010.376930,     530.645728
5154,   6.644000,    1010.376930,     530.636728,    1010.376930,     530.645728
5155,   6.645000,    1010.376930,     530.636728,    1010.376930,     530.645669
5156,   6.646000,    1010.376930,     530.636728,    1010.376930,     530.645728
5157,   6.653000,    1010.376930,     530.636728,    1010.376930,     530.645728
5158,   6.654000,    1010.376930,     530.636728,    1010.376930,     530.645669
5159,   6.655000,    1010.376930,     530.636728,    1010.376930,     530.645728
5160,   6.658000,    1010.376930,     530.636728,    1010.376930,     530.645728
5161,   6.659000,    1010.376930,     530.636728,    1010.376930,     530.645669
5162,   6.660000,    1010.376930,     530.636728,    1010.376930,     530.645728
5163,   6.662000,    1010.376930,     530.636728,    1010.376930,     530.645728
5164,   6.663000,    1010.376930,     530.636728,    1010.376930,     530.645669
5165,   6.664000,    1010.376930,     530.636728,    1010.376930,     530.645669
5166,   6.665000,    1010.376930,     530.636728,    1010.376930,     530.645728
5167,   6.666000,    1010.376930,     530.636728,    1010.376930,     530.645788
5168,   6.667000,    1010.376930,     530.636728,    1010.376930,     530.645728
5169,   6.668000,    1010.376930,     530.636728,    1010.376930,     530.645669
5170,   6.669000,    1010.376930,     530.636728,    1010.376930,     530.645728
5171,   6.672000,    1010.376930,     530.636728,    1010.376930,     530.645728
5172,   6.673000,    1010.376930,     530.636728,    1010.376930,     530.645669
5173,   6.674000,    1010.376930,     530.636728,    1010.376930,     530.645728
5174,   6.676000,    1010.376930,     530.636728,    1010.376930,     530.645728
5175,   6.677000,    1010.376930,     530.636728,    1010.376930,     530.645669
5176,   6.678000,    1010.376930,     530.636728,    1010.376930,     530.645728
5177,   6.681000,    1010.376930,     530.636728,    1010.376930,     530.645728
5178,   6.682000,    1010.376930,     530.636728,    1010.376930,     530.645669
5179,   6.683000,    1010.376930,     530.636728,    1010.376930,     530.645728
5180,   6.685000,    1010.376930,     530.636728,    1010.376930,     530.645728
5181,   6.686000,    1010.376930,     530.636728,    1010.376930,     530.645669
5182,   6.687000,    1010.376930,     530.636728,    1010.376930,     530.645669
5183,   6.688000,    1010.376930,     530.636728,    1010.376930,     530.645728
5184,   6.690000,    1010.376930,     530.636728,    1010.376930,     530.645728
5185,   6.691000,    1010.376930,     530.636728,    1010.376930,     530.645669
5186,   6.692000,    1010.376930,     530.636728,    1010.376930,     530.645728
5187,   6.694000,    1010.376930,     530.636728,    1010.376930,     530.645728
5188,   6.695000,    1010.376930,     530.636728,    1010.376930,     530.645669
5189,   6.696000,    1010.376930,     530.636728,    1010.376930,     530.645669
5190,   6.697000,    1010.376930,     530.636728,    1010.376930,     530.645728
5191,   6.699000,    1010.376930,     530.636728,    1010.376930,     530.645728
5192,   6.700000,    1010.376930,     530.636728,    1010.376930,     530.645669
5193,   6.701000,    1010.376930,     530.636728,    1010.376930,     530.645728
5194,   6.704000,    1010.376930,     530.636728,    1010.376930,     530.645728
5195,   6.705000,    1010.376930,     530.636728,    1010.376930,     530.645669
5196,   6.706000,    1010.376930,     530.636728,    1010.376930,     530.645728
5197,   6.708000,    1010.376930,     530.636728,    1010.376930,     530.645728
5198,   6.709000,    1010.376930,     530.636728,    1010.376930,     530.645669
5199,   6.710000,    1010.376930,     530.636728,    1010.376930,     530.645728
5200,   6.712000,    1010.376930,     530.636728,    1010.376930,     530.645728
5201,   6.713000,    1010.376930,     530.636728,    1010.376930,     530.645669
5202,   6.714000,    1010.376930,     530.636728,    1010.376930,     530.645669
5203,   6.715000,    1010.376930,     530.636728,    1010.376930,     530.645728
5204,   6.717000,    1010.376930,     530.636728,    1010.376930,     530.645728
5205,   6.718000,    1010.376930,     530.636728,    1010.376930,     530.645669
5206,   6.719000,    1010.376930,     530.636728,    1010.376930,     530.645669
5207,   6.720000,    1010.376930,     530.636728,    1010.376930,     530.645728
5208,   6.722000,    1010.376930,     530.636728,    1010.376930,     530.645728
5209,   6.723000,    1010.376930,     530.636728,    1010.376930,     530.645669
5210,   6.724000,    1010.376930,     530.636728,    1010.376930,     530.645728
5211,   6.726000,    1010.376930,     530.636728,    1010.376930,     530.645728
5212,   6.727000,    1010.376930,     530.636728,    1010.376930,     530.645669
5213,   6.728000,    1010.376930,     530.636728,    1010.376930,     530.645669
5214,   6.729000,    1010.376930,     530.636728,    1010.376930,     530.645728
5215,   6.745000,    1010.376930,     530.636728,    1010.376930,     530.645728
5216,   6.746000,    1010.376930,     530.636728,    1010.376930,     530.645669
5217,   6.747000,    1010.376930,     530.636728,    1010.376930,     530.645728
5218,   6.750000,    1010.376930,     530.636728,    1010.376930,     530.645728
5219,   6.751000,    1010.376930,     530.636728,    1010.376930,     530.645669
5220,   6.752000,    1010.376930,     530.636728,    1010.376930,     530.645728
5221,   6.754000,    1010.376930,     530.636728,    1010.376930,     530.645728
5222,   6.755000,    1010.376930,     530.636728,    1010.376930,     530.645669
5223,   6.756000,    1010.376930,     530.636728,    1010.376930,     530.645669
5224,   6.757000,    1010.376930,     530.636728,    1010.376930,     530.645728
5225,   6.759000,    1010.376930,     530.636728,    1010.376930,     530.645728
5226,   6.760000,    1010.376930,     530.636728,    1010.376930,     530.645669
5227,   6.761000,    1010.376930,     530.636728,    1010.376930,     530.645728
5228,   6.768000,    1010.376930,     530.636728,    1010.376930,     530.645728
5229,   6.769000,    1010.376930,     530.636728,    1010.376930,     530.645669
5230,   6.770000,    1010.376930,     530.636728,    1010.376930,     530.645728
5231,   6.773000,    1010.376930,     530.636728,    1010.376930,     530.645728
5232,   6.774000,    1010.376930,     530.636728,    1010.376930,     530.645669
5233,   6.775000,    1010.376930,     530.636728,    1010.376930,     530.645669
5234,   6.776000,    1010.376930,     530.636728,    1010.376930,     530.645728
5235,   6.778000,    1010.376930,     530.636728,    1010.376930,     530.645728
5236,   6.779000,    1010.376930,     530.636728,    1010.376930,     530.645669
5237,   6.780000,    1010.376930,     530.636728,    1010.376930,     530.645669
5238,   6.781000,    1010.376930,     530.636728,    1010.376930,     530.645728
5239,   6.783000,    1010.376930,     530.636728,    1010.376930,     530.645728
5240,   6.784000,    1010.376930,     530.636728,    1010.376930,     530.645669
5241,   6.785000,    1010.376930,     530.636728,    1010.376930,     530.645728
5242,   6.792000,    1010.376930,     530.636728,    1010.376930,     530.645728
5243,   6.793000,    1010.376930,     530.636728,    1010.376930,     530.645669
5244,   6.794000,    1010.376930,     530.636728,    1010.376930,     530.645728
5245,   6.797000,    1010.376930,     530.636728,    1010.376930,     530.645728
5246,   6.798000,    1010.376930,     530.636728,    1010.376930,     530.645669
5247,   6.799000,    1010.376930,     530.636728,    1010.376930,     530.645728
5248,   6.801000,    1010.376930,     530.636728,    1010.376930,     530.645728
5249,   6.802000,    1010.376930,     530.636728,    1010.376930,     530.645669
5250,   6.803000,    1010.376930,     530.636728,    1010.376930,     530.645728
5251,   6.805000,    1010.376930,     530.636728,    1010.376930,     530.645728
5252,   6.806000,    1010.376930,     530.636728,    1010.376930,     530.645669
5253,   6.807000,    1010.376930,     530.636728,    1010.376930,     530.645669
5254,   6.808000,    1010.376930,     530.636728,    1010.376930,     530.645728
5255,   6.810000,    1010.376930,     530.636728,    1010.376930,     530.645728
5256,   6.811000,    1010.376930,     530.636728,    1010.376930,     530.645669
5257,   6.812000,    1010.376930,     530.636728,    1010.376930,     530.645669
5258,   6.813000,    1010.376930,     530.636728,    1010.376930,     530.645728
5259,   6.814000,    1010.376930,     530.636728,    1010.376930,     530.645788
5260,   6.815000,    1010.376930,     530.636728,    1010.376930,     530.645728
5261,   6.816000,    1010.376930,     530.636728,    1010.376930,     530.645669
5262,   6.817000,    1010.376930,     530.636728,    1010.376930,     530.645728
5263,   6.818000,    1010.376930,     530.636728,    1010.376930,     530.645788
5264,   6.819000,    1010.376930,     530.636728,    1010.376930,     530.645728
5265,   6.820000,    1010.376930,     530.636728,    1010.376930,     530.645669
5266,   6.821000,    1010.376930,     530.636728,    1010.376930,     530.645669
5267,   6.822000,    1010.376930,     530.636728,    1010.376930,     530.645728
5268,   6.823000,    1010.376930,     530.636728,    1010.376930,     530.645788
5269,   6.824000,    1010.376930,     530.636728,    1010.376930,     530.645728
5270,   6.825000,    1010.376930,     530.636728,    1010.376930,     530.645669
5271,   6.826000,    1010.376930,     530.636728,    1010.376930,     530.645669
5272,   6.827000,    1010.376930,     530.636728,    1010.376930,     530.645728
5273,   6.828000,    1010.376930,     530.636728,    1010.376930,     530.645788
5274,   6.829000,    1010.376930,     530.636728,    1010.376930,     530.645728
5275,   6.830000,    1010.376930,     530.636728,    1010.376930,     530.645669
5276,   6.831000,    1010.376930,     530.636728,    1010.376930,     530.645728
5277,   6.832000,    1010.376930,     530.636728,    1010.376930,     530.645788
5278,   6.833000,    1010.376930,     530.636728,    1010.376930,     530.645728
5279,   6.834000,    1010.376930,     530.636728,    1010.376930,     530.645669
5280,   6.835000,    1010.376930,     530.636728,    1010.376930,     530.645669
5281,   6.836000,    1010.376930,     530.636728,    1010.376930,     530.645728
5282,   6.837000,    1010.376930,     530.636728,    1010.376930,     530.645788
5283,   6.838000,    1010.376930,     530.636728,    1010.376930,     530.645728
5284,   6.839000,    1010.376930,     530.636728,    1010.376930,     530.645669
5285,   6.840000,    1010.376930,     530.636728,    1010.376930,     530.645728
5286,   6.843000,    1010.376930,     530.636728,    1010.376930,     530.645728
5287,   6.844000,    1010.376930,     530.636728,    1010.376930,     530.645669
5288,   6.845000,    1010.376930,     530.636728,    1010.376930,     530.645728
5289,   6.847000,    1010.376930,     530.636728,    1010.376930,     530.645728
5290,   6.848000,    1010.376930,     530.636728,    1010.376930,     530.645669
5291,   6.849000,    1010.376930,     530.636728,    1010.376930,     530.645669
5292,   6.850000,    1010.376930,     530.636728,    1010.376930,     530.645728
5293,   6.852000,    1010.376930,     530.636728,    1010.376930,     530.645728
5294,   6.853000,    1010.376930,     530.636728,    1010.376930,     530.645669
5295,   6.854000,    1010.376930,     530.636728,    1010.376930,     530.645728
5296,   6.857000,    1010.376930,     530.636728,    1010.376930,     530.645728
5297,   6.858000,    1010.376930,     530.636728,    1010.376930,     530.645669
5298,   6.859000,    1010.376930,     530.636728,    1010.376930,     530.645728
5299,   6.861000,    1010.376930,     530.636728,    1010.376930,     530.645728
5300,   6.862000,    1010.376930,     530.636728,    1010.376930,     530.645669
5301,   6.863000,    1010.376930,     530.636728,    1010.376930,     530.645669
5302,   6.864000,    1010.376930,     530.636728,    1010.376930,     530.645728
5303,   6.866000,    1010.376930,     530.636728,    1010.376930,     530.645728
5304,   6.867000,    1010.376930,     530.636728,    1010.376930,     530.645669
5305,   6.868000,    1010.376930,     530.636728,    1010.376930,     530.645728
5306,   6.869000,    1010.376930,     530.636728,    1010.376930,     530.645788
5307,   6.870000,    1010.376930,     530.636728,    1010.376930,     530.645728
5308,   6.871000,    1010.376930,     530.636728,    1010.376930,     530.645669
5309,   6.872000,    1010.376930,     530.636728,    1010.376930,     530.645728
5310,   6.875000,    1010.376930,     530.636728,    1010.376930,     530.645728
5311,   6.876000,    1010.376930,     530.636728,    1010.376930,     530.645669
5312,   6.877000,    1010.376930,     530.636728,    1010.376930,     530.645728
5313,   6.879000,    1010.376930,     530.636728,    1010.376930,     530.645728
5314,   6.880000,    1010.376930,     530.636728,    1010.376930,     530.645669
5315,   6.881000,    1010.376930,     530.636728,    1010.376930,     530.645669
5316,   6.882000,    1010.376930,     530.636728,    1010.376930,     530.645728
5317,   6.884000,    1010.376930,     530.636728,    1010.376930,     530.645728
5318,   6.885000,    1010.376930,     530.636728,    1010.376930,     530.645669
5319,   6.886000,    1010.376930,     530.636728,    1010.376930,     530.645728
5320,   6.888000,    1010.376930,     530.636728,    1010.376930,     530.645728
5321,   6.889000,    1010.376930,     530.636728,    1010.376930,     530.645669
5322,   6.890000,    1010.376930,     530.636728,    1010.376930,     530.645669
5323,   6.891000,    1010.376930,     530.636728,    1010.376930,     530.645728
5324,   6.893000,    1010.376930,     530.636728,    1010.376930,     530.645728
5325,   6.894000,    1010.376930,     530.636728,    1010.376930,     530.645669
5326,   6.895000,    1010.376930,     530.636728,    1010.376930,     530.645669
5327,   6.896000,    1010.376930,     530.636728,    1010.376930,     530.645728
5328,   6.898000,    1010.376930,     530.636728,    1010.376930,     530.645728
5329,   6.899000,    1010.376930,     530.636728,    1010.376930,     530.645669
5330,   6.900000,    1010.376930,     530.636728,    1010.376930,     530.645728
5331,   6.902000,    1010.376930,     530.636728,    1010.376930,     530.645728
5332,   6.903000,    1010.376930,     530.636728,    1010.376930,     530.645669
5333,   6.904000,    1010.376930,     530.636728,    1010.376930,     530.645669
5334,   6.905000,    1010.376930,     530.636728,    1010.376930,     530.645728
5335,   6.907000,    1010.376930,     530.636728,    1010.376930,     530.645728
5336,   6.908000,    1010.376930,     530.636728,    1010.376930,     530.645669
5337,   6.909000,    1010.376930,     530.636728,    1010.376930,     530.645728
5338,   6.912000,    1010.376930,     530.636728,    1010.376930,     530.645728
5339,   6.913000,    1010.376930,     530.636728,    1010.376930,     530.645669
5340,   6.914000,    1010.376930,     530.636728,    1010.376930,     530.645728
5341,   6.916000,    1010.376930,     530.636728,    1010.376930,     530.645728
5342,   6.917000,    1010.376930,     530.636728,    1010.376930,     530.645669
5343,   6.918000,    1010.376930,     530.636728,    1010.376930,     530.645728
5344,   6.921000,    1010.376930,     530.636728,    1010.376930,     530.645728
5345,   6.922000,    1010.376930,     530.636728,    1010.376930,     530.645669
5346,   6.923000,    1010.376930,     530.636728,    1010.376930,     530.645728
5347,   6.925000,    1010.376930,     530.636728,    1010.376930,     530.645728
5348,   6.926000,    1010.376930,     530.636728,    1010.376930,     530.645669
5349,   6.927000,    1010.376930,     530.636728,    1010.376930,     530.645669
5350,   6.928000,    1010.376930,     530.636728,    1010.376930,     530.645728
5351,   6.930000,    1010.376930,     530.636728,    1010.376930,     530.645728
5352,   6.931000,    1010.376930,     530.636728,    1010.376930,     530.645669
5353,   6.932000,    1010.376930,     530.636728,    1010.376930,     530.645728
5354,   6.934000,    1010.376930,     530.636728,    1010.376930,     530.645728
5355,   6.935000,    1010.376930,     530.636728,    1010.376930,     530.645669
5356,   6.936000,    1010.376930,     530.636728,    1010.376930,     530.645669
5357,   6.937000,    1010.376930,     530.636728,    1010.376930,     530.645728
5358,   6.939000,    1010.376930,     530.636728,    1010.376930,     530.645728
5359,   6.940000,    1010.376930,     530.636728,    1010.376930,     530.645669
5360,   6.941000,    1010.376930,     530.636728,    1010.376930,     530.645728
5361,   6.944000,    1010.376930,     530.636728,    1010.376930,     530.645728
5362,   6.945000,    1010.376930,     530.636728,    1010.376930,     530.645669
5363,   6.946000,    1010.376930,     530.636728,    1010.376930,     530.645728
5364,   6.975000,    1010.376930,     530.636728,    1010.376930,     530.645728
5365,   6.976000,    1010.376930,     530.636728,    1010.376930,     530.645669
5366,   6.977000,    1010.376930,     530.636728,    1010.376930,     530.645728
5367,   6.979000,    1010.376930,     530.636728,    1010.376930,     530.645728
5368,   6.980000,    1010.376930,     530.636728,    1010.376930,     530.645669
5369,   6.981000,    1010.376930,     530.636728,    1010.376930,     530.645728
5370,   6.989000,    1010.376930,     530.636728,    1010.376930,     530.645728
5371,   6.990000,    1010.376930,     530.636728,    1010.376930,     530.645669
5372,   6.991000,    1010.376930,     530.636728,    1010.376930,     530.645728
5373,   6.993000,    1010.376930,     530.636728,    1010.376930,     530.645728
5374,   6.994000,    1010.376930,     530.636728,    1010.376930,     530.645669
5375,   6.995000,    1010.376930,     530.636728,    1010.376930,     530.645669
5376,   6.996000,    1010.376930,     530.636728,    1010.376930,     530.645728
5377,   6.999000,    1010.376930,     530.636728,    1010.376930,     530.645728
5378,   7.000000,    1010.376930,     530.636728,    1010.376930,     530.645728
5379,   7.008000,    1010.376930,     530.636728,    1010.376930,     530.645728
5380,   7.009000,    1010.376930,     530.636728,    1010.376930,     530.645669
5381,   7.010000,    1010.376930,     530.636728,    1010.376930,     530.645728
5382,   7.012000,    1010.376930,     530.636728,    1010.376930,     530.645728
5383,   7.013000,    1010.376930,     530.636728,    1010.376930,     530.645669
5384,   7.014000,    1010.376930,     530.636728,    1010.376930,     530.645728
5385,   7.017000,    1010.376930,     530.636728,    1010.376930,     530.645728
5386,   7.018000,    1010.376930,     530.636728,    1010.376930,     530.645669
5387,   7.019000,    1010.376930,     530.636728,    1010.376930,     530.645728
5388,   7.021000,    1010.376930,     530.636728,    1010.376930,     530.645728
5389,   7.022000,    1010.376930,     530.636728,    1010.376930,     530.645669
5390,   7.023000,    1010.376930,     530.636728,    1010.376930,     530.645669
5391,   7.024000,    1010.376930,     530.636728,    1010.376930,     530.645728
5392,   7.026000,    1010.376930,     530.636728,    1010.376930,     530.645728
5393,   7.027000,    1010.376930,     530.636728,    1010.376930,     530.645669
5394,   7.028000,    1010.376930,     530.636728,    1010.376930,     530.645728
5395,   7.030000,    1010.376930,     530.636728,    1010.376930,     530.645728
5396,   7.031000,    1010.376930,     530.636728,    1010.376930,     530.645669
5397,   7.032000,    1010.376930,     530.636728,    1010.376930,     530.645728
5398,   7.035000,    1010.376930,     530.636728,    1010.376930,     530.645728
5399,   7.036000,    1010.376930,     530.636728,    1010.376930,     530.645669
5400,   7.037000,    1010.376930,     530.636728,    1010.376930,     530.645728
5401,   7.039000,    1010.376930,     530.636728,    1010.376930,     530.645728
5402,   7.040000,    1010.376930,     530.636728,    1010.376930,     530.645669
5403,   7.041000,    1010.376930,     530.636728,    1010.376930,     530.645669
5404,   7.042000,    1010.376930,     530.636728,    1010.376930,     530.645728
5405,   7.044000,    1010.376930,     530.636728,    1010.376930,     530.645728
5406,   7.045000,    1010.376930,     530.636728,    1010.376930,     530.645669
5407,   7.046000,    1010.376930,     530.636728,    1010.376930,     530.645728
5408,   7.048000,    1010.376930,     530.636728,    1010.376930,     530.645728
5409,   7.049000,    1010.376930,     530.636728,    1010.376930,     530.645669
5410,   7.050000,    1010.376930,     530.636728,    1010.376930,     530.645669
5411,   7.051000,    1010.376930,     530.636728,    1010.376930,     530.645728
5412,   7.052000,    1010.376930,     530.636728,    1010.376930,     530.645788
5413,   7.053000,    1010.376930,     530.636728,    1010.376930,     530.645728
5414,   7.054000,    1010.376930,     530.636728,    1010.376930,     530.645669
5415,   7.055000,    1010.376930,     530.636728,    1010.376930,     530.645609
5416,   7.056000,    1010.376930,     530.636728,    1010.376930,     530.645728
5417,   7.057000,    1010.376930,     530.636728,    1010.376930,     530.645788
5418,   7.058000,    1010.376930,     530.636728,    1010.376930,     530.645728
5419,   7.059000,    1010.376930,     530.636728,    1010.376930,     530.645669
5420,   7.060000,    1010.376930,     530.636728,    1010.376930,     530.645669
5421,   7.061000,    1010.376930,     530.636728,    1010.376930,     530.645728
5422,   7.063000,    1010.376930,     530.636728,    1010.376930,     530.645728
5423,   7.064000,    1010.376930,     530.636728,    1010.376930,     530.645669
5424,   7.065000,    1010.376930,     530.636728,    1010.376930,     530.645728
5425,   7.068000,    1010.376930,     530.636728,    1010.376930,     530.645728
5426,   7.069000,    1010.376930,     530.636728,    1010.376930,     530.645669
5427,   7.070000,    1010.376930,     530.636728,    1010.376930,     530.645728
5428,   7.071000,    1010.376930,     530.636728,    1010.376930,     530.645788
5429,   7.072000,    1010.376930,     530.636728,    1010.376930,     530.645728
5430,   7.073000,    1010.376930,     530.636728,    1010.376930,     530.645669
5431,   7.074000,    1010.376930,     530.636728,    1010.376930,     530.645669
5432,   7.075000,    1010.376930,     530.636728,    1010.376930,     530.645728
5433,   7.076000,    1010.376930,     530.636728,    1010.376930,     530.645788
5434,   7.077000,    1010.376930,     530.636728,    1010.376930,     530.645728
5435,   7.078000,    1010.376930,     530.636728,    1010.376930,     530.645669
5436,   7.079000,    1010.376930,     530.636728,    1010.376930,     530.645669
5437,   7.080000,    1010.376930,     530.636728,    1010.376930,     530.645728
5438,   7.082000,    1010.376930,     530.636728,    1010.376930,     530.645728
5439,   7.083000,    1010.376930,     530.636728,    1010.376930,     530.645669
5440,   7.084000,    1010.376930,     530.636728,    1010.376930,     530.645728
5441,   7.086000,    1010.376930,     530.636728,    1010.376930,     530.645728
5442,   7.087000,    1010.376930,     530.636728,    1010.376930,     530.645669
5443,   7.088000,    1010.376930,     530.636728,    1010.376930,     530.645669
5444,   7.089000,    1010.376930,     530.636728,    1010.376930,     530.645728
5445,   7.091000,    1010.376930,     530.636728,    1010.376930,     530.645728
5446,   7.092000,    1010.376930,     530.636728,    1010.376930,     530.645669
5447,   7.093000,    1010.376930,     530.636728,    1010.376930,     530.645669
5448,   7.094000,    1010.376930,     530.636728,    1010.376930,     530.645728
5449,   7.095000,    1010.376930,     530.636728,    1010.376930,     530.645788
5450,   7.096000,    1010.376930,     530.636728,    1010.376930,     530.645728
5451,   7.097000,    1010.376930,     530.636728,    1010.376930,     530.645669
5452,   7.098000,    1010.376930,     530.636728,    1010.376930,     530.645669
5453,   7.099000,    1010.376930,     530.636728,    1010.376930,     530.645728
5454,   7.100000,    1010.376930,     530.636728,    1010.376930,     530.645788
5455,   7.101000,    1010.376930,     530.636728,    1010.376930,     530.645728
5456,   7.102000,    1010.376930,     530.636728,    1010.376930,     530.645669
5457,   7.103000,    1010.376930,     530.636728,    1010.376930,     530.645669
5458,   7.104000,    1010.376930,     530.636728,    1010.376930,     530.645728
5459,   7.105000,    1010.376930,     530.636728,    1010.376930,     530.645788
5460,   7.106000,    1010.376930,     530.636728,    1010.376930,     530.645728
5461,   7.107000,    1010.376930,     530.636728,    1010.376930,     530.645669
5462,   7.108000,    1010.376930,     530.636728,    1010.376930,     530.645728
5463,   7.110000,    1010.376930,     530.636728,    1010.376930,     530.645728
5464,   7.111000,    1010.376930,     530.636728,    1010.376930,     530.645669
5465,   7.112000,    1010.376930,     530.636728,    1010.376930,     530.645669
5466,   7.113000,    1010.376930,     530.636728,    1010.376930,     530.645728
5467,   7.115000,    1010.376930,     530.636728,    1010.376930,     530.645728
5468,   7.116000,    1010.376930,     530.636728,    1010.376930,     530.645669
5469,   7.117000,    1010.376930,     530.636728,    1010.376930,     530.645728
5470,   7.120000,    1010.376930,     530.636728,    1010.376930,     530.645728
5471,   7.121000,    1010.376930,     530.636728,    1010.376930,     530.645669
5472,   7.122000,    1010.376930,     530.636728,    1010.376930,     530.645728
5473,   7.125000,    1010.376930,     530.636728,    1010.376930,     530.645728
5474,   7.126000,    1010.376930,     530.636728,    1010.376930,     530.645669
5475,   7.127000,    1010.376930,     530.636728,    1010.376930,     530.645728
5476,   7.134000,    1010.376930,     530.636728,    1010.376930,     530.645728
5477,   7.135000,    1010.376930,     530.636728,    1010.376930,     530.645669
5478,   7.136000,    1010.376930,     530.636728,    1010.376930,     530.645728
5479,   7.139000,    1010.376930,     530.636728,    1010.376930,     530.645728
5480,   7.140000,    1010.376930,     530.636728,    1010.376930,     530.645669
5481,   7.141000,    1010.376930,     530.636728,    1010.376930,     530.645728
5482,   7.143000,    1010.376930,     530.636728,    1010.376930,     530.645728
5483,   7.144000,    1010.376930,     530.636728,    1010.376930,     530.645669
5484,   7.145000,    1010.376930,     530.636728,    1010.376930,     530.645669
5485,   7.146000,    1010.376930,     530.636728,    1010.376930,     530.645728
5486,   7.149000,    1010.376930,     530.636728,    1010.376930,     530.645728
5487,   7.150000,    1010.376930,     530.636728,    1010.376930,     530.645669
5488,   7.151000,    1010.376930,     530.636728,    1010.376930,     530.645728
5489,   7.154000,    1010.376930,     530.636728,    1010.376930,     530.645728
5490,   7.155000,    1010.376930,     530.636728,    1010.376930,     530.645669
5491,   7.156000,    1010.376930,     530.636728,    1010.376930,     530.645728
5492,   7.158000,    1010.376930,     530.636728,    1010.376930,     530.645728
5493,   7.159000,    1010.376930,     530.636728,    1010.376930,     530.645669
5494,   7.160000,    1010.376930,     530.636728,    1010.376930,     530.645669
5495,   7.161000,    1010.376930,     530.636728,    1010.376930,     530.645728
5496,   7.173000,    1010.376930,     530.636728,    1010.376930,     530.645728
5497,   7.174000,    1010.376930,     530.636728,    1010.376930,     530.645669
5498,   7.175000,    1010.376930,     530.636728,    1010.376930,     530.645728
5499,   7.177000,    1010.376930,     530.636728,    1010.376930,     530.645728
5500,   7.178000,    1010.376930,     530.636728,    1010.376930,     530.645669
5501,   7.179000,    1010.376930,     530.636728,    1010.376930,     530.645669
5502,   7.180000,    1010.376930,     530.636728,    1010.376930,     530.645728
5503,   7.182000,    1010.376930,     530.636728,    1010.376930,     530.645728
5504,   7.183000,    1010.376930,     530.636728,    1010.376930,     530.645669
5505,   7.184000,    1010.376930,     530.636728,    1010.376930,     530.645669
5506,   7.185000,    1010.376930,     530.636728,    1010.376930,     530.645728
5507,   7.187000,    1010.376930,     530.636728,    1010.376930,     530.645728
5508,   7.188000,    1010.376930,     530.636728,    1010.376930,     530.645669
5509,   7.189000,    1010.376930,     530.636728,    1010.376930,     530.645728
5510,   7.191000,    1010.376930,     530.636728,    1010.376930,     530.645728
5511,   7.192000,    1010.376930,     530.636728,    1010.376930,     530.645669
5512,   7.193000,    1010.376930,     530.636728,    1010.376930,     530.645669
5513,   7.194000,    1010.376930,     530.636728,    1010.376930,     530.645728
5514,   7.196000,    1010.376930,     530.636728,    1010.376930,     530.645728
5515,   7.197000,    1010.376930,     530.636728,    1010.376930,     530.645669
5516,   7.198000,    1010.376930,     530.636728,    1010.376930,     530.645728
5517,   7.199000,    1010.376930,     530.636728,    1010.376930,     530.645788
5518,   7.200000,    1010.376930,     530.636728,    1010.376930,     530.645728
5519,   7.201000,    1010.376930,     530.636728,    1010.376930,     530.645669
5520,   7.202000,    1010.376930,     530.636728,    1010.376930,     530.645728
5521,   7.205000,    1010.376930,     530.636728,    1010.376930,     530.645728
5522,   7.206000,    1010.376930,     530.636728,    1010.376930,     530.645669
5523,   7.207000,    1010.376930,     530.636728,    1010.376930,     530.645669
5524,   7.208000,    1010.376930,     530.636728,    1010.376930,     530.645728
5525,   7.210000,    1010.376930,     530.636728,    1010.376930,     530.645728
5526,   7.211000,    1010.376930,     530.636728,    1010.376930,     530.645669
5527,   7.212000,    1010.376930,     530.636728,    1010.376930,     530.645728
5528,   7.213000,    1010.376930,     530.636728,    1010.376930,     530.645788
5529,   7.214000,    1010.376930,     530.636728,    1010.376930,     530.645728
5530,   7.215000,    1010.376930,     530.636728,    1010.376930,     530.645669
5531,   7.216000,    1010.376930,     530.636728,    1010.376930,     530.645669
5532,   7.217000,    1010.376930,     530.636728,    1010.376930,     530.645728
5533,   7.219000,    1010.376930,     530.636728,    1010.376930,     530.645728
5534,   7.220000,    1010.376930,     530.636728,    1010.376930,     530.645669
5535,   7.221000,    1010.376930,     530.636728,    1010.376930,     530.645728
5536,   7.222000,    1010.376930,     530.636728,    1010.376930,     530.645788
5537,   7.223000,    1010.376930,     530.636728,    1010.376930,     530.645788
5538,   7.224000,    1010.376930,     530.636728,    1010.376930,     530.645728
5539,   7.225000,    1010.376930,     530.636728,    1010.376930,     530.645669
5540,   7.226000,    1010.376930,     530.636728,    1010.376930,     530.645728
5541,   7.227000,    1010.376930,     530.636728,    1010.376930,     530.645788
5542,   7.228000,    1010.376930,     530.636728,    1010.376930,     530.645728
5543,   7.229000,    1010.376930,     530.636728,    1010.376930,     530.645669
5544,   7.230000,    1010.376930,     530.636728,    1010.376930,     530.645669
5545,   7.231000,    1010.376930,     530.636728,    1010.376930,     530.645728
5546,   7.233000,    1010.376930,     530.636728,    1010.376930,     530.645728
5547,   7.234000,    1010.376930,     530.636728,    1010.376930,     530.645669
5548,   7.235000,    1010.376930,     530.636728,    1010.376930,     530.645669
5549,   7.236000,    1010.376930,     530.636728,    1010.376930,     530.645728
5550,   7.238000,    1010.376930,     530.636728,    1010.376930,     530.645728
5551,   7.239000,    1010.376930,     530.636728,    1010.376930,     530.645669
5552,   7.240000,    1010.376930,     530.636728,    1010.376930,     530.645669
5553,   7.241000,    1010.376930,     530.636728,    1010.376930,     530.645728
5554,   7.243000,    1010.376930,     530.636728,    1010.376930,     530.645728
5555,   7.244000,    1010.376930,     530.636728,    1010.376930,     530.645669
5556,   7.245000,    1010.376930,     530.636728,    1010.376930,     530.645728
5557,   7.247000,    1010.376930,     530.636728,    1010.376930,     530.645728
5558,   7.248000,    1010.376930,     530.636728,    1010.376930,     530.645669
5559,   7.249000,    1010.376930,     530.636728,    1010.376930,     530.645669
5560,   7.250000,    1010.376930,     530.636728,    1010.376930,     530.645728
5561,   7.252000,    1010.376930,     530.636728,    1010.376930,     530.645728
5562,   7.253000,    1010.376930,     530.636728,    1010.376930,     530.645669
5563,   7.254000,    1010.376930,     530.636728,    1010.376930,     530.645728
5564,   7.257000,    1010.376930,     530.636728,    1010.376930,     530.645728
5565,   7.258000,    1010.376930,     530.636728,    1010.376930,     530.645669
5566,   7.259000,    1010.376930,     530.636728,    1010.376930,     530.645728
5567,   7.261000,    1010.376930,     530.636728,    1010.376930,     530.645728
5568,   7.262000,    1010.376930,     530.636728,    1010.376930,     530.645669
5569,   7.263000,    1010.376930,     530.636728,    1010.376930,     530.645669
5570,   7.264000,    1010.376930,     530.636728,    1010.376930,     530.645728
5571,   7.266000,    1010.376930,     530.636728,    1010.376930,     530.645728
5572,   7.267000,    1010.376930,     530.636728,    1010.376930,     530.645669
5573,   7.268000,    1010.376930,     530.636728,    1010.376930,     530.645728
5574,   7.269000,    1010.376930,     530.636728,    1010.376930,     530.645788
5575,   7.270000,    1010.376930,     530.636728,    1010.376930,     530.645728
5576,   7.271000,    1010.376930,     530.636728,    1010.376930,     530.645669
5577,   7.272000,    1010.376930,     530.636728,    1010.376930,     530.645669
5578,   7.273000,    1010.376930,     530.636728,    1010.376930,     530.645728
5579,   7.275000,    1010.376930,     530.636728,    1010.376930,     530.645728
5580,   7.276000,    1010.376930,     530.636728,    1010.376930,     530.645669
5581,   7.277000,    1010.376930,     530.636728,    1010.376930,     530.645728
5582,   7.280000,    1010.376930,     530.636728,    1010.376930,     530.645728
5583,   7.281000,    1010.376930,     530.636728,    1010.376930,     530.645669
5584,   7.282000,    1010.376930,     530.636728,    1010.376930,     530.645728
5585,   7.284000,    1010.376930,     530.636728,    1010.376930,     530.645728
5586,   7.285000,    1010.376930,     530.636728,    1010.376930,     530.645669
5587,   7.286000,    1010.376930,     530.636728,    1010.376930,     530.645669
5588,   7.287000,    1010.376930,     530.636728,    1010.376930,     530.645728
5589,   7.289000,    1010.376930,     530.636728,    1010.376930,     530.645728
5590,   7.290000,    1010.376930,     530.636728,    1010.376930,     530.645669
5591,   7.291000,    1010.376930,     530.636728,    1010.376930,     530.645728
5592,   7.292000,    1010.376930,     530.636728,    1010.376930,     530.645788
5593,   7.293000,    1010.376930,     530.636728,    1010.376930,     530.645728
5594,   7.294000,    1010.376930,     530.636728,    1010.376930,     530.645669
5595,   7.295000,    1010.376930,     530.636728,    1010.376930,     530.645669
5596,   7.296000,    1010.376930,     530.636728,    1010.376930,     530.645728
5597,   7.297000,    1010.376930,     530.636728,    1010.376930,     530.645788
5598,   7.298000,    1010.376930,     530.636728,    1010.376930,     530.645728
5599,   7.299000,    1010.376930,     530.636728,    1010.376930,     530.645669
5600,   7.300000,    1010.376930,     530.636728,    1010.376930,     530.645669
5601,   7.301000,    1010.376930,     530.636728,    1010.376930,     530.645728
5602,   7.302000,    1010.376930,     530.636728,    1010.376930,     530.645788
5603,   7.303000,    1010.376930,     530.636728,    1010.376930,     530.645728
5604,   7.304000,    1010.376930,     530.636728,    1010.376930,     530.645669
5605,   7.305000,    1010.376930,     530.636728,    1010.376930,     530.645728
5606,   7.306000,    1010.376930,     530.636728,    1010.376930,     530.645788
5607,   7.307000,    1010.376930,     530.636728,    1010.376930,     530.645728
5608,   7.308000,    1010.376930,     530.636728,    1010.376930,     530.645669
5609,   7.309000,    1010.376930,     530.636728,    1010.376930,     530.645669
5610,   7.310000,    1010.376930,     530.636728,    1010.376930,     530.645728
5611,   7.312000,    1010.376930,     530.636728,    1010.376930,     530.645728
5612,   7.313000,    1010.376930,     530.636728,    1010.376930,     530.645669
5613,   7.314000,    1010.376930,     530.636728,    1010.376930,     530.645728
5614,   7.317000,    1010.376930,     530.636728,    1010.376930,     530.645728
5615,   7.318000,    1010.376930,     530.636728,    1010.376930,     530.645669
5616,   7.319000,    1010.376930,     530.636728,    1010.376930,     530.645728
5617,   7.321000,    1010.376930,     530.636728,    1010.376930,     530.645728
5618,   7.322000,    1010.376930,     530.636728,    1010.376930,     530.645669
5619,   7.323000,    1010.376930,     530.636728,    1010.376930,     530.645728
5620,   7.324000,    1010.376930,     530.636728,    1010.376930,     530.645788
5621,   7.325000,    1010.376930,     530.636728,    1010.376930,     530.645728
5622,   7.326000,    1010.376930,     530.636728,    1010.376930,     530.645669
5623,   7.327000,    1010.376930,     530.636728,    1010.376930,     530.645669
5624,   7.328000,    1010.376930,     530.636728,    1010.376930,     530.645728
5625,   7.330000,    1010.376930,     530.636728,    1010.376930,     530.645728
5626,   7.331000,    1010.376930,     530.636728,    1010.376930,     530.645669
5627,   7.332000,    1010.376930,     530.636728,    1010.376930,     530.645728
5628,   7.335000,    1010.376930,     530.636728,    1010.376930,     530.645728
5629,   7.336000,    1010.376930,     530.636728,    1010.376930,     530.645669
5630,   7.337000,    1010.376930,     530.636728,    1010.376930,     530.645728
5631,   7.338000,    1010.376930,     530.636728,    1010.376930,     530.645788
5632,   7.339000,    1010.376930,     530.636728,    1010.376930,     530.645728
5633,   7.340000,    1010.376930,     530.636728,    1010.376930,     530.645669
5634,   7.341000,    1010.376930,     530.636728,    1010.376930,     530.645669
5635,   7.342000,    1010.376930,     530.636728,    1010.376930,     530.645728
5636,   7.344000,    1010.376930,     530.636728,    1010.376930,     530.645728
5637,   7.345000,    1010.376930,     530.636728,    1010.376930,     530.645669
5638,   7.346000,    1010.376930,     530.636728,    1010.376930,     530.645728
5639,   7.347000,    1010.376930,     530.636728,    1010.376930,     530.645788
5640,   7.348000,    1010.376930,     530.636728,    1010.376930,     530.645728
5641,   7.349000,    1010.376930,     530.636728,    1010.376930,     530.645669
5642,   7.350000,    1010.376930,     530.636728,    1010.376930,     530.645609
5643,   7.351000,    1010.376930,     530.636728,    1010.376930,     530.645728
5644,   7.352000,    1010.376930,     530.636728,    1010.376930,     530.645788
5645,   7.353000,    1010.376930,     530.636728,    1010.376930,     530.645728
5646,   7.354000,    1010.376930,     530.636728,    1010.376930,     530.645669
5647,   7.355000,    1010.376930,     530.636728,    1010.376930,     530.645669
5648,   7.356000,    1010.376930,     530.636728,    1010.376930,     530.645728
5649,   7.357000,    1010.376930,     530.636728,    1010.376930,     530.645788
5650,   7.358000,    1010.376930,     530.636728,    1010.376930,     530.645728
5651,   7.359000,    1010.376930,     530.636728,    1010.376930,     530.645609
5652,   7.360000,    1010.376930,     530.636728,    1010.376930,     530.645669
5653,   7.361000,    1010.376930,     530.636728,    1010.376930,     530.645728
5654,   7.362000,    1010.376930,     530.636728,    1010.376930,     530.645788
5655,   7.363000,    1010.376930,     530.636728,    1010.376930,     530.645728
5656,   7.364000,    1010.376930,     530.636728,    1010.376930,     530.645609
5657,   7.365000,    1010.376930,     530.636728,    1010.376930,     530.645728
5658,   7.366000,    1010.376930,     530.636728,    1010.376930,     530.645788
5659,   7.367000,    1010.376930,     530.636728,    1010.376930,     530.645788
5660,   7.368000,    1010.376930,     530.636728,    1010.376930,     530.645669
5661,   7.369000,    1010.376930,     530.636728,    1010.376930,     530.645609
5662,   7.370000,    1010.376930,     530.636728,    1010.376930,     530.645728
5663,   7.371000,    1010.376930,     530.636728,    1010.376930,     530.645788
5664,   7.372000,    1010.376930,     530.636728,    1010.376930,     530.645728
5665,   7.373000,    1010.376930,     530.636728,    1010.376930,     530.645669
5666,   7.374000,    1010.376930,     530.636728,    1010.376930,     530.645669
5667,   7.375000,    1010.376930,     530.636728,    1010.376930,     530.645728
5668,   7.376000,    1010.376930,     530.636728,    1010.376930,     530.645788
5669,   7.377000,    1010.376930,     530.636728,    1010.376930,     530.645728
5670,   7.378000,    1010.376930,     530.636728,    1010.376930,     530.645609
5671,   7.379000,    1010.376930,     530.636728,    1010.376930,     530.645669
5672,   7.380000,    1010.376930,     530.636728,    1010.376930,     530.645788
5673,   7.381000,    1010.376930,     530.636728,    1010.376930,     530.645728
5674,   7.382000,    1010.376930,     530.636728,    1010.376930,     530.645669
5675,   7.383000,    1010.376930,     530.636728,    1010.376930,     530.645609
5676,   7.384000,    1010.376930,     530.636728,    1010.376930,     530.645728
5677,   7.385000,    1010.376930,     530.636728,    1010.376930,     530.645788
5678,   7.386000,    1010.376930,     530.636728,    1010.376930,     530.645728
5679,   7.387000,    1010.376930,     530.636728,    1010.376930,     530.645669
5680,   7.388000,    1010.376930,     530.636728,    1010.376930,     530.645609
5681,   7.389000,    1010.376930,     530.636728,    1010.376930,     530.645728
5682,   7.390000,    1010.376930,     530.636728,    1010.376930,     530.645788
5683,   7.391000,    1010.376930,     530.636728,    1010.376930,     530.645728
5684,   7.392000,    1010.376930,     530.636728,    1010.376930,     530.645669
5685,   7.393000,    1010.376930,     530.636728,    1010.376930,     530.645669
5686,   7.394000,    1010.376930,     530.636728,    1010.376930,     530.645728
5687,   7.395000,    1010.376930,     530.636728,    1010.376930,     530.645788
5688,   7.396000,    1010.376930,     530.636728,    1010.376930,     530.645728
5689,   7.397000,    1010.376930,     530.636728,    1010.376930,     530.645669
5690,   7.398000,    1010.376930,     530.636728,    1010.376930,     530.645728
5691,   7.399000,    1010.376930,     530.636728,    1010.376930,     530.645788
5692,   7.400000,    1010.376930,     530.636728,    1010.376930,     530.645728
5693,   7.401000,    1010.376930,     530.636728,    1010.376930,     530.645669
5694,   7.402000,    1010.376930,     530.636728,    1010.376930,     530.645609
5695,   7.403000,    1010.376930,     530.636728,    1010.376930,     530.645728
5696,   7.404000,    1010.376930,     530.636728,    1010.376930,     530.645788
5697,   7.405000,    1010.376930,     530.636728,    1010.376930,     530.645728
5698,   7.406000,    1010.376930,     530.636728,    1010.376930,     530.645669
5699,   7.407000,    1010.376930,     530.636728,    1010.376930,     530.645669
5700,   7.408000,    1010.376930,     530.636728,    1010.376930,     530.645728
5701,   7.409000,    1010.376930,     530.636728,    1010.376930,     530.645788
5702,   7.410000,    1010.376930,     530.636728,    1010.376930,     530.645728
5703,   7.411000,    1010.376930,     530.636728,    1010.376930,     530.645669
5704,   7.412000,    1010.376930,     530.636728,    1010.376930,     530.645728
5705,   7.414000,    1010.376930,     530.636728,    1010.376930,     530.645728
5706,   7.415000,    1010.376930,     530.636728,    1010.376930,     530.645669
5707,   7.416000,    1010.376930,     530.636728,    1010.376930,     530.645669
5708,   7.417000,    1010.376930,     530.636728,    1010.376930,     530.645728
5709,   7.419000,    1010.376930,     530.636728,    1010.376930,     530.645728
5710,   7.420000,    1010.376930,     530.636728,    1010.376930,     530.645669
5711,   7.421000,    1010.376930,     530.636728,    1010.376930,     530.645728
5712,   7.423000,    1010.376930,     530.636728,    1010.376930,     530.645728
5713,   7.424000,    1010.376930,     530.636728,    1010.376930,     530.645669
5714,   7.425000,    1010.376930,     530.636728,    1010.376930,     530.645669
5715,   7.426000,    1010.376930,     530.636728,    1010.376930,     530.645728
5716,   7.428000,    1010.376930,     530.636728,    1010.376930,     530.645728
5717,   7.429000,    1010.376930,     530.636728,    1010.376930,     530.645669
5718,   7.430000,    1010.376930,     530.636728,    1010.376930,     530.645669
5719,   7.431000,    1010.376930,     530.636728,    1010.376930,     530.645728
5720,   7.433000,    1010.376930,     530.636728,    1010.376930,     530.645728
5721,   7.434000,    1010.376930,     530.636728,    1010.376930,     530.645669
5722,   7.435000,    1010.376930,     530.636728,    1010.376930,     530.645728
5723,   7.437000,    1010.376930,     530.636728,    1010.376930,     530.645728
5724,   7.438000,    1010.376930,     530.636728,    1010.376930,     530.645669
5725,   7.439000,    1010.376930,     530.636728,    1010.376930,     530.645728
5726,   7.440000,    1010.376930,     530.636728,    1010.376930,     530.645788
5727,   7.441000,    1010.376930,     530.636728,    1010.376930,     530.645728
5728,   7.442000,    1010.376930,     530.636728,    1010.376930,     530.645728
5729,   7.443000,    1010.376930,     530.636728,    1010.376930,     530.645669
5730,   7.444000,    1010.376930,     530.636728,    1010.376930,     530.645728
5731,   7.446000,    1010.376930,     530.636728,    1010.376930,     530.645728
5732,   7.447000,    1010.376930,     530.636728,    1010.376930,     530.645669
5733,   7.448000,    1010.376930,     530.636728,    1010.376930,     530.645669
5734,   7.449000,    1010.376930,     530.636728,    1010.376930,     530.645728
5735,   7.451000,    1010.376930,     530.636728,    1010.376930,     530.645728
5736,   7.452000,    1010.376930,     530.636728,    1010.376930,     530.645669
5737,   7.453000,    1010.376930,     530.636728,    1010.376930,     530.645728
5738,   7.460000,    1010.376930,     530.636728,    1010.376930,     530.645728
5739,   7.461000,    1010.376930,     530.636728,    1010.376930,     530.645669
5740,   7.462000,    1010.376930,     530.636728,    1010.376930,     530.645728
5741,   7.465000,    1010.376930,     530.636728,    1010.376930,     530.645728
5742,   7.466000,    1010.376930,     530.636728,    1010.376930,     530.645669
5743,   7.467000,    1010.376930,     530.636728,    1010.376930,     530.645728
5744,   7.469000,    1010.376930,     530.636728,    1010.376930,     530.645728
5745,   7.470000,    1010.376930,     530.636728,    1010.376930,     530.645669
5746,   7.471000,    1010.376930,     530.636728,    1010.376930,     530.645728
5747,   7.473000,    1010.376930,     530.636728,    1010.376930,     530.645728
5748,   7.474000,    1010.376930,     530.636728,    1010.376930,     530.645669
5749,   7.475000,    1010.376930,     530.636728,    1010.376930,     530.645669
5750,   7.476000,    1010.376930,     530.636728,    1010.376930,     530.645728
5751,   7.477000,    1010.376930,     530.636728,    1010.376930,     530.645788
5752,   7.478000,    1010.376930,     530.636728,    1010.376930,     530.645728
5753,   7.479000,    1010.376930,     530.636728,    1010.376930,     530.645669
5754,   7.480000,    1010.376930,     530.636728,    1010.376930,     530.645728
5755,   7.483000,    1010.376930,     530.636728,    1010.376930,     530.645728
5756,   7.484000,    1010.376930,     530.636728,    1010.376930,     530.645669
5757,   7.485000,    1010.376930,     530.636728,    1010.376930,     530.645728
5758,   7.487000,    1010.376930,     530.636728,    1010.376930,     530.645728
5759,   7.488000,    1010.376930,     530.636728,    1010.376930,     530.645669
5760,   7.489000,    1010.376930,     530.636728,    1010.376930,     530.645728
5761,   7.496000,    1010.376930,     530.636728,    1010.376930,     530.645728
5762,   7.497000,    1010.376930,     530.636728,    1010.376930,     530.645669
5763,   7.498000,    1010.376930,     530.636728,    1010.376930,     530.645728
5764,   7.499000,    1010.376930,     530.636728,    1010.376930,     530.645788
5765,   7.500000,    1010.376930,     530.636728,    1010.376930,     530.645728
5766,   7.501000,    1010.376930,     530.636728,    1010.376930,     530.645669
5767,   7.502000,    1010.376930,     530.636728,    1010.376930,     530.645728
5768,   7.503000,    1010.376930,     530.636728,    1010.376930,     530.645788
5769,   7.504000,    1010.376930,     530.636728,    1010.376930,     530.645788
5770,   7.505000,    1010.376930,     530.636728,    1010.376930,     530.645728
5771,   7.506000,    1010.376930,     530.636728,    1010.376930,     530.645609
5772,   7.507000,    1010.376930,     530.636728,    1010.376930,     530.645728
5773,   7.509000,    1010.376930,     530.636728,    1010.376930,     530.645728
5774,   7.510000,    1010.376930,     530.636728,    1010.376930,     530.645669
5775,   7.511000,    1010.376930,     530.636728,    1010.376930,     530.645669
5776,   7.512000,    1010.376930,     530.636728,    1010.376930,     530.645728
5777,   7.513000,    1010.376930,     530.636728,    1010.376930,     530.645788
5778,   7.514000,    1010.376930,     530.636728,    1010.376930,     530.645728
5779,   7.515000,    1010.376930,     530.636728,    1010.376930,     530.645669
5780,   7.516000,    1010.376930,     530.636728,    1010.376930,     530.645728
5781,   7.519000,    1010.376930,     530.636728,    1010.376930,     530.645728
5782,   7.520000,    1010.376930,     530.636728,    1010.376930,     530.645669
5783,   7.521000,    1010.376930,     530.636728,    1010.376930,     530.645728
5784,   7.523000,    1010.376930,     530.636728,    1010.376930,     530.645728
5785,   7.524000,    1010.376930,     530.636728,    1010.376930,     530.645669
5786,   7.525000,    1010.376930,     530.636728,    1010.376930,     530.645728
5787,   7.527000,    1010.376930,     530.636728,    1010.376930,     530.645728
5788,   7.528000,    1010.376930,     530.636728,    1010.376930,     530.645669
5789,   7.529000,    1010.376930,     530.636728,    1010.376930,     530.645669
5790,   7.530000,    1010.376930,     530.636728,    1010.376930,     530.645728
5791,   7.532000,    1010.376930,     530.636728,    1010.376930,     530.645728
5792,   7.533000,    1010.376930,     530.636728,    1010.376930,     530.645669
5793,   7.534000,    1010.376930,     530.636728,    1010.376930,     530.645728
5794,   7.537000,    1010.376930,     530.636728,    1010.376930,     530.645728
5795,   7.538000,    1010.376930,     530.636728,    1010.376930,     530.645669
5796,   7.539000,    1010.376930,     530.636728,    1010.376930,     530.645728
5797,   7.540000,    1010.376930,     530.636728,    1010.376930,     530.645788
5798,   7.541000,    1010.376930,     530.636728,    1010.376930,     530.645728
5799,   7.542000,    1010.376930,     530.636728,    1010.376930,     530.645669
5800,   7.543000,    1010.376930,     530.636728,    1010.376930,     530.645669
5801,   7.544000,    1010.376930,     530.636728,    1010.376930,     530.645728
5802,   7.546000,    1010.376930,     530.636728,    1010.376930,     530.645728
5803,   7.547000,    1010.376930,     530.636728,    1010.376930,     530.645669
5804,   7.548000,    1010.376930,     530.636728,    1010.376930,     530.645728
5805,   7.549000,    1010.376930,     530.636728,    1010.376930,     530.645788
5806,   7.550000,    1010.376930,     530.636728,    1010.376930,     530.645728
5807,   7.551000,    1010.376930,     530.636728,    1010.376930,     530.645669
5808,   7.552000,    1010.376930,     530.636728,    1010.376930,     530.645669
5809,   7.553000,    1010.376930,     530.636728,    1010.376930,     530.645728
5810,   7.554000,    1010.376930,     530.636728,    1010.376930,     530.645788
5811,   7.555000,    1010.376930,     530.636728,    1010.376930,     530.645728
5812,   7.556000,    1010.376930,     530.636728,    1010.376930,     530.645609
5813,   7.557000,    1010.376930,     530.636728,    1010.376930,     530.645728
5814,   7.558000,    1010.376930,     530.636728,    1010.376930,     530.645788
5815,   7.559000,    1010.376930,     530.636728,    1010.376930,     530.645728
5816,   7.560000,    1010.376930,     530.636728,    1010.376930,     530.645669
5817,   7.561000,    1010.376930,     530.636728,    1010.376930,     530.645669
5818,   7.562000,    1010.376930,     530.636728,    1010.376930,     530.645728
5819,   7.564000,    1010.376930,     530.636728,    1010.376930,     530.645728
5820,   7.565000,    1010.376930,     530.636728,    1010.376930,     530.645669
5821,   7.566000,    1010.376930,     530.636728,    1010.376930,     530.645669
5822,   7.567000,    1010.376930,     530.636728,    1010.376930,     530.645728
5823,   7.569000,    1010.376930,     530.636728,    1010.376930,     530.645728
5824,   7.570000,    1010.376930,     530.636728,    1010.376930,     530.645669
5825,   7.571000,    1010.376930,     530.636728,    1010.376930,     530.645728
5826,   7.573000,    1010.376930,     530.636728,    1010.376930,     530.645728
5827,   7.574000,    1010.376930,     530.636728,    1010.376930,     530.645669
5828,   7.576000,    1010.376930,     530.636728,    1010.376930,     530.645669
5829,   7.577000,    1010.376930,     530.636728,    1010.376930,     530.645728
5830,   7.579000,    1010.376930,     530.636728,    1010.376930,     530.645728
5831,   7.580000,    1010.376930,     530.636728,    1010.376930,     530.645669
5832,   7.581000,    1010.376930,     530.636728,    1010.376930,     530.645728
5833,   7.583000,    1010.376930,     530.636728,    1010.376930,     530.645728
5834,   7.584000,    1010.376930,     530.636728,    1010.376930,     530.645669
5835,   7.585000,    1010.376930,     530.636728,    1010.376930,     530.645728
5836,   7.587000,    1010.376930,     530.636728,    1010.376930,     530.645728
5837,   7.588000,    1010.376930,     530.636728,    1010.376930,     530.645669
5838,   7.589000,    1010.376930,     530.636728,    1010.376930,     530.645728
5839,   7.592000,    1010.376930,     530.636728,    1010.376930,     530.645728
5840,   7.593000,    1010.376930,     530.636728,    1010.376930,     530.645669
5841,   7.594000,    1010.376930,     530.636728,    1010.376930,     530.645728
5842,   7.596000,    1010.376930,     530.636728,    1010.376930,     530.645728
5843,   7.597000,    1010.376930,     530.636728,    1010.376930,     530.645669
5844,   7.598000,    1010.376930,     530.636728,    1010.376930,     530.645728
5845,   7.601000,    1010.376930,     530.636728,    1010.376930,     530.645728
5846,   7.602000,    1010.376930,     530.636728,    1010.376930,     530.645669
5847,   7.603000,    1010.376930,     530.636728,    1010.376930,     530.645669
5848,   7.604000,    1010.376930,     530.636728,    1010.376930,     530.645728
5849,   7.606000,    1010.376930,     530.636728,    1010.376930,     530.645728
5850,   7.607000,    1010.376930,     530.636728,    1010.376930,     530.645669
5851,   7.608000,    1010.376930,     530.636728,    1010.376930,     530.645728
5852,   7.609000,    1010.376930,     530.636728,    1010.376930,     530.645788
5853,   7.610000,    1010.376930,     530.636728,    1010.376930,     530.645728
5854,   7.611000,    1010.376930,     530.636728,    1010.376930,     530.645669
5855,   7.612000,    1010.376930,     530.636728,    1010.376930,     530.645669
5856,   7.613000,    1010.376930,     530.636728,    1010.376930,     530.645728
5857,   7.615000,    1010.376930,     530.636728,    1010.376930,     530.645728
5858,   7.616000,    1010.376930,     530.636728,    1010.376930,     530.645669
5859,   7.617000,    1010.376930,     530.636728,    1010.376930,     530.645669
5860,   7.618000,    1010.376930,     530.636728,    1010.376930,     530.645728
5861,   7.620000,    1010.376930,     530.636728,    1010.376930,     530.645728
5862,   7.621000,    1010.376930,     530.636728,    1010.376930,     530.645669
5863,   7.622000,    1010.376930,     530.636728,    1010.376930,     530.645728
5864,   7.624000,    1010.376930,     530.636728,    1010.376930,     530.645728
5865,   7.625000,    1010.376930,     530.636728,    1010.376930,     530.645669
5866,   7.626000,    1010.376930,     530.636728,    1010.376930,     530.645669
5867,   7.627000,    1010.376930,     530.636728,    1010.376930,     530.645728
5868,   7.629000,    1010.376930,     530.636728,    1010.376930,     530.645728
5869,   7.630000,    1010.376930,     530.636728,    1010.376930,     530.645669
5870,   7.631000,    1010.376930,     530.636728,    1010.376930,     530.645669
5871,   7.632000,    1010.376930,     530.636728,    1010.376930,     530.645728
5872,   7.634000,    1010.376930,     530.636728,    1010.376930,     530.645728
5873,   7.635000,    1010.376930,     530.636728,    1010.376930,     530.645669
5874,   7.636000,    1010.376930,     530.636728,    1010.376930,     530.645728
5875,   7.638000,    1010.376930,     530.636728,    1010.376930,     530.645728
5876,   7.639000,    1010.376930,     530.636728,    1010.376930,     530.645669
5877,   7.640000,    1010.376930,     530.636728,    1010.376930,     530.645669
5878,   7.641000,    1010.376930,     530.636728,    1010.376930,     530.645728
5879,   7.642000,    1010.376930,     530.636728,    1010.376930,     530.645788
5880,   7.643000,    1010.376930,     530.636728,    1010.376930,     530.645728
5881,   7.644000,    1010.376930,     530.636728,    1010.376930,     530.645669
5882,   7.645000,    1010.376930,     530.636728,    1010.376930,     530.645669
5883,   7.646000,    1010.376930,     530.636728,    1010.376930,     530.645728
5884,   7.647000,    1010.376930,     530.636728,    1010.376930,     530.645788
5885,   7.648000,    1010.376930,     530.636728,    1010.376930,     530.645728
5886,   7.649000,    1010.376930,     530.636728,    1010.376930,     530.645609
5887,   7.650000,    1010.376930,     530.636728,    1010.376930,     530.645669
5888,   7.651000,    1010.376930,     530.636728,    1010.376930,     530.645788
5889,   7.652000,    1010.376930,     530.636728,    1010.376930,     530.645788
5890,   7.653000,    1010.376930,     530.636728,    1010.376930,     530.645728
5891,   7.654000,    1010.376930,     530.636728,    1010.376930,     530.645609
5892,   7.655000,    1010.376930,     530.636728,    1010.376930,     530.645728
5893,   7.656000,    1010.376930,     530.636728,    1010.376930,     530.645788
5894,   7.657000,    1010.376930,     530.636728,    1010.376930,     530.645728
5895,   7.658000,    1010.376930,     530.636728,    1010.376930,     530.645669
5896,   7.659000,    1010.376930,     530.636728,    1010.376930,     530.645669
5897,   7.660000,    1010.376930,     530.636728,    1010.376930,     530.645728
5898,   7.661000,    1010.376930,     530.636728,    1010.376930,     530.645788
5899,   7.662000,    1010.376930,     530.636728,    1010.376930,     530.645728
5900,   7.663000,    1010.376930,     530.636728,    1010.376930,     530.645669
5901,   7.664000,    1010.376930,     530.636728,    1010.376930,     530.645728
5902,   7.667000,    1010.376930,     530.636728,    1010.376930,     530.645728
5903,   7.668000,    1010.376930,     530.636728,    1010.376930,     530.645669
5904,   7.669000,    1010.376930,     530.636728,    1010.376930,     530.645728
5905,   7.671000,    1010.376930,     530.636728,    1010.376930,     530.645728
5906,   7.672000,    1010.376930,     530.636728,    1010.376930,     530.645669
5907,   7.673000,    1010.376930,     530.636728,    1010.376930,     530.645728
5908,   7.676000,    1010.376930,     530.636728,    1010.376930,     530.645728
5909,   7.677000,    1010.376930,     530.636728,    1010.376930,     530.645669
5910,   7.678000,    1010.376930,     530.636728,    1010.376930,     530.645728
5911,   7.680000,    1010.376930,     530.636728,    1010.376930,     530.645728
5912,   7.681000,    1010.376930,     530.636728,    1010.376930,     530.645669
5913,   7.682000,    1010.376930,     530.636728,    1010.376930,     530.645669
5914,   7.683000,    1010.376930,     530.636728,    1010.376930,     530.645728
5915,   7.684000,    1010.376930,     530.636728,    1010.376930,     530.645788
5916,   7.685000,    1010.376930,     530.636728,    1010.376930,     530.645728
5917,   7.686000,    1010.376930,     530.636728,    1010.376930,     530.645669
5918,   7.687000,    1010.376930,     530.636728,    1010.376930,     530.645728
5919,   7.689000,    1010.376930,     530.636728,    1010.376930,     530.645728
5920,   7.690000,    1010.376930,     530.636728,    1010.376930,     530.645669
5921,   7.691000,    1010.376930,     530.636728,    1010.376930,     530.645669
5922,   7.692000,    1010.376930,     530.636728,    1010.376930,     530.645728
5923,   7.694000,    1010.376930,     530.636728,    1010.376930,     530.645728
5924,   7.695000,    1010.376930,     530.636728,    1010.376930,     530.645669
5925,   7.696000,    1010.376930,     530.636728,    1010.376930,     530.645669
5926,   7.697000,    1010.376930,     530.636728,    1010.376930,     530.645728
5927,   7.699000,    1010.376930,     530.636728,    1010.376930,     530.645728
5928,   7.700000,    1010.376930,     530.636728,    1010.376930,     530.645669
5929,   7.701000,    1010.376930,     530.636728,    1010.376930,     530.645728
5930,   7.708000,    1010.376930,     530.636728,    1010.376930,     530.645728
5931,   7.709000,    1010.376930,     530.636728,    1010.376930,     530.645669
5932,   7.710000,    1010.376930,     530.636728,    1010.376930,     530.645669
5933,   7.711000,    1010.376930,     530.636728,    1010.376930,     530.645728
5934,   7.713000,    1010.376930,     530.636728,    1010.376930,     530.645728
5935,   7.714000,    1010.376930,     530.636728,    1010.376930,     530.645669
5936,   7.715000,    1010.376930,     530.636728,    1010.376930,     530.645728
5937,   7.718000,    1010.376930,     530.636728,    1010.376930,     530.645728
5938,   7.719000,    1010.376930,     530.636728,    1010.376930,     530.645669
5939,   7.720000,    1010.376930,     530.636728,    1010.376930,     530.645728
5940,   7.723000,    1010.376930,     530.636728,    1010.376930,     530.645728
5941,   7.724000,    1010.376930,     530.636728,    1010.376930,     530.645669
5942,   7.725000,    1010.376930,     530.636728,    1010.376930,     530.645728
5943,   7.728000,    1010.376930,     530.636728,    1010.376930,     530.645728
5944,   7.729000,    1010.376930,     530.636728,    1010.376930,     530.645669
5945,   7.730000,    1010.376930,     530.636728,    1010.376930,     530.645728
5946,   7.732000,    1010.376930,     530.636728,    1010.376930,     530.645728
5947,   7.733000,    1010.376930,     530.636728,    1010.376930,     530.645669
5948,   7.734000,    1010.376930,     530.636728,    1010.376930,     530.645728
5949,   7.736000,    1010.376930,     530.636728,    1010.376930,     530.645728
5950,   7.737000,    1010.376930,     530.636728,    1010.376930,     530.645669
5951,   7.738000,    1010.376930,     530.636728,    1010.376930,     530.645669
5952,   7.739000,    1010.376930,     530.636728,    1010.376930,     530.645728
5953,   7.741000,    1010.376930,     530.636728,    1010.376930,     530.645728
5954,   7.742000,    1010.376930,     530.636728,    1010.376930,     530.645669
5955,   7.743000,    1010.376930,     530.636728,    1010.376930,     530.645669
5956,   7.744000,    1010.376930,     530.636728,    1010.376930,     530.645728
5957,   7.746000,    1010.376930,     530.636728,    1010.376930,     530.645728
5958,   7.747000,    1010.376930,     530.636728,    1010.376930,     530.645669
5959,   7.748000,    1010.376930,     530.636728,    1010.376930,     530.645669
5960,   7.749000,    1010.376930,     530.636728,    1010.376930,     530.645728
5961,   7.751000,    1010.376930,     530.636728,    1010.376930,     530.645728
5962,   7.752000,    1010.376930,     530.636728,    1010.376930,     530.645669
5963,   7.753000,    1010.376930,     530.636728,    1010.376930,     530.645728
5964,   7.769000,    1010.376930,     530.636728,    1010.376930,     530.645728
5965,   7.770000,    1010.376930,     530.636728,    1010.376930,     530.645669
5966,   7.771000,    1010.376930,     530.636728,    1010.376930,     530.645669
5967,   7.772000,    1010.376930,     530.636728,    1010.376930,     530.645728
5968,   7.774000,    1010.376930,     530.636728,    1010.376930,     530.645728
5969,   7.775000,    1010.376930,     530.636728,    1010.376930,     530.645669
5970,   7.776000,    1010.376930,     530.636728,    1010.376930,     530.645728
5971,   7.779000,    1010.376930,     530.636728,    1010.376930,     530.645728
5972,   7.780000,    1010.376930,     530.636728,    1010.376930,     530.645669
5973,   7.781000,    1010.376930,     530.636728,    1010.376930,     530.645728
5974,   7.788000,    1010.376930,     530.636728,    1010.376930,     530.645728
5975,   7.789000,    1010.376930,     530.636728,    1010.376930,     530.645669
5976,   7.790000,    1010.376930,     530.636728,    1010.376930,     530.645728
5977,   7.793000,    1010.376930,     530.636728,    1010.376930,     530.645728
5978,   7.794000,    1010.376930,     530.636728,    1010.376930,     530.645669
5979,   7.795000,    1010.376930,     530.636728,    1010.376930,     530.645728
5980,   7.797000,    1010.376930,     530.636728,    1010.376930,     530.645728
5981,   7.798000,    1010.376930,     530.636728,    1010.376930,     530.645669
5982,   7.799000,    1010.376930,     530.636728,    1010.376930,     530.645728
5983,   7.801000,    1010.376930,     530.636728,    1010.376930,     530.645728
5984,   7.802000,    1010.376930,     530.636728,    1010.376930,     530.645669
5985,   7.803000,    1010.376930,     530.636728,    1010.376930,     530.645669
5986,   7.804000,    1010.376930,     530.636728,    1010.376930,     530.645728
5987,   7.806000,    1010.376930,     530.636728,    1010.376930,     530.645728
5988,   7.807000,    1010.376930,     530.636728,    1010.376930,     530.645669
5989,   7.808000,    1010.376930,     530.636728,    1010.376930,     530.645669
5990,   7.809000,    1010.376930,     530.636728,    1010.376930,     530.645728
5991,   7.811000,    1010.376930,     530.636728,    1010.376930,     530.645728
5992,   7.812000,    1010.376930,     530.636728,    1010.376930,     530.645669
5993,   7.813000,    1010.376930,     530.636728,    1010.376930,     530.645728
5994,   7.815000,    1010.376930,     530.636728,    1010.376930,     530.645728
5995,   7.816000,    1010.376930,     530.636728,    1010.376930,     530.645669
5996,   7.817000,    1010.376930,     530.636728,    1010.376930,     530.645669
5997,   7.818000,    1010.376930,     530.636728,    1010.376930,     530.645728
5998,   7.819000,    1010.376930,     530.636728,    1010.376930,     530.645788
5999,   7.820000,    1010.376930,     530.636728,    1010.376930,     530.645728
6000,   7.821000,    1010.376930,     530.636728,    1010.376930,     530.645669
6001,   7.822000,    1010.376930,     530.636728,    1010.376930,     530.645669
6002,   7.823000,    1010.376930,     530.636728,    1010.376930,     530.645728
6003,   7.825000,    1010.376930,     530.636728,    1010.376930,     530.645728
6004,   7.826000,    1010.376930,     530.636728,    1010.376930,     530.645669
6005,   7.827000,    1010.376930,     530.636728,    1010.376930,     530.645728
6006,   7.830000,    1010.376930,     530.636728,    1010.376930,     530.645728
6007,   7.831000,    1010.377049,     530.636728,    1010.376930,     530.645669
6008,   7.832000,    1010.377288,     530.636728,    1010.376930,     530.645728
6009,   7.833000,    1010.377645,     530.636728,    1010.376930,     530.645728
6010,   7.834000,    1010.378003,     530.636728,    1010.376930,     530.645728
6011,   7.835000,    1010.378599,     530.636728,    1010.376930,     530.645669
6012,   7.836000,    1010.379314,     530.636728,    1010.376930,     530.645728
6013,   7.837000,    1010.380268,     530.636728,    1010.376930,     530.645728
6014,   7.838000,    1010.381341,     530.636728,    1010.376930,     530.645728
6015,   7.839000,    1010.382652,     530.636728,    1010.376811,     530.645669
6016,   7.840000,    1010.384202,     530.636728,    1010.376811,     530.645669
6017,   7.841000,    1010.385990,     530.636728,    1010.376930,     530.645728
6018,   7.842000,    1010.388136,     530.636728,    1010.376930,     530.645728
6019,   7.843000,    1010.390520,     530.636728,    1010.376930,     530.645728
6020,   7.844000,    1010.393262,     530.636728,    1010.376930,     530.645669
6021,   7.845000,    1010.396361,     530.636728,    1010.376930,     530.645669
6022,   7.846000,    1010.399699,     530.636728,    1010.376930,     530.645728
6023,   7.847000,    1010.403514,     530.636728,    1010.376930,     530.645728
6024,   7.848000,    1010.407805,     530.636728,    1010.376930,     530.645728
6025,   7.849000,    1010.412335,     530.636728,    1010.376930,     530.645669
6026,   7.850000,    1010.417461,     530.636728,    1010.376930,     530.645669
6027,   7.851000,    1010.422945,     530.636728,    1010.376930,     530.645728
6028,   7.852000,    1010.428905,     530.636728,    1010.376930,     530.645728
6029,   7.853000,    1010.435462,     530.636728,    1010.376930,     530.645728
6030,   7.854000,    1010.442495,     530.636728,    1010.376930,     530.645669
6031,   7.855000,    1010.450006,     530.636728,    1010.377049,     530.645728
6032,   7.856000,    1010.458231,     530.636728,    1010.377049,     530.645728
6033,   7.857000,    1010.466933,     530.636728,    1010.377049,     530.645728
6034,   7.858000,    1010.476232,     530.636728,    1010.377169,     530.645728
6035,   7.859000,    1010.486126,     530.636728,    1010.377169,     530.645669
6036,   7.860000,    1010.496616,     530.636728,    1010.377288,     530.645728
6037,   7.861000,    1010.507941,     530.636728,    1010.377407,     530.645728
6038,   7.862000,    1010.519743,     530.636728,    1010.377526,     530.645728
6039,   7.863000,    1010.532379,     530.636728,    1010.377645,     530.645669
6040,   7.864000,    1010.545731,     530.636728,    1010.377884,     530.645728
6041,   7.865000,    1010.559797,     530.636728,    1010.378122,     530.645728
6042,   7.866000,    1010.574579,     530.636728,    1010.378361,     530.645728
6043,   7.867000,    1010.590196,     530.636728,    1010.378838,     530.645728
6044,   7.868000,    1010.606647,     530.636728,    1010.379314,     530.645669
6045,   7.869000,    1010.623813,     530.636728,    1010.379910,     530.645669
6046,   7.870000,    1010.641932,     530.636728,    1010.380507,     530.645728
6047,   7.871000,    1010.660768,     530.636728,    1010.381103,     530.645728
6048,   7.872000,    1010.680437,     530.636728,    1010.381937,     530.645728
6049,   7.873000,    1010.700941,     530.636728,    1010.383010,     530.645669
6050,   7.874000,    1010.722160,     530.636728,    1010.384440,     530.645728
6051,   7.875000,    1010.744214,     530.636728,    1010.385871,     530.645728
6052,   7.876000,    1010.766864,     530.636728,    1010.387659,     530.645728
6053,   7.877000,    1010.790348,     530.636728,    1010.389566,     530.645669
6054,   7.878000,    1010.814428,     530.636728,    1010.391712,     530.645669
6055,   7.879000,    1010.839224,     530.636728,    1010.393858,     530.645728
6056,   7.880000,    1010.864615,     530.636728,    1010.396242,     530.645728
6057,   7.881000,    1010.890722,     530.636728,    1010.398746,     530.645728
6058,   7.882000,    1010.917425,     530.636728,    1010.401368,     530.645669
6059,   7.883000,    1010.944605,     530.636728,    1010.404348,     530.645669
6060,   7.884000,    1010.972500,     530.636728,    1010.407686,     530.645728
6061,   7.885000,    1011.000872,     530.636728,    1010.411501,     530.645728
6062,   7.886000,    1011.029720,     530.636728,    1010.415673,     530.645728
6063,   7.887000,    1011.059046,     530.636728,    1010.420322,     530.645669
6064,   7.888000,    1011.088967,     530.636728,    1010.425448,     530.645669
6065,   7.889000,    1011.119366,     530.636728,    1010.430813,     530.645728
6066,   7.890000,    1011.150122,     530.636728,    1010.436773,     530.645728
6067,   7.891000,    1011.181355,     530.636728,    1010.443330,     530.645728
6068,   7.892000,    1011.212945,     530.636728,    1010.450363,     530.645728
6069,   7.893000,    1011.245012,     530.636728,    1010.458112,     530.645728
6070,   7.894000,    1011.277437,     530.636728,    1010.466337,     530.645728
6071,   7.895000,    1011.310101,     530.636728,    1010.475278,     530.645728
6072,   7.896000,    1011.343122,     530.636728,    1010.484815,     530.645728
6073,   7.897000,    1011.376500,     530.636728,    1010.495067,     530.645728
6074,   7.898000,    1011.410236,     530.636728,    1010.505795,     530.645728
6075,   7.899000,    1011.444092,     530.636728,    1010.517240,     530.645728
6076,   7.900000,    1011.478305,     530.636728,    1010.529160,     530.645728
6077,   7.901000,    1011.512637,     530.636728,    1010.541677,     530.645669
6078,   7.902000,    1011.547327,     530.636728,    1010.554790,     530.645728
6079,   7.903000,    1011.582017,     530.636728,    1010.568380,     530.645728
6080,   7.904000,    1011.617064,     530.636728,    1010.582805,     530.645728
6081,   7.905000,    1011.652112,     530.636728,    1010.597587,     530.645728
6082,   7.906000,    1011.687279,     530.636728,    1010.612965,     530.645728
6083,   7.907000,    1011.722684,     530.636728,    1010.629058,     530.645728
6084,   7.908000,    1011.758089,     530.636728,    1010.645747,     530.645788
6085,   7.909000,    1011.793613,     530.636728,    1010.662913,     530.645728
6086,   7.910000,    1011.829138,     530.636728,    1010.680795,     530.645728
6087,   7.911000,    1011.864662,     530.636728,    1010.699153,     530.645728
6088,   7.912000,    1011.900187,     530.636728,    1010.718226,     530.645728
6089,   7.913000,    1011.935830,     530.636728,    1010.738015,     530.645728
6090,   7.914000,    1011.971354,     530.636728,    1010.758400,     530.645728
6091,   7.915000,    1012.006760,     530.636728,    1010.779500,     530.645669
6092,   7.916000,    1012.042165,     530.636728,    1010.801196,     530.645728
6093,   7.917000,    1012.077451,     530.636728,    1010.823369,     530.645728
6094,   7.918000,    1012.112617,     530.636728,    1010.846376,     530.645728
6095,   7.919000,    1012.147784,     530.636728,    1010.869861,     530.645728
6096,   7.920000,    1012.182593,     530.636728,    1010.894060,     530.645728
6097,   7.921000,    1012.217402,     530.636728,    1010.918856,     530.645728
6098,   7.922000,    1012.251854,     530.636728,    1010.944128,     530.645728
6099,   7.923000,    1012.286186,     530.636728,    1010.969996,     530.645728
6100,   7.924000,    1012.320280,     530.636728,    1010.996342,     530.645669
6101,   7.925000,    1012.354136,     530.636728,    1011.023283,     530.645728
6102,   7.926000,    1012.387753,     530.636728,    1011.050701,     530.645728
6103,   7.927000,    1012.421012,     530.636728,    1011.078596,     530.645728
6104,   7.928000,    1012.453914,     530.636728,    1011.106849,     530.645669
6105,   7.929000,    1012.486577,     530.636728,    1011.135578,     530.645669
6106,   7.930000,    1012.518883,     530.636728,    1011.164665,     530.645728
6107,   7.931000,    1012.550712,     530.636728,    1011.194229,     530.645788
6108,   7.932000,    1012.582183,     530.636728,    1011.224031,     530.645728
6109,   7.933000,    1012.613297,     530.636728,    1011.254311,     530.645669
6110,   7.934000,    1012.643933,     530.636728,    1011.284828,     530.645728
6111,   7.935000,    1012.674212,     530.636728,    1011.315823,     530.645728
6112,   7.936000,    1012.703896,     530.636728,    1011.346936,     530.645788
6113,   7.937000,    1012.733221,     530.636728,    1011.378527,     530.645728
6114,   7.938000,    1012.761950,     530.636728,    1011.410356,     530.645669
6115,   7.939000,    1012.790084,     530.636728,    1011.442423,     530.645728
6116,   7.940000,    1012.817740,     530.636728,    1011.474729,     530.645728
6117,   7.941000,    1012.844801,     530.636728,    1011.507273,     530.645728
6118,   7.942000,    1012.871265,     530.636728,    1011.540174,     530.645669
6119,   7.943000,    1012.897134,     530.636728,    1011.573195,     530.645669
6120,   7.944000,    1012.922406,     530.636728,    1011.606336,     530.645728
6121,   7.945000,    1012.946963,     530.636728,    1011.639595,     530.645728
6122,   7.946000,    1012.970805,     530.636728,    1011.673093,     530.645728
6123,   7.947000,    1012.994051,     530.636728,    1011.706710,     530.645669
6124,   7.948000,    1013.016582,     530.636728,    1011.740446,     530.645728
6125,   7.949000,    1013.038278,     530.636728,    1011.774182,     530.645728
6126,   7.950000,    1013.059258,     530.636728,    1011.808157,     530.645728
6127,   7.951000,    1013.079524,     530.636728,    1011.842012,     530.645669
6128,   7.952000,    1013.098955,     530.636728,    1011.875987,     530.645669
6129,   7.953000,    1013.117671,     530.636728,    1011.909962,     530.645728
6130,   7.954000,    1013.135433,     530.636728,    1011.943936,     530.645728
6131,   7.955000,    1013.152361,     530.636728,    1011.977911,     530.645728
6132,   7.956000,    1013.168573,     530.636728,    1012.011766,     530.645669
6133,   7.957000,    1013.183832,     530.636728,    1012.045622,     530.645669
6134,   7.958000,    1013.198495,     530.636728,    1012.079239,     530.645728
6135,   7.959000,    1013.212323,     530.636728,    1012.112856,     530.645728
6136,   7.960000,    1013.225436,     530.636728,    1012.146235,     530.645728
6137,   7.961000,    1013.237715,     530.636728,    1012.179494,     530.645669
6138,   7.962000,    1013.249516,     530.636728,    1012.212634,     530.645669
6139,   7.963000,    1013.260484,     530.636728,    1012.245417,     530.645728
6140,   7.964000,    1013.270855,     530.636728,    1012.278080,     530.645728
6141,   7.965000,    1013.280511,     530.636728,    1012.310505,     530.645728
6142,   7.966000,    1013.289690,     530.636728,    1012.342572,     530.645669
6143,   7.967000,    1013.298154,     530.636728,    1012.374401,     530.645728
6144,   7.968000,    1013.306141,     530.636728,    1012.405872,     530.645728
6145,   7.969000,    1013.313532,     530.636728,    1012.437105,     530.645728
6146,   7.970000,    1013.320446,     530.636728,    1012.467980,     530.645669
6147,   7.971000,    1013.326764,     530.636728,    1012.498498,     530.645669
6148,   7.972000,    1013.332605,     530.636728,    1012.528658,     530.645728
6149,   7.973000,    1013.337970,     530.636728,    1012.558460,     530.645788
6150,   7.974000,    1013.342857,     530.636728,    1012.587786,     530.645728
6151,   7.975000,    1013.347387,     530.636728,    1012.616754,     530.645609
6152,   7.976000,    1013.351440,     530.636728,    1012.645125,     530.645669
6153,   7.977000,    1013.355136,     530.636728,    1012.673259,     530.645728
6154,   7.978000,    1013.358474,     530.636728,    1012.700796,     530.645788
6155,   7.979000,    1013.361335,     530.636728,    1012.727737,     530.645728
6156,   7.980000,    1013.363957,     530.636728,    1012.754321,     530.645609
6157,   7.981000,    1013.366342,     530.636728,    1012.780190,     530.645669
6158,   7.982000,    1013.368368,     530.636728,    1012.805581,     530.645728
6159,   7.983000,    1013.370037,     530.636728,    1012.830496,     530.645728
6160,   7.984000,    1013.371587,     530.636728,    1012.854695,     530.645669
6161,   7.985000,    1013.372779,     530.636728,    1012.878418,     530.645609
6162,   7.986000,    1013.373852,     530.636728,    1012.901425,     530.645728
6163,   7.987000,    1013.374686,     530.636728,    1012.923956,     530.645788
6164,   7.988000,    1013.375401,     530.636728,    1012.945890,     530.645728
6165,   7.989000,    1013.375878,     530.636728,    1012.967229,     530.645669
6166,   7.990000,    1013.376236,     530.636728,    1012.987733,     530.645669
6167,   7.991000,    1013.376594,     530.636728,    1013.007641,     530.645728
6168,   7.992000,    1013.376713,     530.636728,    1013.026834,     530.645728
6169,   7.993000,    1013.376832,     530.636728,    1013.045430,     530.645728
6170,   7.994000,    1013.376832,     530.636728,    1013.063431,     530.645609
6171,   7.995000,    1013.376832,     530.636728,    1013.080716,     530.645728
6172,   7.996000,    1013.376832,     530.636728,    1013.097286,     530.645728
6173,   7.997000,    1013.376832,     530.636728,    1013.113379,     530.645728
6174,   7.998000,    1013.376832,     530.636728,    1013.128757,     530.645669
6175,   7.999000,    1013.376832,     530.636728,    1013.143539,     530.645669
6176,   8.000000,    1013.376832,     530.636728,    1013.157725,     530.645728
6177,   8.001000,    1013.376832,     530.636728,    1013.171315,     530.645728
6178,   8.002000,    1013.376832,     530.636728,    1013.184190,     530.645728
6179,   8.003000,    1013.376832,     530.636728,    1013.196588,     530.645669
6180,   8.004000,    1013.376832,     530.636728,    1013.208270,     530.645669
6181,   8.005000,    1013.376832,     530.636728,    1013.219595,     530.645728
6182,   8.006000,    1013.376832,     530.636728,    1013.230205,     530.645728
6183,   8.007000,    1013.376832,     530.636728,    1013.240457,     530.645728
6184,   8.008000,    1013.376832,     530.636728,    1013.249993,     530.645669
6185,   8.009000,    1013.376832,     530.636728,    1013.259053,     530.645728
6186,   8.010000,    1013.376832,     530.636728,    1013.267636,     530.645728
6187,   8.011000,    1013.376832,     530.636728,    1013.275743,     530.645728
6188,   8.012000,    1013.376832,     530.636728,    1013.283253,     530.645669
6189,   8.013000,    1013.376832,     530.636728,    1013.290405,     530.645669
6190,   8.014000,    1013.376832,     530.636728,    1013.297081,     530.645669
6191,   8.015000,    1013.376832,     530.636728,    1013.303280,     530.645728
6192,   8.016000,    1013.376832,     530.636728,    1013.309121,     530.645728
6193,   8.017000,    1013.376832,     530.636728,    1013.314605,     530.645728
6194,   8.018000,    1013.376832,     530.636728,    1013.319612,     530.645669
6195,   8.019000,    1013.376832,     530.636728,    1013.324142,     530.645728
6196,   8.020000,    1013.376832,     530.636728,    1013.328433,     530.645728
6197,   8.021000,    1013.376832,     530.636728,    1013.332367,     530.645728
6198,   8.022000,    1013.376832,     530.636728,    1013.335943,     530.645728
6199,   8.023000,    1013.376832,     530.636728,    1013.339162,     530.645728
6200,   8.024000,    1013.376832,     530.636728,    1013.342142,     530.645728
6201,   8.025000,    1013.376832,     530.636728,    1013.345003,     530.645728
6202,   8.026000,    1013.376832,     530.636728,    1013.347507,     530.645728
6203,   8.027000,    1013.376832,     530.636728,    1013.349771,     530.645728
6204,   8.028000,    1013.376832,     530.636728,    1013.352036,     530.645728
6205,   8.029000,    1013.376832,     530.636728,    1013.353944,     530.645728
6206,   8.030000,    1013.376832,     530.636728,    1013.355970,     530.645728
6207,   8.031000,    1013.376832,     530.636728,    1013.357759,     530.645728
6208,   8.032000,    1013.376832,     530.636728,    1013.359427,     530.645728
6209,   8.033000,    1013.376832,     530.636728,    1013.360977,     530.645728
6210,   8.034000,    1013.376832,     530.636728,    1013.362408,     530.645728
6211,   8.035000,    1013.376832,     530.636728,    1013.363838,     530.645669
6212,   8.036000,    1013.376832,     530.636728,    1013.364911,     530.645669
6213,   8.037000,    1013.376832,     530.636728,    1013.365984,     530.645728
6214,   8.038000,    1013.376832,     530.636728,    1013.367057,     530.645728
6215,   8.039000,    1013.376832,     530.636728,    1013.367891,     530.645728
6216,   8.040000,    1013.376832,     530.636728,    1013.368726,     530.645728
6217,   8.041000,    1013.376832,     530.636728,    1013.369441,     530.645728
6218,   8.042000,    1013.376832,     530.636728,    1013.370037,     530.645728
6219,   8.043000,    1013.376832,     530.636728,    1013.370514,     530.645728
6220,   8.044000,    1013.376832,     530.636728,    1013.371110,     530.645728
6221,   8.045000,    1013.376832,     530.636728,    1013.371587,     530.645669
6222,   8.046000,    1013.376832,     530.636728,    1013.371944,     530.645728
6223,   8.047000,    1013.376832,     530.636728,    1013.372302,     530.645728
6224,   8.048000,    1013.376832,     530.636728,    1013.372660,     530.645728
6225,   8.049000,    1013.376832,     530.636728,    1013.373017,     530.645669
6226,   8.050000,    1013.376832,     530.636728,    1013.373256,     530.645728
6227,   8.051000,    1013.376832,     530.636728,    1013.373613,     530.645728
6228,   8.052000,    1013.376832,     530.636728,    1013.373852,     530.645728
6229,   8.053000,    1013.376832,     530.636728,    1013.374209,     530.645728
6230,   8.054000,    1013.376832,     530.636728,    1013.374448,     530.645669
6231,   8.055000,    1013.376832,     530.636728,    1013.374686,     530.645728
6232,   8.056000,    1013.376832,     530.636728,    1013.375044,     530.645728
6233,   8.057000,    1013.376832,     530.636728,    1013.375282,     530.645728
6234,   8.058000,    1013.376832,     530.636728,    1013.375521,     530.645669
6235,   8.059000,    1013.376832,     530.636728,    1013.375759,     530.645669
6236,   8.060000,    1013.376832,     530.636728,    1013.375998,     530.645728
6237,   8.061000,    1013.376832,     530.636728,    1013.376117,     530.645728
6238,   8.062000,    1013.376832,     530.636728,    1013.376355,     530.645728
6239,   8.063000,    1013.376832,     530.636728,    1013.376474,     530.645669
6240,   8.064000,    1013.376832,     530.636728,    1013.376594,     530.645728
6241,   8.065000,    1013.376832,     530.636728,    1013.376713,     530.645728
6242,   8.066000,    1013.376832,     530.636728,    1013.376832,     530.645728
6243,   8.067000,    1013.376832,     530.636728,    1013.376832,     530.645669
6244,   8.068000,    1013.376832,     530.636728,    1013.376832,     530.645728
6245,   8.071000,    1013.376832,     530.636728,    1013.376832,     530.645728
6246,   8.072000,    1013.376832,     530.636728,    1013.376832,     530.645669
6247,   8.073000,    1013.376832,     530.636728,    1013.376951,     530.645669
6248,   8.074000,    1013.376832,     530.636728,    1013.376951,     530.645728
6249,   8.075000,    1013.376832,     530.636728,    1013.376832,     530.645728
6250,   8.076000,    1013.376832,     530.636728,    1013.376951,     530.645728
6251,   8.081000,    1013.376832,     530.636728,    1013.376951,     530.645728
6252,   8.082000,    1013.376832,     530.636728,    1013.376951,     530.645669
6253,   8.083000,    1013.376832,     530.636728,    1013.376951,     530.645669
6254,   8.084000,    1013.376832,     530.636728,    1013.376951,     530.645728
6255,   8.086000,    1013.376832,     530.636728,    1013.376951,     530.645728
6256,   8.087000,    1013.376832,     530.636728,    1013.376951,     530.645669
6257,   8.088000,    1013.376832,     530.636728,    1013.376951,     530.645728
6258,   8.091000,    1013.376832,     530.636728,    1013.376951,     530.645728
6259,   8.092000,    1013.376832,     530.636728,    1013.376951,     530.645669
6260,   8.093000,    1013.376832,     530.636728,    1013.376951,     530.645728
6261,   8.095000,    1013.376832,     530.636728,    1013.376951,     530.645728
6262,   8.096000,    1013.376832,     530.636728,    1013.376951,     530.645669
6263,   8.097000,    1013.376832,     530.636728,    1013.376951,     530.645728
6264,   8.100000,    1013.376832,     530.636728,    1013.376951,     530.645728
6265,   8.101000,    1013.376832,     530.636728,    1013.376951,     530.645669
6266,   8.102000,    1013.376832,     530.636728,    1013.376951,     530.645728
6267,   8.103000,    1013.376832,     530.636728,    1013.376951,     530.645728
6268,   8.104000,    1013.376832,     530.636728,    1013.377070,     530.645728
6269,   8.105000,    1013.376832,     530.636728,    1013.377070,     530.645728
6270,   8.106000,    1013.376832,     530.636728,    1013.377070,     530.645669
6271,   8.107000,    1013.376832,     530.636728,    1013.377070,     530.645728
6272,   8.109000,    1013.376832,     530.636728,    1013.377070,     530.645728
6273,   8.110000,    1013.376832,     530.636728,    1013.377070,     530.645669
6274,   8.111000,    1013.376832,     530.636728,    1013.377070,     530.645669
6275,   8.112000,    1013.376832,     530.636728,    1013.377070,     530.645728
6276,   8.114000,    1013.376832,     530.636728,    1013.377070,     530.645728
6277,   8.115000,    1013.376832,     530.636728,    1013.377070,     530.645669
6278,   8.116000,    1013.376832,     530.636728,    1013.377070,     530.645728
6279,   8.122000,    1013.376832,     530.636728,    1013.377070,     530.645728
6280,   8.123000,    1013.376832,     530.636728,    1013.377070,     530.645669
6281,   8.124000,    1013.376832,     530.636728,    1013.377070,     530.645669
6282,   8.125000,    1013.376832,     530.636728,    1013.377070,     530.645728
6283,   8.127000,    1013.376832,     530.636728,    1013.377070,     530.645728
6284,   8.128000,    1013.376832,     530.636728,    1013.377070,     530.645669
6285,   8.129000,    1013.376832,     530.636728,    1013.377070,     530.645669
6286,   8.130000,    1013.376832,     530.636728,    1013.377070,     530.645728
6287,   8.131000,    1013.376832,     530.636728,    1013.377070,     530.645788
6288,   8.132000,    1013.376832,     530.636728,    1013.377070,     530.645728
6289,   8.133000,    1013.376832,     530.636728,    1013.377070,     530.645669
6290,   8.134000,    1013.376832,     530.636728,    1013.377070,     530.645728
6291,   8.137000,    1013.376832,     530.636728,    1013.377070,     530.645728
6292,   8.138000,    1013.376832,     530.636728,    1013.376951,     530.645669
6293,   8.139000,    1013.376832,     530.636728,    1013.376951,     530.645728
6294,   8.140000,    1013.376832,     530.636728,    1013.377070,     530.645788
6295,   8.141000,    1013.376832,     530.636728,    1013.377070,     530.645728
6296,   8.142000,    1013.376832,     530.636728,    1013.376951,     530.645669
6297,   8.143000,    1013.376832,     530.636728,    1013.376951,     530.645669
6298,   8.144000,    1013.376832,     530.636728,    1013.376951,     530.645728
6299,   8.145000,    1013.376832,     530.636728,    1013.377070,     530.645728
6300,   8.146000,    1013.376832,     530.636728,    1013.376951,     530.645728
6301,   8.147000,    1013.376832,     530.636728,    1013.376951,     530.645669
6302,   8.148000,    1013.376832,     530.636728,    1013.376951,     530.645728
6303,   8.151000,    1013.376832,     530.636728,    1013.376951,     530.645728
6304,   8.152000,    1013.376832,     530.636728,    1013.376951,     530.645669
6305,   8.153000,    1013.376832,     530.636728,    1013.376951,     530.645728
6306,   8.155000,    1013.376832,     530.636728,    1013.376951,     530.645728
6307,   8.156000,    1013.376832,     530.636728,    1013.376951,     530.645669
6308,   8.157000,    1013.376832,     530.636728,    1013.376951,     530.645669
6309,   8.158000,    1013.376832,     530.636728,    1013.376951,     530.645728
6310,   8.160000,    1013.376832,     530.636728,    1013.376951,     530.645728
6311,   8.161000,    1013.376832,     530.636728,    1013.376951,     530.645669
6312,   8.162000,    1013.376832,     530.636728,    1013.376951,     530.645669
6313,   8.163000,    1013.376832,     530.636728,    1013.376951,     530.645728
6314,   8.165000,    1013.376832,     530.636728,    1013.376951,     530.645728
6315,   8.166000,    1013.376832,     530.636728,    1013.376951,     530.645669
6316,   8.167000,    1013.376832,     530.636728,    1013.376951,     530.645669
6317,   8.168000,    1013.376832,     530.636728,    1013.376951,     530.645728
6318,   8.170000,    1013.376832,     530.636728,    1013.376951,     530.645728
6319,   8.171000,    1013.376832,     530.636728,    1013.376951,     530.645669
6320,   8.172000,    1013.376832,     530.636728,    1013.376951,     530.645728
6321,   8.175000,    1013.376832,     530.636728,    1013.376951,     530.645728
6322,   8.176000,    1013.376832,     530.636728,    1013.376951,     530.645669
6323,   8.177000,    1013.376832,     530.636728,    1013.376951,     530.645728
6324,   8.179000,    1013.376832,     530.636728,    1013.376951,     530.645728
6325,   8.180000,    1013.376832,     530.636728,    1013.376951,     530.645669
6326,   8.181000,    1013.376832,     530.636728,    1013.376951,     530.645728
6327,   8.184000,    1013.376832,     530.636728,    1013.376951,     530.645728
6328,   8.185000,    1013.376832,     530.636728,    1013.376951,     530.645669
6329,   8.186000,    1013.376832,     530.636728,    1013.376951,     530.645669
6330,   8.187000,    1013.376832,     530.636728,    1013.376951,     530.645728
6331,   8.190000,    1013.376832,     530.636728,    1013.376951,     530.645728
6332,   8.191000,    1013.376832,     530.636728,    1013.376951,     530.645669
6333,   8.192000,    1013.376832,     530.636728,    1013.376951,     530.645728
6334,   8.194000,    1013.376832,     530.636728,    1013.376951,     530.645728
6335,   8.195000,    1013.376832,     530.636728,    1013.376951,     530.645669
6336,   8.196000,    1013.376832,     530.636728,    1013.376951,     530.645728
6337,   8.199000,    1013.376832,     530.636728,    1013.376951,     530.645728
6338,   8.200000,    1013.376832,     530.636728,    1013.376951,     530.645669
6339,   8.201000,    1013.376832,     530.636728,    1013.376951,     530.645728
6340,   8.202000,    1013.376832,     530.636728,    1013.376951,     530.645788
6341,   8.203000,    1013.376832,     530.636728,    1013.376951,     530.645728
6342,   8.204000,    1013.376832,     530.636728,    1013.376951,     530.645669
6343,   8.205000,    1013.376832,     530.636728,    1013.376951,     530.645728
6344,   8.208000,    1013.376832,     530.636728,    1013.376951,     530.645728
6345,   8.209000,    1013.376832,     530.636728,    1013.376951,     530.645669
6346,   8.210000,    1013.376832,     530.636728,    1013.376951,     530.645728
6347,   8.212000,    1013.376832,     530.636728,    1013.376951,     530.645728
6348,   8.213000,    1013.376832,     530.636728,    1013.376951,     530.645669
6349,   8.214000,    1013.376832,     530.636728,    1013.376951,     530.645728
6350,   8.215000,    1013.376832,     530.636728,    1013.376951,     530.645788
6351,   8.216000,    1013.376832,     530.636728,    1013.376951,     530.645728
6352,   8.217000,    1013.376832,     530.636728,    1013.376951,     530.645669
6353,   8.218000,    1013.376832,     530.636728,    1013.376951,     530.645669
6354,   8.219000,    1013.376832,     530.636728,    1013.376951,     530.645728
6355,   8.220000,    1013.376832,     530.636728,    1013.376951,     530.645788
6356,   8.221000,    1013.376832,     530.636728,    1013.376951,     530.645728
6357,   8.222000,    1013.376832,     530.636728,    1013.376951,     530.645669
6358,   8.223000,    1013.376832,     530.636728,    1013.376951,     530.645728
6359,   8.224000,    1013.376832,     530.636728,    1013.376951,     530.645788
6360,   8.225000,    1013.376832,     530.636728,    1013.376951,     530.645728
6361,   8.226000,    1013.376832,     530.636728,    1013.376951,     530.645669
6362,   8.227000,    1013.376832,     530.636728,    1013.376951,     530.645609
6363,   8.228000,    1013.376832,     530.636728,    1013.376951,     530.645728
6364,   8.229000,    1013.376832,     530.636728,    1013.376951,     530.645788
6365,   8.230000,    1013.376832,     530.636728,    1013.376951,     530.645728
6366,   8.231000,    1013.376832,     530.636728,    1013.376951,     530.645669
6367,   8.232000,    1013.376832,     530.636728,    1013.376951,     530.645669
6368,   8.233000,    1013.376832,     530.636728,    1013.376951,     530.645728
6369,   8.234000,    1013.376832,     530.636728,    1013.376951,     530.645788
6370,   8.235000,    1013.376832,     530.636728,    1013.376951,     530.645728
6371,   8.236000,    1013.376832,     530.636728,    1013.376951,     530.645669
6372,   8.237000,    1013.376832,     530.636728,    1013.376951,     530.645728
6373,   8.240000,    1013.376832,     530.636728,    1013.376951,     530.645728
6374,   8.241000,    1013.376832,     530.636728,    1013.376951,     530.645669
6375,   8.242000,    1013.376832,     530.636728,    1013.376951,     530.645728
6376,   8.244000,    1013.376832,     530.636728,    1013.376951,     530.645728
6377,   8.245000,    1013.376832,     530.636728,    1013.376951,     530.645669
6378,   8.246000,    1013.376832,     530.636728,    1013.376951,     530.645728
6379,   8.248000,    1013.376832,     530.636728,    1013.376951,     530.645728
6380,   8.249000,    1013.376832,     530.636728,    1013.376951,     530.645669
6381,   8.250000,    1013.376832,     530.636728,    1013.376951,     530.645669
6382,   8.251000,    1013.376832,     530.636728,    1013.376951,     530.645728
6383,   8.253000,    1013.376832,     530.636728,    1013.376951,     530.645728
6384,   8.254000,    1013.376832,     530.636728,    1013.376951,     530.645669
6385,   8.255000,    1013.376832,     530.636728,    1013.376951,     530.645728
6386,   8.257000,    1013.376832,     530.636728,    1013.376951,     530.645728
6387,   8.258000,    1013.376832,     530.636728,    1013.376951,     530.645669
6388,   8.259000,    1013.376832,     530.636728,    1013.376951,     530.645669
6389,   8.260000,    1013.376832,     530.636728,    1013.376951,     530.645728
6390,   8.262000,    1013.376832,     530.636728,    1013.376951,     530.645728
6391,   8.263000,    1013.376832,     530.636728,    1013.376951,     530.645669
6392,   8.264000,    1013.376832,     530.636728,    1013.376951,     530.645669
6393,   8.265000,    1013.376832,     530.636728,    1013.376951,     530.645728
6394,   8.267000,    1013.376832,     530.636728,    1013.376951,     530.645728
6395,   8.268000,    1013.376832,     530.636728,    1013.376951,     530.645669
6396,   8.269000,    1013.376832,     530.636728,    1013.376951,     530.645728
6397,   8.272000,    1013.376832,     530.636728,    1013.376951,     530.645728
6398,   8.273000,    1013.376832,     530.636728,    1013.376951,     530.645669
6399,   8.274000,    1013.376832,     530.636728,    1013.376951,     530.645728
6400,   8.275000,    1013.376832,     530.636728,    1013.376951,     530.645788
6401,   8.276000,    1013.376832,     530.636728,    1013.376951,     530.645728
6402,   8.277000,    1013.376832,     530.636728,    1013.376951,     530.645669
6403,   8.278000,    1013.376832,     530.636728,    1013.376951,     530.645669
6404,   8.279000,    1013.376832,     530.636728,    1013.376951,     530.645728
6405,   8.280000,    1013.376832,     530.636728,    1013.376951,     530.645788
6406,   8.281000,    1013.376832,     530.636728,    1013.376951,     530.645728
6407,   8.282000,    1013.376832,     530.636728,    1013.376951,     530.645669
6408,   8.283000,    1013.376832,     530.636728,    1013.376951,     530.645728
6409,   8.284000,    1013.376832,     530.636728,    1013.376951,     530.645788
6410,   8.285000,    1013.376832,     530.636728,    1013.376951,     530.645728
6411,   8.286000,    1013.376832,     530.636728,    1013.376951,     530.645669
6412,   8.287000,    1013.376832,     530.636728,    1013.376951,     530.645669
6413,   8.288000,    1013.376832,     530.636728,    1013.376951,     530.645728
6414,   8.289000,    1013.376832,     530.636728,    1013.376951,     530.645788
6415,   8.290000,    1013.376832,     530.636728,    1013.376951,     530.645728
6416,   8.291000,    1013.376832,     530.636728,    1013.376951,     530.645669
6417,   8.292000,    1013.376832,     530.636728,    1013.376951,     530.645728
6418,   8.294000,    1013.376832,     530.636728,    1013.376951,     530.645728
6419,   8.295000,    1013.376832,     530.636728,    1013.376951,     530.645669
6420,   8.296000,    1013.376832,     530.636728,    1013.376951,     530.645669
6421,   8.297000,    1013.376832,     530.636728,    1013.376951,     530.645728
6422,   8.298000,    1013.376832,     530.636728,    1013.376951,     530.645728
6423,   8.299000,    1013.376832,     530.636728,    1013.376832,     530.645728
6424,   8.300000,    1013.376832,     530.636728,    1013.376832,     530.645669
6425,   8.301000,    1013.376832,     530.636728,    1013.376951,     530.645669
6426,   8.302000,    1013.376832,     530.636728,    1013.376951,     530.645728
6427,   8.303000,    1013.376832,     530.636728,    1013.376951,     530.645728
6428,   8.304000,    1013.376832,     530.636728,    1013.376832,     530.645728
6429,   8.305000,    1013.376832,     530.636728,    1013.376951,     530.645669
6430,   8.306000,    1013.376832,     530.636728,    1013.376951,     530.645728
6431,   8.308000,    1013.376832,     530.636728,    1013.376951,     530.645728
6432,   8.309000,    1013.376832,     530.636728,    1013.376832,     530.645669
6433,   8.310000,    1013.376832,     530.636728,    1013.376951,     530.645669
6434,   8.311000,    1013.376832,     530.636728,    1013.376951,     530.645728
6435,   8.312000,    1013.376832,     530.636728,    1013.376832,     530.645728
6436,   8.313000,    1013.376832,     530.636728,    1013.376832,     530.645728
6437,   8.314000,    1013.376832,     530.636728,    1013.376951,     530.645669
6438,   8.315000,    1013.376832,     530.636728,    1013.376951,     530.645669
6439,   8.316000,    1013.376832,     530.636728,    1013.376832,     530.645728
6440,   8.317000,    1013.376832,     530.636728,    1013.376832,     530.645728
6441,   8.318000,    1013.376832,     530.636728,    1013.376951,     530.645728
6442,   8.319000,    1013.376832,     530.636728,    1013.376951,     530.645669
6443,   8.320000,    1013.376832,     530.636728,    1013.376832,     530.645728
6444,   8.321000,    1013.376832,     530.636728,    1013.376951,     530.645728
6445,   8.322000,    1013.376832,     530.636728,    1013.376951,     530.645728
6446,   8.323000,    1013.376832,     530.636728,    1013.376951,     530.645669
6447,   8.324000,    1013.376832,     530.636728,    1013.376951,     530.645669
6448,   8.325000,    1013.376832,     530.636728,    1013.376951,     530.645728
6449,   8.326000,    1013.376832,     530.636728,    1013.376832,     530.645728
6450,   8.327000,    1013.376832,     530.636728,    1013.376951,     530.645728
6451,   8.328000,    1013.376832,     530.636728,    1013.376951,     530.645669
6452,   8.329000,    1013.376832,     530.636728,    1013.376951,     530.645728
6453,   8.330000,    1013.376832,     530.636728,    1013.376832,     530.645728
6454,   8.331000,    1013.376832,     530.636728,    1013.376951,     530.645728
6455,   8.332000,    1013.376832,     530.636728,    1013.376832,     530.645669
6456,   8.333000,    1013.376832,     530.636728,    1013.376951,     530.645669
6457,   8.334000,    1013.376832,     530.636728,    1013.376951,     530.645728
6458,   8.335000,    1013.376832,     530.636728,    1013.376951,     530.645728
6459,   8.336000,    1013.376832,     530.636728,    1013.376832,     530.645728
6460,   8.337000,    1013.376832,     530.636728,    1013.376832,     530.645669
6461,   8.338000,    1013.376832,     530.636728,    1013.376951,     530.645669
6462,   8.339000,    1013.376832,     530.636728,    1013.376832,     530.645728
6463,   8.340000,    1013.376832,     530.636728,    1013.376832,     530.645728
6464,   8.341000,    1013.376832,     530.636728,    1013.376951,     530.645728
6465,   8.342000,    1013.376832,     530.636728,    1013.376951,     530.645669
6466,   8.343000,    1013.376832,     530.636728,    1013.376951,     530.645728
6467,   8.344000,    1013.376832,     530.636728,    1013.376832,     530.645728
6468,   8.345000,    1013.376832,     530.636728,    1013.376951,     530.645728
6469,   8.346000,    1013.376832,     530.636728,    1013.376951,     530.645669
6470,   8.347000,    1013.376832,     530.636728,    1013.376832,     530.645669
6471,   8.348000,    1013.376832,     530.636728,    1013.376832,     530.645728
6472,   8.349000,    1013.376832,     530.636728,    1013.376832,     530.645728
6473,   8.350000,    1013.376832,     530.636728,    1013.376951,     530.645728
6474,   8.351000,    1013.376832,     530.636728,    1013.376832,     530.645669
6475,   8.352000,    1013.376832,     530.636728,    1013.376832,     530.645669
6476,   8.353000,    1013.376832,     530.636728,    1013.376832,     530.645728
6477,   8.354000,    1013.376832,     530.636728,    1013.376951,     530.645788
6478,   8.355000,    1013.376832,     530.636728,    1013.376832,     530.645728
6479,   8.356000,    1013.376832,     530.636728,    1013.376832,     530.645609
6480,   8.357000,    1013.376951,     530.636728,    1013.376832,     530.645669
6481,   8.358000,    1013.376951,     530.636728,    1013.376832,     530.645788
6482,   8.359000,    1013.376951,     530.636728,    1013.376832,     530.645728
6483,   8.360000,    1013.377070,     530.636728,    1013.376832,     530.645728
6484,   8.361000,    1013.377190,     530.636728,    1013.376832,     530.645669
6485,   8.362000,    1013.377309,     530.636728,    1013.376832,     530.645728
6486,   8.363000,    1013.377547,     530.636728,    1013.376832,     530.645728
6487,   8.364000,    1013.377905,     530.636728,    1013.376832,     530.645728
6488,   8.365000,    1013.378263,     530.636728,    1013.376832,     530.645669
6489,   8.366000,    1013.378620,     530.636728,    1013.376832,     530.645669
6490,   8.367000,    1013.379216,     530.636728,    1013.376832,     530.645728
6491,   8.368000,    1013.379812,     530.636728,    1013.376832,     530.645728
6492,   8.369000,    1013.380527,     530.636728,    1013.376832,     530.645728
6493,   8.370000,    1013.381362,     530.636728,    1013.376832,     530.645669
6494,   8.371000,    1013.382316,     530.636728,    1013.376951,     530.645669
6495,   8.372000,    1013.383389,     530.636728,    1013.376832,     530.645728
6496,   8.373000,    1013.384700,     530.636728,    1013.376951,     530.645788
6497,   8.374000,    1013.386011,     530.636728,    1013.376832,     530.645728
6498,   8.375000,    1013.387561,     530.636728,    1013.376951,     530.645669
6499,   8.376000,    1013.389230,     530.636728,    1013.376951,     530.645728
6500,   8.377000,    1013.391137,     530.636728,    1013.376951,     530.645788
6501,   8.378000,    1013.393164,     530.636728,    1013.376951,     530.645728
6502,   8.379000,    1013.395309,     530.636728,    1013.376832,     530.645669
6503,   8.380000,    1013.397694,     530.636728,    1013.376951,     530.645669
6504,   8.381000,    1013.400316,     530.636728,    1013.376832,     530.645728
6505,   8.382000,    1013.403177,     530.636728,    1013.376951,     530.645788
6506,   8.383000,    1013.406157,     530.636728,    1013.376951,     530.645728
6507,   8.384000,    1013.409376,     530.636728,    1013.376951,     530.645669
6508,   8.385000,    1013.412833,     530.636728,    1013.376951,     530.645669
6509,   8.386000,    1013.416648,     530.636728,    1013.376951,     530.645728
6510,   8.387000,    1013.420582,     530.636728,    1013.377070,     530.645728
6511,   8.388000,    1013.424754,     530.636728,    1013.376951,     530.645728
6512,   8.389000,    1013.429284,     530.636728,    1013.377070,     530.645609
6513,   8.390000,    1013.434052,     530.636728,    1013.377190,     530.645669
6514,   8.391000,    1013.439059,     530.636728,    1013.377190,     530.645728
6515,   8.392000,    1013.444424,     530.636728,    1013.377190,     530.645788
6516,   8.393000,    1013.450027,     530.636728,    1013.377309,     530.645728
6517,   8.394000,    1013.455987,     530.636728,    1013.377547,     530.645669
6518,   8.395000,    1013.462186,     530.636728,    1013.377666,     530.645728
6519,   8.396000,    1013.468742,     530.636728,    1013.377786,     530.645788
6520,   8.397000,    1013.475657,     530.636728,    1013.378024,     530.645728
6521,   8.398000,    1013.482928,     530.636728,    1013.378263,     530.645669
6522,   8.399000,    1013.490438,     530.636728,    1013.378501,     530.645669
6523,   8.400000,    1013.498425,     530.636728,    1013.378859,     530.645728
6524,   8.401000,    1013.506651,     530.636728,    1013.379335,     530.645788
6525,   8.402000,    1013.515353,     530.636728,    1013.379812,     530.645728
6526,   8.403000,    1013.524294,     530.636728,    1013.380408,     530.645669
6527,   8.404000,    1013.533711,     530.636728,    1013.381004,     530.645669
6528,   8.405000,    1013.543606,     530.636728,    1013.381720,     530.645728
6529,   8.406000,    1013.553739,     530.636728,    1013.382554,     530.645728
6530,   8.407000,    1013.564348,     530.636728,    1013.383508,     530.645728
6531,   8.408000,    1013.575315,     530.636728,    1013.384581,     530.645669
6532,   8.409000,    1013.586640,     530.636728,    1013.385773,     530.645728
6533,   8.410000,    1013.598323,     530.636728,    1013.387084,     530.645788
6534,   8.411000,    1013.610482,     530.636728,    1013.388515,     530.645728
6535,   8.412000,    1013.622880,     530.636728,    1013.390183,     530.645669
6536,   8.413000,    1013.635635,     530.636728,    1013.391852,     530.645669
6537,   8.414000,    1013.648748,     530.636728,    1013.393760,     530.645728
6538,   8.415000,    1013.662219,     530.636728,    1013.395786,     530.645788
6539,   8.416000,    1013.675928,     530.636728,    1013.398051,     530.645728
6540,   8.417000,    1013.689995,     530.636728,    1013.400435,     530.645669
6541,   8.418000,    1013.704419,     530.636728,    1013.402939,     530.645728
6542,   8.419000,    1013.719082,     530.636728,    1013.405800,     530.645728
6543,   8.420000,    1013.734102,     530.636728,    1013.408661,     530.645728
6544,   8.421000,    1013.749242,     530.636728,    1013.411880,     530.645728
6545,   8.422000,    1013.764739,     530.636728,    1013.415217,     530.645669
6546,   8.423000,    1013.780594,     530.636728,    1013.418674,     530.645728
6547,   8.424000,    1013.796568,     530.636728,    1013.422489,     530.645728
6548,   8.425000,    1013.812900,     530.636728,    1013.426423,     530.645728
6549,   8.426000,    1013.829350,     530.636728,    1013.430595,     530.645669
6550,   8.427000,    1013.846159,     530.636728,    1013.435006,     530.645669
6551,   8.428000,    1013.863087,     530.636728,    1013.439655,     530.645728
6552,   8.429000,    1013.880372,     530.636728,    1013.444543,     530.645788
6553,   8.430000,    1013.897657,     530.636728,    1013.449669,     530.645728
6554,   8.431000,    1013.915300,     530.636728,    1013.455153,     530.645669
6555,   8.432000,    1013.933063,     530.636728,    1013.460875,     530.645669
6556,   8.433000,    1013.951063,     530.636728,    1013.466835,     530.645728
6557,   8.434000,    1013.969183,     530.636728,    1013.473034,     530.645728
6558,   8.435000,    1013.987541,     530.636728,    1013.479590,     530.645728
6559,   8.436000,    1014.006019,     530.636728,    1013.486505,     530.645669
6560,   8.437000,    1014.024615,     530.636728,    1013.493657,     530.645728
6561,   8.438000,    1014.043450,     530.636728,    1013.501167,     530.645728
6562,   8.439000,    1014.062285,     530.636728,    1013.508916,     530.645728
6563,   8.440000,    1014.081359,     530.636728,    1013.517141,     530.645669
6564,   8.441000,    1014.100552,     530.636728,    1013.525486,     530.645728
6565,   8.442000,    1014.119864,     530.636728,    1013.534307,     530.645728
6566,   8.443000,    1014.139175,     530.636728,    1013.543248,     530.645788
6567,   8.444000,    1014.158607,     530.636728,    1013.552666,     530.645728
6568,   8.445000,    1014.178157,     530.636728,    1013.562441,     530.645669
6569,   8.446000,    1014.197826,     530.636728,    1013.572454,     530.645728
6570,   8.447000,    1014.217615,     530.636728,    1013.582826,     530.645788
6571,   8.448000,    1014.237285,     530.636728,    1013.593435,     530.645728
6572,   8.449000,    1014.257193,     530.636728,    1013.604522,     530.645669
6573,   8.450000,    1014.277101,     530.636728,    1013.615727,     530.645669
6574,   8.451000,    1014.297009,     530.636728,    1013.627410,     530.645728
6575,   8.452000,    1014.316916,     530.636728,    1013.639331,     530.645788
6576,   8.453000,    1014.336944,     530.636728,    1013.651490,     530.645728
6577,   8.454000,    1014.356852,     530.636728,    1013.664007,     530.645669
6578,   8.455000,    1014.376879,     530.636728,    1013.676882,     530.645728
6579,   8.456000,    1014.396906,     530.636728,    1013.689995,     530.645788
6580,   8.457000,    1014.416814,     530.636728,    1013.703465,     530.645788
6581,   8.458000,    1014.436841,     530.636728,    1013.717175,     530.645728
6582,   8.459000,    1014.456749,     530.636668,    1013.731122,     530.645609
6583,   8.460000,    1014.476657,     530.636549,    1013.745427,     530.645728
6584,   8.461000,    1014.496565,     530.636430,    1013.759851,     530.645788
6585,   8.462000,    1014.516473,     530.636311,    1013.774753,     530.645728
6586,   8.463000,    1014.536142,     530.636072,    1013.789773,     530.645669
6587,   8.464000,    1014.555931,     530.635774,    1013.805151,     530.645669
6588,   8.465000,    1014.575601,     530.635417,    1013.820648,     530.645728
6589,   8.466000,    1014.595151,     530.634940,    1013.836384,     530.645788
6590,   8.467000,    1014.614582,     530.634463,    1013.852477,     530.645728
6591,   8.468000,    1014.633894,     530.633807,    1013.868690,     530.645669
6592,   8.469000,    1014.653206,     530.633092,    1013.885140,     530.645669
6593,   8.470000,    1014.672399,     530.632257,    1013.901830,     530.645728
6594,   8.471000,    1014.691472,     530.631304,    1013.918638,     530.645788
6595,   8.472000,    1014.710307,     530.630171,    1013.935685,     530.645728
6596,   8.473000,    1014.729142,     530.628979,    1013.952971,     530.645669
6597,   8.474000,    1014.747739,     530.627608,    1013.970375,     530.645669
6598,   8.475000,    1014.766216,     530.626059,    1013.987899,     530.645728
6599,   8.476000,    1014.784575,     530.624390,    1014.005661,     530.645728
6600,   8.477000,    1014.802694,     530.622542,    1014.023542,     530.645669
6601,   8.478000,    1014.820576,     530.620515,    1014.041662,     530.645609
6602,   8.479000,    1014.838457,     530.618310,    1014.059782,     530.645669
6603,   8.480000,    1014.855981,     530.615926,    1014.078021,     530.645728
6604,   8.481000,    1014.873385,     530.613303,    1014.096498,     530.645728
6605,   8.482000,    1014.890552,     530.610502,    1014.114976,     530.645609
6606,   8.483000,    1014.907479,     530.607462,    1014.133692,     530.645609
6607,   8.484000,    1014.924288,     530.604243,    1014.152408,     530.645609
6608,   8.485000,    1014.940739,     530.600727,    1014.171243,     530.645669
6609,   8.486000,    1014.956951,     530.597031,    1014.190197,     530.645609
6610,   8.487000,    1014.973044,     530.593038,    1014.209151,     530.645549
6611,   8.488000,    1014.988780,     530.588806,    1014.228225,     530.645549
6612,   8.489000,    1015.004158,     530.584335,    1014.247298,     530.645490
6613,   8.490000,    1015.019417,     530.579567,    1014.266372,     530.645430
6614,   8.491000,    1015.034318,     530.574560,    1014.285564,     530.645370
6615,   8.492000,    1015.048862,     530.569196,    1014.304876,     530.645251
6616,   8.493000,    1015.063167,     530.563593,    1014.324069,     530.645132
6617,   8.494000,    1015.077114,     530.557632,    1014.343381,     530.645013
6618,   8.495000,    1015.090823,     530.551434,    1014.362693,     530.644834
6619,   8.496000,    1015.104175,     530.544877,    1014.382005,     530.644655
6620,   8.497000,    1015.117168,     530.537963,    1014.401317,     530.644417
6621,   8.498000,    1015.129805,     530.530751,    1014.420629,     530.644119
6622,   8.499000,    1015.141964,     530.523181,    1014.439940,     530.643821
6623,   8.500000,    1015.153885,     530.515254,    1014.459133,     530.643463
6624,   8.501000,    1015.165448,     530.506968,    1014.478326,     530.642986
6625,   8.502000,    1015.176535,     530.498326,    1014.497638,     530.642509
6626,   8.503000,    1015.187263,     530.489326,    1014.516711,     530.641913
6627,   8.504000,    1015.197515,     530.479908,    1014.535785,     530.641258
6628,   8.505000,    1015.207410,     530.470133,    1014.554858,     530.640483
6629,   8.506000,    1015.216947,     530.459881,    1014.573693,     530.639708
6630,   8.507000,    1015.225887,     530.449331,    1014.592648,     530.638754
6631,   8.508000,    1015.234470,     530.438304,    1014.611483,     530.637562
6632,   8.509000,    1015.242696,     530.426860,    1014.630079,     530.636311
6633,   8.510000,    1015.250444,     530.414999,    1014.648676,     530.634999
6634,   8.511000,    1015.257835,     530.402660,    1014.667153,     530.633509
6635,   8.512000,    1015.264750,     530.389905,    1014.685512,     530.631959
6636,   8.513000,    1015.271306,     530.376732,    1014.703751,     530.630171
6637,   8.514000,    1015.277505,     530.363023,    1014.721870,     530.628324
6638,   8.515000,    1015.283227,     530.348897,    1014.739752,     530.626237
6639,   8.516000,    1015.288591,     530.334294,    1014.757514,     530.624032
6640,   8.517000,    1015.293598,     530.319154,    1014.775157,     530.621588
6641,   8.518000,    1015.298247,     530.303597,    1014.792562,     530.618966
6642,   8.519000,    1015.302420,     530.287504,    1014.809728,     530.616105
6643,   8.520000,    1015.306354,     530.270875,    1014.826775,     530.613124
6644,   8.521000,    1015.309811,     530.253768,    1014.843702,     530.609965
6645,   8.522000,    1015.312910,     530.236125,    1014.860392,     530.606627
6646,   8.523000,    1015.315652,     530.218005,    1014.876723,     530.602992
6647,   8.524000,    1015.318036,     530.199289,    1014.892936,     530.599236
6648,   8.525000,    1015.319943,     530.180037,    1014.908910,     530.595183
6649,   8.526000,    1015.321612,     530.160248,    1014.924645,     530.590951
6650,   8.527000,    1015.322924,     530.139923,    1014.940143,     530.586541
6651,   8.528000,    1015.323758,     530.119002,    1014.955401,     530.581832
6652,   8.529000,    1015.324235,     530.097485,    1014.970422,     530.576825
6653,   8.530000,    1015.324473,     530.075431,    1014.985085,     530.571640
6654,   8.531000,    1015.324235,     530.052781,    1014.999628,     530.566156
6655,   8.532000,    1015.323639,     530.029535,    1015.013814,     530.560434
6656,   8.533000,    1015.322685,     530.005693,    1015.027642,     530.554354
6657,   8.534000,    1015.321374,     529.981256,    1015.041113,     530.548036
6658,   8.535000,    1015.319705,     529.956222,    1015.054464,     530.541420
6659,   8.536000,    1015.317559,     529.930532,    1015.067339,     530.534506
6660,   8.537000,    1015.315175,     529.904246,    1015.079975,     530.527234
6661,   8.538000,    1015.312314,     529.877305,    1015.092254,     530.519605
6662,   8.539000,    1015.309095,     529.849768,    1015.104175,     530.511618
6663,   8.540000,    1015.305519,     529.821575,    1015.115738,     530.503333
6664,   8.541000,    1015.301466,     529.792726,    1015.126944,     530.494750
6665,   8.542000,    1015.297055,     529.763222,    1015.137792,     530.485690
6666,   8.543000,    1015.292287,     529.733121,    1015.148401,     530.476272
6667,   8.544000,    1015.287042,     529.702306,    1015.158534,     530.466557
6668,   8.545000,    1015.281320,     529.670835,    1015.168309,     530.456364
6669,   8.546000,    1015.275240,     529.638708,    1015.177846,     530.445933
6670,   8.547000,    1015.268803,     529.605925,    1015.186906,     530.434966
6671,   8.548000,    1015.261889,     529.572487,    1015.195608,     530.423582
6672,   8.549000,    1015.254498,     529.538333,    1015.203953,     530.411899
6673,   8.550000,    1015.246630,     529.503524,    1015.211940,     530.399740
6674,   8.551000,    1015.238285,     529.468000,    1015.219569,     530.387104
6675,   8.552000,    1015.229464,     529.431820,    1015.226722,     530.374050
6676,   8.553000,    1015.220165,     529.394925,    1015.233636,     530.360639
6677,   8.554000,    1015.210390,     529.357374,    1015.240073,     530.346692
6678,   8.555000,    1015.200138,     529.319167,    1015.246153,     530.332327
6679,   8.556000,    1015.189409,     529.280245,    1015.251875,     530.317485
6680,   8.557000,    1015.177965,     529.240608,    1015.257359,     530.302167
6681,   8.558000,    1015.166044,     529.200315,    1015.262246,     530.286372
6682,   8.559000,    1015.153646,     529.159307,    1015.266895,     530.270040
6683,   8.560000,    1015.140533,     529.117644,    1015.271068,     530.253232
6684,   8.561000,    1015.126824,     529.075265,    1015.274882,     530.235887
6685,   8.562000,    1015.112400,     529.032230,    1015.278339,     530.218124
6686,   8.563000,    1015.097380,     528.988540,    1015.281439,     530.199707
6687,   8.564000,    1015.081644,     528.944135,    1015.284181,     530.180871
6688,   8.565000,    1015.065193,     528.899074,    1015.286446,     530.161500
6689,   8.566000,    1015.048027,     528.853416,    1015.288472,     530.141592
6690,   8.567000,    1015.030026,     528.807044,    1015.290022,     530.121088
6691,   8.568000,    1015.011311,     528.760016,    1015.291214,     530.100107
6692,   8.569000,    1014.991760,     528.712332,    1015.292168,     530.078471
6693,   8.570000,    1014.971256,     528.664052,    1015.292525,     530.056298
6694,   8.571000,    1014.949918,     528.615117,    1015.292645,     530.033648
6695,   8.572000,    1014.927745,     528.565586,    1015.292406,     530.010343
6696,   8.573000,    1014.904618,     528.515458,    1015.291929,     529.986441
6697,   8.574000,    1014.880419,     528.464735,    1015.291333,     529.962003
6698,   8.575000,    1014.855385,     528.413415,    1015.290499,     529.936969
6699,   8.576000,    1014.829278,     528.361559,    1015.289307,     529.911280
6700,   8.577000,    1014.802098,     528.309107,    1015.287638,     529.885054
6701,   8.578000,    1014.773846,     528.256178,    1015.285134,     529.858112
6702,   8.579000,    1014.744401,     528.202713,    1015.282035,     529.830694
6703,   8.580000,    1014.713883,     528.148711,    1015.278697,     529.802680
6704,   8.581000,    1014.682174,     528.094292,    1015.275121,     529.774010
6705,   8.582000,    1014.649272,     528.039396,    1015.271187,     529.744685
6706,   8.583000,    1014.615178,     527.984083,    1015.267015,     529.714644
6707,   8.584000,    1014.579892,     527.928412,    1015.262604,     529.683948
6708,   8.585000,    1014.543176,     527.872384,    1015.258074,     529.652774
6709,   8.586000,    1014.505267,     527.816057,    1015.252948,     529.620826
6710,   8.587000,    1014.466047,     527.759492,    1015.247345,     529.588282
6711,   8.588000,    1014.425516,     527.702689,    1015.241027,     529.555023
6712,   8.589000,    1014.383554,     527.645707,    1015.233874,     529.521227
6713,   8.590000,    1014.340281,     527.588546,    1015.226364,     529.486716
6714,   8.591000,    1014.295578,     527.531326,    1015.218139,     529.451489
6715,   8.592000,    1014.249563,     527.474046,    1015.209198,     529.415607
6716,   8.593000,    1014.201999,     527.416766,    1015.199423,     529.379070
6717,   8.594000,    1014.153123,     527.359545,    1015.188694,     529.341936
6718,   8.595000,    1014.102697,     527.302325,    1015.177131,     529.304206
6719,   8.596000,    1014.050841,     527.245283,    1015.164852,     529.265881
6720,   8.597000,    1013.997555,     527.188420,    1015.151739,     529.226899
6721,   8.598000,    1013.942719,     527.131796,    1015.137911,     529.187262
6722,   8.599000,    1013.886452,     527.075350,    1015.123487,     529.147029
6723,   8.600000,    1013.828516,     527.019322,    1015.108466,     529.106081
6724,   8.601000,    1013.769269,     526.963592,    1015.092969,     529.064476
6725,   8.602000,    1013.708353,     526.908338,    1015.076876,     529.022217
6726,   8.603000,    1013.646007,     526.853502,    1015.060186,     528.979361
6727,   8.604000,    1013.582110,     526.799202,    1015.043020,     528.935909
6728,   8.605000,    1013.516665,     526.745439,    1015.025020,     528.891802
6729,   8.606000,    1013.449669,     526.692331,    1015.006423,     528.847158
6730,   8.607000,    1013.381124,     526.639879,    1014.987111,     528.801799
6731,   8.608000,    1013.311028,     526.588202,    1014.967203,     528.755903
6732,   8.609000,    1013.239503,     526.537299,    1014.946461,     528.709412
6733,   8.610000,    1013.166308,     526.487172,    1014.925003,     528.662264
6734,   8.611000,    1013.091683,     526.437998,    1014.902711,     528.614700
6735,   8.612000,    1013.015628,     526.389718,    1014.879465,     528.566480
6736,   8.613000,    1012.938023,     526.342452,    1014.855266,     528.517783
6737,   8.614000,    1012.858868,     526.296258,    1014.830112,     528.468549
6738,   8.615000,    1012.778282,     526.251137,    1014.803886,     528.418899
6739,   8.616000,    1012.696147,     526.207209,    1014.776587,     528.368771
6740,   8.617000,    1012.612700,     526.164472,    1014.748216,     528.318286
6741,   8.618000,    1012.527823,     526.122987,    1014.718533,     528.267205
6742,   8.619000,    1012.441397,     526.082873,    1014.687896,     528.215826
6743,   8.620000,    1012.353659,     526.044130,    1014.655948,     528.163970
6744,   8.621000,    1012.264609,     526.006818,    1014.622927,     528.111815
6745,   8.622000,    1012.174249,     525.970936,    1014.588594,     528.059363
6746,   8.623000,    1012.082458,     525.936663,    1014.553070,     528.006613
6747,   8.624000,    1011.989474,     525.903940,    1014.516354,     527.953506
6748,   8.625000,    1011.895299,     525.872886,    1014.478564,     527.900219
6749,   8.626000,    1011.799812,     525.843501,    1014.439583,     527.846634
6750,   8.627000,    1011.703134,     525.815845,    1014.399409,     527.792931
6751,   8.628000,    1011.605382,     525.790036,    1014.358044,     527.739048
6752,   8.629000,    1011.506557,     525.766015,    1014.315367,     527.685046
6753,   8.630000,    1011.406541,     525.743902,    1014.271736,     527.630985
6754,   8.631000,    1011.305571,     525.723755,    1014.226675,     527.576923
6755,   8.632000,    1011.203647,     525.705576,    1014.180541,     527.522743
6756,   8.633000,    1011.100650,     525.689423,    1014.132977,     527.468681
6757,   8.634000,    1010.996938,     525.675356,    1014.084101,     527.414739
6758,   8.635000,    1010.892272,     525.663376,    1014.033914,     527.360797
6759,   8.636000,    1010.786891,     525.653601,    1013.982296,     527.307034
6760,   8.637000,    1010.680676,     525.645971,    1013.929367,     527.253628
6761,   8.638000,    1010.573864,     525.640607,    1013.875008,     527.200401
6762,   8.639000,    1010.466456,     525.637567,    1013.819337,     527.147472
6763,   8.640000,    1010.358334,     525.636792,    1013.762116,     527.094722
6764,   8.641000,    1010.249853,     525.638342,    1013.703465,     527.042508
6765,   8.642000,    1010.140777,     525.642335,    1013.643384,     526.990712
6766,   8.643000,    1010.031343,     525.648713,    1013.581872,     526.939452
6767,   8.644000,    1009.921670,     525.657535,    1013.518810,     526.888669
6768,   8.645000,    1009.811640,     525.668800,    1013.454318,     526.838541
6769,   8.646000,    1009.701371,     525.682569,    1013.388395,     526.788950
6770,   8.647000,    1009.591103,     525.698900,    1013.320923,     526.740015
6771,   8.648000,    1009.480715,     525.717735,    1013.252020,     526.691854
6772,   8.649000,    1009.370208,     525.739133,    1013.181686,     526.644468
6773,   8.650000,    1009.259939,     525.763094,    1013.109922,     526.597917
6774,   8.651000,    1009.149671,     525.789678,    1013.036728,     526.552200
6775,   8.652000,    1009.039760,     525.818884,    1012.962222,     526.507318
6776,   8.653000,    1008.929968,     525.850654,    1012.886286,     526.463389
6777,   8.654000,    1008.820653,     525.885105,    1012.808800,     526.420414
6778,   8.655000,    1008.711696,     525.922179,    1012.730002,     526.378512
6779,   8.656000,    1008.603334,     525.961876,    1012.649894,     526.337922
6780,   8.657000,    1008.495450,     526.004195,    1012.568474,     526.298463
6781,   8.658000,    1008.388281,     526.049197,    1012.485623,     526.260197
6782,   8.659000,    1008.281827,     526.096821,    1012.401581,     526.223123
6783,   8.660000,    1008.176208,     526.147127,    1012.316346,     526.187360
6784,   8.661000,    1008.071423,     526.199996,    1012.230039,     526.153147
6785,   8.662000,    1007.967591,     526.255488,    1012.142301,     526.120245
6786,   8.663000,    1007.864833,     526.313603,    1012.053490,     526.088953
6787,   8.664000,    1007.763147,     526.374280,    1011.963487,     526.059210
6788,   8.665000,    1007.662654,     526.437581,    1011.872411,     526.030958
6789,   8.666000,    1007.563472,     526.503384,    1011.780381,     526.004374
6790,   8.667000,    1007.465601,     526.571751,    1011.687160,     525.979459
6791,   8.668000,    1007.369161,     526.642561,    1011.592865,     525.956273
6792,   8.669000,    1007.274151,     526.715875,    1011.497617,     525.934815
6793,   8.670000,    1007.180691,     526.791632,    1011.401534,     525.915027
6794,   8.671000,    1007.089019,     526.869833,    1011.304498,     525.897086
6795,   8.672000,    1006.998897,     526.950359,    1011.206508,     525.881052
6796,   8.673000,    1006.910682,     527.033269,    1011.107802,     525.866807
6797,   8.674000,    1006.824136,     527.118444,    1011.008382,     525.854528
6798,   8.675000,    1006.739736,     527.205884,    1010.908008,     525.844336
6799,   8.676000,    1006.657124,     527.295530,    1010.806799,     525.836051
6800,   8.677000,    1006.576657,     527.387381,    1010.704994,     525.829852
6801,   8.678000,    1006.498337,     527.481318,    1010.602593,     525.825739
6802,   8.679000,    1006.422162,     527.577281,    1010.499716,     525.823712
6803,   8.680000,    1006.348252,     527.675271,    1010.396242,     525.823891
6804,   8.681000,    1006.276608,     527.775228,    1010.292411,     525.826037
6805,   8.682000,    1006.207466,     527.877092,    1010.188222,     525.830150
6806,   8.683000,    1006.140590,     527.980745,    1010.083795,     525.836170
6807,   8.684000,    1006.076336,     528.086185,    1009.978890,     525.844276
6808,   8.685000,    1006.014585,     528.193355,    1009.873867,     525.854647
6809,   8.686000,    1005.955338,     528.302133,    1009.768724,     525.867283
6810,   8.687000,    1005.898833,     528.412521,    1009.663463,     525.882483
6811,   8.688000,    1005.844951,     528.524399,    1009.558082,     525.900066
6812,   8.689000,    1005.793929,     528.637707,    1009.452939,     525.920272
6813,   8.690000,    1005.745530,     528.752327,    1009.347677,     525.943041
6814,   8.691000,    1005.700111,     528.868258,    1009.242535,     525.968313
6815,   8.692000,    1005.657434,     528.985441,    1009.137511,     525.996149
6816,   8.693000,    1005.617738,     529.103696,    1009.032845,     526.026666
6817,   8.694000,    1005.580902,     529.223025,    1008.928657,     526.059926
6818,   8.695000,    1005.547047,     529.343307,    1008.824944,     526.095927
6819,   8.696000,    1005.516291,     529.464483,    1008.721828,     526.134551
6820,   8.697000,    1005.488396,     529.586494,    1008.619547,     526.175976
6821,   8.698000,    1005.463719,     529.709220,    1008.517861,     526.220024
6822,   8.699000,    1005.442023,     529.832542,    1008.416891,     526.266456
6823,   8.700000,    1005.423427,     529.956460,    1008.316636,     526.315391
6824,   8.701000,    1005.407929,     530.080855,    1008.217216,     526.366591
6825,   8.702000,    1005.395532,     530.205607,    1008.118629,     526.420176
6826,   8.703000,    1005.386233,     530.330658,    1008.020878,     526.475966
6827,   8.704000,    1005.380154,     530.455947,    1007.923961,     526.534140
6828,   8.705000,    1005.377173,     530.581355,    1007.828236,     526.594639
6829,   8.706000,    1005.377412,     530.706763,    1007.733941,     526.657283
6830,   8.707000,    1005.380750,     530.832171,    1007.640958,     526.722252
6831,   8.708000,    1005.387187,     530.957401,    1007.549047,     526.789546
6832,   8.709000,    1005.396843,     531.082451,    1007.458091,     526.859045
6833,   8.710000,    1005.409479,     531.207144,    1007.368326,     526.930809
6834,   8.711000,    1005.425334,     531.331480,    1007.280350,     527.004778
6835,   8.712000,    1005.444407,     531.455338,    1007.194281,     527.080834
6836,   8.713000,    1005.466342,     531.578660,    1007.110119,     527.159095
6837,   8.714000,    1005.491495,     531.701267,    1007.027864,     527.239442
6838,   8.715000,    1005.519629,     531.823158,    1006.947279,     527.322114
6839,   8.716000,    1005.550861,     531.944275,    1006.868482,     527.406931
6840,   8.717000,    1005.585074,     532.064438,    1006.791949,     527.493656
6841,   8.718000,    1005.622149,     532.183647,    1006.717324,     527.582467
6842,   8.719000,    1005.662203,     532.301784,    1006.644845,     527.673185
6843,   8.720000,    1005.705237,     532.418787,    1006.574750,     527.765930
6844,   8.721000,    1005.751014,     532.534599,    1006.506562,     527.860403
6845,   8.722000,    1005.799770,     532.649100,    1006.440759,     527.956545
6846,   8.723000,    1005.851150,     532.762229,    1006.377339,     528.054476
6847,   8.724000,    1005.905271,     532.873929,    1006.316185,     528.153896
6848,   8.725000,    1005.962133,     532.984078,    1006.257176,     528.254986
6849,   8.726000,    1006.021619,     533.092678,    1006.200552,     528.357387
6850,   8.727000,    1006.083727,     533.199668,    1006.146312,     528.461218
6851,   8.728000,    1006.148338,     533.304930,    1006.094575,     528.566420
6852,   8.729000,    1006.215334,     533.408403,    1006.045341,     528.672993
6853,   8.730000,    1006.284952,     533.510029,    1005.998611,     528.780878
6854,   8.731000,    1006.356716,     533.609748,    1005.954504,     528.890014
6855,   8.732000,    1006.430984,     533.707500,    1005.912900,     529.000282
6856,   8.733000,    1006.507397,     533.803225,    1005.873919,     529.111624
6857,   8.734000,    1006.585956,     533.896923,    1005.837679,     529.224038
6858,   8.735000,    1006.666660,     533.988476,    1005.804181,     529.337406
6859,   8.736000,    1006.749392,     534.077883,    1005.773544,     529.451668
6860,   8.737000,    1006.834149,     534.165084,    1005.745649,     529.566705
6861,   8.738000,    1006.920815,     534.250021,    1005.720854,     529.682457
6862,   8.739000,    1007.009268,     534.332633,    1005.698919,     529.798746
6863,   8.740000,    1007.099628,     534.412920,    1005.679846,     529.915690
6864,   8.741000,    1007.191539,     534.490764,    1005.663753,     530.033171
6865,   8.742000,    1007.285118,     534.566283,    1005.650520,     530.150831
6866,   8.743000,    1007.380247,     534.639299,    1005.640388,     530.268729
6867,   8.744000,    1007.476926,     534.709871,    1005.632997,     530.386865
6868,   8.745000,    1007.574916,     534.777880,    1005.628467,     530.505121
6869,   8.746000,    1007.674336,     534.843445,    1005.626917,     530.623674
6870,   8.747000,    1007.774949,     534.906387,    1005.628228,     530.742228
6871,   8.748000,    1007.876754,     534.966767,    1005.631924,     530.860603
6872,   8.749000,    1007.979631,     535.024583,    1005.638003,     530.978978
6873,   8.750000,    1008.083582,     535.079777,    1005.646706,     531.097114
6874,   8.751000,    1008.188486,     535.132349,    1005.658150,     531.215072
6875,   8.752000,    1008.294225,     535.182357,    1005.672574,     531.332731
6876,   8.753000,    1008.400679,     535.229623,    1005.690098,     531.449795
6877,   8.754000,    1008.507967,     535.274327,    1005.710840,     531.566203
6878,   8.755000,    1008.615851,     535.316348,    1005.734682,     531.681895
6879,   8.756000,    1008.724451,     535.355747,    1005.761504,     531.796813
6880,   8.757000,    1008.833408,     535.392523,    1005.791187,     531.910956
6881,   8.758000,    1008.942723,     535.426676,    1005.823493,     532.024443
6882,   8.759000,    1009.052515,     535.458148,    1005.858421,     532.136858
6883,   8.760000,    1009.162545,     535.487056,    1005.896211,     532.248318
6884,   8.761000,    1009.272814,     535.513282,    1005.936623,     532.358885
6885,   8.762000,    1009.383082,     535.537004,    1005.980253,     532.468200
6886,   8.763000,    1009.493589,     535.558105,    1006.026983,     532.576501
6887,   8.764000,    1009.603977,     535.576642,    1006.076694,     532.683432
6888,   8.765000,    1009.714246,     535.592616,    1006.129265,     532.788873
6889,   8.766000,    1009.824514,     535.606146,    1006.184578,     532.892883
6890,   8.767000,    1009.934425,     535.617113,    1006.242275,     532.995403
6891,   8.768000,    1010.044217,     535.625637,    1006.302357,     533.096492
6892,   8.769000,    1010.153532,     535.631776,    1006.364703,     533.195913
6893,   8.770000,    1010.262489,     535.635412,    1006.429553,     533.293664
6894,   8.771000,    1010.370970,     535.636723,    1006.496429,     533.389688
6895,   8.772000,    1010.478973,     535.635710,    1006.565452,     533.483863
6896,   8.773000,    1010.586381,     535.632372,    1006.636500,     533.576310
6897,   8.774000,    1010.693073,     535.626709,    1006.709695,     533.666909
6898,   8.775000,    1010.799170,     535.618901,    1006.784558,     533.755541
6899,   8.776000,    1010.904551,     535.608828,    1006.861329,     533.842266
6900,   8.777000,    1011.009097,     535.596609,    1006.939769,     533.927083
6901,   8.778000,    1011.112809,     535.582304,    1007.019639,     534.009874
6902,   8.779000,    1011.215568,     535.565913,    1007.101297,     534.090579
6903,   8.780000,    1011.317372,     535.547495,    1007.184744,     534.169197
6904,   8.781000,    1011.418223,     535.527110,    1007.269740,     534.245610
6905,   8.782000,    1011.518121,     535.504758,    1007.356405,     534.319878
6906,   8.783000,    1011.616826,     535.480559,    1007.444501,     534.391940
6907,   8.784000,    1011.714458,     535.454512,    1007.534146,     534.461558
6908,   8.785000,    1011.811018,     535.426676,    1007.625341,     534.528971
6909,   8.786000,    1011.906385,     535.397053,    1007.717729,     534.593880
6910,   8.787000,    1012.000442,     535.365820,    1007.811546,     534.656584
6911,   8.788000,    1012.093306,     535.332918,    1007.906437,     534.716785
6912,   8.789000,    1012.184858,     535.298407,    1008.002758,     534.774661
6913,   8.790000,    1012.275100,     535.262406,    1008.100152,     534.830153
6914,   8.791000,    1012.364030,     535.224915,    1008.198619,     534.883142
6915,   8.792000,    1012.451530,     535.185993,    1008.298159,     534.933805
6916,   8.793000,    1012.537718,     535.145700,    1008.398414,     534.982085
6917,   8.794000,    1012.622476,     535.104096,    1008.499622,     535.027981
6918,   8.795000,    1012.705803,     535.061240,    1008.601308,     535.071492
6919,   8.796000,    1012.787700,     535.017133,    1008.703470,     535.112500
6920,   8.797000,    1012.868166,     534.971893,    1008.806348,     535.151124
6921,   8.798000,    1012.947083,     534.925580,    1008.909464,     535.187244
6922,   8.799000,    1013.024569,     534.878194,    1009.013057,     535.221040
6923,   8.800000,    1013.100505,     534.829795,    1009.116769,     535.252213
6924,   8.801000,    1013.175011,     534.780502,    1009.220958,     535.281122
6925,   8.802000,    1013.247848,     534.730315,    1009.325266,     535.307467
6926,   8.803000,    1013.319254,     534.679294,    1009.429574,     535.331428
6927,   8.804000,    1013.389230,     534.627497,    1009.534001,     535.353065
6928,   8.805000,    1013.457537,     534.574986,    1009.638429,     535.372317
6929,   8.806000,    1013.524294,     534.521818,    1009.742856,     535.389245
6930,   8.807000,    1013.589621,     534.467995,    1009.847283,     535.403728
6931,   8.808000,    1013.653278,     534.413636,    1009.951591,     535.415947
6932,   8.809000,    1013.715506,     534.358740,    1010.055542,     535.425901
6933,   8.810000,    1013.776183,     534.303427,    1010.159373,     535.433531
6934,   8.811000,    1013.835430,     534.247637,    1010.262966,     535.438955
6935,   8.812000,    1013.893008,     534.191549,    1010.366201,     535.442173
6936,   8.813000,    1013.949156,     534.135103,    1010.468960,     535.443187
6937,   8.814000,    1014.003873,     534.078419,    1010.571122,     535.442114
6938,   8.815000,    1014.057040,     534.021556,    1010.672688,     535.439134
6939,   8.816000,    1014.108658,     533.964455,    1010.773540,     535.434365
6940,   8.817000,    1014.158845,     533.907294,    1010.874033,     535.427988
6941,   8.818000,    1014.207602,     533.850014,    1010.973930,     535.419524
6942,   8.819000,    1014.254928,     533.792734,    1011.072993,     535.409033
6943,   8.820000,    1014.300942,     533.735454,    1011.171341,     535.396516
6944,   8.821000,    1014.345407,     533.678234,    1011.268854,     535.381973
6945,   8.822000,    1014.388561,     533.621132,    1011.365652,     535.365403
6946,   8.823000,    1014.430285,     533.564150,    1011.461735,     535.346866
6947,   8.824000,    1014.470696,     533.507407,    1011.556983,     535.326421
6948,   8.825000,    1014.509797,     533.450842,    1011.651516,     535.304189
6949,   8.826000,    1014.547586,     533.394575,    1011.744738,     535.280049
6950,   8.827000,    1014.584064,     533.338547,    1011.836529,     535.254121
6951,   8.828000,    1014.619231,     533.282936,    1011.927128,     535.226345
6952,   8.829000,    1014.653206,     533.227682,    1012.016892,     535.196781
6953,   8.830000,    1014.685988,     533.172846,    1012.105584,     535.165548
6954,   8.831000,    1014.717579,     533.118427,    1012.193441,     535.132766
6955,   8.832000,    1014.747858,     533.064544,    1012.279868,     535.098493
6956,   8.833000,    1014.777184,     533.011138,    1012.364864,     535.062850
6957,   8.834000,    1014.805317,     532.958210,    1012.448549,     535.025954
6958,   8.835000,    1014.832377,     532.905877,    1012.531042,     534.987807
6959,   8.836000,    1014.858365,     532.854080,    1012.612104,     534.948468
6960,   8.837000,    1014.883280,     532.802820,    1012.691975,     534.908056
6961,   8.838000,    1014.907360,     532.752156,    1012.770414,     534.866512
6962,   8.839000,    1014.930367,     532.702088,    1012.847424,     534.823835
6963,   8.840000,    1014.952540,     532.652617,    1012.923121,     534.780324
6964,   8.841000,    1014.973760,     532.603800,    1012.997508,     534.735799
6965,   8.842000,    1014.994025,     532.555580,    1013.070345,     534.690440
6966,   8.843000,    1015.013576,     532.507956,    1013.141751,     534.644306
6967,   8.844000,    1015.032172,     532.461047,    1013.211727,     534.597337
6968,   8.845000,    1015.050054,     532.414734,    1013.280034,     534.549713
6969,   8.846000,    1015.067220,     532.369077,    1013.347149,     534.501433
6970,   8.847000,    1015.083551,     532.324135,    1013.412714,     534.452498
6971,   8.848000,    1015.099168,     532.279789,    1013.477087,     534.403026
6972,   8.849000,    1015.114188,     532.236159,    1013.539910,     534.352899
6973,   8.850000,    1015.128493,     532.193244,    1013.601303,     534.302294
6974,   8.851000,    1015.142083,     532.150924,    1013.661265,     534.251213
6975,   8.852000,    1015.155077,     532.109380,    1013.719916,     534.199536
6976,   8.853000,    1015.167475,     532.068431,    1013.777256,     534.147382
6977,   8.854000,    1015.179396,     532.028198,    1013.833284,     534.094930
6978,   8.855000,    1015.190601,     531.988680,    1013.887882,     534.042060
6979,   8.856000,    1015.201330,     531.949818,    1013.941169,     533.988893
6980,   8.857000,    1015.211582,     531.911671,    1013.993144,     533.935547
6981,   8.858000,    1015.221357,     531.874180,    1014.043927,     533.882022
6982,   8.859000,    1015.230536,     531.837404,    1014.093399,     533.828437
6983,   8.860000,    1015.239358,     531.801283,    1014.141440,     533.774793
6984,   8.861000,    1015.247703,     531.765878,    1014.188170,     533.721268
6985,   8.862000,    1015.255690,     531.731129,    1014.233589,     533.667743
6986,   8.863000,    1015.263200,     531.697094,    1014.277458,     533.614159
6987,   8.864000,    1015.270233,     531.663716,    1014.320374,     533.560693
6988,   8.865000,    1015.277028,     531.630993,    1014.361739,     533.507347
6989,   8.866000,    1015.283465,     531.598926,    1014.401913,     533.454061
6990,   8.867000,    1015.289426,     531.567574,    1014.440775,     533.401132
6991,   8.868000,    1015.295148,     531.536818,    1014.478445,     533.348262
6992,   8.869000,    1015.300632,     531.506777,    1014.514923,     533.295691
6993,   8.870000,    1015.305758,     531.477332,    1014.550209,     533.243179
6994,   8.871000,    1015.310526,     531.448603,    1014.584422,     533.191025
6995,   8.872000,    1015.315056,     531.420469,    1014.617443,     533.139169
6996,   8.873000,    1015.319347,     531.392992,    1014.649391,     533.087611
6997,   8.874000,    1015.323400,     531.366110,    1014.680266,     533.036470
6998,   8.875000,    1015.327215,     531.339884,    1014.710069,     532.985747
6999,   8.876000,    1015.330791,     531.314194,    1014.739037,     532.935441
7000,   8.877000,    1015.334129,     531.289160,    1014.766932,     532.885551
7001,   8.878000,    1015.337229,     531.264603,    1014.793992,     532.836199
7002,   8.879000,    1015.340209,     531.240642,    1014.820099,     532.787263
7003,   8.880000,    1015.342951,     531.217217,    1014.845252,     532.738924
7004,   8.881000,    1015.345573,     531.194329,    1014.869571,     532.691002
7005,   8.882000,    1015.347958,     531.171918,    1014.893055,     532.643676
7006,   8.883000,    1015.350223,     531.150043,    1014.915586,     532.596886
7007,   8.884000,    1015.352368,     531.128585,    1014.937282,     532.550573
7008,   8.885000,    1015.354395,     531.107664,    1014.958024,     532.504857
7009,   8.886000,    1015.356183,     531.087160,    1014.978051,     532.459676
7010,   8.887000,    1015.357852,     531.067073,    1014.997125,     532.415032
7011,   8.888000,    1015.359521,     531.047404,    1015.015483,     532.371104
7012,   8.889000,    1015.360951,     531.028152,    1015.033126,     532.327652
7013,   8.890000,    1015.362382,     531.009257,    1015.049815,     532.284856
7014,   8.891000,    1015.363574,     530.990779,    1015.065908,     532.242596
7015,   8.892000,    1015.364766,     530.972660,    1015.081167,     532.200992
7016,   8.893000,    1015.365839,     530.954897,    1015.095949,     532.159984
7017,   8.894000,    1015.366912,     530.937433,    1015.110016,     532.119632
7018,   8.895000,    1015.367746,     530.920267,    1015.123606,     532.079816
7019,   8.896000,    1015.368700,     530.903399,    1015.136480,     532.040775
7020,   8.897000,    1015.369415,     530.886829,    1015.148997,     532.002330
7021,   8.898000,    1015.370131,     530.870497,    1015.160799,     531.964540
7022,   8.899000,    1015.370727,     530.854464,    1015.172005,     531.927347
7023,   8.900000,    1015.371323,     530.838609,    1015.182614,     531.890810
7024,   8.901000,    1015.371919,     530.822992,    1015.192747,     531.854928
7025,   8.902000,    1015.372396,     530.807614,    1015.202522,     531.819701
7026,   8.903000,    1015.372872,     530.792356,    1015.211701,     531.785071
7027,   8.904000,    1015.373230,     530.777335,    1015.220523,     531.750917
7028,   8.905000,    1015.373588,     530.762434,    1015.228868,     531.717479
7029,   8.906000,    1015.373826,     530.747652,    1015.236735,     531.684637
7030,   8.907000,    1015.374064,     530.732989,    1015.244365,     531.652391
7031,   8.908000,    1015.374303,     530.718505,    1015.251637,     531.620741
7032,   8.909000,    1015.374541,     530.704021,    1015.258670,     531.589746
7033,   8.910000,    1015.374660,     530.689657,    1015.265346,     531.559348
7034,   8.911000,    1015.374780,     530.675352,    1015.271664,     531.529486
7035,   8.912000,    1015.374780,     530.661106,    1015.277743,     531.500220
7036,   8.913000,    1015.374899,     530.646861,    1015.283585,     531.471550
7037,   8.914000,    1015.374899,     530.632615,    1015.289068,     531.443477
7038,   8.915000,    1015.374899,     530.618429,    1015.294194,     531.415939
7039,   8.916000,    1015.374780,     530.604184,    1015.299082,     531.389058
7040,   8.917000,    1015.374660,     530.589938,    1015.303731,     531.362712
7041,   8.918000,    1015.374541,     530.575752,    1015.308142,     531.337023
7042,   8.919000,    1015.374422,     530.561507,    1015.312433,     531.311750
7043,   8.920000,    1015.374184,     530.547321,    1015.316606,     531.286955
7044,   8.921000,    1015.373945,     530.533075,    1015.320539,     531.262755
7045,   8.922000,    1015.373707,     530.518830,    1015.324235,     531.238914
7046,   8.923000,    1015.373468,     530.504644,    1015.327930,     531.215549
7047,   8.924000,    1015.373111,     530.490398,    1015.331388,     531.192660
7048,   8.925000,    1015.372753,     530.476213,    1015.334487,     531.170189
7049,   8.926000,    1015.372276,     530.461967,    1015.337467,     531.148136
7050,   8.927000,    1015.371919,     530.447781,    1015.340328,     531.126499
7051,   8.928000,    1015.371442,     530.433536,    1015.343070,     531.105280
7052,   8.929000,    1015.370846,     530.419350,    1015.345454,     531.084418
7053,   8.930000,    1015.370369,     530.405104,    1015.347719,     531.063974
7054,   8.931000,    1015.369773,     530.390918,    1015.349746,     531.043887
7055,   8.932000,    1015.369058,     530.376673,    1015.351772,     531.024218
7056,   8.933000,    1015.368462,     530.362487,    1015.353441,     531.004906
7057,   8.934000,    1015.367746,     530.348301,    1015.355110,     530.986011
7058,   8.935000,    1015.366912,     530.334055,    1015.356660,     530.967295
7059,   8.936000,    1015.366197,     530.319870,    1015.357971,     530.948997
7060,   8.937000,    1015.365243,     530.305684,    1015.359402,     530.930996
7061,   8.938000,    1015.364408,     530.291498,    1015.360475,     530.913234
7062,   8.939000,    1015.363455,     530.277252,    1015.361547,     530.895710
7063,   8.940000,    1015.362501,     530.263066,    1015.362620,     530.878425
7064,   8.941000,    1015.361428,     530.248880,    1015.363574,     530.861378
7065,   8.942000,    1015.360355,     530.234694,    1015.364289,     530.844510
7066,   8.943000,    1015.359282,     530.220509,    1015.365124,     530.827880
7067,   8.944000,    1015.358090,     530.206382,    1015.365839,     530.811369
7068,   8.945000,    1015.356898,     530.192196,    1015.366554,     530.795038
7069,   8.946000,    1015.355706,     530.178010,    1015.367270,     530.778885
7070,   8.947000,    1015.354395,     530.163825,    1015.367746,     530.762911
7071,   8.948000,    1015.353084,     530.149698,    1015.368223,     530.747116
7072,   8.949000,    1015.351653,     530.135512,    1015.368700,     530.731380
7073,   8.950000,    1015.350223,     530.121386,    1015.369177,     530.715942
7074,   8.951000,    1015.348792,     530.107200,    1015.369534,     530.700624
7075,   8.952000,    1015.347242,     530.093074,    1015.369773,     530.685365
7076,   8.953000,    1015.345693,     530.078948,    1015.370131,     530.670166
7077,   8.954000,    1015.344024,     530.064821,    1015.370250,     530.655205
7078,   8.955000,    1015.342355,     530.050635,    1015.370369,     530.640244
7079,   8.956000,    1015.340686,     530.036509,    1015.370369,     530.625284
7080,   8.957000,    1015.339017,     530.022383,    1015.370369,     530.610502
7081,   8.958000,    1015.337229,     530.008316,    1015.370369,     530.595720
7082,   8.959000,    1015.335441,     529.994249,    1015.370369,     530.580938
7083,   8.960000,    1015.333533,     529.980183,    1015.370369,     530.566156
7084,   8.961000,    1015.331745,     529.966176,    1015.370250,     530.551493
7085,   8.962000,    1015.329838,     529.952168,    1015.370250,     530.536771
7086,   8.963000,    1015.327811,     529.938281,    1015.370131,     530.522108
7087,   8.964000,    1015.325904,     529.924393,    1015.370131,     530.507565
7088,   8.965000,    1015.323877,     529.910624,    1015.370011,     530.492961
7089,   8.966000,    1015.321851,     529.896915,    1015.369892,     530.478537
7090,   8.967000,    1015.319824,     529.883265,    1015.369654,     530.464053
7091,   8.968000,    1015.317678,     529.869735,    1015.369534,     530.449629
7092,   8.969000,    1015.315652,     529.856324,    1015.369415,     530.435205
7093,   8.970000,    1015.313506,     529.843032,    1015.369177,     530.420959
7094,   8.971000,    1015.311360,     529.829800,    1015.368938,     530.406654
7095,   8.972000,    1015.309215,     529.816747,    1015.368581,     530.392289
7096,   8.973000,    1015.307069,     529.803813,    1015.368104,     530.377984
7097,   8.974000,    1015.304804,     529.790998,    1015.367746,     530.363739
7098,   8.975000,    1015.302658,     529.778361,    1015.367031,     530.349433
7099,   8.976000,    1015.300393,     529.765844,    1015.366435,     530.335069
7100,   8.977000,    1015.298247,     529.753506,    1015.365839,     530.320704
7101,   8.978000,    1015.296102,     529.741347,    1015.365124,     530.306399
7102,   8.979000,    1015.293837,     529.729366,    1015.364408,     530.292034
7103,   8.980000,    1015.291691,     529.717565,    1015.363455,     530.277729
7104,   8.981000,    1015.289545,     529.706001,    1015.362501,     530.263424
7105,   8.982000,    1015.287280,     529.694557,    1015.361547,     530.249119
7106,   8.983000,    1015.285134,     529.683411,    1015.360594,     530.234814
7107,   8.984000,    1015.282989,     529.672444,    1015.359640,     530.220628
7108,   8.985000,    1015.280843,     529.661655,    1015.358567,     530.206382
7109,   8.986000,    1015.278816,     529.651165,    1015.357375,     530.192196
7110,   8.987000,    1015.276670,     529.640913,    1015.356064,     530.178070
7111,   8.988000,    1015.274644,     529.630899,    1015.354633,     530.163944
7112,   8.989000,    1015.272617,     529.621124,    1015.353084,     530.149877
7113,   8.990000,    1015.270710,     529.611588,    1015.351653,     530.135751
7114,   8.991000,    1015.268683,     529.602408,    1015.350223,     530.121684
7115,   8.992000,    1015.266776,     529.593408,    1015.348792,     530.107737
7116,   8.993000,    1015.264988,     529.584765,    1015.347242,     530.093670
7117,   8.994000,    1015.263200,     529.576361,    1015.345812,     530.079722
7118,   8.995000,    1015.261412,     529.568315,    1015.344381,     530.065715
7119,   8.996000,    1015.259743,     529.560566,    1015.342951,     530.051768
7120,   8.997000,    1015.258074,     529.553115,    1015.341520,     530.037820
7121,   8.998000,    1015.256405,     529.545963,    1015.340209,     530.023932
7122,   8.999000,    1015.254974,     529.539168,    1015.338659,     530.010104
7123,   9.000000,    1015.253425,     529.532731,    1015.337110,     529.996395
7124,   9.001000,    1015.252113,     529.526532,    1015.335321,     529.982746
7125,   9.002000,    1015.250683,     529.520690,    1015.333533,     529.969096
7126,   9.003000,    1015.249491,     529.515147,    1015.331626,     529.955626
7127,   9.004000,    1015.248299,     529.509902,    1015.329599,     529.942274
7128,   9.005000,    1015.247107,     529.504895,    1015.327573,     529.928863
7129,   9.006000,    1015.246034,     529.500246,    1015.325546,     529.915631
7130,   9.007000,    1015.244961,     529.495776,    1015.323400,     529.902518
7131,   9.008000,    1015.244007,     529.491603,    1015.321255,     529.889464
7132,   9.009000,    1015.243053,     529.487729,    1015.318990,     529.876471
7133,   9.010000,    1015.242219,     529.484034,    1015.316725,     529.863715
7134,   9.011000,    1015.241385,     529.480577,    1015.314579,     529.850900
7135,   9.012000,    1015.240669,     529.477358,    1015.312314,     529.838264
7136,   9.013000,    1015.239954,     529.474378,    1015.310168,     529.825747
7137,   9.014000,    1015.239239,     529.471636,    1015.308022,     529.813409
7138,   9.015000,    1015.238643,     529.469013,    1015.305877,     529.801190
7139,   9.016000,    1015.238047,     529.466629,    1015.303731,     529.789150
7140,   9.017000,    1015.237570,     529.464483,    1015.301824,     529.777169
7141,   9.018000,    1015.236974,     529.462457,    1015.299678,     529.765427
7142,   9.019000,    1015.236616,     529.460609,    1015.297771,     529.753864
7143,   9.020000,    1015.236139,     529.458940,    1015.295863,     529.742420
7144,   9.021000,    1015.235782,     529.457450,    1015.293837,     529.731274
7145,   9.022000,    1015.235543,     529.456079,    1015.291929,     529.720247
7146,   9.023000,    1015.235186,     529.454827,    1015.290022,     529.709518
7147,   9.024000,    1015.234947,     529.453754,    1015.288234,     529.698968
7148,   9.025000,    1015.234709,     529.452801,    1015.286326,     529.688537
7149,   9.026000,    1015.234470,     529.451966,    1015.284538,     529.678464
7150,   9.027000,    1015.234351,     529.451251,    1015.282512,     529.668510
7151,   9.028000,    1015.234113,     529.450595,    1015.280724,     529.658914
7152,   9.029000,    1015.233994,     529.450059,    1015.278816,     529.649436
7153,   9.030000,    1015.233874,     529.449642,    1015.276909,     529.640198
7154,   9.031000,    1015.233874,     529.449224,    1015.275002,     529.631197
7155,   9.032000,    1015.233755,     529.448926,    1015.273094,     529.622495
7156,   9.033000,    1015.233636,     529.448748,    1015.271187,     529.614031
7157,   9.034000,    1015.233636,     529.448569,    1015.269399,     529.605746
7158,   9.035000,    1015.233636,     529.448390,    1015.267611,     529.597759
7159,   9.036000,    1015.233636,     529.448330,    1015.265822,     529.590011
7160,   9.037000,    1015.233636,     529.448271,    1015.264034,     529.582500
7161,   9.038000,    1015.233517,     529.448271,    1015.262365,     529.575288
7162,   9.039000,    1015.233517,     529.448211,    1015.260696,     529.568374
7163,   9.040000,    1015.233517,     529.448211,    1015.259147,     529.561579
7164,   9.041000,    1015.233517,     529.448211,    1015.257597,     529.555202
7165,   9.042000,    1015.233517,     529.448211,    1015.256166,     529.548943
7166,   9.043000,    1015.233517,     529.448211,    1015.254736,     529.542983
7167,   9.044000,    1015.233517,     529.448211,    1015.253305,     529.537201
7168,   9.045000,    1015.233517,     529.448211,    1015.252113,     529.531777
7169,   9.046000,    1015.233517,     529.448211,    1015.250921,     529.526591
7170,   9.047000,    1015.233517,     529.448211,    1015.249729,     529.521585
7171,   9.048000,    1015.233517,     529.448211,    1015.248656,     529.516757
7172,   9.049000,    1015.233517,     529.448211,    1015.247703,     529.512227
7173,   9.050000,    1015.233517,     529.448211,    1015.246749,     529.507935
7174,   9.051000,    1015.233517,     529.448211,    1015.245914,     529.503822
7175,   9.052000,    1015.233517,     529.448211,    1015.245080,     529.500008
7176,   9.053000,    1015.233517,     529.448211,    1015.244365,     529.496372
7177,   9.054000,    1015.233517,     529.448211,    1015.243769,     529.492915
7178,   9.055000,    1015.233517,     529.448211,    1015.243053,     529.489636
7179,   9.056000,    1015.233517,     529.448211,    1015.242457,     529.486477
7180,   9.057000,    1015.233517,     529.448211,    1015.241861,     529.483616
7181,   9.058000,    1015.233517,     529.448211,    1015.241265,     529.480934
7182,   9.059000,    1015.233517,     529.448211,    1015.240788,     529.478371
7183,   9.060000,    1015.233517,     529.448211,    1015.240312,     529.475987
7184,   9.061000,    1015.233517,     529.448211,    1015.239835,     529.473782
7185,   9.062000,    1015.233517,     529.448211,    1015.239239,     529.471636
7186,   9.063000,    1015.233517,     529.448211,    1015.238762,     529.469728
7187,   9.064000,    1015.233517,     529.448211,    1015.238285,     529.467940
7188,   9.065000,    1015.233517,     529.448211,    1015.237927,     529.466212
7189,   9.066000,    1015.233517,     529.448211,    1015.237570,     529.464662
7190,   9.067000,    1015.233517,     529.448211,    1015.237212,     529.463232
7191,   9.068000,    1015.233517,     529.448211,    1015.236855,     529.461861
7192,   9.069000,    1015.233517,     529.448211,    1015.236616,     529.460669
7193,   9.070000,    1015.233517,     529.448211,    1015.236378,     529.459536
7194,   9.071000,    1015.233517,     529.448211,    1015.236020,     529.458463
7195,   9.072000,    1015.233517,     529.448211,    1015.235901,     529.457569
7196,   9.073000,    1015.233517,     529.448211,    1015.235662,     529.456735
7197,   9.074000,    1015.233517,     529.448211,    1015.235424,     529.455960
7198,   9.075000,    1015.233517,     529.448211,    1015.235424,     529.455245
7199,   9.076000,    1015.233517,     529.448211,    1015.235305,     529.454589
7200,   9.077000,    1015.233517,     529.448211,    1015.235186,     529.454052
7201,   9.078000,    1015.233517,     529.448211,    1015.235066,     529.453516
7202,   9.079000,    1015.233517,     529.448211,    1015.234947,     529.453099
7203,   9.080000,    1015.233517,     529.448211,    1015.234947,     529.452682
7204,   9.081000,    1015.233517,     529.448211,    1015.234828,     529.452205
7205,   9.082000,    1015.233517,     529.448211,    1015.234828,     529.451847
7206,   9.083000,    1015.233517,     529.448211,    1015.234709,     529.451430
7207,   9.084000,    1015.233517,     529.448211,    1015.234590,     529.451132
7208,   9.085000,    1015.233517,     529.448211,    1015.234470,     529.450893
7209,   9.086000,    1015.233517,     529.448211,    1015.234470,     529.450655
7210,   9.087000,    1015.233517,     529.448211,    1015.234351,     529.450357
7211,   9.088000,    1015.233517,     529.448211,    1015.234232,     529.450178
7212,   9.089000,    1015.233517,     529.448211,    1015.233994,     529.449999
7213,   9.090000,    1015.233517,     529.448211,    1015.233874,     529.449821
7214,   9.091000,    1015.233517,     529.448211,    1015.233755,     529.449642
7215,   9.092000,    1015.233517,     529.448211,    1015.233636,     529.449522
7216,   9.093000,    1015.233517,     529.448211,    1015.233517,     529.449403
7217,   9.094000,    1015.233517,     529.448211,    1015.233517,     529.449284
7218,   9.095000,    1015.233517,     529.448211,    1015.233397,     529.449224
7219,   9.096000,    1015.233517,     529.448211,    1015.233278,     529.449105
7220,   9.097000,    1015.233517,     529.448211,    1015.233159,     529.449046
7221,   9.098000,    1015.233517,     529.448211,    1015.233159,     529.448926
7222,   9.099000,    1015.233517,     529.448211,    1015.233159,     529.448867
7223,   9.100000,    1015.233517,     529.448211,    1015.233159,     529.448807
7224,   9.101000,    1015.233517,     529.448211,    1015.233159,     529.448748
7225,   9.102000,    1015.233517,     529.448211,    1015.233159,     529.448688
7226,   9.103000,    1015.233517,     529.448211,    1015.233159,     529.448628
7227,   9.104000,    1015.233517,     529.448211,    1015.233159,     529.448569
7228,   9.105000,    1015.233517,     529.448211,    1015.233159,     529.448509
7229,   9.106000,    1015.233517,     529.448211,    1015.233159,     529.448509
7230,   9.107000,    1015.233517,     529.448211,    1015.233159,     529.448450
7231,   9.108000,    1015.233517,     529.448211,    1015.233159,     529.448390
7232,   9.110000,    1015.233517,     529.448211,    1015.233159,     529.448390
7233,   9.111000,    1015.233517,     529.448211,    1015.233159,     529.448330
7234,   9.113000,    1015.233517,     529.448211,    1015.233159,     529.448330
7235,   9.114000,    1015.233517,     529.448211,    1015.233159,     529.448271
7236,   9.115000,    1015.233517,     529.448211,    1015.233159,     529.448211
7237,   9.119000,    1015.233517,     529.448211,    1015.233159,     529.448211
7238,   9.120000,    1015.233517,     529.448211,    1015.233159,     529.448152
7239,   9.121000,    1015.233517,     529.448211,    1015.233278,     529.448152
7240,   9.124000,    1015.233517,     529.448211,    1015.233278,     529.448152
7241,   9.125000,    1015.233517,     529.448211,    1015.233278,     529.448092
7242,   9.126000,    1015.233517,     529.448211,    1015.233278,     529.448092
7243,   9.127000,    1015.233517,     529.448211,    1015.233278,     529.448152
7244,   9.128000,    1015.233517,     529.448211,    1015.233278,     529.448092
7245,   9.150000,    1015.233517,     529.448211,    1015.233278,     529.448092
7246,   9.151000,    1015.233517,     529.448211,    1015.233278,     529.448152
7247,   9.152000,    1015.233517,     529.448211,    1015.233278,     529.448092
7248,   9.153000,    1015.233517,     529.448211,    1015.233278,     529.448152
7249,   9.154000,    1015.233517,     529.448211,    1015.233278,     529.448152
7250,   9.155000,    1015.233517,     529.448211,    1015.233397,     529.448152
7251,   9.178000,    1015.233517,     529.448211,    1015.233397,     529.448152
7252,   9.179000,    1015.233517,     529.448211,    1015.233397,     529.448211
7253,   9.180000,    1015.233517,     529.448211,    1015.233397,     529.448152
7254,   9.181000,    1015.233517,     529.448211,    1015.233397,     529.448152
7255,   9.182000,    1015.233517,     529.448211,    1015.233397,     529.448211
7256,   9.185000,    1015.233517,     529.448211,    1015.233397,     529.448211
7257,   9.186000,    1015.233517,     529.448211,    1015.233397,     529.448152
7258,   9.187000,    1015.233517,     529.448211,    1015.233397,     529.448211
7259,   9.199000,    1015.233517,     529.448211,    1015.233397,     529.448211
7260,   9.200000,    1015.233517,     529.448211,    1015.233517,     529.448211
7261,   9.434000,    1015.233517,     529.448211,    1015.233517,     529.448211
7262,   9.435000,    1015.233517,     529.448211,    1015.233636,     529.448271
7263,   9.436000,    1015.233517,     529.448211,    1015.233517,     529.448211
7264,   9.438000,    1015.233517,     529.448211,    1015.233517,     529.448211
7265,   9.439000,    1015.233517,     529.448211,    1015.233636,     529.448211
7266,   9.440000,    1015.233517,     529.448211,    1015.233517,     529.448211
7267,   9.441000,    1015.233517,     529.448211,    1015.233517,     529.448211
7268,   9.442000,    1015.233517,     529.448211,    1015.233636,     529.448211
7269,   9.443000,    1015.233517,     529.448211,    1015.233636,     529.448211
7270,   9.444000,    1015.233517,     529.448211,    1015.233517,     529.448211
7271,   9.445000,    1015.233517,     529.448211,    1015.233517,     529.448211
7272,   9.446000,    1015.233517,     529.448211,    1015.233636,     529.448211
7273,   9.447000,    1015.233517,     529.448211,    1015.233517,     529.448211
7274,   9.448000,    1015.233517,     529.448211,    1015.233517,     529.448211
7275,   9.449000,    1015.233517,     529.448211,    1015.233636,     529.448211
7276,   9.450000,    1015.233517,     529.448211,    1015.233517,     529.448211
7277,   9.452000,    1015.233517,     529.448211,    1015.233517,     529.448211
7278,   9.453000,    1015.233517,     529.448211,    1015.233636,     529.448211
7279,   9.454000,    1015.233517,     529.448211,    1015.233517,     529.448211
7280,   9.455000,    1015.233517,     529.448211,    1015.233517,     529.448211
7281,   9.456000,    1015.233517,     529.448211,    1015.233636,     529.448211
7282,   9.457000,    1015.233517,     529.448211,    1015.233517,     529.448211
7283,   9.458000,    1015.233517,     529.448211,    1015.233517,     529.448211
7284,   9.459000,    1015.233517,     529.448211,    1015.233636,     529.448271
7285,   9.460000,    1015.233517,     529.448211,    1015.233636,     529.448211
7286,   9.461000,    1015.233517,     529.448211,    1015.233517,     529.448211
7287,   9.488000,    1015.233517,     529.448211,    1015.233517,     529.448211
7288,   9.489000,    1015.233517,     529.448211,    1015.233517,     529.448271
7289,   9.490000,    1015.233517,     529.448211,    1015.233517,     529.448211
7290,   9.547000,    1015.233517,     529.448211,    1015.233517,     529.448211
7291,   9.548000,    1015.233517,     529.448211,    1015.233636,     529.448211
7292,   9.549000,    1015.233517,     529.448211,    1015.233517,     529.448211
7293,   9.552000,    1015.233517,     529.448211,    1015.233517,     529.448211
7294,   9.553000,    1015.233517,     529.448211,    1015.233636,     529.448211
7295,   9.554000,    1015.233517,     529.448211,    1015.233517,     529.448211
7296,   9.556000,    1015.233517,     529.448211,    1015.233517,     529.448211
7297,   9.557000,    1015.233517,     529.448211,    1015.233636,     529.448211
7298,   9.558000,    1015.233517,     529.448211,    1015.233517,     529.448211
7299,   9.561000,    1015.233517,     529.448211,    1015.233517,     529.448211
7300,   9.562000,    1015.233517,     529.448211,    1015.233636,     529.448211
7301,   9.563000,    1015.233517,     529.448211,    1015.233517,     529.448211
7302,   9.579000,    1015.233517,     529.448211,    1015.233517,     529.448211
7303,   9.580000,    1015.233517,     529.448211,    1015.233636,     529.448211
7304,   9.581000,    1015.233517,     529.448211,    1015.233517,     529.448211
7305,   9.586000,    1015.233517,     529.448211,    1015.233517,     529.448211
7306,   9.587000,    1015.233517,     529.448211,    1015.233636,     529.448211
7307,   9.588000,    1015.233517,     529.448211,    1015.233517,     529.448211
7308,   9.589000,    1015.233517,     529.448211,    1015.233517,     529.448211
7309,   9.590000,    1015.233517,     529.448211,    1015.233636,     529.448211
7310,   9.591000,    1015.233517,     529.448211,    1015.233517,     529.448211
7311,   9.596000,    1015.233517,     529.448211,    1015.233517,     529.448211
7312,   9.597000,    1015.233517,     529.448211,    1015.233636,     529.448211
7313,   9.598000,    1015.233517,     529.448211,    1015.233517,     529.448211
7314,   9.599000,    1015.233517,     529.448211,    1015.233517,     529.448211
