name,FINISHED,axes.mach.l.p[X],axes.mach.l.p[Y],axes.mach.l.p[C],axes.mach.f.p[X],axes.mach.f.p[Y],axes.mach.f.p[C]
units,sec,mm,mm,deg,mm,mm,deg
0,   0.000000,     515.864015,    1445.382953,       0.000000,     515.864015,    1445.382953,       0.000000
1,   0.001000,     515.864015,    1445.382953,       0.000000,     515.864015,    1445.382953,       0.000007
2,   0.002000,     515.864015,    1445.382953,       0.000000,     515.864015,    1445.382953,       0.000000
3,   0.006000,     515.864015,    1445.382953,       0.000000,     515.864015,    1445.382953,       0.000000
4,   0.007000,     515.864015,    1445.382953,       0.000000,     515.864015,    1445.382953,       0.000007
5,   0.008000,     515.864015,    1445.382953,       0.000000,     515.864015,    1445.382953,       0.000000
6,   0.009000,     515.864015,    1445.382953,       0.000000,     515.864015,    1445.382953,       0.000007
7,   0.010000,     515.864015,    1445.382953,       0.000000,     515.864015,    1445.382953,       0.000007
8,   0.011000,     515.864015,    1445.382953,       0.000000,     515.864015,    1445.382953,       0.000000
9,   0.013000,     515.864015,    1445.382953,       0.000000,     515.864015,    1445.382953,       0.000000
10,   0.014000,     515.864015,    1445.382953,       0.000000,     515.864015,    1445.382953,       0.000007
11,   0.015000,     515.864015,    1445.382953,       0.000000,     515.864015,    1445.382953,       0.000000
12,   0.023000,     515.864015,    1445.382953,       0.000000,     515.864015,    1445.382953,       0.000000
13,   0.024000,     515.864015,    1445.382953,       0.000000,     515.864015,    1445.382953,       0.000007
14,   0.025000,     515.864015,    1445.382953,       0.000000,     515.864015,    1445.382953,       0.000000
15,   0.026000,     515.864015,    1445.382953,       0.000000,     515.864015,    1445.382953,       0.000007
16,   0.027000,     515.864015,    1445.382953,       0.000000,     515.864015,    1445.382953,       0.000000
17,   0.033000,     515.864015,    1445.382953,       0.000000,     515.864015,    1445.382953,       0.000000
18,   0.034000,     515.864015,    1445.382953,       0.000000,     515.864015,    1445.382953,       0.000007
19,   0.035000,     515.864015,    1445.382953,       0.000000,     515.864015,    1445.382953,       0.000000
20,   0.038000,     515.864015,    1445.382953,       0.000000,     515.864015,    1445.382953,       0.000000
21,   0.039000,     515.864015,    1445.382953,       0.000000,     515.864015,    1445.382953,       0.000007
22,   0.040000,     515.864015,    1445.382953,       0.000000,     515.864015,    1445.382953,       0.000007
23,   0.041000,     515.864015,    1445.382953,       0.000000,     515.864015,    1445.382953,       0.000000
24,   0.046000,     515.864015,    1445.382953,       0.000000,     515.864015,    1445.382953,       0.000000
25,   0.047000,     515.864015,    1445.382953,       0.000000,     515.864015,    1445.382953,       0.000007
26,   0.048000,     515.864015,    1445.382953,       0.000000,     515.864015,    1445.382953,       0.000007
27,   0.049000,     515.864015,    1445.382953,       0.000000,     515.864015,    1445.382953,       0.000000
28,   0.055000,     515.864015,    1445.382953,       0.000000,     515.864015,    1445.382953,       0.000000
29,   0.056000,     515.864015,    1445.382953,       0.000000,     515.864015,    1445.382953,       0.000007
30,   0.057000,     515.864015,    1445.382953,       0.000000,     515.864015,    1445.382953,       0.000000
31,   0.067000,     515.864015,    1445.382953,       0.000000,     515.864015,    1445.382953,       0.000000
32,   0.068000,     515.864015,    1445.382953,       0.000000,     515.864015,    1445.382953,       0.000007
33,   0.071000,     515.864015,    1445.382953,       0.000000,     515.864015,    1445.382953,       0.000007
34,   0.072000,     515.864015,    1445.382953,       0.000000,     515.864015,    1445.382953,       0.000000
35,   0.074000,     515.864015,    1445.382953,       0.000000,     515.864015,    1445.382953,       0.000000
36,   0.075000,     515.864015,    1445.382953,       0.000000,     515.864015,    1445.382953,       0.000007
37,   0.076000,     515.864015,    1445.382953,       0.000000,     515.864015,    1445.382953,       0.000000
38,   0.077000,     515.864015,    1445.382953,       0.000000,     515.864015,    1445.382953,       0.000000
39,   0.078000,     515.864015,    1445.382953,       0.000000,     515.864015,    1445.382953,       0.000007
40,   0.079000,     515.864015,    1445.382953,       0.000000,     515.864015,    1445.382953,       0.000000
41,   0.080000,     515.864015,    1445.382953,       0.000000,     515.864015,    1445.382953,       0.000000
42,   0.081000,     515.864015,    1445.382953,       0.000000,     515.864015,    1445.382953,       0.000007
43,   0.082000,     515.864015,    1445.382953,       0.000000,     515.864015,    1445.382953,       0.000000
44,   0.083000,     515.864015,    1445.382953,       0.000000,     515.864015,    1445.382953,       0.000007
45,   0.084000,     515.864015,    1445.382953,       0.000000,     515.864015,    1445.382953,       0.000000
46,   0.085000,     515.864015,    1445.382953,       0.000000,     515.864015,    1445.382953,       0.000000
47,   0.086000,     515.864015,    1445.382953,       0.000000,     515.864015,    1445.382953,       0.000007
48,   0.087000,     515.864015,    1445.382953,       0.000000,     515.864015,    1445.382953,       0.000000
49,   0.088000,     515.864015,    1445.382953,       0.000000,     515.864015,    1445.382953,       0.000000
50,   0.089000,     515.864015,    1445.382953,       0.000000,     515.864015,    1445.382953,       0.000007
51,   0.090000,     515.864015,    1445.382953,       0.000000,     515.864015,    1445.382953,       0.000000
52,   0.091000,     515.864015,    1445.382953,       0.000000,     515.864015,    1445.382953,       0.000007
53,   0.092000,     515.864015,    1445.382953,       0.000000,     515.864015,    1445.382953,       0.000000
54,   0.095000,     515.864015,    1445.382953,       0.000000,     515.864015,    1445.382953,       0.000000
55,   0.096000,     515.864015,    1445.382953,       0.000000,     515.864015,    1445.382953,       0.000007
56,   0.097000,     515.864015,    1445.382953,       0.000000,     515.864015,    1445.382953,       0.000000
57,   0.098000,     515.864015,    1445.382953,       0.000000,     515.864015,    1445.382953,       0.000000
58,   0.099000,     515.864015,    1445.382953,       0.000000,     515.864015,    1445.382953,       0.000007
59,   0.100000,     515.864015,    1445.382953,       0.000000,     515.864015,    1445.382953,       0.000000
60,   0.102000,     515.864015,    1445.382953,       0.000000,     515.864015,    1445.382953,       0.000000
61,   0.103000,     515.864015,    1445.382953,       0.000000,     515.864015,    1445.382953,       0.000007
62,   0.104000,     515.864015,    1445.382953,       0.000000,     515.864015,    1445.382953,       0.000000
63,   0.105000,     515.864015,    1445.382953,       0.000000,     515.864015,    1445.382953,       0.000000
64,   0.106000,     515.864015,    1445.382953,       0.000000,     515.864015,    1445.382953,       0.000007
65,   0.108000,     515.864015,    1445.382953,       0.000000,     515.864015,    1445.382953,       0.000007
66,   0.109000,     515.864015,    1445.382953,       0.000000,     515.864015,    1445.382953,       0.000000
67,   0.110000,     515.864015,    1445.382953,       0.000000,     515.864015,    1445.382953,       0.000000
68,   0.111000,     515.864015,    1445.382953,       0.000000,     515.864015,    1445.382953,       0.000007
69,   0.113000,     515.864015,    1445.382953,       0.000000,     515.864015,    1445.382953,       0.000007
70,   0.114000,     515.864015,    1445.382953,       0.000000,     515.864015,    1445.382953,       0.000000
71,   0.115000,     515.864015,    1445.382953,       0.000000,     515.864015,    1445.382953,       0.000000
72,   0.116000,     515.864015,    1445.382953,       0.000000,     515.864015,    1445.382953,       0.000007
73,   0.117000,     515.864015,    1445.382953,       0.000000,     515.864015,    1445.382953,       0.000000
74,   0.118000,     515.864015,    1445.382953,       0.000000,     515.864015,    1445.382953,       0.000000
75,   0.119000,     515.864015,    1445.382953,       0.000000,     515.864015,    1445.382953,       0.000007
76,   0.120000,     515.864015,    1445.382953,       0.000000,     515.864015,    1445.382953,       0.000000
77,   0.121000,     515.864015,    1445.382953,       0.000000,     515.864015,    1445.382953,       0.000007
78,   0.123000,     515.864015,    1445.382953,       0.000000,     515.864015,    1445.382953,       0.000007
79,   0.124000,     515.864015,    1445.382953,       0.000000,     515.864015,    1445.382953,       0.000000
80,   0.125000,     515.864015,    1445.382953,       0.000000,     515.864015,    1445.382953,       0.000007
81,   0.126000,     515.864015,    1445.382953,       0.000000,     515.864015,    1445.382953,       0.000000
82,   0.127000,     515.864015,    1445.382953,       0.000000,     515.864015,    1445.382953,       0.000000
83,   0.128000,     515.864015,    1445.382953,       0.000000,     515.864015,    1445.382953,       0.000007
84,   0.130000,     515.864015,    1445.382953,       0.000000,     515.864015,    1445.382953,       0.000007
85,   0.131000,     515.864015,    1445.382953,       0.000000,     515.864015,    1445.382953,       0.000000
86,   0.135000,     515.864015,    1445.382953,       0.000000,     515.864015,    1445.382953,       0.000000
87,   0.136000,     515.864015,    1445.382953,       0.000000,     515.864015,    1445.382953,       0.000007
88,   0.137000,     515.864015,    1445.382953,       0.000000,     515.864015,    1445.382953,       0.000000
89,   0.138000,     515.864015,    1445.382953,       0.000000,     515.864015,    1445.382953,       0.000000
90,   0.139000,     515.864015,    1445.382953,       0.000000,     515.864015,    1445.382953,       0.000007
91,   0.140000,     515.864015,    1445.382953,       0.000000,     515.864015,    1445.382953,       0.000000
92,   0.141000,     515.864015,    1445.382953,       0.000000,     515.864015,    1445.382953,       0.000007
93,   0.142000,     515.864015,    1445.382953,       0.000000,     515.864015,    1445.382953,       0.000000
94,   0.147000,     515.864015,    1445.382953,       0.000000,     515.864015,    1445.382953,       0.000000
95,   0.148000,     515.864015,    1445.382953,       0.000000,     515.864015,    1445.382953,       0.000007
96,   0.149000,     515.864015,    1445.382953,       0.000000,     515.864015,    1445.382953,       0.000000
97,   0.150000,     515.864015,    1445.382953,       0.000000,     515.864015,    1445.382953,       0.000007
98,   0.151000,     515.864015,    1445.382953,       0.000000,     515.864015,    1445.382953,       0.000000
99,   0.158000,     515.864015,    1445.382953,       0.000000,     515.864015,    1445.382953,       0.000000
100,   0.159000,     515.864015,    1445.382953,       0.000000,     515.864015,    1445.382953,       0.000007
101,   0.160000,     515.864015,    1445.382953,       0.000000,     515.864015,    1445.382953,       0.000000
102,   0.167000,     515.864015,    1445.382953,       0.000000,     515.864015,    1445.382953,       0.000000
103,   0.168000,     515.864015,    1445.382953,       0.000000,     515.864015,    1445.382953,       0.000007
104,   0.169000,     515.864015,    1445.382953,       0.000000,     515.864015,    1445.382953,       0.000007
105,   0.170000,     515.864015,    1445.382953,       0.000000,     515.864015,    1445.382953,       0.000000
106,   0.176000,     515.864015,    1445.382953,       0.000000,     515.864015,    1445.382953,       0.000000
107,   0.177000,     515.864015,    1445.382953,       0.000000,     515.864015,    1445.382953,       0.000007
108,   0.178000,     515.864015,    1445.382953,       0.000000,     515.864015,    1445.382953,       0.000007
109,   0.179000,     515.864015,    1445.382953,       0.000000,     515.864015,    1445.382953,       0.000000
110,   0.180000,     515.864015,    1445.382953,       0.000000,     515.864015,    1445.382953,       0.000000
111,   0.181000,     515.864015,    1445.382953,       0.000000,     515.864015,    1445.382953,       0.000007
112,   0.182000,     515.864015,    1445.382953,       0.000000,     515.864015,    1445.382953,       0.000007
113,   0.183000,     515.864015,    1445.382953,       0.000000,     515.864015,    1445.382953,       0.000000
114,   0.184000,     515.864015,    1445.382953,       0.000000,     515.864015,    1445.382953,       0.000007
115,   0.188000,     515.864015,    1445.382953,       0.000000,     515.864015,    1445.382953,       0.000007
116,   0.189000,     515.864015,    1445.382953,       0.000000,     515.864015,    1445.382953,       0.000000
117,   0.190000,     515.864015,    1445.382953,       0.000000,     515.864015,    1445.382953,       0.000007
118,   0.192000,     515.864015,    1445.382953,       0.000000,     515.864015,    1445.382953,       0.000007
119,   0.193000,     515.864015,    1445.382953,       0.000000,     515.864015,    1445.382953,       0.000000
120,   0.195000,     515.864015,    1445.382953,       0.000000,     515.864015,    1445.382953,       0.000000
121,   0.196000,     515.864015,    1445.382953,       0.000000,     515.864015,    1445.382953,       0.000007
122,   0.197000,     515.864015,    1445.382953,       0.000000,     515.864015,    1445.382953,       0.000000
123,   0.198000,     515.864015,    1445.382953,       0.000000,     515.864015,    1445.382953,       0.000007
124,   0.199000,     515.864015,    1445.382953,       0.000000,     515.864015,    1445.382953,       0.000000
125,   0.200000,     515.864015,    1445.382953,       0.000000,     515.864015,    1445.382953,       0.000000
126,   0.201000,     515.864015,    1445.382953,       0.000000,     515.864015,    1445.382953,       0.000007
127,   0.202000,     515.864015,    1445.382953,       0.000000,     515.864015,    1445.382953,       0.000000
128,   0.206000,     515.864015,    1445.382953,       0.000000,     515.864015,    1445.382953,       0.000000
129,   0.207000,     515.864015,    1445.382953,       0.000000,     515.864015,    1445.382953,       0.000007
130,   0.208000,     515.864015,    1445.382953,       0.000000,     515.864015,    1445.382953,       0.000007
131,   0.209000,     515.864015,    1445.382953,       0.000000,     515.864015,    1445.382953,       0.000000
132,   0.210000,     515.864015,    1445.382953,       0.000000,     515.864015,    1445.382953,       0.000007
133,   0.211000,     515.864015,    1445.382953,       0.000000,     515.864015,    1445.382953,       0.000000
134,   0.215000,     515.864015,    1445.382953,       0.000000,     515.864015,    1445.382953,       0.000000
135,   0.216000,     515.864015,    1445.382953,       0.000000,     515.864015,    1445.382953,       0.000007
136,   0.217000,     515.864015,    1445.382953,       0.000000,     515.864015,    1445.382953,       0.000000
137,   0.219000,     515.864015,    1445.382953,       0.000000,     515.864015,    1445.382953,       0.000000
138,   0.220000,     515.864015,    1445.382953,       0.000000,     515.864015,    1445.382953,       0.000007
139,   0.221000,     515.864015,    1445.382953,       0.000000,     515.864015,    1445.382953,       0.000000
140,   0.228000,     515.864015,    1445.382953,       0.000000,     515.864015,    1445.382953,       0.000000
141,   0.229000,     515.864015,    1445.382953,       0.000000,     515.864015,    1445.382953,       0.000007
142,   0.230000,     515.864015,    1445.382953,       0.000000,     515.864015,    1445.382953,       0.000000
143,   0.231000,     515.864015,    1445.382953,       0.000000,     515.864015,    1445.382953,       0.000007
144,   0.233000,     515.864015,    1445.382953,       0.000000,     515.864015,    1445.382953,       0.000007
145,   0.234000,     515.864015,    1445.382953,       0.000000,     515.864015,    1445.382953,       0.000000
146,   0.235000,     515.864015,    1445.382953,       0.000000,     515.864015,    1445.382953,       0.000000
147,   0.236000,     515.864015,    1445.382953,       0.000000,     515.864015,    1445.382953,       0.000007
148,   0.237000,     515.864015,    1445.382953,       0.000000,     515.864015,    1445.382953,       0.000000
149,   0.238000,     515.864015,    1445.382953,       0.000000,     515.864015,    1445.382953,       0.000007
150,   0.239000,     515.864015,    1445.382953,       0.000000,     515.864015,    1445.382953,       0.000000
151,   0.242000,     515.864015,    1445.382953,       0.000000,     515.864015,    1445.382953,       0.000000
152,   0.243000,     515.864015,    1445.382953,       0.000000,     515.864015,    1445.382953,       0.000007
153,   0.244000,     515.864015,    1445.382953,       0.000000,     515.864015,    1445.382953,       0.000000
154,   0.245000,     515.864015,    1445.382953,       0.000000,     515.864015,    1445.382953,       0.000007
155,   0.246000,     515.864015,    1445.382953,       0.000000,     515.864015,    1445.382953,       0.000000
156,   0.248000,     515.864015,    1445.382953,       0.000000,     515.864015,    1445.382953,       0.000000
157,   0.249000,     515.864015,    1445.382953,       0.000000,     515.864015,    1445.382953,       0.000007
158,   0.250000,     515.864015,    1445.382953,       0.000000,     515.864015,    1445.382953,       0.000007
159,   0.251000,     515.864015,    1445.382953,       0.000000,     515.864015,    1445.382953,       0.000000
160,   0.257000,     515.864015,    1445.382953,       0.000000,     515.864015,    1445.382953,       0.000000
161,   0.258000,     515.864015,    1445.382953,       0.000000,     515.864015,    1445.382953,       0.000007
162,   0.259000,     515.864015,    1445.382953,       0.000000,     515.864015,    1445.382953,       0.000007
163,   0.260000,     515.864015,    1445.382953,       0.000000,     515.864015,    1445.382953,       0.000000
164,   0.263000,     515.864015,    1445.382953,       0.000000,     515.864015,    1445.382953,       0.000000
165,   0.264000,     515.864015,    1445.382953,       0.000000,     515.864015,    1445.382953,       0.000007
166,   0.265000,     515.864015,    1445.382953,       0.000000,     515.864015,    1445.382953,       0.000000
167,   0.267000,     515.864015,    1445.382953,       0.000000,     515.864015,    1445.382953,       0.000000
168,   0.268000,     515.864015,    1445.382953,       0.000000,     515.864015,    1445.382953,       0.000007
169,   0.269000,     515.864015,    1445.382953,       0.000000,     515.864015,    1445.382953,       0.000000
170,   0.275000,     515.864015,    1445.382953,       0.000000,     515.864015,    1445.382953,       0.000000
171,   0.276000,     515.864015,    1445.382953,       0.000000,     515.864015,    1445.382953,       0.000007
172,   0.277000,     515.864015,    1445.382953,       0.000000,     515.864015,    1445.382953,       0.000000
173,   0.280000,     515.864015,    1445.382953,       0.000000,     515.864015,    1445.382953,       0.000000
174,   0.281000,     515.864015,    1445.382953,       0.000000,     515.864015,    1445.382953,       0.000007
175,   0.282000,     515.864015,    1445.382953,       0.000000,     515.864015,    1445.382953,       0.000000
176,   0.285000,     515.864015,    1445.382953,       0.000000,     515.864015,    1445.382953,       0.000000
177,   0.286000,     515.864015,    1445.382953,       0.000000,     515.864015,    1445.382953,       0.000007
178,   0.287000,     515.864015,    1445.382953,       0.000000,     515.864015,    1445.382953,       0.000000
179,   0.288000,     515.864015,    1445.382953,       0.000000,     515.864015,    1445.382953,       0.000007
180,   0.289000,     515.864015,    1445.382953,       0.000000,     515.864015,    1445.382953,       0.000000
181,   0.290000,     515.864015,    1445.382953,       0.000000,     515.864015,    1445.382953,       0.000007
182,   0.291000,     515.864015,    1445.382953,       0.000000,     515.864015,    1445.382953,       0.000000
183,   0.295000,     515.864015,    1445.382953,       0.000000,     515.864015,    1445.382953,       0.000000
184,   0.296000,     515.864015,    1445.382953,       0.000000,     515.864015,    1445.382953,       0.000007
185,   0.298000,     515.864015,    1445.382953,       0.000000,     515.864015,    1445.382953,       0.000007
186,   0.299000,     515.864015,    1445.382953,       0.000000,     515.864015,    1445.382953,       0.000000
187,   0.305000,     515.864015,    1445.382953,       0.000000,     515.864015,    1445.382953,       0.000000
188,   0.306000,     515.864015,    1445.382953,       0.000000,     515.864015,    1445.382953,       0.000007
189,   0.307000,     515.864015,    1445.382953,       0.000000,     515.864015,    1445.382953,       0.000000
190,   0.308000,     515.864015,    1445.382953,       0.000000,     515.864015,    1445.382953,       0.000007
191,   0.310000,     515.864015,    1445.382953,       0.000000,     515.864015,    1445.382953,       0.000007
192,   0.311000,     515.864015,    1445.382953,       0.000000,     515.864015,    1445.382953,       0.000000
193,   0.313000,     515.864015,    1445.382953,       0.000000,     515.864015,    1445.382953,       0.000000
194,   0.314000,     515.864015,    1445.382953,       0.000000,     515.864015,    1445.382953,       0.000007
195,   0.315000,     515.864015,    1445.382953,       0.000000,     515.864015,    1445.382953,       0.000000
196,   0.316000,     515.864015,    1445.382953,       0.000000,     515.864015,    1445.382953,       0.000007
197,   0.317000,     515.864015,    1445.382953,       0.000000,     515.864015,    1445.382953,       0.000000
198,   0.318000,     515.864015,    1445.382953,       0.000000,     515.864015,    1445.382953,       0.000007
199,   0.319000,     515.864015,    1445.382953,       0.000000,     515.864015,    1445.382953,       0.000000
200,   0.321000,     515.864015,    1445.382953,       0.000000,     515.864015,    1445.382953,       0.000000
201,   0.322000,     515.864015,    1445.382953,       0.000000,     515.864015,    1445.382953,       0.000007
202,   0.323000,     515.864015,    1445.382953,       0.000000,     515.864015,    1445.382953,       0.000000
203,   0.324000,     515.864015,    1445.382953,       0.000000,     515.864015,    1445.382953,       0.000007
204,   0.325000,     515.864015,    1445.382953,       0.000000,     515.864015,    1445.382953,       0.000000
205,   0.326000,     515.864015,    1445.382953,       0.000000,     515.864015,    1445.382953,       0.000007
206,   0.327000,     515.864015,    1445.382953,       0.000000,     515.864015,    1445.382953,       0.000000
207,   0.328000,     515.864015,    1445.382953,       0.000000,     515.864015,    1445.382953,       0.000007
208,   0.329000,     515.864015,    1445.382953,       0.000000,     515.864015,    1445.382953,       0.000000
209,   0.330000,     515.864015,    1445.382953,       0.000000,     515.864015,    1445.382953,       0.000000
210,   0.331000,     515.864015,    1445.382953,       0.000000,     515.864015,    1445.382953,       0.000007
211,   0.332000,     515.864015,    1445.382953,       0.000000,     515.864015,    1445.382953,       0.000000
212,   0.333000,     515.864015,    1445.382953,       0.000000,     515.864015,    1445.382953,       0.000000
213,   0.334000,     515.864015,    1445.382953,       0.000000,     515.864015,    1445.382953,       0.000007
214,   0.335000,     515.864015,    1445.382953,       0.000000,     515.864015,    1445.382953,       0.000000
215,   0.336000,     515.864015,    1445.382953,       0.000000,     515.864015,    1445.382953,       0.000007
216,   0.337000,     515.864015,    1445.382953,       0.000000,     515.864015,    1445.382953,       0.000000
217,   0.338000,     515.864015,    1445.382953,       0.000000,     515.864015,    1445.382953,       0.000007
218,   0.339000,     515.864015,    1445.382953,       0.000000,     515.864015,    1445.382953,       0.000000
219,   0.343000,     515.864015,    1445.382953,       0.000000,     515.864015,    1445.382953,       0.000000
220,   0.344000,     515.864015,    1445.382953,       0.000000,     515.864015,    1445.382953,       0.000007
221,   0.345000,     515.864015,    1445.382953,       0.000000,     515.864015,    1445.382953,       0.000007
222,   0.346000,     515.864015,    1445.382953,       0.000000,     515.864015,    1445.382953,       0.000000
223,   0.352000,     515.864015,    1445.382953,       0.000000,     515.864015,    1445.382953,       0.000000
224,   0.353000,     515.864015,    1445.382953,       0.000000,     515.864015,    1445.382953,       0.000007
225,   0.354000,     515.864015,    1445.382953,       0.000000,     515.864015,    1445.382953,       0.000000
226,   0.357000,     515.864015,    1445.382953,       0.000000,     515.864015,    1445.382953,       0.000000
227,   0.358000,     515.864015,    1445.382953,       0.000000,     515.864015,    1445.382953,       0.000007
228,   0.363000,     515.864015,    1445.382953,       0.000000,     515.864015,    1445.382953,       0.000007
229,   0.364000,     515.864015,    1445.382953,       0.000000,     515.864015,    1445.382953,       0.000000
230,   0.367000,     515.864015,    1445.382953,       0.000000,     515.864015,    1445.382953,       0.000000
231,   0.368000,     515.864015,    1445.382953,       0.000000,     515.864015,    1445.382953,       0.000007
232,   0.369000,     515.864015,    1445.382953,       0.000000,     515.864015,    1445.382953,       0.000007
233,   0.370000,     515.864015,    1445.382953,       0.000000,     515.864015,    1445.382953,       0.000000
234,   0.371000,     515.864015,    1445.382953,       0.000000,     515.864015,    1445.382953,       0.000000
235,   0.372000,     515.864015,    1445.382953,       0.000000,     515.864015,    1445.382953,       0.000007
236,   0.373000,     515.864015,    1445.382953,       0.000000,     515.864015,    1445.382953,       0.000000
237,   0.379000,     515.864015,    1445.382953,       0.000000,     515.864015,    1445.382953,       0.000000
238,   0.380000,     515.864015,    1445.382953,       0.000000,     515.864015,    1445.382953,       0.000007
239,   0.381000,     515.864015,    1445.382953,       0.000000,     515.864015,    1445.382953,       0.000000
240,   0.384000,     515.864015,    1445.382953,       0.000000,     515.864015,    1445.382953,       0.000000
241,   0.385000,     515.864015,    1445.382953,       0.000000,     515.864015,    1445.382953,       0.000007
242,   0.386000,     515.864015,    1445.382953,       0.000000,     515.864015,    1445.382953,       0.000000
243,   0.387000,     515.864015,    1445.382953,       0.000000,     515.864015,    1445.382953,       0.000000
244,   0.388000,     515.864015,    1445.382953,       0.000000,     515.864015,    1445.382953,       0.000007
245,   0.389000,     515.864015,    1445.382953,       0.000000,     515.864015,    1445.382953,       0.000000
246,   0.393000,     515.864015,    1445.382953,       0.000000,     515.864015,    1445.382953,       0.000000
247,   0.394000,     515.864015,    1445.382953,       0.000000,     515.864015,    1445.382953,       0.000007
248,   0.395000,     515.864015,    1445.382953,       0.000000,     515.864015,    1445.382953,       0.000000
249,   0.397000,     515.864015,    1445.382953,       0.000000,     515.864015,    1445.382953,       0.000000
250,   0.398000,     515.864015,    1445.382953,       0.000000,     515.864015,    1445.382953,       0.000007
251,   0.399000,     515.864015,    1445.382953,       0.000000,     515.864015,    1445.382953,       0.000000
252,   0.403000,     515.864015,    1445.382953,       0.000000,     515.864015,    1445.382953,       0.000000
253,   0.404000,     515.864015,    1445.382953,       0.000000,     515.864015,    1445.382953,       0.000007
254,   0.405000,     515.864015,    1445.382953,       0.000000,     515.864015,    1445.382953,       0.000000
255,   0.406000,     515.864015,    1445.382953,       0.000000,     515.864015,    1445.382953,       0.000007
256,   0.407000,     515.864015,    1445.382953,       0.000000,     515.864015,    1445.382953,       0.000000
257,   0.408000,     515.864015,    1445.382953,       0.000000,     515.864015,    1445.382953,       0.000007
258,   0.409000,     515.864015,    1445.382953,       0.000000,     515.864015,    1445.382953,       0.000007
259,   0.410000,     515.864015,    1445.382953,       0.000000,     515.864015,    1445.382953,       0.000000
260,   0.411000,     515.864015,    1445.382953,       0.000000,     515.864015,    1445.382953,       0.000000
261,   0.412000,     515.864015,    1445.382953,       0.000000,     515.864015,    1445.382953,       0.000007
262,   0.413000,     515.864015,    1445.382953,       0.000000,     515.864015,    1445.382953,       0.000000
263,   0.415000,     515.864015,    1445.382953,       0.000000,     515.864015,    1445.382953,       0.000000
264,   0.416000,     515.864015,    1445.382953,       0.000000,     515.864015,    1445.382953,       0.000007
265,   0.417000,     515.864015,    1445.382953,       0.000000,     515.864015,    1445.382953,       0.000000
266,   0.418000,     515.864015,    1445.382953,       0.000000,     515.864015,    1445.382953,       0.000000
267,   0.419000,     515.864015,    1445.382953,       0.000000,     515.864015,    1445.382953,       0.000007
268,   0.420000,     515.864015,    1445.382953,       0.000000,     515.864015,    1445.382953,       0.000007
269,   0.421000,     515.864015,    1445.382953,       0.000000,     515.864015,    1445.382953,       0.000000
270,   0.422000,     515.864015,    1445.382953,       0.000000,     515.864015,    1445.382953,       0.000000
271,   0.423000,     515.864015,    1445.382953,       0.000000,     515.864015,    1445.382953,       0.000007
272,   0.426000,     515.864015,    1445.382953,       0.000000,     515.864015,    1445.382953,       0.000007
273,   0.427000,     515.864015,    1445.382953,       0.000000,     515.864015,    1445.382953,       0.000000
274,   0.428000,     515.864015,    1445.382953,       0.000000,     515.864015,    1445.382953,       0.000007
275,   0.429000,     515.864015,    1445.382953,       0.000000,     515.864015,    1445.382953,       0.000000
276,   0.430000,     515.864015,    1445.382953,       0.000000,     515.864015,    1445.382953,       0.000007
277,   0.432000,     515.864015,    1445.382953,       0.000000,     515.864015,    1445.382953,       0.000007
278,   0.433000,     515.864015,    1445.382953,       0.000000,     515.864015,    1445.382953,       0.000000
279,   0.434000,     515.864015,    1445.382953,       0.000000,     515.864015,    1445.382953,       0.000007
280,   0.435000,     515.864015,    1445.382953,       0.000000,     515.864015,    1445.382953,       0.000000
281,   0.436000,     515.864015,    1445.382953,       0.000000,     515.864015,    1445.382953,       0.000007
282,   0.437000,     515.864015,    1445.382953,       0.000000,     515.864015,    1445.382953,       0.000000
283,   0.442000,     515.864015,    1445.382953,       0.000000,     515.864015,    1445.382953,       0.000000
284,   0.443000,     515.864015,    1445.382953,       0.000000,     515.864015,    1445.382953,       0.000007
285,   0.444000,     515.864015,    1445.382953,       0.000000,     515.864015,    1445.382953,       0.000000
286,   0.445000,     515.864015,    1445.382953,       0.000000,     515.864015,    1445.382953,       0.000000
287,   0.446000,     515.864015,    1445.382953,       0.000000,     515.864015,    1445.382953,       0.000007
288,   0.447000,     515.864015,    1445.382953,       0.000000,     515.864015,    1445.382953,       0.000000
289,   0.455000,     515.864015,    1445.382953,       0.000000,     515.864015,    1445.382953,       0.000000
290,   0.456000,     515.864015,    1445.382953,       0.000000,     515.864015,    1445.382953,       0.000007
291,   0.457000,     515.864015,    1445.382953,       0.000000,     515.864015,    1445.382953,       0.000007
292,   0.458000,     515.864015,    1445.382953,       0.000000,     515.864015,    1445.382953,       0.000000
293,   0.459000,     515.864015,    1445.382953,       0.000000,     515.864015,    1445.382953,       0.000007
294,   0.460000,     515.864015,    1445.382953,       0.000000,     515.864015,    1445.382953,       0.000000
295,   0.465000,     515.864015,    1445.382953,       0.000000,     515.864015,    1445.382953,       0.000000
296,   0.466000,     515.864015,    1445.382953,       0.000000,     515.864015,    1445.382953,       0.000007
297,   0.467000,     515.864015,    1445.382953,       0.000000,     515.864015,    1445.382953,       0.000000
298,   0.468000,     515.864015,    1445.382953,       0.000000,     515.864015,    1445.382953,       0.000007
299,   0.469000,     515.864015,    1445.382953,       0.000000,     515.864015,    1445.382953,       0.000000
300,   0.471000,     515.864015,    1445.382953,       0.000000,     515.864015,    1445.382953,       0.000000
301,   0.472000,     515.864015,    1445.382953,       0.000000,     515.864015,    1445.382953,       0.000007
302,   0.473000,     515.864015,    1445.382953,       0.000000,     515.864015,    1445.382953,       0.000000
303,   0.477000,     515.864015,    1445.382953,       0.000000,     515.864015,    1445.382953,       0.000000
304,   0.478000,     515.864015,    1445.382953,       0.000000,     515.864015,    1445.382953,       0.000007
305,   0.479000,     515.864015,    1445.382953,       0.000000,     515.864015,    1445.382953,       0.000007
306,   0.480000,     515.864015,    1445.382953,       0.000000,     515.864015,    1445.382953,       0.000000
307,   0.481000,     515.864015,    1445.382953,       0.000000,     515.864015,    1445.382953,       0.000000
308,   0.482000,     515.864015,    1445.382953,       0.000000,     515.864015,    1445.382953,       0.000007
309,   0.483000,     515.864015,    1445.382953,       0.000000,     515.864015,    1445.382953,       0.000000
310,   0.485000,     515.864015,    1445.382953,       0.000000,     515.864015,    1445.382953,       0.000000
311,   0.486000,     515.864015,    1445.382953,       0.000000,     515.864015,    1445.382953,       0.000007
312,   0.487000,     515.864015,    1445.382953,       0.000000,     515.864015,    1445.382953,       0.000000
313,   0.490000,     515.864015,    1445.382953,       0.000000,     515.864015,    1445.382953,       0.000000
314,   0.491000,     515.864015,    1445.382953,       0.000000,     515.864015,    1445.382953,       0.000007
315,   0.492000,     515.864015,    1445.382953,       0.000000,     515.864015,    1445.382953,       0.000000
316,   0.496000,     515.864015,    1445.382953,       0.000000,     515.864015,    1445.382953,       0.000000
317,   0.497000,     515.864015,    1445.382953,       0.000000,     515.864015,    1445.382953,       0.000007
318,   0.499000,     515.864015,    1445.382953,       0.000000,     515.864015,    1445.382953,       0.000007
319,   0.500000,     515.864015,    1445.382953,       0.000000,     515.864015,    1445.382953,       0.000000
320,   0.501000,     515.864015,    1445.382953,       0.000000,     515.864015,    1445.382953,       0.000000
321,   0.502000,     515.864015,    1445.382953,       0.000000,     515.864015,    1445.382953,       0.000007
322,   0.503000,     515.864015,    1445.382953,       0.000000,     515.864015,    1445.382953,       0.000000
323,   0.507000,     515.864015,    1445.382953,       0.000000,     515.864015,    1445.382953,       0.000000
324,   0.508000,     515.864015,    1445.382953,       0.000000,     515.864015,    1445.382953,       0.000007
325,   0.509000,     515.864015,    1445.382953,       0.000000,     515.864015,    1445.382953,       0.000007
326,   0.510000,     515.864015,    1445.382953,       0.000000,     515.864015,    1445.382953,       0.000000
327,   0.512000,     515.864015,    1445.382953,       0.000000,     515.864015,    1445.382953,       0.000000
328,   0.513000,     515.864015,    1445.382953,       0.000000,     515.864015,    1445.382953,       0.000007
329,   0.514000,     515.864015,    1445.382953,       0.000000,     515.864015,    1445.382953,       0.000000
330,   0.515000,     515.864015,    1445.382953,       0.000000,     515.864015,    1445.382953,       0.000007
331,   0.516000,     515.864015,    1445.382953,       0.000000,     515.864015,    1445.382953,       0.000007
332,   0.517000,     515.864015,    1445.382953,       0.000000,     515.864015,    1445.382953,       0.000000
333,   0.518000,     515.864015,    1445.382953,       0.000000,     515.864015,    1445.382953,       0.000007
334,   0.519000,     515.864015,    1445.382953,       0.000000,     515.864015,    1445.382953,       0.000000
335,   0.520000,     515.864015,    1445.382953,       0.000000,     515.864015,    1445.382953,       0.000007
336,   0.521000,     515.864015,    1445.382953,       0.000000,     515.864015,    1445.382953,       0.000000
337,   0.522000,     515.864015,    1445.382953,       0.000000,     515.864015,    1445.382953,       0.000007
338,   0.523000,     515.864015,    1445.382953,       0.000000,     515.864015,    1445.382953,       0.000000
339,   0.524000,     515.864015,    1445.382953,       0.000000,     515.864015,    1445.382953,       0.000007
340,   0.525000,     515.864015,    1445.382953,       0.000000,     515.864015,    1445.382953,       0.000000
341,   0.526000,     515.864015,    1445.382953,       0.000000,     515.864015,    1445.382953,       0.000007
342,   0.527000,     515.864015,    1445.382953,       0.000000,     515.864015,    1445.382953,       0.000000
343,   0.531000,     515.864015,    1445.382953,       0.000000,     515.864015,    1445.382953,       0.000000
344,   0.532000,     515.864015,    1445.382953,       0.000000,     515.864015,    1445.382953,       0.000007
345,   0.533000,     515.864015,    1445.382953,       0.000000,     515.864015,    1445.382953,       0.000007
346,   0.534000,     515.864015,    1445.382953,       0.000000,     515.864015,    1445.382953,       0.000000
347,   0.535000,     515.864015,    1445.382953,       0.000000,     515.864015,    1445.382953,       0.000007
348,   0.536000,     515.864015,    1445.382953,       0.000000,     515.864015,    1445.382953,       0.000007
349,   0.537000,     515.864015,    1445.382953,       0.000000,     515.864015,    1445.382953,       0.000000
350,   0.538000,     515.864015,    1445.382953,       0.000000,     515.864015,    1445.382953,       0.000007
351,   0.539000,     515.864015,    1445.382953,       0.000000,     515.864015,    1445.382953,       0.000000
352,   0.541000,     515.864015,    1445.382953,       0.000000,     515.864015,    1445.382953,       0.000000
353,   0.542000,     515.864015,    1445.382953,       0.000000,     515.864015,    1445.382953,       0.000007
354,   0.543000,     515.864015,    1445.382953,       0.000000,     515.864015,    1445.382953,       0.000000
355,   0.547000,     515.864015,    1445.382953,       0.000000,     515.864015,    1445.382953,       0.000000
356,   0.548000,     515.864015,    1445.382953,       0.000000,     515.864015,    1445.382953,       0.000007
357,   0.549000,     515.864015,    1445.382953,       0.000000,     515.864015,    1445.382953,       0.000000
358,   0.550000,     515.864015,    1445.382953,       0.000000,     515.864015,    1445.382953,       0.000007
359,   0.551000,     515.864015,    1445.382953,       0.000000,     515.864015,    1445.382953,       0.000000
360,   0.552000,     515.864015,    1445.382953,       0.000000,     515.864015,    1445.382953,       0.000007
361,   0.553000,     515.864015,    1445.382953,       0.000000,     515.864015,    1445.382953,       0.000007
362,   0.554000,     515.864015,    1445.382953,       0.000000,     515.864015,    1445.382953,       0.000000
363,   0.555000,     515.864015,    1445.382953,       0.000000,     515.864015,    1445.382953,       0.000000
364,   0.556000,     515.864015,    1445.382953,       0.000000,     515.864015,    1445.382953,       0.000007
365,   0.558000,     515.864015,    1445.382953,       0.000000,     515.864015,    1445.382953,       0.000007
366,   0.559000,     515.864015,    1445.382953,       0.000000,     515.864015,    1445.382953,       0.000000
367,   0.561000,     515.864015,    1445.382953,       0.000000,     515.864015,    1445.382953,       0.000000
368,   0.562000,     515.864015,    1445.382953,       0.000000,     515.864015,    1445.382953,       0.000007
369,   0.566000,     515.864015,    1445.382953,       0.000000,     515.864015,    1445.382953,       0.000007
370,   0.567000,     515.864015,    1445.382953,       0.000000,     515.864015,    1445.382953,       0.000000
371,   0.568000,     515.864015,    1445.382953,       0.000000,     515.864015,    1445.382953,       0.000007
372,   0.569000,     515.864015,    1445.382953,       0.000000,     515.864015,    1445.382953,       0.000000
373,   0.571000,     515.864015,    1445.382953,       0.000000,     515.864015,    1445.382953,       0.000000
374,   0.572000,     515.864015,    1445.382953,       0.000000,     515.864015,    1445.382953,       0.000007
375,   0.574000,     515.864015,    1445.382953,       0.000000,     515.864015,    1445.382953,       0.000007
376,   0.575000,     515.864015,    1445.382953,       0.000000,     515.864015,    1445.382953,       0.000000
377,   0.576000,     515.864015,    1445.382953,       0.000000,     515.864015,    1445.382953,       0.000007
378,   0.577000,     515.864015,    1445.382953,       0.000000,     515.864015,    1445.382953,       0.000000
379,   0.579000,     515.864015,    1445.382953,       0.000000,     515.864015,    1445.382953,       0.000000
380,   0.580000,     515.864015,    1445.382953,       0.000000,     515.864015,    1445.382953,       0.000007
381,   0.583000,     515.864015,    1445.382953,       0.000000,     515.864015,    1445.382953,       0.000007
382,   0.584000,     515.864015,    1445.382953,       0.000000,     515.864015,    1445.382953,       0.000000
383,   0.585000,     515.864015,    1445.382953,       0.000000,     515.864015,    1445.382953,       0.000000
384,   0.586000,     515.864015,    1445.382953,       0.000000,     515.864015,    1445.382953,       0.000007
385,   0.587000,     515.864015,    1445.382953,       0.000000,     515.864015,    1445.382953,       0.000000
386,   0.589000,     515.864015,    1445.382953,       0.000000,     515.864015,    1445.382953,       0.000000
387,   0.590000,     515.864015,    1445.382953,       0.000000,     515.864015,    1445.382953,       0.000007
388,   0.591000,     515.864015,    1445.382953,       0.000000,     515.864015,    1445.382953,       0.000000
389,   0.592000,     515.864015,    1445.382953,       0.000000,     515.864015,    1445.382953,       0.000000
390,   0.593000,     515.864015,    1445.382953,       0.000000,     515.864015,    1445.382953,       0.000007
391,   0.594000,     515.864015,    1445.382953,       0.000000,     515.864015,    1445.382953,       0.000000
392,   0.598000,     515.864015,    1445.382953,       0.000000,     515.864015,    1445.382953,       0.000000
393,   0.599000,     515.864015,    1445.382953,       0.000000,     515.864015,    1445.382953,       0.000007
394,   0.600000,     515.864015,    1445.382953,       0.000000,     515.864015,    1445.382953,       0.000000
395,   0.601000,     515.864015,    1445.382953,       0.000000,     515.864015,    1445.382953,       0.000007
396,   0.604000,     515.864015,    1445.382953,       0.000000,     515.864015,    1445.382953,       0.000007
397,   0.605000,     515.864015,    1445.382953,       0.000000,     515.864015,    1445.382953,       0.000000
398,   0.606000,     515.864015,    1445.382953,       0.000000,     515.864015,    1445.382953,       0.000000
399,   0.607000,     515.864015,    1445.382953,       0.000000,     515.864015,    1445.382953,       0.000007
400,   0.608000,     515.864015,    1445.382953,       0.000000,     515.864015,    1445.382953,       0.000000
401,   0.609000,     515.864015,    1445.382953,       0.000000,     515.864015,    1445.382953,       0.000000
402,   0.610000,     515.864015,    1445.382953,       0.000000,     515.864015,    1445.382953,       0.000007
403,   0.611000,     515.864015,    1445.382953,       0.000000,     515.864015,    1445.382953,       0.000007
404,   0.612000,     515.864015,    1445.382953,       0.000000,     515.864015,    1445.382953,       0.000000
405,   0.613000,     515.864015,    1445.382953,       0.000000,     515.864015,    1445.382953,       0.000000
406,   0.614000,     515.864015,    1445.382953,       0.000000,     515.864015,    1445.382953,       0.000007
407,   0.615000,     515.864015,    1445.382953,       0.000000,     515.864015,    1445.382953,       0.000000
408,   0.617000,     515.864015,    1445.382953,       0.000000,     515.864015,    1445.382953,       0.000000
409,   0.618000,     515.864015,    1445.382953,       0.000000,     515.864015,    1445.382953,       0.000007
410,   0.620000,     515.864015,    1445.382953,       0.000000,     515.864015,    1445.382953,       0.000007
411,   0.621000,     515.864015,    1445.382953,       0.000000,     515.864015,    1445.382953,       0.000000
412,   0.622000,     515.864015,    1445.382953,       0.000000,     515.864015,    1445.382953,       0.000000
413,   0.623000,     515.864015,    1445.382953,       0.000000,     515.864015,    1445.382953,       0.000007
414,   0.625000,     515.864015,    1445.382953,       0.000000,     515.864015,    1445.382953,       0.000007
415,   0.626000,     515.864015,    1445.382953,       0.000000,     515.864015,    1445.382953,       0.000000
416,   0.627000,     515.864015,    1445.382953,       0.000000,     515.864015,    1445.382953,       0.000007
417,   0.628000,     515.864015,    1445.382953,       0.000000,     515.864015,    1445.382953,       0.000007
418,   0.629000,     515.864015,    1445.382953,       0.000000,     515.864015,    1445.382953,       0.000000
419,   0.630000,     515.864015,    1445.382953,       0.000000,     515.864015,    1445.382953,       0.000007
420,   0.633000,     515.864015,    1445.382953,       0.000000,     515.864015,    1445.382953,       0.000007
421,   0.634000,     515.864015,    1445.382953,       0.000000,     515.864015,    1445.382953,       0.000000
422,   0.637000,     515.864015,    1445.382953,       0.000000,     515.864015,    1445.382953,       0.000000
423,   0.638000,     515.864015,    1445.382953,       0.000000,     515.864015,    1445.382953,       0.000007
424,   0.642000,     515.864015,    1445.382953,       0.000000,     515.864015,    1445.382953,       0.000007
425,   0.643000,     515.864015,    1445.382953,       0.000000,     515.864015,    1445.382953,       0.000000
426,   0.644000,     515.864015,    1445.382953,       0.000000,     515.864015,    1445.382953,       0.000007
427,   0.645000,     515.864015,    1445.382953,       0.000000,     515.864015,    1445.382953,       0.000000
428,   0.648000,     515.864015,    1445.382953,       0.000000,     515.864015,    1445.382953,       0.000000
429,   0.649000,     515.864015,    1445.382953,       0.000000,     515.864015,    1445.382953,       0.000007
430,   0.653000,     515.864015,    1445.382953,       0.000000,     515.864015,    1445.382953,       0.000007
431,   0.654000,     515.864015,    1445.382953,       0.000000,     515.864015,    1445.382953,       0.000000
432,   0.655000,     515.864015,    1445.382953,       0.000000,     515.864015,    1445.382953,       0.000007
433,   0.656000,     515.864015,    1445.382953,       0.000000,     515.864015,    1445.382953,       0.000000
434,   0.658000,     515.864015,    1445.382953,       0.000000,     515.864015,    1445.382953,       0.000000
435,   0.659000,     515.864015,    1445.382953,       0.000000,     515.864015,    1445.382953,       0.000007
436,   0.660000,     515.864015,    1445.382953,       0.000000,     515.864015,    1445.382953,       0.000007
437,   0.661000,     515.864015,    1445.382953,       0.000000,     515.864015,    1445.382953,       0.000000
438,   0.662000,     515.864015,    1445.382953,       0.000000,     515.864015,    1445.382953,       0.000007
439,   0.663000,     515.864015,    1445.382953,       0.000000,     515.864015,    1445.382953,       0.000007
440,   0.664000,     515.864015,    1445.382953,       0.000000,     515.864015,    1445.382953,       0.000000
441,   0.665000,     515.864015,    1445.382953,       0.000000,     515.864015,    1445.382953,       0.000000
442,   0.666000,     515.864015,    1445.382953,       0.000000,     515.864015,    1445.382953,       0.000007
443,   0.667000,     515.864015,    1445.382953,       0.000000,     515.864015,    1445.382953,       0.000000
444,   0.669000,     515.864015,    1445.382953,       0.000000,     515.864015,    1445.382953,       0.000000
445,   0.670000,     515.864015,    1445.382953,       0.000000,     515.864015,    1445.382953,       0.000007
446,   0.671000,     515.864015,    1445.382953,       0.000000,     515.864015,    1445.382953,       0.000007
447,   0.672000,     515.864015,    1445.382953,       0.000000,     515.864015,    1445.382953,       0.000000
448,   0.673000,     515.864015,    1445.382953,       0.000000,     515.864015,    1445.382953,       0.000007
449,   0.674000,     515.864015,    1445.382953,       0.000000,     515.864015,    1445.382953,       0.000007
450,   0.675000,     515.864015,    1445.382953,       0.000000,     515.864015,    1445.382953,       0.000000
451,   0.676000,     515.864015,    1445.382953,       0.000000,     515.864015,    1445.382953,       0.000007
452,   0.677000,     515.864015,    1445.382953,       0.000000,     515.864015,    1445.382953,       0.000007
453,   0.678000,     515.864015,    1445.382953,       0.000000,     515.864015,    1445.382953,       0.000000
454,   0.681000,     515.864015,    1445.382953,       0.000000,     515.864015,    1445.382953,       0.000000
455,   0.682000,     515.864015,    1445.382953,       0.000000,     515.864015,    1445.382953,       0.000007
456,   0.683000,     515.864015,    1445.382953,       0.000000,     515.864015,    1445.382953,       0.000007
457,   0.684000,     515.864015,    1445.382953,       0.000000,     515.864015,    1445.382953,       0.000000
458,   0.688000,     515.864015,    1445.382953,       0.000000,     515.864015,    1445.382953,       0.000000
459,   0.689000,     515.864015,    1445.382953,       0.000000,     515.864015,    1445.382953,       0.000007
460,   0.690000,     515.864015,    1445.382953,       0.000000,     515.864015,    1445.382953,       0.000007
461,   0.691000,     515.864015,    1445.382953,       0.000000,     515.864015,    1445.382953,       0.000000
462,   0.692000,     515.864015,    1445.382953,       0.000000,     515.864015,    1445.382953,       0.000007
463,   0.693000,     515.864015,    1445.382953,       0.000000,     515.864015,    1445.382953,       0.000000
464,   0.694000,     515.864015,    1445.382953,       0.000000,     515.864015,    1445.382953,       0.000007
465,   0.695000,     515.864015,    1445.382953,       0.000000,     515.864015,    1445.382953,       0.000000
466,   0.696000,     515.864015,    1445.382953,       0.000000,     515.864015,    1445.382953,       0.000007
467,   0.697000,     515.864015,    1445.382953,       0.000000,     515.864015,    1445.382953,       0.000000
468,   0.698000,     515.864015,    1445.382953,       0.000000,     515.864015,    1445.382953,       0.000000
469,   0.699000,     515.864015,    1445.382953,       0.000000,     515.864015,    1445.382953,       0.000007
470,   0.700000,     515.864015,    1445.382953,       0.000000,     515.864015,    1445.382953,       0.000000
471,   0.701000,     515.864015,    1445.382953,       0.000000,     515.864015,    1445.382953,       0.000000
472,   0.702000,     515.864015,    1445.382953,       0.000000,     515.864015,    1445.382953,       0.000007
473,   0.705000,     515.864015,    1445.382953,       0.000000,     515.864015,    1445.382953,       0.000007
474,   0.706000,     515.864015,    1445.382953,       0.000000,     515.864015,    1445.382953,       0.000000
475,   0.708000,     515.864015,    1445.382953,       0.000000,     515.864015,    1445.382953,       0.000000
476,   0.709000,     515.864015,    1445.382953,       0.000000,     515.864015,    1445.382953,       0.000007
477,   0.710000,     515.864015,    1445.382953,       0.000000,     515.864015,    1445.382953,       0.000000
478,   0.711000,     515.864015,    1445.382953,       0.000000,     515.864015,    1445.382953,       0.000007
479,   0.714000,     515.864015,    1445.382953,       0.000000,     515.864015,    1445.382953,       0.000007
480,   0.715000,     515.864015,    1445.382953,       0.000000,     515.864015,    1445.382953,       0.000000
481,   0.718000,     515.864015,    1445.382953,       0.000000,     515.864015,    1445.382953,       0.000000
482,   0.719000,     515.864015,    1445.382953,       0.000000,     515.864015,    1445.382953,       0.000007
483,   0.722000,     515.864015,    1445.382953,       0.000000,     515.864015,    1445.382953,       0.000007
484,   0.723000,     515.864015,    1445.382953,       0.000000,     515.864015,    1445.382953,       0.000000
485,   0.724000,     515.864015,    1445.382953,       0.000000,     515.864015,    1445.382953,       0.000007
486,   0.725000,     515.864015,    1445.382953,       0.000000,     515.864015,    1445.382953,       0.000000
487,   0.727000,     515.864015,    1445.382953,       0.000000,     515.864015,    1445.382953,       0.000000
488,   0.728000,     515.864015,    1445.382953,       0.000000,     515.864015,    1445.382953,       0.000007
489,   0.729000,     515.864015,    1445.382953,       0.000000,     515.864015,    1445.382953,       0.000000
490,   0.730000,     515.864015,    1445.382953,       0.000000,     515.864015,    1445.382953,       0.000007
491,   0.734000,     515.864015,    1445.382953,       0.000000,     515.864015,    1445.382953,       0.000007
492,   0.735000,     515.864015,    1445.382953,       0.000000,     515.864015,    1445.382953,       0.000000
493,   0.741000,     515.864015,    1445.382953,       0.000000,     515.864015,    1445.382953,       0.000000
494,   0.742000,     515.864015,    1445.382953,       0.000000,     515.864015,    1445.382953,       0.000007
495,   0.744000,     515.864015,    1445.382953,       0.000000,     515.864015,    1445.382953,       0.000007
496,   0.745000,     515.864015,    1445.382953,       0.000000,     515.864015,    1445.382953,       0.000000
497,   0.748000,     515.864015,    1445.382953,       0.000000,     515.864015,    1445.382953,       0.000000
498,   0.749000,     515.864015,    1445.382953,       0.000000,     515.864015,    1445.382953,       0.000007
499,   0.750000,     515.864015,    1445.382953,       0.000000,     515.864015,    1445.382953,       0.000007
500,   0.751000,     515.864015,    1445.382953,       0.000000,     515.864015,    1445.382953,       0.000000
501,   0.752000,     515.864015,    1445.382953,       0.000000,     515.864015,    1445.382953,       0.000007
502,   0.753000,     515.864015,    1445.382953,       0.000000,     515.864015,    1445.382953,       0.000007
503,   0.754000,     515.864015,    1445.382953,       0.000000,     515.864015,    1445.382953,       0.000000
504,   0.755000,     515.864015,    1445.382953,       0.000000,     515.864015,    1445.382953,       0.000007
505,   0.756000,     515.864015,    1445.382953,       0.000000,     515.864015,    1445.382953,       0.000007
506,   0.757000,     515.864015,    1445.382953,       0.000000,     515.864015,    1445.382953,       0.000000
507,   0.760000,     515.864015,    1445.382953,       0.000000,     515.864015,    1445.382953,       0.000000
508,   0.761000,     515.864015,    1445.382953,       0.000000,     515.864015,    1445.382953,       0.000007
509,   0.762000,     515.864015,    1445.382953,       0.000000,     515.864015,    1445.382953,       0.000007
510,   0.763000,     515.864015,    1445.382953,       0.000000,     515.864015,    1445.382953,       0.000000
511,   0.768000,     515.864015,    1445.382953,       0.000000,     515.864015,    1445.382953,       0.000000
512,   0.769000,     515.864015,    1445.382953,       0.000000,     515.864015,    1445.382953,       0.000007
513,   0.770000,     515.864015,    1445.382953,       0.000000,     515.864015,    1445.382953,       0.000000
514,   0.771000,     515.864015,    1445.382953,       0.000000,     515.864015,    1445.382953,       0.000000
515,   0.772000,     515.864015,    1445.382953,       0.000000,     515.864015,    1445.382953,       0.000007
516,   0.774000,     515.864015,    1445.382953,       0.000000,     515.864015,    1445.382953,       0.000007
517,   0.775000,     515.864015,    1445.382953,       0.000000,     515.864015,    1445.382953,       0.000000
518,   0.779000,     515.864015,    1445.382953,       0.000000,     515.864015,    1445.382953,       0.000000
519,   0.780000,     515.864015,    1445.382953,       0.000000,     515.864015,    1445.382953,       0.000007
520,   0.781000,     515.864015,    1445.382953,       0.000000,     515.864015,    1445.382953,       0.000000
521,   0.782000,     515.864015,    1445.382953,       0.000000,     515.864015,    1445.382953,       0.000007
522,   0.784000,     515.864015,    1445.382953,       0.000000,     515.864015,    1445.382953,       0.000007
523,   0.785000,     515.864015,    1445.382953,       0.000000,     515.864015,    1445.382953,       0.000000
524,   0.791000,     515.864015,    1445.382953,       0.000000,     515.864015,    1445.382953,       0.000000
525,   0.792000,     515.864015,    1445.382953,       0.000000,     515.864015,    1445.382953,       0.000007
526,   0.794000,     515.864015,    1445.382953,       0.000000,     515.864015,    1445.382953,       0.000007
527,   0.795000,     515.864015,    1445.382953,       0.000000,     515.864015,    1445.382953,       0.000000
528,   0.797000,     515.864015,    1445.382953,       0.000000,     515.864015,    1445.382953,       0.000000
529,   0.798000,     515.864015,    1445.382953,       0.000000,     515.864015,    1445.382953,       0.000007
530,   0.799000,     515.864015,    1445.382953,       0.000000,     515.864015,    1445.382953,       0.000000
531,   0.801000,     515.864015,    1445.382953,       0.000000,     515.864015,    1445.382953,       0.000000
532,   0.802000,     515.864015,    1445.382953,       0.000000,     515.864015,    1445.382953,       0.000007
533,   0.805000,     515.864015,    1445.382953,       0.000000,     515.864015,    1445.382953,       0.000007
534,   0.806000,     515.864015,    1445.382953,       0.000000,     515.864015,    1445.382953,       0.000000
535,   0.807000,     515.864015,    1445.382953,       0.000000,     515.864015,    1445.382953,       0.000000
536,   0.808000,     515.864015,    1445.382953,       0.000000,     515.864015,    1445.382953,       0.000007
537,   0.809000,     515.864015,    1445.382953,       0.000000,     515.864015,    1445.382953,       0.000000
538,   0.810000,     515.864015,    1445.382953,       0.000000,     515.864015,    1445.382953,       0.000007
539,   0.815000,     515.864015,    1445.382953,       0.000000,     515.864015,    1445.382953,       0.000007
540,   0.816000,     515.864015,    1445.382953,       0.000000,     515.864015,    1445.382953,       0.000000
541,   0.817000,     515.864015,    1445.382953,       0.000000,     515.864015,    1445.382953,       0.000007
542,   0.818000,     515.864015,    1445.382953,       0.000000,     515.864015,    1445.382953,       0.000000
543,   0.819000,     515.864015,    1445.382953,       0.000000,     515.864015,    1445.382953,       0.000007
544,   0.820000,     515.864015,    1445.382953,       0.000000,     515.864015,    1445.382953,       0.000000
545,   0.821000,     515.864015,    1445.382953,       0.000000,     515.864015,    1445.382953,       0.000007
546,   0.825000,     515.864015,    1445.382953,       0.000000,     515.864015,    1445.382953,       0.000007
547,   0.826000,     515.864015,    1445.382953,       0.000000,     515.864015,    1445.382953,       0.000000
548,   0.827000,     515.864015,    1445.382953,       0.000000,     515.864015,    1445.382953,       0.000000
549,   0.828000,     515.864015,    1445.382953,       0.000000,     515.864015,    1445.382953,       0.000007
550,   0.829000,     515.864015,    1445.382953,       0.000000,     515.864015,    1445.382953,       0.000007
551,   0.830000,     515.864015,    1445.382953,       0.000000,     515.864015,    1445.382953,       0.000000
552,   0.831000,     515.864015,    1445.382953,       0.000000,     515.864015,    1445.382953,       0.000007
553,   0.832000,     515.864015,    1445.382953,       0.000000,     515.864015,    1445.382953,       0.000007
554,   0.833000,     515.864015,    1445.382953,       0.000000,     515.864015,    1445.382953,       0.000000
555,   0.837000,     515.864015,    1445.382953,       0.000000,     515.864015,    1445.382953,       0.000000
556,   0.838000,     515.864015,    1445.382953,       0.000000,     515.864015,    1445.382953,       0.000007
557,   0.839000,     515.864015,    1445.382953,       0.000000,     515.864015,    1445.382953,       0.000007
558,   0.840000,     515.864015,    1445.382953,       0.000000,     515.864015,    1445.382953,       0.000000
559,   0.841000,     515.864015,    1445.382953,       0.000000,     515.864015,    1445.382953,       0.000007
560,   0.843000,     515.864015,    1445.382953,       0.000000,     515.864015,    1445.382953,       0.000007
561,   0.844000,     515.864015,    1445.382953,       0.000000,     515.864015,    1445.382953,       0.000000
562,   0.848000,     515.864015,    1445.382953,       0.000000,     515.864015,    1445.382953,       0.000000
563,   0.849000,     515.864015,    1445.382953,       0.000000,     515.864015,    1445.382953,       0.000007
564,   0.852000,     515.864015,    1445.382953,       0.000000,     515.864015,    1445.382953,       0.000007
565,   0.853000,     515.864015,    1445.382953,       0.000000,     515.864015,    1445.382953,       0.000000
566,   0.854000,     515.864015,    1445.382953,       0.000000,     515.864015,    1445.382953,       0.000007
567,   0.855000,     515.864015,    1445.382953,       0.000000,     515.864015,    1445.382953,       0.000000
568,   0.857000,     515.864015,    1445.382953,       0.000000,     515.864015,    1445.382953,       0.000000
569,   0.858000,     515.864015,    1445.382953,       0.000000,     515.864015,    1445.382953,       0.000007
570,   0.859000,     515.864015,    1445.382953,       0.000000,     515.864015,    1445.382953,       0.000000
571,   0.860000,     515.864015,    1445.382953,       0.000000,     515.864015,    1445.382953,       0.000007
572,   0.861000,     515.864015,    1445.382953,       0.000000,     515.864015,    1445.382953,       0.000000
573,   0.862000,     515.864015,    1445.382953,       0.000000,     515.864015,    1445.382953,       0.000007
574,   0.863000,     515.864015,    1445.382953,       0.000000,     515.864015,    1445.382953,       0.000000
575,   0.866000,     515.864015,    1445.382953,       0.000000,     515.864015,    1445.382953,       0.000000
576,   0.867000,     515.864015,    1445.382953,       0.000000,     515.864015,    1445.382953,       0.000007
577,   0.868000,     515.864015,    1445.382953,       0.000000,     515.864015,    1445.382953,       0.000007
578,   0.869000,     515.864015,    1445.382953,       0.000000,     515.864015,    1445.382953,       0.000000
579,   0.870000,     515.864015,    1445.382953,       0.000000,     515.864015,    1445.382953,       0.000007
580,   0.871000,     515.864015,    1445.382953,       0.000000,     515.864015,    1445.382953,       0.000000
581,   0.872000,     515.864015,    1445.382953,       0.000000,     515.864015,    1445.382953,       0.000007
582,   0.873000,     515.864015,    1445.382953,       0.000000,     515.864015,    1445.382953,       0.000000
583,   0.874000,     515.864015,    1445.382953,       0.000000,     515.864015,    1445.382953,       0.000007
584,   0.876000,     515.864015,    1445.382953,       0.000000,     515.864015,    1445.382953,       0.000007
585,   0.877000,     515.864015,    1445.382953,       0.000000,     515.864015,    1445.382953,       0.000000
586,   0.881000,     515.864015,    1445.382953,       0.000000,     515.864015,    1445.382953,       0.000000
587,   0.882000,     515.864015,    1445.382953,       0.000000,     515.864015,    1445.382953,       0.000007
588,   0.884000,     515.864015,    1445.382953,       0.000000,     515.864015,    1445.382953,       0.000007
589,   0.885000,     515.864015,    1445.382953,       0.000000,     515.864015,    1445.382953,       0.000000
590,   0.889000,     515.864015,    1445.382953,       0.000000,     515.864015,    1445.382953,       0.000000
591,   0.890000,     515.864015,    1445.382953,       0.000000,     515.864015,    1445.382953,       0.000007
592,   0.891000,     515.864015,    1445.382953,       0.000000,     515.864015,    1445.382953,       0.000000
593,   0.892000,     515.864015,    1445.382953,       0.000000,     515.864015,    1445.382953,       0.000007
594,   0.893000,     515.864015,    1445.382953,       0.000000,     515.864015,    1445.382953,       0.000000
595,   0.894000,     515.864015,    1445.382953,       0.000000,     515.864015,    1445.382953,       0.000007
596,   0.895000,     515.864015,    1445.382953,       0.000000,     515.864015,    1445.382953,       0.000000
597,   0.896000,     515.864015,    1445.382953,       0.000000,     515.864015,    1445.382953,       0.000007
598,   0.897000,     515.864015,    1445.382953,       0.000000,     515.864015,    1445.382953,       0.000000
599,   0.901000,     515.864015,    1445.382953,       0.000000,     515.864015,    1445.382953,       0.000000
600,   0.902000,     515.864015,    1445.382953,       0.000000,     515.864015,    1445.382953,       0.000007
601,   0.903000,     515.864015,    1445.382953,       0.000000,     515.864015,    1445.382953,       0.000000
602,   0.905000,     515.864015,    1445.382953,       0.000000,     515.864015,    1445.382953,       0.000000
603,   0.906000,     515.864015,    1445.382953,       0.000000,     515.864015,    1445.382953,       0.000007
604,   0.907000,     515.864015,    1445.382953,       0.000000,     515.864015,    1445.382953,       0.000000
605,   0.909000,     515.864015,    1445.382953,       0.000000,     515.864015,    1445.382953,       0.000000
606,   0.910000,     515.864015,    1445.382953,       0.000000,     515.864015,    1445.382953,       0.000007
607,   0.914000,     515.864015,    1445.382953,       0.000000,     515.864015,    1445.382953,       0.000007
608,   0.915000,     515.864015,    1445.382953,       0.000000,     515.864015,    1445.382953,       0.000000
609,   0.918000,     515.864015,    1445.382953,       0.000000,     515.864015,    1445.382953,       0.000000
610,   0.919000,     515.864015,    1445.382953,       0.000000,     515.864015,    1445.382953,       0.000007
611,   0.920000,     515.864015,    1445.382953,       0.000000,     515.864015,    1445.382953,       0.000000
612,   0.921000,     515.864015,    1445.382953,       0.000000,     515.864015,    1445.382953,       0.000000
613,   0.922000,     515.864015,    1445.382953,       0.000000,     515.864015,    1445.382953,       0.000007
614,   0.924000,     515.864015,    1445.382953,       0.000000,     515.864015,    1445.382953,       0.000007
615,   0.925000,     515.864015,    1445.382953,       0.000000,     515.864015,    1445.382953,       0.000000
616,   0.929000,     515.864015,    1445.382953,       0.000000,     515.864015,    1445.382953,       0.000000
617,   0.930000,     515.864015,    1445.382953,       0.000000,     515.864015,    1445.382953,       0.000007
618,   0.936000,     515.864015,    1445.382953,       0.000000,     515.864015,    1445.382953,       0.000007
619,   0.937000,     515.864015,    1445.382953,       0.000000,     515.864015,    1445.382953,       0.000000
620,   0.939000,     515.864015,    1445.382953,       0.000000,     515.864015,    1445.382953,       0.000000
621,   0.940000,     515.864015,    1445.382953,       0.000000,     515.864015,    1445.382953,       0.000007
622,   0.941000,     515.864015,    1445.382953,       0.000000,     515.864015,    1445.382953,       0.000000
623,   0.942000,     515.864015,    1445.382953,       0.000000,     515.864015,    1445.382953,       0.000007
624,   0.943000,     515.864015,    1445.382953,       0.000000,     515.864015,    1445.382953,       0.000007
625,   0.944000,     515.864015,    1445.382953,       0.000000,     515.864015,    1445.382953,       0.000000
626,   0.945000,     515.864015,    1445.382953,       0.000000,     515.864015,    1445.382953,       0.000007
627,   0.947000,     515.864015,    1445.382953,       0.000000,     515.864015,    1445.382953,       0.000007
628,   0.948000,     515.864015,    1445.382953,       0.000000,     515.864015,    1445.382953,       0.000000
629,   0.950000,     515.864015,    1445.382953,       0.000000,     515.864015,    1445.382953,       0.000000
630,   0.951000,     515.864015,    1445.382953,       0.000000,     515.864015,    1445.382953,       0.000007
631,   0.952000,     515.864015,    1445.382953,       0.000000,     515.864015,    1445.382953,       0.000000
632,   0.953000,     515.864015,    1445.382953,       0.000000,     515.864015,    1445.382953,       0.000007
633,   0.955000,     515.864015,    1445.382953,       0.000000,     515.864015,    1445.382953,       0.000007
634,   0.956000,     515.864015,    1445.382953,       0.000000,     515.864015,    1445.382953,       0.000000
635,   0.957000,     515.864015,    1445.382953,       0.000000,     515.864015,    1445.382953,       0.000007
636,   0.958000,     515.864015,    1445.382953,       0.000000,     515.864015,    1445.382953,       0.000000
637,   0.960000,     515.864015,    1445.382953,       0.000000,     515.864015,    1445.382953,       0.000000
638,   0.961000,     515.864015,    1445.382953,       0.000000,     515.864015,    1445.382953,       0.000007
639,   0.962000,     515.864015,    1445.382953,       0.000000,     515.864015,    1445.382953,       0.000007
640,   0.963000,     515.864015,    1445.382953,       0.000000,     515.864015,    1445.382953,       0.000000
641,   0.964000,     515.864015,    1445.382953,       0.000000,     515.864015,    1445.382953,       0.000007
642,   0.965000,     515.864015,    1445.382953,       0.000000,     515.864015,    1445.382953,       0.000000
643,   0.970000,     515.864015,    1445.382953,       0.000000,     515.864015,    1445.382953,       0.000000
644,   0.971000,     515.864015,    1445.382953,       0.000000,     515.864015,    1445.382953,       0.000007
645,   0.972000,     515.864015,    1445.382953,       0.000000,     515.864015,    1445.382953,       0.000000
646,   0.973000,     515.864015,    1445.382953,       0.000000,     515.864015,    1445.382953,       0.000007
647,   0.974000,     515.864015,    1445.382953,       0.000000,     515.864015,    1445.382953,       0.000000
648,   0.980000,     515.864015,    1445.382953,       0.000000,     515.864015,    1445.382953,       0.000000
649,   0.981000,     515.864015,    1445.382953,       0.000000,     515.864015,    1445.382953,       0.000007
650,   0.984000,     515.864015,    1445.382953,       0.000000,     515.864015,    1445.382953,       0.000007
651,   0.985000,     515.864015,    1445.382953,       0.000000,     515.864015,    1445.382953,       0.000000
652,   0.990000,     515.864015,    1445.382953,       0.000000,     515.864015,    1445.382953,       0.000000
653,   0.991000,     515.864015,    1445.382953,       0.000000,     515.864015,    1445.382953,       0.000007
654,   0.992000,     515.864015,    1445.382953,       0.000000,     515.864015,    1445.382953,       0.000000
655,   0.993000,     515.864015,    1445.382953,       0.000000,     515.864015,    1445.382953,       0.000007
656,   0.994000,     515.864015,    1445.382953,       0.000000,     515.864015,    1445.382953,       0.000007
657,   0.995000,     515.864015,    1445.382953,       0.000000,     515.864015,    1445.382953,       0.000000
658,   0.999000,     515.864015,    1445.382953,       0.000000,     515.864015,    1445.382953,       0.000000
659,   1.000000,     515.864015,    1445.382953,       0.000000,     515.864015,    1445.382953,       0.000000
660,   1.001000,     515.864015,    1445.382953,       0.000000,     515.864015,    1445.382953,       0.000000
661,   1.002000,     515.864015,    1445.382953,       0.000000,     515.864015,    1445.382953,       0.000007
662,   1.004000,     515.864015,    1445.382953,       0.000000,     515.864015,    1445.382953,       0.000007
663,   1.005000,     515.864015,    1445.382953,       0.000000,     515.864015,    1445.382953,       0.000000
664,   1.009000,     515.864015,    1445.382953,       0.000000,     515.864015,    1445.382953,       0.000000
665,   1.010000,     515.864015,    1445.382953,       0.000000,     515.864015,    1445.382953,       0.000007
666,   1.012000,     515.864015,    1445.382953,       0.000000,     515.864015,    1445.382953,       0.000007
667,   1.013000,     515.864015,    1445.382953,       0.000000,     515.864015,    1445.382953,       0.000000
668,   1.014000,     515.864015,    1445.382953,       0.000000,     515.864015,    1445.382953,       0.000007
669,   1.015000,     515.864015,    1445.382953,       0.000000,     515.864015,    1445.382953,       0.000007
670,   1.016000,     515.864015,    1445.382953,       0.000000,     515.864015,    1445.382953,       0.000000
671,   1.018000,     515.864015,    1445.382953,       0.000000,     515.864015,    1445.382953,       0.000000
672,   1.019000,     515.864015,    1445.382953,       0.000000,     515.864015,    1445.382953,       0.000007
673,   1.020000,     515.864015,    1445.382953,       0.000000,     515.864015,    1445.382953,       0.000000
674,   1.021000,     515.864015,    1445.382953,       0.000000,     515.864015,    1445.382953,       0.000007
675,   1.022000,     515.864015,    1445.382953,       0.000000,     515.864015,    1445.382953,       0.000007
676,   1.023000,     515.864015,    1445.382953,       0.000000,     515.864015,    1445.382953,       0.000000
677,   1.026000,     515.864015,    1445.382953,       0.000000,     515.864015,    1445.382953,       0.000000
678,   1.027000,     515.864015,    1445.382953,       0.000000,     515.864015,    1445.382953,       0.000007
679,   1.028000,     515.864015,    1445.382953,       0.000000,     515.864015,    1445.382953,       0.000007
680,   1.029000,     515.864015,    1445.382953,       0.000000,     515.864015,    1445.382953,       0.000000
681,   1.035000,     515.864015,    1445.382953,       0.000000,     515.864015,    1445.382953,       0.000000
682,   1.036000,     515.864015,    1445.382953,       0.000000,     515.864015,    1445.382953,       0.000007
683,   1.037000,     515.864015,    1445.382953,       0.000000,     515.864015,    1445.382953,       0.000000
684,   1.038000,     515.864015,    1445.382953,       0.000000,     515.864015,    1445.382953,       0.000000
685,   1.039000,     515.864015,    1445.382953,       0.000000,     515.864015,    1445.382953,       0.000007
686,   1.040000,     515.864015,    1445.382953,       0.000000,     515.864015,    1445.382953,       0.000000
687,   1.041000,     515.864015,    1445.382953,       0.000000,     515.864015,    1445.382953,       0.000007
688,   1.042000,     515.864015,    1445.382953,       0.000000,     515.864015,    1445.382953,       0.000000
689,   1.043000,     515.864015,    1445.382953,       0.000000,     515.864015,    1445.382953,       0.000007
690,   1.044000,     515.864015,    1445.382953,       0.000000,     515.864015,    1445.382953,       0.000000
691,   1.047000,     515.864015,    1445.382953,       0.000000,     515.864015,    1445.382953,       0.000000
692,   1.048000,     515.864015,    1445.382953,       0.000000,     515.864015,    1445.382953,       0.000007
693,   1.050000,     515.864015,    1445.382953,       0.000000,     515.864015,    1445.382953,       0.000007
694,   1.051000,     515.864015,    1445.382953,       0.000000,     515.864015,    1445.382953,       0.000000
695,   1.054000,     515.864015,    1445.382953,       0.000000,     515.864015,    1445.382953,       0.000000
696,   1.055000,     515.864015,    1445.382953,       0.000000,     515.864015,    1445.382953,       0.000007
697,   1.056000,     515.864015,    1445.382953,       0.000000,     515.864015,    1445.382953,       0.000000
698,   1.068000,     515.864015,    1445.382953,       0.000000,     515.864015,    1445.382953,       0.000000
699,   1.069000,     515.864015,    1445.382953,       0.000000,     515.864015,    1445.382953,       0.000007
700,   1.070000,     515.864015,    1445.382953,       0.000000,     515.864015,    1445.382953,       0.000007
701,   1.071000,     515.864015,    1445.382953,       0.000000,     515.864015,    1445.382953,       0.000000
702,   1.072000,     515.864015,    1445.382953,       0.000000,     515.864015,    1445.382953,       0.000007
703,   1.073000,     515.864015,    1445.382953,       0.000000,     515.864015,    1445.382953,       0.000000
704,   1.076000,     515.864015,    1445.382953,       0.000000,     515.864015,    1445.382953,       0.000000
705,   1.077000,     515.864015,    1445.382953,       0.000000,     515.864015,    1445.382953,       0.000007
706,   1.078000,     515.864015,    1445.382953,       0.000000,     515.864015,    1445.382953,       0.000000
707,   1.081000,     515.864015,    1445.382953,       0.000000,     515.864015,    1445.382953,       0.000000
708,   1.082000,     515.864015,    1445.382953,       0.000000,     515.864015,    1445.382953,       0.000007
709,   1.083000,     515.864015,    1445.382953,       0.000000,     515.864015,    1445.382953,       0.000000
710,   1.084000,     515.864015,    1445.382953,       0.000000,     515.864015,    1445.382953,       0.000000
711,   1.085000,     515.864015,    1445.382953,       0.000000,     515.864015,    1445.382953,       0.000007
712,   1.086000,     515.864015,    1445.382953,       0.000000,     515.864015,    1445.382953,       0.000000
713,   1.088000,     515.864015,    1445.382953,       0.000000,     515.864015,    1445.382953,       0.000000
714,   1.089000,     515.864015,    1445.382953,       0.000000,     515.864015,    1445.382953,       0.000007
715,   1.090000,     515.864015,    1445.382953,       0.000000,     515.864015,    1445.382953,       0.000007
716,   1.091000,     515.864015,    1445.382953,       0.000000,     515.864015,    1445.382953,       0.000000
717,   1.093000,     515.864015,    1445.382953,       0.000000,     515.864015,    1445.382953,       0.000000
718,   1.094000,     515.864015,    1445.382953,       0.000000,     515.864015,    1445.382953,       0.000007
719,   1.095000,     515.864015,    1445.382953,       0.000000,     515.864015,    1445.382953,       0.000000
720,   1.100000,     515.864015,    1445.382953,       0.000000,     515.864015,    1445.382953,       0.000000
721,   1.101000,     515.864015,    1445.382953,       0.000000,     515.864015,    1445.382953,       0.000007
722,   1.102000,     515.864015,    1445.382953,       0.000000,     515.864015,    1445.382953,       0.000007
723,   1.103000,     515.864015,    1445.382953,       0.000000,     515.864015,    1445.382953,       0.000000
724,   1.105000,     515.864015,    1445.382953,       0.000000,     515.864015,    1445.382953,       0.000000
725,   1.106000,     515.864015,    1445.382953,       0.000000,     515.864015,    1445.382953,       0.000007
726,   1.107000,     515.864015,    1445.382953,       0.000000,     515.864015,    1445.382953,       0.000000
727,   1.108000,     515.864015,    1445.382953,       0.000000,     515.864015,    1445.382953,       0.000007
728,   1.109000,     515.864015,    1445.382953,       0.000000,     515.864015,    1445.382953,       0.000000
729,   1.110000,     515.864015,    1445.382953,       0.000000,     515.864015,    1445.382953,       0.000007
730,   1.111000,     515.864015,    1445.382953,       0.000000,     515.864015,    1445.382953,       0.000007
731,   1.112000,     515.864015,    1445.382953,       0.000000,     515.864015,    1445.382953,       0.000000
732,   1.113000,     515.864015,    1445.382953,       0.000000,     515.864015,    1445.382953,       0.000007
733,   1.114000,     515.864015,    1445.382953,       0.000000,     515.864015,    1445.382953,       0.000007
734,   1.115000,     515.864015,    1445.382953,       0.000000,     515.864015,    1445.382953,       0.000000
735,   1.116000,     515.864015,    1445.382953,       0.000000,     515.864015,    1445.382953,       0.000007
736,   1.117000,     515.864015,    1445.382953,       0.000000,     515.864015,    1445.382953,       0.000000
737,   1.118000,     515.864015,    1445.382953,       0.000000,     515.864015,    1445.382953,       0.000000
738,   1.119000,     515.864015,    1445.382953,       0.000000,     515.864015,    1445.382953,       0.000007
739,   1.120000,     515.864015,    1445.382953,       0.000000,     515.864015,    1445.382953,       0.000007
740,   1.121000,     515.864015,    1445.382953,       0.000000,     515.864015,    1445.382953,       0.000000
741,   1.124000,     515.864015,    1445.382953,       0.000000,     515.864015,    1445.382953,       0.000000
742,   1.125000,     515.864015,    1445.382953,       0.000000,     515.864015,    1445.382953,       0.000007
743,   1.126000,     515.864015,    1445.382953,       0.000000,     515.864015,    1445.382953,       0.000000
744,   1.128000,     515.864015,    1445.382953,       0.000000,     515.864015,    1445.382953,       0.000000
745,   1.129000,     515.864015,    1445.382953,       0.000000,     515.864015,    1445.382953,       0.000007
746,   1.130000,     515.864015,    1445.382953,       0.000000,     515.864015,    1445.382953,       0.000000
747,   1.131000,     515.864015,    1445.382953,       0.000000,     515.864015,    1445.382953,       0.000007
748,   1.132000,     515.864015,    1445.382953,       0.000000,     515.864015,    1445.382953,       0.000000
749,   1.133000,     515.864015,    1445.382953,       0.000000,     515.864015,    1445.382953,       0.000000
750,   1.134000,     515.864015,    1445.382953,       0.000000,     515.864015,    1445.382953,       0.000007
751,   1.135000,     515.864015,    1445.382953,       0.000000,     515.864015,    1445.382953,       0.000000
752,   1.140000,     515.864015,    1445.382953,       0.000000,     515.864015,    1445.382953,       0.000000
753,   1.141000,     515.864015,    1445.382953,       0.000000,     515.864015,    1445.382953,       0.000007
754,   1.142000,     515.864015,    1445.382953,       0.000000,     515.864015,    1445.382953,       0.000000
755,   1.155000,     515.864015,    1445.382953,       0.000000,     515.864015,    1445.382953,       0.000000
756,   1.156000,     515.864015,    1445.382953,       0.000000,     515.864015,    1445.382953,       0.000007
757,   1.157000,     515.864015,    1445.382953,       0.000000,     515.864015,    1445.382953,       0.000000
758,   1.160000,     515.864015,    1445.382953,       0.000000,     515.864015,    1445.382953,       0.000000
759,   1.161000,     515.864015,    1445.382953,       0.000000,     515.864015,    1445.382953,       0.000007
760,   1.162000,     515.864015,    1445.382953,       0.000000,     515.864015,    1445.382953,       0.000000
761,   1.163000,     515.864015,    1445.382953,       0.000000,     515.864015,    1445.382953,       0.000007
762,   1.164000,     515.864015,    1445.382953,       0.000000,     515.864015,    1445.382953,       0.000000
763,   1.165000,     515.864015,    1445.382953,       0.000000,     515.864015,    1445.382953,       0.000000
764,   1.166000,     515.864015,    1445.382953,       0.000000,     515.864015,    1445.382953,       0.000007
765,   1.167000,     515.864015,    1445.382953,       0.000000,     515.864015,    1445.382953,       0.000000
766,   1.177000,     515.864015,    1445.382953,       0.000000,     515.864015,    1445.382953,       0.000000
767,   1.178000,     515.864015,    1445.382953,       0.000000,     515.864015,    1445.382953,       0.000007
768,   1.179000,     515.864015,    1445.382953,       0.000000,     515.864015,    1445.382953,       0.000000
769,   1.180000,     515.864015,    1445.382953,       0.000000,     515.864015,    1445.382953,       0.000000
770,   1.181000,     515.864015,    1445.382953,       0.000000,     515.864015,    1445.382953,       0.000007
771,   1.182000,     515.864015,    1445.382953,       0.000000,     515.864015,    1445.382953,       0.000007
772,   1.183000,     515.864015,    1445.382953,       0.000000,     515.864015,    1445.382953,       0.000000
773,   1.184000,     515.864015,    1445.382953,       0.000000,     515.864015,    1445.382953,       0.000000
774,   1.185000,     515.864015,    1445.382953,       0.000000,     515.864015,    1445.382953,       0.000007
775,   1.186000,     515.864015,    1445.382953,       0.000000,     515.864015,    1445.382953,       0.000000
776,   1.190000,     515.864015,    1445.382953,       0.000000,     515.864015,    1445.382953,       0.000000
777,   1.191000,     515.864015,    1445.382953,       0.000000,     515.864015,    1445.382953,       0.000007
778,   1.194000,     515.864015,    1445.382953,       0.000000,     515.864015,    1445.382953,       0.000007
779,   1.195000,     515.864015,    1445.382953,       0.000000,     515.864015,    1445.382953,       0.000000
780,   1.197000,     515.864015,    1445.382953,       0.000000,     515.864015,    1445.382953,       0.000000
781,   1.198000,     515.864015,    1445.382953,       0.000000,     515.864015,    1445.382953,       0.000007
782,   1.199000,     515.864015,    1445.382953,       0.000000,     515.864015,    1445.382953,       0.000000
783,   1.205000,     515.864015,    1445.382953,       0.000000,     515.864015,    1445.382953,       0.000000
784,   1.206000,     515.864015,    1445.382953,       0.000000,     515.864015,    1445.382953,       0.000007
785,   1.207000,     515.864015,    1445.382953,       0.000000,     515.864015,    1445.382953,       0.000007
786,   1.208000,     515.864015,    1445.382953,       0.000000,     515.864015,    1445.382953,       0.000000
787,   1.209000,     515.864015,    1445.382953,       0.000000,     515.864015,    1445.382953,       0.000007
788,   1.210000,     515.864015,    1445.382953,       0.000000,     515.864015,    1445.382953,       0.000000
789,   1.216000,     515.864015,    1445.382953,       0.000000,     515.864015,    1445.382953,       0.000000
790,   1.217000,     515.864015,    1445.382953,       0.000000,     515.864015,    1445.382953,       0.000007
791,   1.218000,     515.864015,    1445.382953,       0.000000,     515.864015,    1445.382953,       0.000000
792,   1.223000,     515.864015,    1445.382953,       0.000000,     515.864015,    1445.382953,       0.000000
793,   1.224000,     515.864015,    1445.382953,       0.000000,     515.864015,    1445.382953,       0.000007
794,   1.225000,     515.864015,    1445.382953,       0.000000,     515.864015,    1445.382953,       0.000000
795,   1.226000,     515.864015,    1445.382953,       0.000000,     515.864015,    1445.382953,       0.000007
796,   1.227000,     515.864015,    1445.382953,       0.000000,     515.864015,    1445.382953,       0.000000
797,   1.228000,     515.864015,    1445.382953,       0.000000,     515.864015,    1445.382953,       0.000000
798,   1.229000,     515.864015,    1445.382953,       0.000000,     515.864015,    1445.382953,       0.000007
799,   1.230000,     515.864015,    1445.382953,       0.000000,     515.864015,    1445.382953,       0.000000
800,   1.238000,     515.864015,    1445.382953,       0.000000,     515.864015,    1445.382953,       0.000000
801,   1.239000,     515.864015,    1445.382953,       0.000000,     515.864015,    1445.382953,       0.000007
802,   1.240000,     515.864015,    1445.382953,       0.000000,     515.864015,    1445.382953,       0.000000
803,   1.241000,     515.864015,    1445.382953,       0.000000,     515.864015,    1445.382953,       0.000007
804,   1.242000,     515.864015,    1445.382953,       0.000000,     515.864015,    1445.382953,       0.000000
805,   1.244000,     515.864015,    1445.382953,       0.000000,     515.864015,    1445.382953,       0.000000
806,   1.245000,     515.864015,    1445.382953,       0.000000,     515.864015,    1445.382953,       0.000007
807,   1.246000,     515.864015,    1445.382953,       0.000000,     515.864015,    1445.382953,       0.000000
808,   1.247000,     515.864015,    1445.382953,       0.000000,     515.864015,    1445.382953,       0.000007
809,   1.248000,     515.864015,    1445.382953,       0.000000,     515.864015,    1445.382953,       0.000000
810,   1.249000,     515.864015,    1445.382953,       0.000000,     515.864015,    1445.382953,       0.000007
811,   1.250000,     515.864015,    1445.382953,       0.000000,     515.864015,    1445.382953,       0.000000
812,   1.251000,     515.864015,    1445.382953,       0.000000,     515.864015,    1445.382953,       0.000007
813,   1.252000,     515.864015,    1445.382953,       0.000000,     515.864015,    1445.382953,       0.000000
814,   1.256000,     515.864015,    1445.382953,       0.000000,     515.864015,    1445.382953,       0.000000
815,   1.257000,     515.864015,    1445.382953,       0.000000,     515.864015,    1445.382953,       0.000007
816,   1.259000,     515.864015,    1445.382953,       0.000000,     515.864015,    1445.382953,       0.000007
817,   1.260000,     515.864015,    1445.382953,       0.000000,     515.864015,    1445.382953,       0.000000
818,   1.261000,     515.864015,    1445.382953,       0.000000,     515.864015,    1445.382953,       0.000007
819,   1.262000,     515.864015,    1445.382953,       0.000000,     515.864015,    1445.382953,       0.000000
820,   1.263000,     515.864015,    1445.382953,       0.000000,     515.864015,    1445.382953,       0.000000
821,   1.264000,     515.864015,    1445.382953,       0.000000,     515.864015,    1445.382953,       0.000007
822,   1.265000,     515.864015,    1445.382953,       0.000000,     515.864015,    1445.382953,       0.000000
823,   1.267000,     515.864015,    1445.382953,       0.000000,     515.864015,    1445.382953,       0.000000
824,   1.268000,     515.864015,    1445.382953,       0.000000,     515.864015,    1445.382953,       0.000007
825,   1.269000,     515.864015,    1445.382953,       0.000000,     515.864015,    1445.382953,       0.000000
826,   1.270000,     515.864015,    1445.382953,       0.000000,     515.864015,    1445.382953,       0.000000
827,   1.271000,     515.864015,    1445.382953,       0.000000,     515.864015,    1445.382953,       0.000007
828,   1.272000,     515.864015,    1445.382953,       0.000000,     515.864015,    1445.382953,       0.000000
829,   1.273000,     515.864015,    1445.382953,       0.000000,     515.864015,    1445.382953,       0.000007
830,   1.274000,     515.864015,    1445.382953,       0.000000,     515.864015,    1445.382953,       0.000000
831,   1.275000,     515.864015,    1445.382953,       0.000000,     515.864015,    1445.382953,       0.000007
832,   1.276000,     515.864015,    1445.382953,       0.000000,     515.864015,    1445.382953,       0.000000
833,   1.277000,     515.864015,    1445.382953,       0.000000,     515.864015,    1445.382953,       0.000000
834,   1.278000,     515.864015,    1445.382953,       0.000000,     515.864015,    1445.382953,       0.000007
835,   1.279000,     515.864015,    1445.382953,       0.000000,     515.864015,    1445.382953,       0.000000
836,   1.280000,     515.864015,    1445.382953,       0.000000,     515.864015,    1445.382953,       0.000000
837,   1.281000,     515.864015,    1445.382953,       0.000000,     515.864015,    1445.382953,       0.000007
838,   1.282000,     515.864015,    1445.382953,       0.000000,     515.864015,    1445.382953,       0.000000
839,   1.283000,     515.864015,    1445.382953,       0.000000,     515.864015,    1445.382953,       0.000007
840,   1.284000,     515.864015,    1445.382953,       0.000000,     515.864015,    1445.382953,       0.000000
841,   1.285000,     515.864015,    1445.382953,       0.000000,     515.864015,    1445.382953,       0.000000
842,   1.286000,     515.864015,    1445.382953,       0.000000,     515.864015,    1445.382953,       0.000007
843,   1.287000,     515.864015,    1445.382953,       0.000000,     515.864015,    1445.382953,       0.000000
844,   1.290000,     515.864015,    1445.382953,       0.000000,     515.864015,    1445.382953,       0.000000
845,   1.291000,     515.864015,    1445.382953,       0.000000,     515.864015,    1445.382953,       0.000007
846,   1.292000,     515.864015,    1445.382953,       0.000000,     515.864015,    1445.382953,       0.000000
847,   1.293000,     515.864015,    1445.382953,       0.000000,     515.864015,    1445.382953,       0.000007
848,   1.294000,     515.864015,    1445.382953,       0.000000,     515.864015,    1445.382953,       0.000000
849,   1.298000,     515.864015,    1445.382953,       0.000000,     515.864015,    1445.382953,       0.000000
850,   1.299000,     515.864015,    1445.382953,       0.000000,     515.864015,    1445.382953,       0.000007
851,   1.300000,     515.864015,    1445.382953,       0.000000,     515.864015,    1445.382953,       0.000000
852,   1.302000,     515.864015,    1445.382953,       0.000000,     515.864015,    1445.382953,       0.000000
853,   1.303000,     515.864015,    1445.382953,       0.000000,     515.864015,    1445.382953,       0.000007
854,   1.304000,     515.864015,    1445.382953,       0.000000,     515.864015,    1445.382953,       0.000000
855,   1.305000,     515.864015,    1445.382953,       0.000000,     515.864015,    1445.382953,       0.000007
856,   1.306000,     515.864015,    1445.382953,       0.000000,     515.864015,    1445.382953,       0.000007
857,   1.307000,     515.864015,    1445.382953,       0.000000,     515.864015,    1445.382953,       0.000000
858,   1.308000,     515.864015,    1445.382953,       0.000000,     515.864015,    1445.382953,       0.000000
859,   1.309000,     515.864015,    1445.382953,       0.000000,     515.864015,    1445.382953,       0.000007
860,   1.310000,     515.864015,    1445.382953,       0.000000,     515.864015,    1445.382953,       0.000007
861,   1.311000,     515.864015,    1445.382953,       0.000000,     515.864015,    1445.382953,       0.000000
862,   1.313000,     515.864015,    1445.382953,       0.000000,     515.864015,    1445.382953,       0.000000
863,   1.314000,     515.864015,    1445.382953,       0.000000,     515.864015,    1445.382953,       0.000007
864,   1.315000,     515.864015,    1445.382953,       0.000000,     515.864015,    1445.382953,       0.000000
865,   1.325000,     515.864015,    1445.382953,       0.000000,     515.864015,    1445.382953,       0.000000
866,   1.326000,     515.864015,    1445.382953,       0.000000,     515.864015,    1445.382953,       0.000007
867,   1.328000,     515.864015,    1445.382953,       0.000000,     515.864015,    1445.382953,       0.000007
868,   1.329000,     515.864015,    1445.382953,       0.000000,     515.864015,    1445.382953,       0.000000
869,   1.331000,     515.864015,    1445.382953,       0.000000,     515.864015,    1445.382953,       0.000000
870,   1.332000,     515.864015,    1445.382953,       0.000000,     515.864015,    1445.382953,       0.000007
871,   1.333000,     515.864015,    1445.382953,       0.000000,     515.864015,    1445.382953,       0.000000
872,   1.335000,     515.864015,    1445.382953,       0.000000,     515.864015,    1445.382953,       0.000000
873,   1.336000,     515.864015,    1445.382953,       0.000000,     515.864015,    1445.382953,       0.000007
874,   1.337000,     515.864015,    1445.382953,       0.000000,     515.864015,    1445.382953,       0.000000
875,   1.338000,     515.864015,    1445.382953,       0.000000,     515.864015,    1445.382953,       0.000000
876,   1.339000,     515.864015,    1445.382953,       0.000000,     515.864015,    1445.382953,       0.000007
877,   1.340000,     515.864015,    1445.382953,       0.000000,     515.864015,    1445.382953,       0.000000
878,   1.342000,     515.864015,    1445.382953,       0.000000,     515.864015,    1445.382953,       0.000000
879,   1.343000,     515.864015,    1445.382953,       0.000000,     515.864015,    1445.382953,       0.000007
880,   1.344000,     515.864015,    1445.382953,       0.000000,     515.864015,    1445.382953,       0.000000
881,   1.345000,     515.864015,    1445.382953,       0.000000,     515.864015,    1445.382953,       0.000007
882,   1.346000,     515.864015,    1445.382953,       0.000000,     515.864015,    1445.382953,       0.000000
883,   1.347000,     515.864015,    1445.382953,       0.000000,     515.864015,    1445.382953,       0.000007
884,   1.348000,     515.864015,    1445.382953,       0.000000,     515.864015,    1445.382953,       0.000000
885,   1.350000,     515.864015,    1445.382953,       0.000000,     515.864015,    1445.382953,       0.000000
886,   1.351000,     515.864015,    1445.382953,       0.000000,     515.864015,    1445.382953,       0.000007
887,   1.352000,     515.864015,    1445.382953,       0.000000,     515.864015,    1445.382953,       0.000000
888,   1.353000,     515.864015,    1445.382953,       0.000000,     515.864015,    1445.382953,       0.000007
889,   1.354000,     515.864015,    1445.382953,       0.000000,     515.864015,    1445.382953,       0.000007
890,   1.355000,     515.864015,    1445.382953,       0.000000,     515.864015,    1445.382953,       0.000000
891,   1.356000,     515.864015,    1445.382953,       0.000000,     515.864015,    1445.382953,       0.000007
892,   1.357000,     515.864015,    1445.382953,       0.000000,     515.864015,    1445.382953,       0.000000
893,   1.358000,     515.864015,    1445.382953,       0.000000,     515.864015,    1445.382953,       0.000000
894,   1.359000,     515.864015,    1445.382953,       0.000000,     515.864015,    1445.382953,       0.000007
895,   1.360000,     515.864015,    1445.382953,       0.000000,     515.864015,    1445.382953,       0.000000
896,   1.361000,     515.864015,    1445.382953,       0.000000,     515.864015,    1445.382953,       0.000007
897,   1.362000,     515.864015,    1445.382953,       0.000000,     515.864015,    1445.382953,       0.000007
898,   1.363000,     515.864015,    1445.382953,       0.000000,     515.864015,    1445.382953,       0.000000
899,   1.366000,     515.864015,    1445.382953,       0.000000,     515.864015,    1445.382953,       0.000000
900,   1.367000,     515.864015,    1445.382953,       0.000000,     515.864015,    1445.382953,       0.000007
901,   1.368000,     515.864015,    1445.382953,       0.000000,     515.864015,    1445.382953,       0.000000
902,   1.374000,     515.864015,    1445.382953,       0.000000,     515.864015,    1445.382953,       0.000000
903,   1.375000,     515.864015,    1445.382953,       0.000000,     515.864015,    1445.382953,       0.000007
904,   1.376000,     515.864015,    1445.382953,       0.000000,     515.864015,    1445.382953,       0.000007
905,   1.377000,     515.864015,    1445.382953,       0.000000,     515.864015,    1445.382953,       0.000000
906,   1.378000,     515.864015,    1445.382953,       0.000000,     515.864015,    1445.382953,       0.000007
907,   1.379000,     515.864015,    1445.382953,       0.000000,     515.864015,    1445.382953,       0.000000
908,   1.386000,     515.864015,    1445.382953,       0.000000,     515.864015,    1445.382953,       0.000000
909,   1.387000,     515.864015,    1445.382953,       0.000000,     515.864015,    1445.382953,       0.000007
910,   1.388000,     515.864015,    1445.382953,       0.000000,     515.864015,    1445.382953,       0.000007
911,   1.389000,     515.864015,    1445.382953,       0.000000,     515.864015,    1445.382953,       0.000000
912,   1.390000,     515.864015,    1445.382953,       0.000000,     515.864015,    1445.382953,       0.000007
913,   1.391000,     515.864015,    1445.382953,       0.000000,     515.864015,    1445.382953,       0.000000
914,   1.393000,     515.864015,    1445.382953,       0.000000,     515.864015,    1445.382953,       0.000000
915,   1.394000,     515.864015,    1445.382953,       0.000000,     515.864015,    1445.382953,       0.000007
916,   1.395000,     515.864015,    1445.382953,       0.000000,     515.864015,    1445.382953,       0.000000
917,   1.396000,     515.864015,    1445.382953,       0.000000,     515.864015,    1445.382953,       0.000000
918,   1.397000,     515.864015,    1445.382953,       0.000000,     515.864015,    1445.382953,       0.000007
919,   1.398000,     515.864015,    1445.382953,       0.000000,     515.864015,    1445.382953,       0.000007
920,   1.399000,     515.864015,    1445.382953,       0.000000,     515.864015,    1445.382953,       0.000000
921,   1.405000,     515.864015,    1445.382953,       0.000000,     515.864015,    1445.382953,       0.000000
922,   1.406000,     515.864015,    1445.382953,       0.000000,     515.864015,    1445.382953,       0.000007
923,   1.407000,     515.864015,    1445.382953,       0.000000,     515.864015,    1445.382953,       0.000000
924,   1.408000,     515.864015,    1445.382953,       0.000000,     515.864015,    1445.382953,       0.000007
925,   1.409000,     515.864015,    1445.382953,       0.000000,     515.864015,    1445.382953,       0.000007
926,   1.410000,     515.864015,    1445.382953,       0.000000,     515.864015,    1445.382953,       0.000000
927,   1.411000,     515.864015,    1445.382953,       0.000000,     515.864015,    1445.382953,       0.000000
928,   1.412000,     515.864015,    1445.382953,       0.000000,     515.864015,    1445.382953,       0.000007
929,   1.413000,     515.864015,    1445.382953,       0.000000,     515.864015,    1445.382953,       0.000000
930,   1.414000,     515.864015,    1445.382953,       0.000000,     515.864015,    1445.382953,       0.000000
931,   1.415000,     515.864015,    1445.382953,       0.000000,     515.864015,    1445.382953,       0.000007
932,   1.416000,     515.864015,    1445.382953,       0.000000,     515.864015,    1445.382953,       0.000007
933,   1.417000,     515.864015,    1445.382953,       0.000000,     515.864015,    1445.382953,       0.000000
934,   1.423000,     515.864015,    1445.382953,       0.000000,     515.864015,    1445.382953,       0.000000
935,   1.424000,     515.864015,    1445.382953,       0.000000,     515.864015,    1445.382953,       0.000007
936,   1.425000,     515.864015,    1445.382953,       0.000000,     515.864015,    1445.382953,       0.000000
937,   1.426000,     515.864015,    1445.382953,       0.000000,     515.864015,    1445.382953,       0.000007
938,   1.427000,     515.864015,    1445.382953,       0.000000,     515.864015,    1445.382953,       0.000007
939,   1.428000,     515.864015,    1445.382953,       0.000000,     515.864015,    1445.382953,       0.000000
940,   1.429000,     515.864015,    1445.382953,       0.000000,     515.864015,    1445.382953,       0.000007
941,   1.430000,     515.864015,    1445.382953,       0.000000,     515.864015,    1445.382953,       0.000000
942,   1.431000,     515.864015,    1445.382953,       0.000000,     515.864015,    1445.382953,       0.000007
943,   1.432000,     515.864015,    1445.382953,       0.000000,     515.864015,    1445.382953,       0.000007
944,   1.433000,     515.864015,    1445.382953,       0.000000,     515.864015,    1445.382953,       0.000000
945,   1.436000,     515.864015,    1445.382953,       0.000000,     515.864015,    1445.382953,       0.000000
946,   1.437000,     515.864015,    1445.382953,       0.000000,     515.864015,    1445.382953,       0.000007
947,   1.438000,     515.864015,    1445.382953,       0.000000,     515.864015,    1445.382953,       0.000007
948,   1.439000,     515.864015,    1445.382953,       0.000000,     515.864015,    1445.382953,       0.000000
949,   1.440000,     515.864015,    1445.382953,       0.000000,     515.864015,    1445.382953,       0.000000
950,   1.441000,     515.864015,    1445.382953,       0.000000,     515.864015,    1445.382953,       0.000007
951,   1.442000,     515.864015,    1445.382953,       0.000000,     515.864015,    1445.382953,       0.000000
952,   1.443000,     515.864015,    1445.382953,       0.000000,     515.864015,    1445.382953,       0.000000
953,   1.444000,     515.864015,    1445.382953,       0.000000,     515.864015,    1445.382953,       0.000007
954,   1.445000,     515.864015,    1445.382953,       0.000000,     515.864015,    1445.382953,       0.000007
955,   1.446000,     515.864015,    1445.382953,       0.000000,     515.864015,    1445.382953,       0.000000
956,   1.447000,     515.864015,    1445.382953,       0.000000,     515.864015,    1445.382953,       0.000007
957,   1.448000,     515.864015,    1445.382953,       0.000000,     515.864015,    1445.382953,       0.000000
958,   1.453000,     515.864015,    1445.382953,       0.000000,     515.864015,    1445.382953,       0.000000
959,   1.454000,     515.864015,    1445.382953,       0.000000,     515.864015,    1445.382953,       0.000007
960,   1.455000,     515.864015,    1445.382953,       0.000000,     515.864015,    1445.382953,       0.000007
961,   1.456000,     515.864015,    1445.382953,       0.000000,     515.864015,    1445.382953,       0.000000
962,   1.457000,     515.864015,    1445.382953,       0.000000,     515.864015,    1445.382953,       0.000000
963,   1.458000,     515.864015,    1445.382953,       0.000000,     515.864015,    1445.382953,       0.000007
964,   1.459000,     515.864015,    1445.382953,       0.000000,     515.864015,    1445.382953,       0.000007
965,   1.460000,     515.864015,    1445.382953,       0.000000,     515.864015,    1445.382953,       0.000000
966,   1.461000,     515.864015,    1445.382953,       0.000000,     515.864015,    1445.382953,       0.000007
967,   1.462000,     515.864015,    1445.382953,       0.000000,     515.864015,    1445.382953,       0.000000
968,   1.465000,     515.864015,    1445.382953,       0.000000,     515.864015,    1445.382953,       0.000000
969,   1.466000,     515.864015,    1445.382953,       0.000000,     515.864015,    1445.382953,       0.000007
970,   1.469000,     515.864015,    1445.382953,       0.000000,     515.864015,    1445.382953,       0.000007
971,   1.470000,     515.864015,    1445.382953,       0.000000,     515.864015,    1445.382953,       0.000000
972,   1.471000,     515.864015,    1445.382953,       0.000000,     515.864015,    1445.382953,       0.000007
973,   1.472000,     515.864015,    1445.382953,       0.000000,     515.864015,    1445.382953,       0.000007
974,   1.473000,     515.864015,    1445.382953,       0.000000,     515.864015,    1445.382953,       0.000000
975,   1.481000,     515.864015,    1445.382953,       0.000000,     515.864015,    1445.382953,       0.000000
976,   1.482000,     515.864015,    1445.382953,       0.000000,     515.864015,    1445.382953,       0.000007
977,   1.484000,     515.864015,    1445.382953,       0.000000,     515.864015,    1445.382953,       0.000007
978,   1.485000,     515.864015,    1445.382953,       0.000000,     515.864015,    1445.382953,       0.000000
979,   1.486000,     515.864015,    1445.382953,       0.000000,     515.864015,    1445.382953,       0.000007
980,   1.487000,     515.864015,    1445.382953,       0.000000,     515.864015,    1445.382953,       0.000007
981,   1.488000,     515.864015,    1445.382953,       0.000000,     515.864015,    1445.382953,       0.000000
982,   1.489000,     515.864015,    1445.382953,       0.000000,     515.864015,    1445.382953,       0.000007
983,   1.490000,     515.864015,    1445.382953,       0.000000,     515.864015,    1445.382953,       0.000000
984,   1.491000,     515.864015,    1445.382953,       0.000000,     515.864015,    1445.382953,       0.000007
985,   1.493000,     515.864015,    1445.382953,       0.000000,     515.864015,    1445.382953,       0.000007
986,   1.494000,     515.864015,    1445.382953,       0.000000,     515.864015,    1445.382953,       0.000000
987,   1.495000,     515.864015,    1445.382953,       0.000000,     515.864015,    1445.382953,       0.000007
988,   1.496000,     515.864015,    1445.382953,       0.000000,     515.864015,    1445.382953,       0.000000
989,   1.498000,     515.864015,    1445.382953,       0.000000,     515.864015,    1445.382953,       0.000000
990,   1.499000,     515.864015,    1445.382953,       0.000000,     515.864015,    1445.382953,       0.000007
991,   1.500000,     515.864015,    1445.382953,       0.000000,     515.864015,    1445.382953,       0.000000
992,   1.504000,     515.864015,    1445.382953,       0.000000,     515.864015,    1445.382953,       0.000000
993,   1.505000,     515.864015,    1445.382953,       0.000000,     515.864015,    1445.382953,       0.000007
994,   1.506000,     515.864015,    1445.382953,       0.000000,     515.864015,    1445.382953,       0.000000
995,   1.507000,     515.864015,    1445.382953,       0.000000,     515.864015,    1445.382953,       0.000007
996,   1.508000,     515.864015,    1445.382953,       0.000000,     515.864015,    1445.382953,       0.000000
997,   1.510000,     515.864015,    1445.382953,       0.000000,     515.864015,    1445.382953,       0.000000
998,   1.511000,     515.864015,    1445.382953,       0.000000,     515.864015,    1445.382953,       0.000007
999,   1.512000,     515.864015,    1445.382953,       0.000000,     515.864015,    1445.382953,       0.000000
1000,   1.523000,     515.864015,    1445.382953,       0.000000,     515.864015,    1445.382953,       0.000000
1001,   1.524000,     515.864015,    1445.382953,       0.000000,     515.864015,    1445.382953,       0.000007
1002,   1.525000,     515.864015,    1445.382953,       0.000000,     515.864015,    1445.382953,       0.000000
1003,   1.526000,     515.864015,    1445.382953,       0.000000,     515.864015,    1445.382953,       0.000007
1004,   1.527000,     515.864015,    1445.382953,       0.000000,     515.864015,    1445.382953,       0.000000
1005,   1.530000,     515.864015,    1445.382953,       0.000000,     515.864015,    1445.382953,       0.000000
1006,   1.531000,     515.864015,    1445.382953,       0.000000,     515.864015,    1445.382953,       0.000007
1007,   1.532000,     515.864015,    1445.382953,       0.000000,     515.864015,    1445.382953,       0.000000
1008,   1.535000,     515.864015,    1445.382953,       0.000000,     515.864015,    1445.382953,       0.000000
1009,   1.536000,     515.864015,    1445.382953,       0.000000,     515.864015,    1445.382953,       0.000007
1010,   1.537000,     515.864015,    1445.382953,       0.000000,     515.864015,    1445.382953,       0.000000
1011,   1.538000,     515.864015,    1445.382953,       0.000000,     515.864015,    1445.382953,       0.000000
1012,   1.539000,     515.864015,    1445.382953,       0.000000,     515.864015,    1445.382953,       0.000007
1013,   1.540000,     515.864015,    1445.382953,       0.000000,     515.864015,    1445.382953,       0.000000
1014,   1.543000,     515.864015,    1445.382953,       0.000000,     515.864015,    1445.382953,       0.000000
1015,   1.544000,     515.864015,    1445.382953,       0.000000,     515.864015,    1445.382953,       0.000007
1016,   1.545000,     515.864015,    1445.382953,       0.000000,     515.864015,    1445.382953,       0.000000
1017,   1.546000,     515.864015,    1445.382953,       0.000000,     515.864015,    1445.382953,       0.000007
1018,   1.547000,     515.864015,    1445.382953,       0.000000,     515.864015,    1445.382953,       0.000007
1019,   1.548000,     515.864015,    1445.382953,       0.000000,     515.864015,    1445.382953,       0.000000
1020,   1.549000,     515.864015,    1445.382953,       0.000000,     515.864015,    1445.382953,       0.000007
1021,   1.550000,     515.864015,    1445.382953,       0.000000,     515.864015,    1445.382953,       0.000007
1022,   1.551000,     515.864015,    1445.382953,       0.000000,     515.864015,    1445.382953,       0.000000
1023,   1.556000,     515.864015,    1445.382953,       0.000000,     515.864015,    1445.382953,       0.000000
1024,   1.557000,     515.864015,    1445.382953,       0.000000,     515.864015,    1445.382953,       0.000007
1025,   1.559000,     515.864015,    1445.382953,       0.000000,     515.864015,    1445.382953,       0.000007
1026,   1.560000,     515.864015,    1445.382953,       0.000000,     515.864015,    1445.382953,       0.000000
1027,   1.561000,     515.864015,    1445.382953,       0.000000,     515.864015,    1445.382953,       0.000000
1028,   1.562000,     515.864015,    1445.382953,       0.000000,     515.864015,    1445.382953,       0.000007
1029,   1.563000,     515.864015,    1445.382953,       0.000000,     515.864015,    1445.382953,       0.000000
1030,   1.564000,     515.864015,    1445.382953,       0.000000,     515.864015,    1445.382953,       0.000000
1031,   1.565000,     515.864015,    1445.382953,       0.000000,     515.864015,    1445.382953,       0.000007
1032,   1.566000,     515.864015,    1445.382953,       0.000000,     515.864015,    1445.382953,       0.000007
1033,   1.567000,     515.864015,    1445.382953,       0.000000,     515.864015,    1445.382953,       0.000000
1034,   1.568000,     515.864015,    1445.382953,       0.000000,     515.864015,    1445.382953,       0.000007
1035,   1.569000,     515.864015,    1445.382953,       0.000000,     515.864015,    1445.382953,       0.000007
1036,   1.570000,     515.864015,    1445.382953,       0.000000,     515.864015,    1445.382953,       0.000000
1037,   1.574000,     515.864015,    1445.382953,       0.000000,     515.864015,    1445.382953,       0.000000
1038,   1.575000,     515.864015,    1445.382953,       0.000000,     515.864015,    1445.382953,       0.000007
1039,   1.576000,     515.864015,    1445.382953,       0.000000,     515.864015,    1445.382953,       0.000000
1040,   1.577000,     515.864015,    1445.382953,       0.000000,     515.864015,    1445.382953,       0.000007
1041,   1.578000,     515.864015,    1445.382953,       0.000000,     515.864015,    1445.382953,       0.000000
1042,   1.580000,     515.864015,    1445.382953,       0.000000,     515.864015,    1445.382953,       0.000000
1043,   1.581000,     515.864015,    1445.382953,       0.000000,     515.864015,    1445.382953,       0.000007
1044,   1.582000,     515.864015,    1445.382953,       0.000000,     515.864015,    1445.382953,       0.000007
1045,   1.583000,     515.864015,    1445.382953,       0.000000,     515.864015,    1445.382953,       0.000000
1046,   1.584000,     515.864015,    1445.382953,       0.000000,     515.864015,    1445.382953,       0.000000
1047,   1.585000,     515.864015,    1445.382953,       0.000000,     515.864015,    1445.382953,       0.000007
1048,   1.586000,     515.864015,    1445.382953,       0.000000,     515.864015,    1445.382953,       0.000000
1049,   1.587000,     515.864015,    1445.382953,       0.000000,     515.864015,    1445.382953,       0.000000
1050,   1.588000,     515.864015,    1445.382953,       0.000000,     515.864015,    1445.382953,       0.000007
1051,   1.591000,     515.864015,    1445.382953,       0.000000,     515.864015,    1445.382953,       0.000007
1052,   1.592000,     515.864015,    1445.382953,       0.000000,     515.864015,    1445.382953,       0.000000
1053,   1.593000,     515.864015,    1445.382953,       0.000000,     515.864015,    1445.382953,       0.000007
1054,   1.594000,     515.864015,    1445.382953,       0.000000,     515.864015,    1445.382953,       0.000000
1055,   1.595000,     515.864015,    1445.382953,       0.000000,     515.864015,    1445.382953,       0.000000
1056,   1.596000,     515.864015,    1445.382953,       0.000000,     515.864015,    1445.382953,       0.000007
1057,   1.597000,     515.864015,    1445.382953,       0.000000,     515.864015,    1445.382953,       0.000007
1058,   1.598000,     515.864015,    1445.382953,       0.000000,     515.864015,    1445.382953,       0.000000
1059,   1.599000,     515.864015,    1445.382953,       0.000000,     515.864015,    1445.382953,       0.000007
1060,   1.600000,     515.864015,    1445.382953,       0.000000,     515.864015,    1445.382953,       0.000000
1061,   1.602000,     515.864015,    1445.382953,       0.000000,     515.864015,    1445.382953,       0.000000
1062,   1.603000,     515.864015,    1445.382953,       0.000000,     515.864015,    1445.382953,       0.000007
1063,   1.604000,     515.864015,    1445.382953,       0.000000,     515.864015,    1445.382953,       0.000000
1064,   1.605000,     515.864015,    1445.382953,       0.000000,     515.864015,    1445.382953,       0.000007
1065,   1.606000,     515.864015,    1445.382953,       0.000000,     515.864015,    1445.382953,       0.000000
1066,   1.607000,     515.864015,    1445.382953,       0.000000,     515.864015,    1445.382953,       0.000007
1067,   1.608000,     515.864015,    1445.382953,       0.000000,     515.864015,    1445.382953,       0.000000
1068,   1.609000,     515.864015,    1445.382953,       0.000000,     515.864015,    1445.382953,       0.000000
1069,   1.610000,     515.864015,    1445.382953,       0.000000,     515.864015,    1445.382953,       0.000007
1070,   1.611000,     515.864015,    1445.382953,       0.000000,     515.864015,    1445.382953,       0.000000
1071,   1.614000,     515.864015,    1445.382953,       0.000000,     515.864015,    1445.382953,       0.000000
1072,   1.615000,     515.864015,    1445.382953,       0.000000,     515.864015,    1445.382953,       0.000007
1073,   1.616000,     515.864015,    1445.382953,       0.000000,     515.864015,    1445.382953,       0.000007
1074,   1.617000,     515.864015,    1445.382953,       0.000000,     515.864015,    1445.382953,       0.000000
1075,   1.618000,     515.864015,    1445.382953,       0.000000,     515.864015,    1445.382953,       0.000000
1076,   1.619000,     515.864015,    1445.382953,       0.000000,     515.864015,    1445.382953,       0.000007
1077,   1.620000,     515.864015,    1445.382953,       0.000000,     515.864015,    1445.382953,       0.000000
1078,   1.621000,     515.864015,    1445.382953,       0.000000,     515.864015,    1445.382953,       0.000000
1079,   1.622000,     515.864015,    1445.382953,       0.000000,     515.864015,    1445.382953,       0.000007
1080,   1.623000,     515.864015,    1445.382953,       0.000000,     515.864015,    1445.382953,       0.000000
1081,   1.624000,     515.864015,    1445.382953,       0.000000,     515.864015,    1445.382953,       0.000007
1082,   1.627000,     515.864015,    1445.382953,       0.000000,     515.864015,    1445.382953,       0.000007
1083,   1.628000,     515.864015,    1445.382953,       0.000000,     515.864015,    1445.382953,       0.000000
1084,   1.630000,     515.864015,    1445.382953,       0.000000,     515.864015,    1445.382953,       0.000000
1085,   1.631000,     515.864015,    1445.382953,       0.000000,     515.864015,    1445.382953,       0.000007
1086,   1.632000,     515.864015,    1445.382953,       0.000000,     515.864015,    1445.382953,       0.000007
1087,   1.633000,     515.864015,    1445.382953,       0.000000,     515.864015,    1445.382953,       0.000000
1088,   1.634000,     515.864015,    1445.382953,       0.000000,     515.864015,    1445.382953,       0.000007
1089,   1.635000,     515.864015,    1445.382953,       0.000000,     515.864015,    1445.382953,       0.000000
1090,   1.636000,     515.864015,    1445.382953,       0.000000,     515.864015,    1445.382953,       0.000000
1091,   1.637000,     515.864015,    1445.382953,       0.000000,     515.864015,    1445.382953,       0.000007
1092,   1.638000,     515.864015,    1445.382953,       0.000000,     515.864015,    1445.382953,       0.000000
1093,   1.640000,     515.864015,    1445.382953,       0.000000,     515.864015,    1445.382953,       0.000000
1094,   1.641000,     515.864015,    1445.382953,       0.000000,     515.864015,    1445.382953,       0.000007
1095,   1.642000,     515.864015,    1445.382953,       0.000000,     515.864015,    1445.382953,       0.000000
1096,   1.646000,     515.864015,    1445.382953,       0.000000,     515.864015,    1445.382953,       0.000000
1097,   1.647000,     515.864015,    1445.382953,       0.000000,     515.864015,    1445.382953,       0.000007
1098,   1.648000,     515.864015,    1445.382953,       0.000000,     515.864015,    1445.382953,       0.000007
1099,   1.649000,     515.864015,    1445.382953,       0.000000,     515.864015,    1445.382953,       0.000000
1100,   1.650000,     515.864015,    1445.382953,       0.000000,     515.864015,    1445.382953,       0.000007
1101,   1.651000,     515.864015,    1445.382953,       0.000000,     515.864015,    1445.382953,       0.000000
1102,   1.655000,     515.864015,    1445.382953,       0.000000,     515.864015,    1445.382953,       0.000000
1103,   1.656000,     515.864015,    1445.382953,       0.000000,     515.864015,    1445.382953,       0.000007
1104,   1.657000,     515.864015,    1445.382953,       0.000000,     515.864015,    1445.382953,       0.000000
1105,   1.658000,     515.864015,    1445.382953,       0.000000,     515.864015,    1445.382953,       0.000007
1106,   1.659000,     515.864015,    1445.382953,       0.000000,     515.864015,    1445.382953,       0.000007
1107,   1.660000,     515.864015,    1445.382953,       0.000000,     515.864015,    1445.382953,       0.000000
1108,   1.663000,     515.864015,    1445.382953,       0.000000,     515.864015,    1445.382953,       0.000000
1109,   1.664000,     515.864015,    1445.382953,       0.000000,     515.864015,    1445.382953,       0.000007
1110,   1.666000,     515.864015,    1445.382953,       0.000000,     515.864015,    1445.382953,       0.000007
1111,   1.667000,     515.864015,    1445.382953,       0.000000,     515.864015,    1445.382953,       0.000000
1112,   1.668000,     515.864015,    1445.382953,       0.000000,     515.864015,    1445.382953,       0.000007
1113,   1.669000,     515.864015,    1445.382953,       0.000000,     515.864015,    1445.382953,       0.000000
1114,   1.670000,     515.864015,    1445.382953,       0.000000,     515.864015,    1445.382953,       0.000000
1115,   1.671000,     515.864015,    1445.382953,       0.000000,     515.864015,    1445.382953,       0.000007
1116,   1.673000,     515.864015,    1445.382953,       0.000000,     515.864015,    1445.382953,       0.000007
1117,   1.674000,     515.864015,    1445.382953,       0.000000,     515.864015,    1445.382953,       0.000000
1118,   1.675000,     515.864015,    1445.382953,       0.000000,     515.864015,    1445.382953,       0.000007
1119,   1.676000,     515.864015,    1445.382953,       0.000000,     515.864015,    1445.382953,       0.000007
1120,   1.677000,     515.864015,    1445.382953,       0.000000,     515.864015,    1445.382953,       0.000000
1121,   1.681000,     515.864015,    1445.382953,       0.000000,     515.864015,    1445.382953,       0.000000
1122,   1.682000,     515.864015,    1445.382953,       0.000000,     515.864015,    1445.382953,       0.000007
1123,   1.683000,     515.864015,    1445.382953,       0.000000,     515.864015,    1445.382953,       0.000007
1124,   1.684000,     515.864015,    1445.382953,       0.000000,     515.864015,    1445.382953,       0.000000
1125,   1.685000,     515.864015,    1445.382953,       0.000000,     515.864015,    1445.382953,       0.000007
1126,   1.686000,     515.864015,    1445.382953,       0.000000,     515.864015,    1445.382953,       0.000000
1127,   1.687000,     515.864015,    1445.382953,       0.000000,     515.864015,    1445.382953,       0.000007
1128,   1.688000,     515.864015,    1445.382953,       0.000000,     515.864015,    1445.382953,       0.000000
1129,   1.689000,     515.864015,    1445.382953,       0.000000,     515.864015,    1445.382953,       0.000007
1130,   1.690000,     515.864015,    1445.382953,       0.000000,     515.864015,    1445.382953,       0.000000
1131,   1.692000,     515.864015,    1445.382953,       0.000000,     515.864015,    1445.382953,       0.000000
1132,   1.693000,     515.864015,    1445.382953,       0.000000,     515.864015,    1445.382953,       0.000007
1133,   1.698000,     515.864015,    1445.382953,       0.000000,     515.864015,    1445.382953,       0.000007
1134,   1.699000,     515.864015,    1445.382953,       0.000000,     515.864015,    1445.382953,       0.000000
1135,   1.700000,     515.864015,    1445.382953,       0.000000,     515.864015,    1445.382953,       0.000000
1136,   1.701000,     515.864015,    1445.382953,       0.000000,     515.864015,    1445.382953,       0.000007
1137,   1.702000,     515.864015,    1445.382953,       0.000000,     515.864015,    1445.382953,       0.000000
1138,   1.704000,     515.864015,    1445.382953,       0.000000,     515.864015,    1445.382953,       0.000000
1139,   1.705000,     515.864015,    1445.382953,       0.000000,     515.864015,    1445.382953,       0.000007
1140,   1.706000,     515.864015,    1445.382953,       0.000000,     515.864015,    1445.382953,       0.000000
1141,   1.710000,     515.864015,    1445.382953,       0.000000,     515.864015,    1445.382953,       0.000000
1142,   1.711000,     515.864015,    1445.382953,       0.000000,     515.864015,    1445.382953,       0.000007
1143,   1.713000,     515.864015,    1445.382953,       0.000000,     515.864015,    1445.382953,       0.000007
1144,   1.714000,     515.864015,    1445.382953,       0.000000,     515.864015,    1445.382953,       0.000000
1145,   1.715000,     515.864015,    1445.382953,       0.000000,     515.864015,    1445.382953,       0.000007
1146,   1.716000,     515.864015,    1445.382953,       0.000000,     515.864015,    1445.382953,       0.000000
1147,   1.717000,     515.864015,    1445.382953,       0.000000,     515.864015,    1445.382953,       0.000007
1148,   1.718000,     515.864015,    1445.382953,       0.000000,     515.864015,    1445.382953,       0.000000
1149,   1.719000,     515.864015,    1445.382953,       0.000000,     515.864015,    1445.382953,       0.000007
1150,   1.720000,     515.864015,    1445.382953,       0.000000,     515.864015,    1445.382953,       0.000000
1151,   1.722000,     515.864015,    1445.382953,       0.000000,     515.864015,    1445.382953,       0.000000
1152,   1.723000,     515.864015,    1445.382953,       0.000000,     515.864015,    1445.382953,       0.000007
1153,   1.724000,     515.864015,    1445.382953,       0.000000,     515.864015,    1445.382953,       0.000000
1154,   1.726000,     515.864015,    1445.382953,       0.000000,     515.864015,    1445.382953,       0.000000
1155,   1.727000,     515.864015,    1445.382953,       0.000000,     515.864015,    1445.382953,       0.000007
1156,   1.728000,     515.864015,    1445.382953,       0.000000,     515.864015,    1445.382953,       0.000000
1157,   1.729000,     515.864015,    1445.382953,       0.000000,     515.864015,    1445.382953,       0.000007
1158,   1.730000,     515.864015,    1445.382953,       0.000000,     515.864015,    1445.382953,       0.000000
1159,   1.731000,     515.864015,    1445.382953,       0.000000,     515.864015,    1445.382953,       0.000007
1160,   1.732000,     515.864015,    1445.382953,       0.000000,     515.864015,    1445.382953,       0.000000
1161,   1.735000,     515.864015,    1445.382953,       0.000000,     515.864015,    1445.382953,       0.000000
1162,   1.736000,     515.864015,    1445.382953,       0.000000,     515.864015,    1445.382953,       0.000007
1163,   1.737000,     515.864015,    1445.382953,       0.000000,     515.864015,    1445.382953,       0.000007
1164,   1.738000,     515.864015,    1445.382953,       0.000000,     515.864015,    1445.382953,       0.000000
1165,   1.743000,     515.864015,    1445.382953,       0.000000,     515.864015,    1445.382953,       0.000000
1166,   1.744000,     515.864015,    1445.382953,       0.000000,     515.864015,    1445.382953,       0.000007
1167,   1.746000,     515.864015,    1445.382953,       0.000000,     515.864015,    1445.382953,       0.000007
1168,   1.747000,     515.864015,    1445.382953,       0.000000,     515.864015,    1445.382953,       0.000000
1169,   1.750000,     515.864015,    1445.382953,       0.000000,     515.864015,    1445.382953,       0.000000
1170,   1.751000,     515.864015,    1445.382953,       0.000000,     515.864015,    1445.382953,       0.000007
1171,   1.752000,     515.864015,    1445.382953,       0.000000,     515.864015,    1445.382953,       0.000000
1172,   1.754000,     515.864015,    1445.382953,       0.000000,     515.864015,    1445.382953,       0.000000
1173,   1.755000,     515.864015,    1445.382953,       0.000000,     515.864015,    1445.382953,       0.000007
1174,   1.756000,     515.864015,    1445.382953,       0.000000,     515.864015,    1445.382953,       0.000000
1175,   1.760000,     515.864015,    1445.382953,       0.000000,     515.864015,    1445.382953,       0.000000
1176,   1.761000,     515.864015,    1445.382953,       0.000000,     515.864015,    1445.382953,       0.000007
1177,   1.762000,     515.864015,    1445.382953,       0.000000,     515.864015,    1445.382953,       0.000000
1178,   1.763000,     515.864015,    1445.382953,       0.000000,     515.864015,    1445.382953,       0.000007
1179,   1.764000,     515.864015,    1445.382953,       0.000000,     515.864015,    1445.382953,       0.000000
1180,   1.765000,     515.864015,    1445.382953,       0.000000,     515.864015,    1445.382953,       0.000007
1181,   1.766000,     515.864015,    1445.382953,       0.000000,     515.864015,    1445.382953,       0.000000
1182,   1.770000,     515.864015,    1445.382953,       0.000000,     515.864015,    1445.382953,       0.000000
1183,   1.771000,     515.864015,    1445.382953,       0.000000,     515.864015,    1445.382953,       0.000007
1184,   1.772000,     515.864015,    1445.382953,       0.000000,     515.864015,    1445.382953,       0.000000
1185,   1.773000,     515.864015,    1445.382953,       0.000000,     515.864015,    1445.382953,       0.000000
1186,   1.774000,     515.864015,    1445.382953,       0.000000,     515.864015,    1445.382953,       0.000007
1187,   1.775000,     515.864015,    1445.382953,       0.000000,     515.864015,    1445.382953,       0.000007
1188,   1.776000,     515.864015,    1445.382953,       0.000000,     515.864015,    1445.382953,       0.000000
1189,   1.778000,     515.864015,    1445.382953,       0.000000,     515.864015,    1445.382953,       0.000000
1190,   1.779000,     515.864015,    1445.382953,       0.000000,     515.864015,    1445.382953,       0.000007
1191,   1.780000,     515.864015,    1445.382953,       0.000000,     515.864015,    1445.382953,       0.000000
1192,   1.781000,     515.864015,    1445.382953,       0.000000,     515.864015,    1445.382953,       0.000007
1193,   1.783000,     515.864015,    1445.382953,       0.000000,     515.864015,    1445.382953,       0.000007
1194,   1.784000,     515.864015,    1445.382953,       0.000000,     515.864015,    1445.382953,       0.000000
1195,   1.787000,     515.864015,    1445.382953,       0.000000,     515.864015,    1445.382953,       0.000000
1196,   1.788000,     515.864015,    1445.382953,       0.000000,     515.864015,    1445.382953,       0.000007
1197,   1.789000,     515.864015,    1445.382953,       0.000000,     515.864015,    1445.382953,       0.000000
1198,   1.790000,     515.864015,    1445.382953,       0.000000,     515.864015,    1445.382953,       0.000007
1199,   1.791000,     515.864015,    1445.382953,       0.000000,     515.864015,    1445.382953,       0.000007
1200,   1.792000,     515.864015,    1445.382953,       0.000000,     515.864015,    1445.382953,       0.000000
1201,   1.795000,     515.864015,    1445.382953,       0.000000,     515.864015,    1445.382953,       0.000000
1202,   1.796000,     515.864015,    1445.382953,       0.000000,     515.864015,    1445.382953,       0.000007
1203,   1.798000,     515.864015,    1445.382953,       0.000000,     515.864015,    1445.382953,       0.000007
1204,   1.799000,     515.864015,    1445.382953,       0.000000,     515.864015,    1445.382953,       0.000000
1205,   1.802000,     515.864015,    1445.382953,       0.000000,     515.864015,    1445.382953,       0.000000
1206,   1.803000,     515.864015,    1445.382953,       0.000000,     515.864015,    1445.382953,       0.000007
1207,   1.807000,     515.864015,    1445.382953,       0.000000,     515.864015,    1445.382953,       0.000007
1208,   1.808000,     515.864015,    1445.382953,       0.000000,     515.864015,    1445.382953,       0.000000
1209,   1.809000,     515.864015,    1445.382953,       0.000000,     515.864015,    1445.382953,       0.000007
1210,   1.810000,     515.864015,    1445.382953,       0.000000,     515.864015,    1445.382953,       0.000000
1211,   1.811000,     515.864015,    1445.382953,       0.000000,     515.864015,    1445.382953,       0.000000
1212,   1.812000,     515.864015,    1445.382953,       0.000000,     515.864015,    1445.382953,       0.000007
1213,   1.813000,     515.864015,    1445.382953,       0.000000,     515.864015,    1445.382953,       0.000007
1214,   1.814000,     515.864015,    1445.382953,       0.000000,     515.864015,    1445.382953,       0.000000
1215,   1.815000,     515.864015,    1445.382953,       0.000000,     515.864015,    1445.382953,       0.000007
1216,   1.816000,     515.864015,    1445.382953,       0.000000,     515.864015,    1445.382953,       0.000000
1217,   1.817000,     515.864015,    1445.382953,       0.000000,     515.864015,    1445.382953,       0.000007
1218,   1.818000,     515.864015,    1445.382953,       0.000000,     515.864015,    1445.382953,       0.000000
1219,   1.826000,     515.864015,    1445.382953,       0.000000,     515.864015,    1445.382953,       0.000000
1220,   1.827000,     515.864015,    1445.382953,       0.000000,     515.864015,    1445.382953,       0.000007
1221,   1.828000,     515.864015,    1445.382953,       0.000000,     515.864015,    1445.382953,       0.000000
1222,   1.829000,     515.864015,    1445.382953,       0.000000,     515.864015,    1445.382953,       0.000000
1223,   1.830000,     515.864015,    1445.382953,       0.000000,     515.864015,    1445.382953,       0.000007
1224,   1.831000,     515.864015,    1445.382953,       0.000000,     515.864015,    1445.382953,       0.000000
1225,   1.834000,     515.864015,    1445.382953,       0.000000,     515.864015,    1445.382953,       0.000000
1226,   1.835000,     515.864015,    1445.382953,       0.000000,     515.864015,    1445.382953,       0.000007
1227,   1.836000,     515.864015,    1445.382953,       0.000000,     515.864015,    1445.382953,       0.000000
1228,   1.837000,     515.864015,    1445.382953,       0.000000,     515.864015,    1445.382953,       0.000007
1229,   1.838000,     515.864015,    1445.382953,       0.000000,     515.864015,    1445.382953,       0.000000
1230,   1.839000,     515.864015,    1445.382953,       0.000000,     515.864015,    1445.382953,       0.000007
1231,   1.840000,     515.864015,    1445.382953,       0.000000,     515.864015,    1445.382953,       0.000000
1232,   1.841000,     515.864015,    1445.382953,       0.000000,     515.864015,    1445.382953,       0.000007
1233,   1.842000,     515.864015,    1445.382953,       0.000000,     515.864015,    1445.382953,       0.000000
1234,   1.843000,     515.864015,    1445.382953,       0.000000,     515.864015,    1445.382953,       0.000000
1235,   1.844000,     515.864015,    1445.382953,       0.000000,     515.864015,    1445.382953,       0.000007
1236,   1.845000,     515.864015,    1445.382953,       0.000000,     515.864015,    1445.382953,       0.000000
1237,   1.846000,     515.864015,    1445.382953,       0.000000,     515.864015,    1445.382953,       0.000000
1238,   1.847000,     515.864015,    1445.382953,       0.000000,     515.864015,    1445.382953,       0.000007
1239,   1.848000,     515.864015,    1445.382953,       0.000000,     515.864015,    1445.382953,       0.000000
1240,   1.849000,     515.864015,    1445.382953,       0.000000,     515.864015,    1445.382953,       0.000007
1241,   1.850000,     515.864015,    1445.382953,       0.000000,     515.864015,    1445.382953,       0.000000
1242,   1.851000,     515.864015,    1445.382953,       0.000000,     515.864015,    1445.382953,       0.000007
1243,   1.852000,     515.864015,    1445.382953,       0.000000,     515.864015,    1445.382953,       0.000000
1244,   1.853000,     515.864015,    1445.382953,       0.000000,     515.864015,    1445.382953,       0.000000
1245,   1.854000,     515.864015,    1445.382953,       0.000000,     515.864015,    1445.382953,       0.000007
1246,   1.855000,     515.864015,    1445.382953,       0.000000,     515.864015,    1445.382953,       0.000000
1247,   1.862000,     515.864015,    1445.382953,       0.000000,     515.864015,    1445.382953,       0.000000
1248,   1.863000,     515.864015,    1445.382953,       0.000000,     515.864015,    1445.382953,       0.000007
1249,   1.864000,     515.864015,    1445.382953,       0.000000,     515.864015,    1445.382953,       0.000000
1250,   1.865000,     515.864015,    1445.382953,       0.000000,     515.864015,    1445.382953,       0.000000
1251,   1.866000,     515.864015,    1445.382953,       0.000000,     515.864015,    1445.382953,       0.000007
1252,   1.867000,     515.864015,    1445.382953,       0.000000,     515.864015,    1445.382953,       0.000007
1253,   1.868000,     515.864015,    1445.382953,       0.000000,     515.864015,    1445.382953,       0.000000
1254,   1.869000,     515.864015,    1445.382953,       0.000000,     515.864015,    1445.382953,       0.000007
1255,   1.870000,     515.864015,    1445.382953,       0.000000,     515.864015,    1445.382953,       0.000000
1256,   1.872000,     515.864015,    1445.382953,       0.000000,     515.864015,    1445.382953,       0.000000
1257,   1.873000,     515.864015,    1445.382953,       0.000000,     515.864015,    1445.382953,       0.000007
1258,   1.874000,     515.864015,    1445.382953,       0.000000,     515.864015,    1445.382953,       0.000007
1259,   1.875000,     515.864015,    1445.382953,       0.000000,     515.864015,    1445.382953,       0.000000
1260,   1.876000,     515.864015,    1445.382953,       0.000000,     515.864015,    1445.382953,       0.000007
1261,   1.877000,     515.864015,    1445.382953,       0.000000,     515.864015,    1445.382953,       0.000000
1262,   1.888000,     515.864015,    1445.382953,       0.000000,     515.864015,    1445.382953,       0.000000
1263,   1.889000,     515.864015,    1445.382953,       0.000000,     515.864015,    1445.382953,       0.000007
1264,   1.890000,     515.864015,    1445.382953,       0.000000,     515.864015,    1445.382953,       0.000000
1265,   1.891000,     515.864015,    1445.382953,       0.000000,     515.864015,    1445.382953,       0.000007
1266,   1.892000,     515.864015,    1445.382953,       0.000000,     515.864015,    1445.382953,       0.000000
1267,   1.895000,     515.864015,    1445.382953,       0.000000,     515.864015,    1445.382953,       0.000000
1268,   1.896000,     515.864015,    1445.382953,       0.000000,     515.864015,    1445.382953,       0.000007
1269,   1.897000,     515.864015,    1445.382953,       0.000000,     515.864015,    1445.382953,       0.000007
1270,   1.898000,     515.864015,    1445.382953,       0.000000,     515.864015,    1445.382953,       0.000000
1271,   1.899000,     515.864015,    1445.382953,       0.000000,     515.864015,    1445.382953,       0.000007
1272,   1.900000,     515.864015,    1445.382953,       0.000000,     515.864015,    1445.382953,       0.000000
1273,   1.901000,     515.864015,    1445.382953,       0.000000,     515.864015,    1445.382953,       0.000007
1274,   1.902000,     515.864015,    1445.382953,       0.000000,     515.864015,    1445.382953,       0.000000
1275,   1.903000,     515.864015,    1445.382953,       0.000000,     515.864015,    1445.382953,       0.000007
1276,   1.904000,     515.864015,    1445.382953,       0.000000,     515.864015,    1445.382953,       0.000000
1277,   1.905000,     515.864015,    1445.382953,       0.000000,     515.864015,    1445.382953,       0.000007
1278,   1.906000,     515.864015,    1445.382953,       0.000000,     515.864015,    1445.382953,       0.000007
1279,   1.907000,     515.864015,    1445.382953,       0.000000,     515.864015,    1445.382953,       0.000000
1280,   1.908000,     515.864015,    1445.382953,       0.000000,     515.864015,    1445.382953,       0.000000
1281,   1.909000,     515.864015,    1445.382953,       0.000000,     515.864015,    1445.382953,       0.000007
1282,   1.911000,     515.864015,    1445.382953,       0.000000,     515.864015,    1445.382953,       0.000007
1283,   1.912000,     515.864015,    1445.382953,       0.000000,     515.864015,    1445.382953,       0.000000
1284,   1.913000,     515.864015,    1445.382953,       0.000000,     515.864015,    1445.382953,       0.000000
1285,   1.914000,     515.864015,    1445.382953,       0.000000,     515.864015,    1445.382953,       0.000007
1286,   1.915000,     515.864015,    1445.382953,       0.000000,     515.864015,    1445.382953,       0.000000
1287,   1.918000,     515.864015,    1445.382953,       0.000000,     515.864015,    1445.382953,       0.000000
1288,   1.919000,     515.864015,    1445.382953,       0.000000,     515.864015,    1445.382953,       0.000007
1289,   1.920000,     515.864015,    1445.382953,       0.000000,     515.864015,    1445.382953,       0.000000
1290,   1.929000,     515.864015,    1445.382953,       0.000000,     515.864015,    1445.382953,       0.000000
1291,   1.930000,     515.864015,    1445.382953,       0.000000,     515.864015,    1445.382953,       0.000007
1292,   1.931000,     515.864015,    1445.382953,       0.000000,     515.864015,    1445.382953,       0.000000
1293,   1.932000,     515.864015,    1445.382953,       0.000000,     515.864015,    1445.382953,       0.000000
1294,   1.933000,     515.864015,    1445.382953,       0.000000,     515.864015,    1445.382953,       0.000007
1295,   1.934000,     515.864015,    1445.382953,       0.000000,     515.864015,    1445.382953,       0.000000
1296,   1.935000,     515.864015,    1445.382953,       0.000000,     515.864015,    1445.382953,       0.000007
1297,   1.936000,     515.864015,    1445.382953,       0.000000,     515.864015,    1445.382953,       0.000000
1298,   1.937000,     515.864015,    1445.382953,       0.000000,     515.864015,    1445.382953,       0.000007
1299,   1.938000,     515.864015,    1445.382953,       0.000000,     515.864015,    1445.382953,       0.000007
1300,   1.939000,     515.864015,    1445.382953,       0.000000,     515.864015,    1445.382953,       0.000000
1301,   1.940000,     515.864015,    1445.382953,       0.000000,     515.864015,    1445.382953,       0.000000
1302,   1.941000,     515.864015,    1445.382953,       0.000000,     515.864015,    1445.382953,       0.000007
1303,   1.942000,     515.864015,    1445.382953,       0.000000,     515.864015,    1445.382953,       0.000000
1304,   1.944000,     515.864015,    1445.382953,       0.000000,     515.864015,    1445.382953,       0.000000
1305,   1.945000,     515.864015,    1445.382953,       0.000000,     515.864015,    1445.382953,       0.000007
1306,   1.947000,     515.864015,    1445.382953,       0.000000,     515.864015,    1445.382953,       0.000007
1307,   1.948000,     515.864015,    1445.382953,       0.000000,     515.864015,    1445.382953,       0.000000
1308,   1.950000,     515.864015,    1445.382953,       0.000000,     515.864015,    1445.382953,       0.000000
1309,   1.951000,     515.864015,    1445.382953,       0.000000,     515.864015,    1445.382953,       0.000007
1310,   1.952000,     515.864015,    1445.382953,       0.000000,     515.864015,    1445.382953,       0.000000
1311,   1.953000,     515.864015,    1445.382953,       0.000000,     515.864015,    1445.382953,       0.000007
1312,   1.955000,     515.864015,    1445.382953,       0.000000,     515.864015,    1445.382953,       0.000007
1313,   1.956000,     515.864015,    1445.382953,       0.000000,     515.864015,    1445.382953,       0.000000
1314,   1.958000,     515.864015,    1445.382953,       0.000000,     515.864015,    1445.382953,       0.000000
1315,   1.959000,     515.864015,    1445.382953,       0.000000,     515.864015,    1445.382953,       0.000007
1316,   1.960000,     515.864015,    1445.382953,       0.000000,     515.864015,    1445.382953,       0.000000
1317,   1.961000,     515.864015,    1445.382953,       0.000000,     515.864015,    1445.382953,       0.000007
1318,   1.962000,     515.864015,    1445.382953,       0.000000,     515.864015,    1445.382953,       0.000000
1319,   1.963000,     515.864015,    1445.382953,       0.000000,     515.864015,    1445.382953,       0.000007
1320,   1.964000,     515.864015,    1445.382953,       0.000000,     515.864015,    1445.382953,       0.000000
1321,   1.965000,     515.864015,    1445.382953,       0.000000,     515.864015,    1445.382953,       0.000007
1322,   1.966000,     515.864015,    1445.382953,       0.000000,     515.864015,    1445.382953,       0.000007
1323,   1.967000,     515.864015,    1445.382953,       0.000000,     515.864015,    1445.382953,       0.000000
1324,   1.975000,     515.864015,    1445.382953,       0.000000,     515.864015,    1445.382953,       0.000000
1325,   1.976000,     515.864015,    1445.382953,       0.000000,     515.864015,    1445.382953,       0.000007
1326,   1.977000,     515.864015,    1445.382953,       0.000000,     515.864015,    1445.382953,       0.000000
1327,   1.980000,     515.864015,    1445.382953,       0.000000,     515.864015,    1445.382953,       0.000000
1328,   1.981000,     515.864015,    1445.382953,       0.000000,     515.864015,    1445.382953,       0.000007
1329,   1.982000,     515.864015,    1445.382953,       0.000000,     515.864015,    1445.382953,       0.000000
1330,   1.984000,     515.864015,    1445.382953,       0.000000,     515.864015,    1445.382953,       0.000000
1331,   1.985000,     515.864015,    1445.382953,       0.000000,     515.864015,    1445.382953,       0.000007
1332,   1.987000,     515.864015,    1445.382953,       0.000000,     515.864015,    1445.382953,       0.000007
1333,   1.988000,     515.864015,    1445.382953,       0.000000,     515.864015,    1445.382953,       0.000000
1334,   1.992000,     515.864015,    1445.382953,       0.000000,     515.864015,    1445.382953,       0.000000
1335,   1.993000,     515.864015,    1445.382953,       0.000000,     515.864015,    1445.382953,       0.000007
1336,   1.994000,     515.864015,    1445.382953,       0.000000,     515.864015,    1445.382953,       0.000000
1337,   1.995000,     515.864015,    1445.382953,       0.000000,     515.864015,    1445.382953,       0.000007
1338,   1.997000,     515.864015,    1445.382953,       0.000000,     515.864015,    1445.382953,       0.000007
1339,   1.998000,     515.864015,    1445.382953,       0.000000,     515.864015,    1445.382953,       0.000000
1340,   1.999000,     515.864015,    1445.382953,       0.000000,     515.864015,    1445.382953,       0.000000
1341,   2.000000,     515.864015,    1445.382953,       0.000000,     515.864015,    1445.382953,       0.000000
1342,   2.002000,     515.864015,    1445.382953,       0.000000,     515.864015,    1445.382953,       0.000000
1343,   2.003000,     515.864015,    1445.382953,       0.000000,     515.864015,    1445.382953,       0.000007
1344,   2.005000,     515.864015,    1445.382953,       0.000000,     515.864015,    1445.382953,       0.000007
1345,   2.006000,     515.864015,    1445.382953,       0.000000,     515.864015,    1445.382953,       0.000000
1346,   2.007000,     515.864015,    1445.382953,       0.000000,     515.864015,    1445.382953,       0.000007
1347,   2.008000,     515.864015,    1445.382953,       0.000000,     515.864015,    1445.382953,       0.000000
1348,   2.009000,     515.864015,    1445.382953,       0.000000,     515.864015,    1445.382953,       0.000007
1349,   2.010000,     515.864015,    1445.382953,       0.000000,     515.864015,    1445.382953,       0.000000
1350,   2.012000,     515.864015,    1445.382953,       0.000000,     515.864015,    1445.382953,       0.000000
1351,   2.013000,     515.864015,    1445.382953,       0.000000,     515.864015,    1445.382953,       0.000007
1352,   2.017000,     515.864015,    1445.382953,       0.000000,     515.864015,    1445.382953,       0.000007
1353,   2.018000,     515.864015,    1445.382953,       0.000000,     515.864015,    1445.382953,       0.000000
1354,   2.022000,     515.864015,    1445.382953,       0.000000,     515.864015,    1445.382953,       0.000000
1355,   2.023000,     515.864015,    1445.382953,       0.000000,     515.864015,    1445.382953,       0.000007
1356,   2.024000,     515.864015,    1445.382953,       0.000000,     515.864015,    1445.382953,       0.000007
1357,   2.025000,     515.864015,    1445.382953,       0.000000,     515.864015,    1445.382953,       0.000000
1358,   2.026000,     515.864015,    1445.382953,       0.000000,     515.864015,    1445.382953,       0.000000
1359,   2.027000,     515.864015,    1445.382953,       0.000000,     515.864015,    1445.382953,       0.000007
1360,   2.029000,     515.864015,    1445.382953,       0.000000,     515.864015,    1445.382953,       0.000007
1361,   2.030000,     515.864015,    1445.382953,       0.000000,     515.864015,    1445.382953,       0.000000
1362,   2.033000,     515.864015,    1445.382953,       0.000000,     515.864015,    1445.382953,       0.000000
1363,   2.034000,     515.864015,    1445.382953,       0.000000,     515.864015,    1445.382953,       0.000007
1364,   2.037000,     515.864015,    1445.382953,       0.000000,     515.864015,    1445.382953,       0.000007
1365,   2.038000,     515.864015,    1445.382953,       0.000000,     515.864015,    1445.382953,       0.000000
1366,   2.039000,     515.864015,    1445.382953,       0.000000,     515.864015,    1445.382953,       0.000007
1367,   2.040000,     515.864015,    1445.382953,       0.000000,     515.864015,    1445.382953,       0.000000
1368,   2.041000,     515.864015,    1445.382953,       0.000000,     515.864015,    1445.382953,       0.000000
1369,   2.042000,     515.864015,    1445.382953,       0.000000,     515.864015,    1445.382953,       0.000007
1370,   2.043000,     515.864015,    1445.382953,       0.000000,     515.864015,    1445.382953,       0.000000
1371,   2.045000,     515.864015,    1445.382953,       0.000000,     515.864015,    1445.382953,       0.000000
1372,   2.046000,     515.864015,    1445.382953,       0.000000,     515.864015,    1445.382953,       0.000007
1373,   2.047000,     515.864015,    1445.382953,       0.000000,     515.864015,    1445.382953,       0.000007
1374,   2.048000,     515.864015,    1445.382953,       0.000000,     515.864015,    1445.382953,       0.000000
1375,   2.049000,     515.864015,    1445.382953,       0.000000,     515.864015,    1445.382953,       0.000007
1376,   2.050000,     515.864015,    1445.382953,       0.000000,     515.864015,    1445.382953,       0.000000
1377,   2.051000,     515.864015,    1445.382953,       0.000000,     515.864015,    1445.382953,       0.000007
1378,   2.052000,     515.864015,    1445.382953,       0.000000,     515.864015,    1445.382953,       0.000000
1379,   2.056000,     515.864015,    1445.382953,       0.000000,     515.864015,    1445.382953,       0.000000
1380,   2.057000,     515.864015,    1445.382953,       0.000000,     515.864015,    1445.382953,       0.000007
1381,   2.058000,     515.864015,    1445.382953,       0.000000,     515.864015,    1445.382953,       0.000007
1382,   2.059000,     515.864015,    1445.382953,       0.000000,     515.864015,    1445.382953,       0.000000
1383,   2.060000,     515.864015,    1445.382953,       0.000000,     515.864015,    1445.382953,       0.000000
1384,   2.061000,     515.864015,    1445.382953,       0.000000,     515.864015,    1445.382953,       0.000007
1385,   2.062000,     515.864015,    1445.382953,       0.000000,     515.864015,    1445.382953,       0.000000
1386,   2.063000,     515.864015,    1445.382953,       0.000000,     515.864015,    1445.382953,       0.000000
1387,   2.064000,     515.864015,    1445.382953,       0.000000,     515.864015,    1445.382953,       0.000007
1388,   2.067000,     515.864015,    1445.382953,       0.000000,     515.864015,    1445.382953,       0.000007
1389,   2.068000,     515.864015,    1445.382953,       0.000000,     515.864015,    1445.382953,       0.000000
1390,   2.069000,     515.864015,    1445.382953,       0.000000,     515.864015,    1445.382953,       0.000007
1391,   2.070000,     515.864015,    1445.382953,       0.000000,     515.864015,    1445.382953,       0.000000
1392,   2.072000,     515.864015,    1445.382953,       0.000000,     515.864015,    1445.382953,       0.000000
1393,   2.073000,     515.864015,    1445.382953,       0.000000,     515.864015,    1445.382953,       0.000007
1394,   2.074000,     515.864015,    1445.382953,       0.000000,     515.864015,    1445.382953,       0.000000
1395,   2.078000,     515.864015,    1445.382953,       0.000000,     515.864015,    1445.382953,       0.000000
1396,   2.079000,     515.864015,    1445.382953,       0.000000,     515.864015,    1445.382953,       0.000007
1397,   2.080000,     515.864015,    1445.382953,       0.000000,     515.864015,    1445.382953,       0.000000
1398,   2.082000,     515.864015,    1445.382953,       0.000000,     515.864015,    1445.382953,       0.000000
1399,   2.083000,     515.864015,    1445.382953,       0.000000,     515.864015,    1445.382953,       0.000007
1400,   2.085000,     515.864015,    1445.382953,       0.000000,     515.864015,    1445.382953,       0.000007
1401,   2.086000,     515.864015,    1445.382953,       0.000000,     515.864015,    1445.382953,       0.000000
1402,   2.087000,     515.864015,    1445.382953,       0.000000,     515.864015,    1445.382953,       0.000007
1403,   2.088000,     515.864015,    1445.382953,       0.000000,     515.864015,    1445.382953,       0.000007
1404,   2.089000,     515.864015,    1445.382953,       0.000000,     515.864015,    1445.382953,       0.000000
1405,   2.091000,     515.864015,    1445.382953,       0.000000,     515.864015,    1445.382953,       0.000000
1406,   2.092000,     515.864015,    1445.382953,       0.000000,     515.864015,    1445.382953,       0.000007
1407,   2.093000,     515.864015,    1445.382953,       0.000000,     515.864015,    1445.382953,       0.000000
1408,   2.094000,     515.864015,    1445.382953,       0.000000,     515.864015,    1445.382953,       0.000000
1409,   2.095000,     515.864015,    1445.382953,       0.000000,     515.864015,    1445.382953,       0.000007
1410,   2.099000,     515.864015,    1445.382953,       0.000000,     515.864015,    1445.382953,       0.000007
1411,   2.100000,     515.864015,    1445.382953,       0.000000,     515.864015,    1445.382953,       0.000000
1412,   2.101000,     515.864015,    1445.382953,       0.000000,     515.864015,    1445.382953,       0.000000
1413,   2.102000,     515.864015,    1445.382953,       0.000000,     515.864015,    1445.382953,       0.000007
1414,   2.103000,     515.864015,    1445.382953,       0.000000,     515.864015,    1445.382953,       0.000007
1415,   2.104000,     515.864015,    1445.382953,       0.000000,     515.864015,    1445.382953,       0.000000
1416,   2.105000,     515.864015,    1445.382953,       0.000000,     515.864015,    1445.382953,       0.000000
1417,   2.106000,     515.864015,    1445.382953,       0.000000,     515.864015,    1445.382953,       0.000007
1418,   2.107000,     515.864015,    1445.382953,       0.000000,     515.864015,    1445.382953,       0.000007
1419,   2.108000,     515.864015,    1445.382953,       0.000000,     515.864015,    1445.382953,       0.000000
1420,   2.109000,     515.864015,    1445.382953,       0.000000,     515.864015,    1445.382953,       0.000000
1421,   2.110000,     515.864015,    1445.382953,       0.000000,     515.864015,    1445.382953,       0.000007
1422,   2.112000,     515.864015,    1445.382953,       0.000000,     515.864015,    1445.382953,       0.000007
1423,   2.113000,     515.864015,    1445.382953,       0.000000,     515.864015,    1445.382953,       0.000000
1424,   2.114000,     515.864015,    1445.382953,       0.000000,     515.864015,    1445.382953,       0.000007
1425,   2.115000,     515.864015,    1445.382953,       0.000000,     515.864015,    1445.382953,       0.000007
1426,   2.116000,     515.864015,    1445.382953,       0.000000,     515.864015,    1445.382953,       0.000000
1427,   2.117000,     515.864015,    1445.382953,       0.000000,     515.864015,    1445.382953,       0.000007
1428,   2.118000,     515.864015,    1445.382953,       0.000000,     515.864015,    1445.382953,       0.000007
1429,   2.119000,     515.864015,    1445.382953,       0.000000,     515.864015,    1445.382953,       0.000000
1430,   2.120000,     515.864015,    1445.382953,       0.000000,     515.864015,    1445.382953,       0.000000
1431,   2.121000,     515.864015,    1445.382953,       0.000000,     515.864015,    1445.382953,       0.000007
1432,   2.122000,     515.864015,    1445.382953,       0.000000,     515.864015,    1445.382953,       0.000000
1433,   2.123000,     515.864015,    1445.382953,       0.000000,     515.864015,    1445.382953,       0.000007
1434,   2.124000,     515.864015,    1445.382953,       0.000000,     515.864015,    1445.382953,       0.000000
1435,   2.126000,     515.864015,    1445.382953,       0.000000,     515.864015,    1445.382953,       0.000000
1436,   2.127000,     515.864015,    1445.382953,       0.000000,     515.864015,    1445.382953,       0.000007
1437,   2.130000,     515.864015,    1445.382953,       0.000000,     515.864015,    1445.382953,       0.000007
1438,   2.131000,     515.864015,    1445.382953,       0.000000,     515.864015,    1445.382953,       0.000000
1439,   2.132000,     515.864015,    1445.382953,       0.000000,     515.864015,    1445.382953,       0.000007
1440,   2.133000,     515.864015,    1445.382953,       0.000000,     515.864015,    1445.382953,       0.000000
1441,   2.134000,     515.864015,    1445.382953,       0.000000,     515.864015,    1445.382953,       0.000007
1442,   2.135000,     515.864015,    1445.382953,       0.000000,     515.864015,    1445.382953,       0.000000
1443,   2.136000,     515.864015,    1445.382953,       0.000000,     515.864015,    1445.382953,       0.000007
1444,   2.138000,     515.864015,    1445.382953,       0.000000,     515.864015,    1445.382953,       0.000007
1445,   2.139000,     515.864015,    1445.382953,       0.000000,     515.864015,    1445.382953,       0.000000
1446,   2.142000,     515.864015,    1445.382953,       0.000000,     515.864015,    1445.382953,       0.000000
1447,   2.143000,     515.864015,    1445.382953,       0.000000,     515.864015,    1445.382953,       0.000007
1448,   2.147000,     515.864015,    1445.382953,       0.000000,     515.864015,    1445.382953,       0.000007
1449,   2.148000,     515.864015,    1445.382953,       0.000000,     515.864015,    1445.382953,       0.000000
1450,   2.149000,     515.864015,    1445.382953,       0.000000,     515.864015,    1445.382953,       0.000007
1451,   2.150000,     515.864015,    1445.382953,       0.000000,     515.864015,    1445.382953,       0.000000
1452,   2.154000,     515.864015,    1445.382953,       0.000000,     515.864015,    1445.382953,       0.000000
1453,   2.155000,     515.864015,    1445.382953,       0.000000,     515.864015,    1445.382953,       0.000007
1454,   2.156000,     515.864015,    1445.382953,       0.000000,     515.864015,    1445.382953,       0.000000
1455,   2.157000,     515.864015,    1445.382953,       0.000000,     515.864015,    1445.382953,       0.000007
1456,   2.158000,     515.864015,    1445.382953,       0.000000,     515.864015,    1445.382953,       0.000000
1457,   2.159000,     515.864015,    1445.382953,       0.000000,     515.864015,    1445.382953,       0.000007
1458,   2.160000,     515.864015,    1445.382953,       0.000000,     515.864015,    1445.382953,       0.000000
1459,   2.162000,     515.864015,    1445.382953,       0.000000,     515.864015,    1445.382953,       0.000000
1460,   2.163000,     515.864015,    1445.382953,       0.000000,     515.864015,    1445.382953,       0.000007
1461,   2.165000,     515.864015,    1445.382953,       0.000000,     515.864015,    1445.382953,       0.000007
1462,   2.166000,     515.864015,    1445.382953,       0.000000,     515.864015,    1445.382953,       0.000000
1463,   2.167000,     515.864015,    1445.382953,       0.000000,     515.864015,    1445.382953,       0.000007
1464,   2.168000,     515.864015,    1445.382953,       0.000000,     515.864015,    1445.382953,       0.000000
1465,   2.169000,     515.864015,    1445.382953,       0.000000,     515.864015,    1445.382953,       0.000007
1466,   2.170000,     515.864015,    1445.382953,       0.000000,     515.864015,    1445.382953,       0.000007
1467,   2.171000,     515.864015,    1445.382953,       0.000000,     515.864015,    1445.382953,       0.000000
1468,   2.172000,     515.864015,    1445.382953,       0.000000,     515.864015,    1445.382953,       0.000000
1469,   2.173000,     515.864015,    1445.382953,       0.000000,     515.864015,    1445.382953,       0.000007
1470,   2.174000,     515.864015,    1445.382953,       0.000000,     515.864015,    1445.382953,       0.000000
1471,   2.175000,     515.864015,    1445.382953,       0.000000,     515.864015,    1445.382953,       0.000000
1472,   2.176000,     515.864015,    1445.382953,       0.000000,     515.864015,    1445.382953,       0.000007
1473,   2.178000,     515.864015,    1445.382953,       0.000000,     515.864015,    1445.382953,       0.000007
1474,   2.179000,     515.864015,    1445.382953,       0.000000,     515.864015,    1445.382953,       0.000000
1475,   2.181000,     515.864015,    1445.382953,       0.000000,     515.864015,    1445.382953,       0.000000
1476,   2.182000,     515.864015,    1445.382953,       0.000000,     515.864015,    1445.382953,       0.000007
1477,   2.183000,     515.864015,    1445.382953,       0.000000,     515.864015,    1445.382953,       0.000000
1478,   2.185000,     515.864015,    1445.382953,       0.000000,     515.864015,    1445.382953,       0.000000
1479,   2.186000,     515.864015,    1445.382953,       0.000000,     515.864015,    1445.382953,       0.000007
1480,   2.187000,     515.864015,    1445.382953,       0.000000,     515.864015,    1445.382953,       0.000000
1481,   2.193000,     515.864015,    1445.382953,       0.000000,     515.864015,    1445.382953,       0.000000
1482,   2.194000,     515.864015,    1445.382953,       0.000000,     515.864015,    1445.382953,       0.000007
1483,   2.195000,     515.864015,    1445.382953,       0.000000,     515.864015,    1445.382953,       0.000000
1484,   2.197000,     515.864015,    1445.382953,       0.000000,     515.864015,    1445.382953,       0.000000
1485,   2.198000,     515.864015,    1445.382953,       0.000000,     515.864015,    1445.382953,       0.000007
1486,   2.199000,     515.864015,    1445.382953,       0.000000,     515.864015,    1445.382953,       0.000007
1487,   2.200000,     515.864015,    1445.382953,       0.000000,     515.864015,    1445.382953,       0.000000
1488,   2.201000,     515.864015,    1445.382953,       0.000000,     515.864015,    1445.382953,       0.000007
1489,   2.202000,     515.864015,    1445.382953,       0.000000,     515.864015,    1445.382953,       0.000000
1490,   2.203000,     515.864015,    1445.382953,       0.000000,     515.864015,    1445.382953,       0.000007
1491,   2.204000,     515.864015,    1445.382953,       0.000000,     515.864015,    1445.382953,       0.000000
1492,   2.207000,     515.864015,    1445.382953,       0.000000,     515.864015,    1445.382953,       0.000000
1493,   2.208000,     515.864015,    1445.382953,       0.000000,     515.864015,    1445.382953,       0.000007
1494,   2.209000,     515.864015,    1445.382953,       0.000000,     515.864015,    1445.382953,       0.000007
1495,   2.210000,     515.864015,    1445.382953,       0.000000,     515.864015,    1445.382953,       0.000000
1496,   2.214000,     515.864015,    1445.382953,       0.000000,     515.864015,    1445.382953,       0.000000
1497,   2.215000,     515.864015,    1445.382953,       0.000000,     515.864015,    1445.382953,       0.000007
1498,   2.216000,     515.864015,    1445.382953,       0.000000,     515.864015,    1445.382953,       0.000007
1499,   2.217000,     515.864015,    1445.382953,       0.000000,     515.864015,    1445.382953,       0.000000
1500,   2.219000,     515.864015,    1445.382953,       0.000000,     515.864015,    1445.382953,       0.000000
1501,   2.220000,     515.864015,    1445.382953,       0.000000,     515.864015,    1445.382953,       0.000007
1502,   2.222000,     515.864015,    1445.382953,       0.000000,     515.864015,    1445.382953,       0.000007
1503,   2.223000,     515.864015,    1445.382953,       0.000000,     515.864015,    1445.382953,       0.000000
1504,   2.224000,     515.864015,    1445.382953,       0.000000,     515.864015,    1445.382953,       0.000007
1505,   2.225000,     515.864015,    1445.382953,       0.000000,     515.864015,    1445.382953,       0.000000
1506,   2.226000,     515.864015,    1445.382953,       0.000000,     515.864015,    1445.382953,       0.000007
1507,   2.227000,     515.864015,    1445.382953,       0.000000,     515.864015,    1445.382953,       0.000000
1508,   2.228000,     515.864015,    1445.382953,       0.000000,     515.864015,    1445.382953,       0.000000
1509,   2.229000,     515.864015,    1445.382953,       0.000000,     515.864015,    1445.382953,       0.000007
1510,   2.230000,     515.864015,    1445.382953,       0.000000,     515.864015,    1445.382953,       0.000000
1511,   2.233000,     515.864015,    1445.382953,       0.000000,     515.864015,    1445.382953,       0.000000
1512,   2.234000,     515.864015,    1445.382953,       0.000000,     515.864015,    1445.382953,       0.000007
1513,   2.235000,     515.864015,    1445.382953,       0.000000,     515.864015,    1445.382953,       0.000000
1514,   2.236000,     515.864015,    1445.382953,       0.000000,     515.864015,    1445.382953,       0.000007
1515,   2.237000,     515.864015,    1445.382953,       0.000000,     515.864015,    1445.382953,       0.000007
1516,   2.238000,     515.864015,    1445.382953,       0.000000,     515.864015,    1445.382953,       0.000000
1517,   2.240000,     515.864015,    1445.382953,       0.000000,     515.864015,    1445.382953,       0.000000
1518,   2.241000,     515.864015,    1445.382953,       0.000000,     515.864015,    1445.382953,       0.000007
1519,   2.242000,     515.864015,    1445.382953,       0.000000,     515.864015,    1445.382953,       0.000000
1520,   2.246000,     515.864015,    1445.382953,       0.000000,     515.864015,    1445.382953,       0.000000
1521,   2.247000,     515.864015,    1445.382953,       0.000000,     515.864015,    1445.382953,       0.000007
1522,   2.248000,     515.864015,    1445.382953,       0.000000,     515.864015,    1445.382953,       0.000000
1523,   2.252000,     515.864015,    1445.382953,       0.000000,     515.864015,    1445.382953,       0.000000
1524,   2.253000,     515.864015,    1445.382953,       0.000000,     515.864015,    1445.382953,       0.000007
1525,   2.254000,     515.864015,    1445.382953,       0.000000,     515.864015,    1445.382953,       0.000000
1526,   2.257000,     515.864015,    1445.382953,       0.000000,     515.864015,    1445.382953,       0.000000
1527,   2.258000,     515.864015,    1445.382953,       0.000000,     515.864015,    1445.382953,       0.000007
1528,   2.259000,     515.864015,    1445.382953,       0.000000,     515.864015,    1445.382953,       0.000007
1529,   2.260000,     515.864015,    1445.382953,       0.000000,     515.864015,    1445.382953,       0.000000
1530,   2.261000,     515.864015,    1445.382953,       0.000000,     515.864015,    1445.382953,       0.000007
1531,   2.262000,     515.864015,    1445.382953,       0.000000,     515.864015,    1445.382953,       0.000000
1532,   2.266000,     515.864015,    1445.382953,       0.000000,     515.864015,    1445.382953,       0.000000
1533,   2.267000,     515.864015,    1445.382953,       0.000000,     515.864015,    1445.382953,       0.000007
1534,   2.268000,     515.864015,    1445.382953,       0.000000,     515.864015,    1445.382953,       0.000007
1535,   2.269000,     515.864015,    1445.382953,       0.000000,     515.864015,    1445.382953,       0.000000
1536,   2.274000,     515.864015,    1445.382953,       0.000000,     515.864015,    1445.382953,       0.000000
1537,   2.275000,     515.864015,    1445.382953,       0.000000,     515.864015,    1445.382953,       0.000007
1538,   2.276000,     515.864015,    1445.382953,       0.000000,     515.864015,    1445.382953,       0.000000
1539,   2.281000,     515.864015,    1445.382953,       0.000000,     515.864015,    1445.382953,       0.000000
1540,   2.282000,     515.864015,    1445.382953,       0.000000,     515.864015,    1445.382953,       0.000007
1541,   2.283000,     515.864015,    1445.382953,       0.000000,     515.864015,    1445.382953,       0.000000
1542,   2.292000,     515.864015,    1445.382953,       0.000000,     515.864015,    1445.382953,       0.000000
1543,   2.293000,     515.864015,    1445.382953,       0.000000,     515.864015,    1445.382953,       0.000007
1544,   2.295000,     515.864015,    1445.382953,       0.000000,     515.864015,    1445.382953,       0.000007
1545,   2.296000,     515.864015,    1445.382953,       0.000000,     515.864015,    1445.382953,       0.000000
1546,   2.298000,     515.864015,    1445.382953,       0.000000,     515.864015,    1445.382953,       0.000000
1547,   2.299000,     515.864015,    1445.382953,       0.000000,     515.864015,    1445.382953,       0.000007
1548,   2.300000,     515.864015,    1445.382953,       0.000000,     515.864015,    1445.382953,       0.000000
1549,   2.301000,     515.864015,    1445.382953,       0.000000,     515.864015,    1445.382953,       0.000007
1550,   2.302000,     515.864015,    1445.382953,       0.000000,     515.864015,    1445.382953,       0.000007
1551,   2.303000,     515.864015,    1445.382953,       0.000000,     515.864015,    1445.382953,       0.000000
1552,   2.305000,     515.864015,    1445.382953,       0.000000,     515.864015,    1445.382953,       0.000000
1553,   2.306000,     515.864015,    1445.382953,       0.000000,     515.864015,    1445.382953,       0.000007
1554,   2.307000,     515.864015,    1445.382953,       0.000000,     515.864015,    1445.382953,       0.000000
1555,   2.310000,     515.864015,    1445.382953,       0.000000,     515.864015,    1445.382953,       0.000000
1556,   2.311000,     515.864015,    1445.382953,       0.000000,     515.864015,    1445.382953,       0.000007
1557,   2.312000,     515.864015,    1445.382953,       0.000000,     515.864015,    1445.382953,       0.000007
1558,   2.313000,     515.864015,    1445.382953,       0.000000,     515.864015,    1445.382953,       0.000000
1559,   2.314000,     515.864015,    1445.382953,       0.000000,     515.864015,    1445.382953,       0.000007
1560,   2.317000,     515.864015,    1445.382953,       0.000000,     515.864015,    1445.382953,       0.000007
1561,   2.318000,     515.864015,    1445.382953,       0.000000,     515.864015,    1445.382953,       0.000000
1562,   2.323000,     515.864015,    1445.382953,       0.000000,     515.864015,    1445.382953,       0.000000
1563,   2.324000,     515.864015,    1445.382953,       0.000000,     515.864015,    1445.382953,       0.000007
1564,   2.325000,     515.864015,    1445.382953,       0.000000,     515.864015,    1445.382953,       0.000000
1565,   2.326000,     515.864015,    1445.382953,       0.000000,     515.864015,    1445.382953,       0.000007
1566,   2.329000,     515.864015,    1445.382953,       0.000000,     515.864015,    1445.382953,       0.000007
1567,   2.330000,     515.864015,    1445.382953,       0.000000,     515.864015,    1445.382953,       0.000000
1568,   2.331000,     515.864015,    1445.382953,       0.000000,     515.864015,    1445.382953,       0.000000
1569,   2.332000,     515.864015,    1445.382953,       0.000000,     515.864015,    1445.382953,       0.000007
1570,   2.333000,     515.864015,    1445.382953,       0.000000,     515.864015,    1445.382953,       0.000000
1571,   2.336000,     515.864015,    1445.382953,       0.000000,     515.864015,    1445.382953,       0.000000
1572,   2.337000,     515.864015,    1445.382953,       0.000000,     515.864015,    1445.382953,       0.000007
1573,   2.341000,     515.864015,    1445.382953,       0.000000,     515.864015,    1445.382953,       0.000007
1574,   2.342000,     515.864015,    1445.382953,       0.000000,     515.864015,    1445.382953,       0.000000
1575,   2.343000,     515.864015,    1445.382953,       0.000000,     515.864015,    1445.382953,       0.000000
1576,   2.344000,     515.864015,    1445.382953,       0.000000,     515.864015,    1445.382953,       0.000007
1577,   2.345000,     515.864015,    1445.382953,       0.000000,     515.864015,    1445.382953,       0.000007
1578,   2.346000,     515.864015,    1445.382953,       0.000000,     515.864015,    1445.382953,       0.000000
1579,   2.348000,     515.864015,    1445.382953,       0.000000,     515.864015,    1445.382953,       0.000000
1580,   2.349000,     515.864015,    1445.382953,       0.000000,     515.864015,    1445.382953,       0.000007
1581,   2.350000,     515.864015,    1445.382953,       0.000000,     515.864015,    1445.382953,       0.000000
1582,   2.351000,     515.864015,    1445.382953,       0.000000,     515.864015,    1445.382953,       0.000000
1583,   2.352000,     515.864015,    1445.382953,       0.000000,     515.864015,    1445.382953,       0.000007
1584,   2.353000,     515.864015,    1445.382953,       0.000000,     515.864015,    1445.382953,       0.000000
1585,   2.355000,     515.864015,    1445.382953,       0.000000,     515.864015,    1445.382953,       0.000000
1586,   2.356000,     515.864015,    1445.382953,       0.000000,     515.864015,    1445.382953,       0.000007
1587,   2.358000,     515.864015,    1445.382953,       0.000000,     515.864015,    1445.382953,       0.000007
1588,   2.359000,     515.864015,    1445.382953,       0.000000,     515.864015,    1445.382953,       0.000000
1589,   2.361000,     515.864015,    1445.382953,       0.000000,     515.864015,    1445.382953,       0.000000
1590,   2.362000,     515.864015,    1445.382953,       0.000000,     515.864015,    1445.382953,       0.000007
1591,   2.363000,     515.864015,    1445.382953,       0.000000,     515.864015,    1445.382953,       0.000000
1592,   2.367000,     515.864015,    1445.382953,       0.000000,     515.864015,    1445.382953,       0.000000
1593,   2.368000,     515.864015,    1445.382953,       0.000000,     515.864015,    1445.382953,       0.000007
1594,   2.370000,     515.864015,    1445.382953,       0.000000,     515.864015,    1445.382953,       0.000007
1595,   2.371000,     515.864015,    1445.382953,       0.000000,     515.864015,    1445.382953,       0.000000
1596,   2.372000,     515.864015,    1445.382953,       0.000000,     515.864015,    1445.382953,       0.000007
1597,   2.373000,     515.864015,    1445.382953,       0.000000,     515.864015,    1445.382953,       0.000000
1598,   2.374000,     515.864015,    1445.382953,       0.000000,     515.864015,    1445.382953,       0.000007
1599,   2.375000,     515.864015,    1445.382953,       0.000000,     515.864015,    1445.382953,       0.000000
1600,   2.376000,     515.864015,    1445.382953,       0.000000,     515.864015,    1445.382953,       0.000007
1601,   2.377000,     515.864015,    1445.382953,       0.000000,     515.864015,    1445.382953,       0.000007
1602,   2.378000,     515.864015,    1445.382953,       0.000000,     515.864015,    1445.382953,       0.000000
1603,   2.381000,     515.864015,    1445.382953,       0.000000,     515.864015,    1445.382953,       0.000000
1604,   2.382000,     515.864015,    1445.382953,       0.000000,     515.864015,    1445.382953,       0.000007
1605,   2.383000,     515.864015,    1445.382953,       0.000000,     515.864015,    1445.382953,       0.000000
1606,   2.384000,     515.864015,    1445.382953,       0.000000,     515.864015,    1445.382953,       0.000007
1607,   2.385000,     515.864015,    1445.382953,       0.000000,     515.864015,    1445.382953,       0.000000
1608,   2.388000,     515.864015,    1445.382953,       0.000000,     515.864015,    1445.382953,       0.000000
1609,   2.389000,     515.864015,    1445.382953,       0.000000,     515.864015,    1445.382953,       0.000007
1610,   2.390000,     515.864015,    1445.382953,       0.000000,     515.864015,    1445.382953,       0.000000
1611,   2.391000,     515.864015,    1445.382953,       0.000000,     515.864015,    1445.382953,       0.000007
1612,   2.392000,     515.864015,    1445.382953,       0.000000,     515.864015,    1445.382953,       0.000000
1613,   2.393000,     515.864015,    1445.382953,       0.000000,     515.864015,    1445.382953,       0.000007
1614,   2.394000,     515.864015,    1445.382953,       0.000000,     515.864015,    1445.382953,       0.000000
1615,   2.395000,     515.864015,    1445.382953,       0.000000,     515.864015,    1445.382953,       0.000007
1616,   2.396000,     515.864015,    1445.382953,       0.000000,     515.864015,    1445.382953,       0.000000
1617,   2.397000,     515.864015,    1445.382953,       0.000000,     515.864015,    1445.382953,       0.000007
1618,   2.398000,     515.864015,    1445.382953,       0.000000,     515.864015,    1445.382953,       0.000000
1619,   2.399000,     515.864015,    1445.382953,       0.000000,     515.864015,    1445.382953,       0.000007
1620,   2.400000,     515.864015,    1445.382953,       0.000000,     515.864015,    1445.382953,       0.000000
1621,   2.401000,     515.864015,    1445.382953,       0.000000,     515.864015,    1445.382953,       0.000007
1622,   2.402000,     515.864015,    1445.382953,       0.000000,     515.864015,    1445.382953,       0.000007
1623,   2.403000,     515.864015,    1445.382953,       0.000000,     515.864015,    1445.382953,       0.000000
1624,   2.404000,     515.864015,    1445.382953,       0.000000,     515.864015,    1445.382953,       0.000000
1625,   2.405000,     515.864015,    1445.382953,       0.000000,     515.864015,    1445.382953,       0.000007
1626,   2.408000,     515.864015,    1445.382953,       0.000000,     515.864015,    1445.382953,       0.000007
1627,   2.409000,     515.864015,    1445.382953,       0.000000,     515.864015,    1445.382953,       0.000000
1628,   2.413000,     515.864015,    1445.382953,       0.000000,     515.864015,    1445.382953,       0.000000
1629,   2.414000,     515.864015,    1445.382953,       0.000000,     515.864015,    1445.382953,       0.000007
1630,   2.417000,     515.864015,    1445.382953,       0.000000,     515.864015,    1445.382953,       0.000007
1631,   2.418000,     515.864015,    1445.382953,       0.000000,     515.864015,    1445.382953,       0.000000
1632,   2.424000,     515.864015,    1445.382953,       0.000000,     515.864015,    1445.382953,       0.000000
1633,   2.425000,     515.864015,    1445.382953,       0.000000,     515.864015,    1445.382953,       0.000007
1634,   2.429000,     515.864015,    1445.382953,       0.000000,     515.864015,    1445.382953,       0.000007
1635,   2.430000,     515.864015,    1445.382953,       0.000000,     515.864015,    1445.382953,       0.000000
1636,   2.431000,     515.864015,    1445.382953,       0.000000,     515.864015,    1445.382953,       0.000000
1637,   2.432000,     515.864015,    1445.382953,       0.000000,     515.864015,    1445.382953,       0.000007
1638,   2.433000,     515.864015,    1445.382953,       0.000000,     515.864015,    1445.382953,       0.000000
1639,   2.434000,     515.864015,    1445.382953,       0.000000,     515.864015,    1445.382953,       0.000007
1640,   2.435000,     515.864015,    1445.382953,       0.000000,     515.864015,    1445.382953,       0.000000
1641,   2.436000,     515.864015,    1445.382953,       0.000000,     515.864015,    1445.382953,       0.000000
1642,   2.437000,     515.864015,    1445.382953,       0.000000,     515.864015,    1445.382953,       0.000007
1643,   2.438000,     515.864015,    1445.382953,       0.000000,     515.864015,    1445.382953,       0.000007
1644,   2.439000,     515.864015,    1445.382953,       0.000000,     515.864015,    1445.382953,       0.000000
1645,   2.446000,     515.864015,    1445.382953,       0.000000,     515.864015,    1445.382953,       0.000000
1646,   2.447000,     515.864015,    1445.382953,       0.000000,     515.864015,    1445.382953,       0.000007
1647,   2.449000,     515.864015,    1445.382953,       0.000000,     515.864015,    1445.382953,       0.000007
1648,   2.450000,     515.864015,    1445.382953,       0.000000,     515.864015,    1445.382953,       0.000000
1649,   2.452000,     515.864015,    1445.382953,       0.000000,     515.864015,    1445.382953,       0.000000
1650,   2.453000,     515.864015,    1445.382953,       0.000000,     515.864015,    1445.382953,       0.000007
1651,   2.454000,     515.864015,    1445.382953,       0.000000,     515.864015,    1445.382953,       0.000000
1652,   2.456000,     515.864015,    1445.382953,       0.000000,     515.864015,    1445.382953,       0.000000
1653,   2.457000,     515.864015,    1445.382953,       0.000000,     515.864015,    1445.382953,       0.000007
1654,   2.458000,     515.864015,    1445.382953,       0.000000,     515.864015,    1445.382953,       0.000007
1655,   2.459000,     515.864015,    1445.382953,       0.000000,     515.864015,    1445.382953,       0.000000
1656,   2.464000,     515.864015,    1445.382953,       0.000000,     515.864015,    1445.382953,       0.000000
1657,   2.465000,     515.864015,    1445.382953,       0.000000,     515.864015,    1445.382953,       0.000007
1658,   2.466000,     515.864015,    1445.382953,       0.000000,     515.864015,    1445.382953,       0.000000
1659,   2.467000,     515.864015,    1445.382953,       0.000000,     515.864015,    1445.382953,       0.000007
1660,   2.469000,     515.864015,    1445.382953,       0.000000,     515.864015,    1445.382953,       0.000007
1661,   2.470000,     515.864015,    1445.382953,       0.000000,     515.864015,    1445.382953,       0.000000
1662,   2.474000,     515.864015,    1445.382953,       0.000000,     515.864015,    1445.382953,       0.000000
1663,   2.475000,     515.864015,    1445.382953,       0.000000,     515.864015,    1445.382953,       0.000007
1664,   2.476000,     515.864015,    1445.382953,       0.000000,     515.864015,    1445.382953,       0.000007
1665,   2.477000,     515.864015,    1445.382953,       0.000000,     515.864015,    1445.382953,       0.000000
1666,   2.479000,     515.864015,    1445.382953,       0.000000,     515.864015,    1445.382953,       0.000000
1667,   2.480000,     515.864015,    1445.382953,       0.000000,     515.864015,    1445.382953,       0.000007
1668,   2.481000,     515.864015,    1445.382953,       0.000000,     515.864015,    1445.382953,       0.000000
1669,   2.485000,     515.864015,    1445.382953,       0.000000,     515.864015,    1445.382953,       0.000000
1670,   2.486000,     515.864015,    1445.382953,       0.000000,     515.864015,    1445.382953,       0.000007
1671,   2.490000,     515.864015,    1445.382953,       0.000000,     515.864015,    1445.382953,       0.000007
1672,   2.491000,     515.864015,    1445.382953,       0.000000,     515.864015,    1445.382953,       0.000000
1673,   2.493000,     515.864015,    1445.382953,       0.000000,     515.864015,    1445.382953,       0.000000
1674,   2.494000,     515.864015,    1445.382953,       0.000000,     515.864015,    1445.382953,       0.000007
1675,   2.495000,     515.864015,    1445.382953,       0.000000,     515.864015,    1445.382953,       0.000000
1676,   2.503000,     515.864015,    1445.382953,       0.000000,     515.864015,    1445.382953,       0.000000
1677,   2.504000,     515.864015,    1445.382953,       0.000000,     515.864015,    1445.382953,       0.000007
1678,   2.507000,     515.864015,    1445.382953,       0.000000,     515.864015,    1445.382953,       0.000007
1679,   2.508000,     515.864015,    1445.382953,       0.000000,     515.864015,    1445.382953,       0.000000
1680,   2.509000,     515.864015,    1445.382953,       0.000000,     515.864015,    1445.382953,       0.000007
1681,   2.510000,     515.864015,    1445.382953,       0.000000,     515.864015,    1445.382953,       0.000000
1682,   2.511000,     515.864015,    1445.382953,       0.000000,     515.864015,    1445.382953,       0.000000
1683,   2.512000,     515.864015,    1445.382953,       0.000000,     515.864015,    1445.382953,       0.000007
1684,   2.513000,     515.864015,    1445.382953,       0.000000,     515.864015,    1445.382953,       0.000000
1685,   2.514000,     515.864015,    1445.382953,       0.000000,     515.864015,    1445.382953,       0.000007
1686,   2.515000,     515.864015,    1445.382953,       0.000000,     515.864015,    1445.382953,       0.000000
1687,   2.516000,     515.864015,    1445.382953,       0.000000,     515.864015,    1445.382953,       0.000000
1688,   2.517000,     515.864015,    1445.382953,       0.000000,     515.864015,    1445.382953,       0.000007
1689,   2.518000,     515.864015,    1445.382953,       0.000000,     515.864015,    1445.382953,       0.000007
1690,   2.519000,     515.864015,    1445.382953,       0.000000,     515.864015,    1445.382953,       0.000000
1691,   2.522000,     515.864015,    1445.382953,       0.000000,     515.864015,    1445.382953,       0.000000
1692,   2.523000,     515.864015,    1445.382953,       0.000000,     515.864015,    1445.382953,       0.000007
1693,   2.524000,     515.864015,    1445.382953,       0.000000,     515.864015,    1445.382953,       0.000000
1694,   2.525000,     515.864015,    1445.382953,       0.000000,     515.864015,    1445.382953,       0.000000
1695,   2.526000,     515.864015,    1445.382953,       0.000000,     515.864015,    1445.382953,       0.000007
1696,   2.527000,     515.864015,    1445.382953,       0.000000,     515.864015,    1445.382953,       0.000007
1697,   2.528000,     515.864015,    1445.382953,       0.000000,     515.864015,    1445.382953,       0.000000
1698,   2.531000,     515.864015,    1445.382953,       0.000000,     515.864015,    1445.382953,       0.000000
1699,   2.532000,     515.864015,    1445.382953,       0.000000,     515.864015,    1445.382953,       0.000007
1700,   2.533000,     515.864015,    1445.382953,       0.000000,     515.864015,    1445.382953,       0.000000
1701,   2.535000,     515.864015,    1445.382953,       0.000000,     515.864015,    1445.382953,       0.000000
1702,   2.536000,     515.864015,    1445.382953,       0.000000,     515.864015,    1445.382953,       0.000007
1703,   2.537000,     515.864015,    1445.382953,       0.000000,     515.864015,    1445.382953,       0.000000
1704,   2.543000,     515.864015,    1445.382953,       0.000000,     515.864015,    1445.382953,       0.000000
1705,   2.544000,     515.864015,    1445.382953,       0.000000,     515.864015,    1445.382953,       0.000007
1706,   2.546000,     515.864015,    1445.382953,       0.000000,     515.864015,    1445.382953,       0.000007
1707,   2.547000,     515.864015,    1445.382953,       0.000000,     515.864015,    1445.382953,       0.000000
1708,   2.548000,     515.864015,    1445.382953,       0.000000,     515.864015,    1445.382953,       0.000000
1709,   2.549000,     515.864015,    1445.382953,       0.000000,     515.864015,    1445.382953,       0.000007
1710,   2.550000,     515.864015,    1445.382953,       0.000000,     515.864015,    1445.382953,       0.000000
1711,   2.551000,     515.864015,    1445.382953,       0.000000,     515.864015,    1445.382953,       0.000007
1712,   2.552000,     515.864015,    1445.382953,       0.000000,     515.864015,    1445.382953,       0.000000
1713,   2.554000,     515.864015,    1445.382953,       0.000000,     515.864015,    1445.382953,       0.000000
1714,   2.555000,     515.864015,    1445.382953,       0.000000,     515.864015,    1445.382953,       0.000007
1715,   2.556000,     515.864015,    1445.382953,       0.000000,     515.864015,    1445.382953,       0.000000
1716,   2.557000,     515.864015,    1445.382953,       0.000000,     515.864015,    1445.382953,       0.000000
1717,   2.558000,     515.864015,    1445.382953,       0.000000,     515.864015,    1445.382953,       0.000007
1718,   2.559000,     515.864015,    1445.382953,       0.000000,     515.864015,    1445.382953,       0.000000
1719,   2.560000,     515.864015,    1445.382953,       0.000000,     515.864015,    1445.382953,       0.000007
1720,   2.561000,     515.864015,    1445.382953,       0.000000,     515.864015,    1445.382953,       0.000000
1721,   2.564000,     515.864015,    1445.382953,       0.000000,     515.864015,    1445.382953,       0.000000
1722,   2.565000,     515.864015,    1445.382953,       0.000000,     515.864015,    1445.382953,       0.000007
1723,   2.568000,     515.864015,    1445.382953,       0.000000,     515.864015,    1445.382953,       0.000007
1724,   2.569000,     515.864015,    1445.382953,       0.000000,     515.864015,    1445.382953,       0.000000
1725,   2.571000,     515.864015,    1445.382953,       0.000000,     515.864015,    1445.382953,       0.000000
1726,   2.572000,     515.864015,    1445.382953,       0.000000,     515.864015,    1445.382953,       0.000007
1727,   2.573000,     515.864015,    1445.382953,       0.000000,     515.864015,    1445.382953,       0.000000
1728,   2.574000,     515.864015,    1445.382953,       0.000000,     515.864015,    1445.382953,       0.000007
1729,   2.577000,     515.864015,    1445.382953,       0.000000,     515.864015,    1445.382953,       0.000007
1730,   2.578000,     515.864015,    1445.382953,       0.000000,     515.864015,    1445.382953,       0.000000
1731,   2.581000,     515.864015,    1445.382953,       0.000000,     515.864015,    1445.382953,       0.000000
1732,   2.582000,     515.864015,    1445.382953,       0.000000,     515.864015,    1445.382953,       0.000007
1733,   2.583000,     515.864015,    1445.382953,       0.000000,     515.864015,    1445.382953,       0.000000
1734,   2.584000,     515.864015,    1445.382953,       0.000000,     515.864015,    1445.382953,       0.000007
1735,   2.585000,     515.864015,    1445.382953,       0.000000,     515.864015,    1445.382953,       0.000000
1736,   2.586000,     515.864015,    1445.382953,       0.000000,     515.864015,    1445.382953,       0.000007
1737,   2.587000,     515.864015,    1445.382953,       0.000000,     515.864015,    1445.382953,       0.000000
1738,   2.588000,     515.864015,    1445.382953,       0.000000,     515.864015,    1445.382953,       0.000007
1739,   2.590000,     515.864015,    1445.382953,       0.000000,     515.864015,    1445.382953,       0.000007
1740,   2.591000,     515.864015,    1445.382953,       0.000000,     515.864015,    1445.382953,       0.000000
1741,   2.592000,     515.864015,    1445.382953,       0.000000,     515.864015,    1445.382953,       0.000000
1742,   2.593000,     515.864015,    1445.382953,       0.000000,     515.864015,    1445.382953,       0.000007
1743,   2.595000,     515.864015,    1445.382953,       0.000000,     515.864015,    1445.382953,       0.000007
1744,   2.596000,     515.864015,    1445.382953,       0.000000,     515.864015,    1445.382953,       0.000000
1745,   2.597000,     515.864015,    1445.382953,       0.000000,     515.864015,    1445.382953,       0.000007
1746,   2.598000,     515.864015,    1445.382953,       0.000000,     515.864015,    1445.382953,       0.000007
1747,   2.599000,     515.864015,    1445.382953,       0.000000,     515.864015,    1445.382953,       0.000000
1748,   2.603000,     515.864015,    1445.382953,       0.000000,     515.864015,    1445.382953,       0.000000
1749,   2.604000,     515.864015,    1445.382953,       0.000000,     515.864015,    1445.382953,       0.000007
1750,   2.606000,     515.864015,    1445.382953,       0.000000,     515.864015,    1445.382953,       0.000007
1751,   2.607000,     515.864015,    1445.382953,       0.000000,     515.864015,    1445.382953,       0.000000
1752,   2.608000,     515.864015,    1445.382953,       0.000000,     515.864015,    1445.382953,       0.000007
1753,   2.609000,     515.864015,    1445.382953,       0.000000,     515.864015,    1445.382953,       0.000000
1754,   2.613000,     515.864015,    1445.382953,       0.000000,     515.864015,    1445.382953,       0.000000
1755,   2.614000,     515.864015,    1445.382953,       0.000000,     515.864015,    1445.382953,       0.000007
1756,   2.616000,     515.864015,    1445.382953,       0.000000,     515.864015,    1445.382953,       0.000007
1757,   2.617000,     515.864015,    1445.382953,       0.000000,     515.864015,    1445.382953,       0.000000
1758,   2.618000,     515.864015,    1445.382953,       0.000000,     515.864015,    1445.382953,       0.000007
1759,   2.619000,     515.864015,    1445.382953,       0.000000,     515.864015,    1445.382953,       0.000000
1760,   2.620000,     515.864015,    1445.382953,       0.000000,     515.864015,    1445.382953,       0.000007
1761,   2.621000,     515.864015,    1445.382953,       0.000000,     515.864015,    1445.382953,       0.000000
1762,   2.623000,     515.864015,    1445.382953,       0.000000,     515.864015,    1445.382953,       0.000000
1763,   2.624000,     515.864015,    1445.382953,       0.000000,     515.864015,    1445.382953,       0.000007
1764,   2.625000,     515.864015,    1445.382953,       0.000000,     515.864015,    1445.382953,       0.000007
1765,   2.626000,     515.864015,    1445.382953,       0.000000,     515.864015,    1445.382953,       0.000000
1766,   2.627000,     515.864015,    1445.382953,       0.000000,     515.864015,    1445.382953,       0.000000
1767,   2.628000,     515.864015,    1445.382953,       0.000000,     515.864015,    1445.382953,       0.000007
1768,   2.630000,     515.864015,    1445.382953,       0.000000,     515.864015,    1445.382953,       0.000007
1769,   2.631000,     515.864015,    1445.382953,       0.000000,     515.864015,    1445.382953,       0.000000
1770,   2.633000,     515.864015,    1445.382953,       0.000000,     515.864015,    1445.382953,       0.000000
1771,   2.634000,     515.864015,    1445.382953,       0.000000,     515.864015,    1445.382953,       0.000007
1772,   2.635000,     515.864015,    1445.382953,       0.000000,     515.864015,    1445.382953,       0.000000
1773,   2.636000,     515.864015,    1445.382953,       0.000000,     515.864015,    1445.382953,       0.000007
1774,   2.637000,     515.864015,    1445.382953,       0.000000,     515.864015,    1445.382953,       0.000000
1775,   2.638000,     515.864015,    1445.382953,       0.000000,     515.864015,    1445.382953,       0.000007
1776,   2.639000,     515.864015,    1445.382953,       0.000000,     515.864015,    1445.382953,       0.000000
1777,   2.640000,     515.864015,    1445.382953,       0.000000,     515.864015,    1445.382953,       0.000007
1778,   2.641000,     515.864015,    1445.382953,       0.000000,     515.864015,    1445.382953,       0.000000
1779,   2.643000,     515.864015,    1445.382953,       0.000000,     515.864015,    1445.382953,       0.000000
1780,   2.644000,     515.864015,    1445.382953,       0.000000,     515.864015,    1445.382953,       0.000007
1781,   2.646000,     515.864015,    1445.382953,       0.000000,     515.864015,    1445.382953,       0.000007
1782,   2.647000,     515.864015,    1445.382953,       0.000000,     515.864015,    1445.382953,       0.000000
1783,   2.648000,     515.864015,    1445.382953,       0.000000,     515.864015,    1445.382953,       0.000000
1784,   2.649000,     515.864015,    1445.382953,       0.000000,     515.864015,    1445.382953,       0.000007
1785,   2.650000,     515.864015,    1445.382953,       0.000000,     515.864015,    1445.382953,       0.000000
1786,   2.652000,     515.864015,    1445.382953,       0.000000,     515.864015,    1445.382953,       0.000000
1787,   2.653000,     515.864015,    1445.382953,       0.000000,     515.864015,    1445.382953,       0.000007
1788,   2.655000,     515.864015,    1445.382953,       0.000000,     515.864015,    1445.382953,       0.000007
1789,   2.656000,     515.864015,    1445.382953,       0.000000,     515.864015,    1445.382953,       0.000000
1790,   2.657000,     515.864015,    1445.382953,       0.000000,     515.864015,    1445.382953,       0.000007
1791,   2.658000,     515.864015,    1445.382953,       0.000000,     515.864015,    1445.382953,       0.000000
1792,   2.659000,     515.864015,    1445.382953,       0.000000,     515.864015,    1445.382953,       0.000007
1793,   2.660000,     515.864015,    1445.382953,       0.000000,     515.864015,    1445.382953,       0.000007
1794,   2.661000,     515.864015,    1445.382953,       0.000000,     515.864015,    1445.382953,       0.000000
1795,   2.662000,     515.864015,    1445.382953,       0.000000,     515.864015,    1445.382953,       0.000007
1796,   2.663000,     515.864015,    1445.382953,       0.000000,     515.864015,    1445.382953,       0.000007
1797,   2.664000,     515.864015,    1445.382953,       0.000000,     515.864015,    1445.382953,       0.000000
1798,   2.665000,     515.864015,    1445.382953,       0.000000,     515.864015,    1445.382953,       0.000000
1799,   2.666000,     515.864015,    1445.382953,       0.000000,     515.864015,    1445.382953,       0.000007
1800,   2.669000,     515.864015,    1445.382953,       0.000000,     515.864015,    1445.382953,       0.000007
1801,   2.670000,     515.864015,    1445.382953,       0.000000,     515.864015,    1445.382953,       0.000000
1802,   2.673000,     515.864015,    1445.382953,       0.000000,     515.864015,    1445.382953,       0.000000
1803,   2.674000,     515.864015,    1445.382953,       0.000000,     515.864015,    1445.382953,       0.000007
1804,   2.675000,     515.864015,    1445.382953,       0.000000,     515.864015,    1445.382953,       0.000000
1805,   2.681000,     515.864015,    1445.382953,       0.000000,     515.864015,    1445.382953,       0.000000
1806,   2.682000,     515.864015,    1445.382953,       0.000000,     515.864015,    1445.382953,       0.000007
1807,   2.683000,     515.864015,    1445.382953,       0.000000,     515.864015,    1445.382953,       0.000000
1808,   2.685000,     515.864015,    1445.382953,       0.000000,     515.864015,    1445.382953,       0.000000
1809,   2.686000,     515.864015,    1445.382953,       0.000000,     515.864015,    1445.382953,       0.000007
1810,   2.688000,     515.864015,    1445.382953,       0.000000,     515.864015,    1445.382953,       0.000007
1811,   2.689000,     515.864015,    1445.382953,       0.000000,     515.864015,    1445.382953,       0.000000
1812,   2.693000,     515.864015,    1445.382953,       0.000000,     515.864015,    1445.382953,       0.000000
1813,   2.694000,     515.864015,    1445.382953,       0.000000,     515.864015,    1445.382953,       0.000007
1814,   2.698000,     515.864015,    1445.382953,       0.000000,     515.864015,    1445.382953,       0.000007
1815,   2.699000,     515.864015,    1445.382953,       0.000000,     515.864015,    1445.382953,       0.000000
1816,   2.703000,     515.864015,    1445.382953,       0.000000,     515.864015,    1445.382953,       0.000000
1817,   2.704000,     515.864015,    1445.382953,       0.000000,     515.864015,    1445.382953,       0.000007
1818,   2.705000,     515.864015,    1445.382953,       0.000000,     515.864015,    1445.382953,       0.000000
1819,   2.706000,     515.864015,    1445.382953,       0.000000,     515.864015,    1445.382953,       0.000007
1820,   2.707000,     515.864015,    1445.382953,       0.000000,     515.864015,    1445.382953,       0.000000
1821,   2.710000,     515.864015,    1445.382953,       0.000000,     515.864015,    1445.382953,       0.000000
1822,   2.711000,     515.864015,    1445.382953,       0.000000,     515.864015,    1445.382953,       0.000007
1823,   2.712000,     515.864015,    1445.382953,       0.000000,     515.864015,    1445.382953,       0.000007
1824,   2.713000,     515.864015,    1445.382953,       0.000000,     515.864015,    1445.382953,       0.000000
1825,   2.714000,     515.864015,    1445.382953,       0.000000,     515.864015,    1445.382953,       0.000007
1826,   2.715000,     515.864015,    1445.382953,       0.000000,     515.864015,    1445.382953,       0.000000
1827,   2.716000,     515.864015,    1445.382953,       0.000000,     515.864015,    1445.382953,       0.000007
1828,   2.717000,     515.864015,    1445.382953,       0.000000,     515.864015,    1445.382953,       0.000007
1829,   2.718000,     515.864015,    1445.382953,       0.000000,     515.864015,    1445.382953,       0.000000
1830,   2.719000,     515.864015,    1445.382953,       0.000000,     515.864015,    1445.382953,       0.000007
1831,   2.720000,     515.864015,    1445.382953,       0.000000,     515.864015,    1445.382953,       0.000000
1832,   2.721000,     515.864015,    1445.382953,       0.000000,     515.864015,    1445.382953,       0.000000
1833,   2.722000,     515.864015,    1445.382953,       0.000000,     515.864015,    1445.382953,       0.000007
1834,   2.723000,     515.864015,    1445.382953,       0.000000,     515.864015,    1445.382953,       0.000007
1835,   2.724000,     515.864015,    1445.382953,       0.000000,     515.864015,    1445.382953,       0.000000
1836,   2.725000,     515.864015,    1445.382953,       0.000000,     515.864015,    1445.382953,       0.000007
1837,   2.726000,     515.864015,    1445.382953,       0.000000,     515.864015,    1445.382953,       0.000000
1838,   2.727000,     515.864015,    1445.382953,       0.000000,     515.864015,    1445.382953,       0.000000
1839,   2.728000,     515.864015,    1445.382953,       0.000000,     515.864015,    1445.382953,       0.000007
1840,   2.729000,     515.864015,    1445.382953,       0.000000,     515.864015,    1445.382953,       0.000000
1841,   2.730000,     515.864015,    1445.382953,       0.000000,     515.864015,    1445.382953,       0.000007
1842,   2.731000,     515.864015,    1445.382953,       0.000000,     515.864015,    1445.382953,       0.000000
1843,   2.732000,     515.864015,    1445.382953,       0.000000,     515.864015,    1445.382953,       0.000007
1844,   2.733000,     515.864015,    1445.382953,       0.000000,     515.864015,    1445.382953,       0.000000
1845,   2.734000,     515.864015,    1445.382953,       0.000000,     515.864015,    1445.382953,       0.000000
1846,   2.735000,     515.864015,    1445.382953,       0.000000,     515.864015,    1445.382953,       0.000007
1847,   2.739000,     515.864015,    1445.382953,       0.000000,     515.864015,    1445.382953,       0.000007
1848,   2.740000,     515.864015,    1445.382953,       0.000000,     515.864015,    1445.382953,       0.000000
1849,   2.742000,     515.864015,    1445.382953,       0.000000,     515.864015,    1445.382953,       0.000000
1850,   2.743000,     515.864015,    1445.382953,       0.000000,     515.864015,    1445.382953,       0.000007
1851,   2.744000,     515.864015,    1445.382953,       0.000000,     515.864015,    1445.382953,       0.000000
1852,   2.745000,     515.864015,    1445.382953,       0.000000,     515.864015,    1445.382953,       0.000007
1853,   2.750000,     515.864015,    1445.382953,       0.000000,     515.864015,    1445.382953,       0.000007
1854,   2.751000,     515.864015,    1445.382953,       0.000000,     515.864015,    1445.382953,       0.000000
1855,   2.753000,     515.864015,    1445.382953,       0.000000,     515.864015,    1445.382953,       0.000000
1856,   2.754000,     515.864015,    1445.382953,       0.000000,     515.864015,    1445.382953,       0.000007
1857,   2.755000,     515.864015,    1445.382953,       0.000000,     515.864015,    1445.382953,       0.000000
1858,   2.757000,     515.864015,    1445.382953,       0.000000,     515.864015,    1445.382953,       0.000000
1859,   2.758000,     515.864015,    1445.382953,       0.000000,     515.864015,    1445.382953,       0.000007
1860,   2.759000,     515.864015,    1445.382953,       0.000000,     515.864015,    1445.382953,       0.000000
1861,   2.760000,     515.864015,    1445.382953,       0.000000,     515.864015,    1445.382953,       0.000007
1862,   2.761000,     515.864015,    1445.382953,       0.000000,     515.864015,    1445.382953,       0.000007
1863,   2.762000,     515.864015,    1445.382953,       0.000000,     515.864015,    1445.382953,       0.000000
1864,   2.763000,     515.864015,    1445.382953,       0.000000,     515.864015,    1445.382953,       0.000007
1865,   2.764000,     515.864015,    1445.382953,       0.000000,     515.864015,    1445.382953,       0.000000
1866,   2.765000,     515.864015,    1445.382953,       0.000000,     515.864015,    1445.382953,       0.000007
1867,   2.771000,     515.864015,    1445.382953,       0.000000,     515.864015,    1445.382953,       0.000007
1868,   2.772000,     515.864015,    1445.382953,       0.000000,     515.864015,    1445.382953,       0.000000
1869,   2.773000,     515.864015,    1445.382953,       0.000000,     515.864015,    1445.382953,       0.000007
1870,   2.774000,     515.864015,    1445.382953,       0.000000,     515.864015,    1445.382953,       0.000000
1871,   2.775000,     515.864015,    1445.382953,       0.000000,     515.864015,    1445.382953,       0.000007
1872,   2.776000,     515.864015,    1445.382953,       0.000000,     515.864015,    1445.382953,       0.000000
1873,   2.779000,     515.864015,    1445.382953,       0.000000,     515.864015,    1445.382953,       0.000000
1874,   2.780000,     515.864015,    1445.382953,       0.000000,     515.864015,    1445.382953,       0.000007
1875,   2.781000,     515.864015,    1445.382953,       0.000000,     515.864015,    1445.382953,       0.000000
1876,   2.782000,     515.864015,    1445.382953,       0.000000,     515.864015,    1445.382953,       0.000007
1877,   2.783000,     515.864015,    1445.382953,       0.000000,     515.864015,    1445.382953,       0.000000
1878,   2.784000,     515.864015,    1445.382953,       0.000000,     515.864015,    1445.382953,       0.000007
1879,   2.785000,     515.864015,    1445.382953,       0.000000,     515.864015,    1445.382953,       0.000007
1880,   2.786000,     515.864015,    1445.382953,       0.000000,     515.864015,    1445.382953,       0.000000
1881,   2.787000,     515.864015,    1445.382953,       0.000000,     515.864015,    1445.382953,       0.000007
1882,   2.788000,     515.864015,    1445.382953,       0.000000,     515.864015,    1445.382953,       0.000007
1883,   2.789000,     515.864015,    1445.382953,       0.000000,     515.864015,    1445.382953,       0.000000
1884,   2.790000,     515.864015,    1445.382953,       0.000000,     515.864015,    1445.382953,       0.000007
1885,   2.791000,     515.864015,    1445.382953,       0.000000,     515.864015,    1445.382953,       0.000000
1886,   2.796000,     515.864015,    1445.382953,       0.000000,     515.864015,    1445.382953,       0.000000
1887,   2.797000,     515.864015,    1445.382953,       0.000000,     515.864015,    1445.382953,       0.000007
1888,   2.798000,     515.864015,    1445.382953,       0.000000,     515.864015,    1445.382953,       0.000000
1889,   2.800000,     515.864015,    1445.382953,       0.000000,     515.864015,    1445.382953,       0.000000
1890,   2.801000,     515.864015,    1445.382953,       0.000000,     515.864015,    1445.382953,       0.000007
1891,   2.802000,     515.864015,    1445.382953,       0.000000,     515.864015,    1445.382953,       0.000007
1892,   2.803000,     515.864015,    1445.382953,       0.000000,     515.864015,    1445.382953,       0.000000
1893,   2.804000,     515.864015,    1445.382953,       0.000000,     515.864015,    1445.382953,       0.000000
1894,   2.805000,     515.864015,    1445.382953,       0.000000,     515.864015,    1445.382953,       0.000007
1895,   2.809000,     515.864015,    1445.382953,       0.000000,     515.864015,    1445.382953,       0.000007
1896,   2.810000,     515.864015,    1445.382953,       0.000000,     515.864015,    1445.382953,       0.000000
1897,   2.811000,     515.864015,    1445.382953,       0.000000,     515.864015,    1445.382953,       0.000000
1898,   2.812000,     515.864015,    1445.382953,       0.000000,     515.864015,    1445.382953,       0.000007
1899,   2.813000,     515.864015,    1445.382953,       0.000000,     515.864015,    1445.382953,       0.000000
1900,   2.814000,     515.864015,    1445.382953,       0.000000,     515.864015,    1445.382953,       0.000007
1901,   2.817000,     515.864015,    1445.382953,       0.000000,     515.864015,    1445.382953,       0.000007
1902,   2.818000,     515.864015,    1445.382953,       0.000000,     515.864015,    1445.382953,       0.000000
1903,   2.819000,     515.864015,    1445.382953,       0.000000,     515.864015,    1445.382953,       0.000007
1904,   2.820000,     515.864015,    1445.382953,       0.000000,     515.864015,    1445.382953,       0.000000
1905,   2.821000,     515.864015,    1445.382953,       0.000000,     515.864015,    1445.382953,       0.000000
1906,   2.822000,     515.864015,    1445.382953,       0.000000,     515.864015,    1445.382953,       0.000007
1907,   2.825000,     515.864015,    1445.382953,       0.000000,     515.864015,    1445.382953,       0.000007
1908,   2.826000,     515.864015,    1445.382953,       0.000000,     515.864015,    1445.382953,       0.000000
1909,   2.827000,     515.864015,    1445.382953,       0.000000,     515.864015,    1445.382953,       0.000000
1910,   2.828000,     515.864015,    1445.382953,       0.000000,     515.864015,    1445.382953,       0.000007
1911,   2.829000,     515.864015,    1445.382953,       0.000000,     515.864015,    1445.382953,       0.000000
1912,   2.831000,     515.864015,    1445.382953,       0.000000,     515.864015,    1445.382953,       0.000000
1913,   2.832000,     515.864015,    1445.382953,       0.000000,     515.864015,    1445.382953,       0.000007
1914,   2.833000,     515.864015,    1445.382953,       0.000000,     515.864015,    1445.382953,       0.000000
1915,   2.834000,     515.864015,    1445.382953,       0.000000,     515.864015,    1445.382953,       0.000007
1916,   2.835000,     515.864015,    1445.382953,       0.000000,     515.864015,    1445.382953,       0.000000
1917,   2.837000,     515.864015,    1445.382953,       0.000000,     515.864015,    1445.382953,       0.000000
1918,   2.838000,     515.864015,    1445.382953,       0.000000,     515.864015,    1445.382953,       0.000007
1919,   2.841000,     515.864015,    1445.382953,       0.000000,     515.864015,    1445.382953,       0.000007
1920,   2.842000,     515.864015,    1445.382953,       0.000000,     515.864015,    1445.382953,       0.000000
1921,   2.843000,     515.864015,    1445.382953,       0.000000,     515.864015,    1445.382953,       0.000007
1922,   2.844000,     515.864015,    1445.382953,       0.000000,     515.864015,    1445.382953,       0.000007
1923,   2.845000,     515.864015,    1445.382953,       0.000000,     515.864015,    1445.382953,       0.000000
1924,   2.847000,     515.864015,    1445.382953,       0.000000,     515.864015,    1445.382953,       0.000000
1925,   2.848000,     515.864015,    1445.382953,       0.000000,     515.864015,    1445.382953,       0.000007
1926,   2.849000,     515.864015,    1445.382953,       0.000000,     515.864015,    1445.382953,       0.000007
1927,   2.850000,     515.864015,    1445.382953,       0.000000,     515.864015,    1445.382953,       0.000000
1928,   2.854000,     515.864015,    1445.382953,       0.000000,     515.864015,    1445.382953,       0.000000
1929,   2.855000,     515.864015,    1445.382953,       0.000000,     515.864015,    1445.382953,       0.000007
1930,   2.857000,     515.864015,    1445.382953,       0.000000,     515.864015,    1445.382953,       0.000007
1931,   2.858000,     515.864015,    1445.382953,       0.000000,     515.864015,    1445.382953,       0.000000
1932,   2.861000,     515.864015,    1445.382953,       0.000000,     515.864015,    1445.382953,       0.000000
1933,   2.862000,     515.864015,    1445.382953,       0.000000,     515.864015,    1445.382953,       0.000007
1934,   2.863000,     515.864015,    1445.382953,       0.000000,     515.864015,    1445.382953,       0.000000
1935,   2.864000,     515.864015,    1445.382953,       0.000000,     515.864015,    1445.382953,       0.000007
1936,   2.865000,     515.864015,    1445.382953,       0.000000,     515.864015,    1445.382953,       0.000000
1937,   2.866000,     515.864015,    1445.382953,       0.000000,     515.864015,    1445.382953,       0.000007
1938,   2.867000,     515.864015,    1445.382953,       0.000000,     515.864015,    1445.382953,       0.000000
1939,   2.869000,     515.864015,    1445.382953,       0.000000,     515.864015,    1445.382953,       0.000000
1940,   2.870000,     515.864015,    1445.382953,       0.000000,     515.864015,    1445.382953,       0.000007
1941,   2.871000,     515.864015,    1445.382953,       0.000000,     515.864015,    1445.382953,       0.000007
1942,   2.872000,     515.864015,    1445.382953,       0.000000,     515.864015,    1445.382953,       0.000000
1943,   2.874000,     515.864015,    1445.382953,       0.000000,     515.864015,    1445.382953,       0.000000
1944,   2.875000,     515.864015,    1445.382953,       0.000000,     515.864015,    1445.382953,       0.000007
1945,   2.876000,     515.864015,    1445.382953,       0.000000,     515.864015,    1445.382953,       0.000007
1946,   2.877000,     515.864015,    1445.382953,       0.000000,     515.864015,    1445.382953,       0.000000
1947,   2.881000,     515.864015,    1445.382953,       0.000000,     515.864015,    1445.382953,       0.000000
1948,   2.882000,     515.864015,    1445.382953,       0.000000,     515.864015,    1445.382953,       0.000007
1949,   2.883000,     515.864015,    1445.382953,       0.000000,     515.864015,    1445.382953,       0.000000
1950,   2.884000,     515.864015,    1445.382953,       0.000000,     515.864015,    1445.382953,       0.000000
1951,   2.885000,     515.864015,    1445.382953,       0.000000,     515.864015,    1445.382953,       0.000007
1952,   2.888000,     515.864015,    1445.382953,       0.000000,     515.864015,    1445.382953,       0.000007
1953,   2.889000,     515.864015,    1445.382953,       0.000000,     515.864015,    1445.382953,       0.000000
1954,   2.890000,     515.864015,    1445.382953,       0.000000,     515.864015,    1445.382953,       0.000007
1955,   2.891000,     515.864015,    1445.382953,       0.000000,     515.864015,    1445.382953,       0.000000
1956,   2.892000,     515.864015,    1445.382953,       0.000000,     515.864015,    1445.382953,       0.000007
1957,   2.893000,     515.864015,    1445.382953,       0.000000,     515.864015,    1445.382953,       0.000000
1958,   2.894000,     515.864015,    1445.382953,       0.000000,     515.864015,    1445.382953,       0.000007
1959,   2.897000,     515.864015,    1445.382953,       0.000000,     515.864015,    1445.382953,       0.000007
1960,   2.898000,     515.864015,    1445.382953,       0.000000,     515.864015,    1445.382953,       0.000000
1961,   2.899000,     515.864015,    1445.382953,       0.000000,     515.864015,    1445.382953,       0.000007
1962,   2.900000,     515.864015,    1445.382953,       0.000000,     515.864015,    1445.382953,       0.000000
1963,   2.901000,     515.864015,    1445.382953,       0.000000,     515.864015,    1445.382953,       0.000000
1964,   2.902000,     515.864015,    1445.382953,       0.000000,     515.864015,    1445.382953,       0.000007
1965,   2.903000,     515.864015,    1445.382953,       0.000000,     515.864015,    1445.382953,       0.000000
1966,   2.907000,     515.864015,    1445.382953,       0.000000,     515.864015,    1445.382953,       0.000000
1967,   2.908000,     515.864015,    1445.382953,       0.000000,     515.864015,    1445.382953,       0.000007
1968,   2.909000,     515.864015,    1445.382953,       0.000000,     515.864015,    1445.382953,       0.000000
1969,   2.910000,     515.864015,    1445.382953,       0.000000,     515.864015,    1445.382953,       0.000007
1970,   2.911000,     515.864015,    1445.382953,       0.000000,     515.864015,    1445.382953,       0.000000
1971,   2.913000,     515.864015,    1445.382953,       0.000000,     515.864015,    1445.382953,       0.000000
1972,   2.914000,     515.864015,    1445.382953,       0.000000,     515.864015,    1445.382953,       0.000007
1973,   2.915000,     515.864015,    1445.382953,       0.000000,     515.864015,    1445.382953,       0.000000
1974,   2.917000,     515.864015,    1445.382953,       0.000000,     515.864015,    1445.382953,       0.000000
1975,   2.918000,     515.864015,    1445.382953,       0.000000,     515.864015,    1445.382953,       0.000007
1976,   2.922000,     515.864015,    1445.382953,       0.000000,     515.864015,    1445.382953,       0.000007
1977,   2.923000,     515.864015,    1445.382953,       0.000000,     515.864015,    1445.382953,       0.000000
1978,   2.926000,     515.864015,    1445.382953,       0.000000,     515.864015,    1445.382953,       0.000000
1979,   2.927000,     515.864015,    1445.382953,       0.000000,     515.864015,    1445.382953,       0.000007
1980,   2.929000,     515.864015,    1445.382953,       0.000000,     515.864015,    1445.382953,       0.000007
1981,   2.930000,     515.864015,    1445.382953,       0.000000,     515.864015,    1445.382953,       0.000000
1982,   2.935000,     515.864015,    1445.382953,       0.000000,     515.864015,    1445.382953,       0.000000
1983,   2.936000,     515.864015,    1445.382953,       0.000000,     515.864015,    1445.382953,       0.000007
1984,   2.937000,     515.864015,    1445.382953,       0.000000,     515.864015,    1445.382953,       0.000007
1985,   2.938000,     515.864015,    1445.382953,       0.000000,     515.864015,    1445.382953,       0.000000
1986,   2.946000,     515.864015,    1445.382953,       0.000000,     515.864015,    1445.382953,       0.000000
1987,   2.947000,     515.864015,    1445.382953,       0.000000,     515.864015,    1445.382953,       0.000007
1988,   2.949000,     515.864015,    1445.382953,       0.000000,     515.864015,    1445.382953,       0.000007
1989,   2.950000,     515.864015,    1445.382953,       0.000000,     515.864015,    1445.382953,       0.000000
1990,   2.955000,     515.864015,    1445.382953,       0.000000,     515.864015,    1445.382953,       0.000000
1991,   2.956000,     515.864015,    1445.382953,       0.000000,     515.864015,    1445.382953,       0.000007
1992,   2.957000,     515.864015,    1445.382953,       0.000000,     515.864015,    1445.382953,       0.000000
1993,   2.959000,     515.864015,    1445.382953,       0.000000,     515.864015,    1445.382953,       0.000000
1994,   2.960000,     515.864015,    1445.382953,       0.000000,     515.864015,    1445.382953,       0.000007
1995,   2.961000,     515.864015,    1445.382953,       0.000000,     515.864015,    1445.382953,       0.000000
1996,   2.963000,     515.864015,    1445.382953,       0.000000,     515.864015,    1445.382953,       0.000000
1997,   2.964000,     515.864015,    1445.382953,       0.000000,     515.864015,    1445.382953,       0.000007
1998,   2.965000,     515.864015,    1445.382953,       0.000000,     515.864015,    1445.382953,       0.000000
1999,   2.966000,     515.864015,    1445.382953,       0.000000,     515.864015,    1445.382953,       0.000007
2000,   2.969000,     515.864015,    1445.382953,       0.000000,     515.864015,    1445.382953,       0.000007
2001,   2.970000,     515.864015,    1445.382953,       0.000000,     515.864015,    1445.382953,       0.000000
2002,   2.973000,     515.864015,    1445.382953,       0.000000,     515.864015,    1445.382953,       0.000000
2003,   2.974000,     515.864015,    1445.382953,       0.000000,     515.864015,    1445.382953,       0.000007
2004,   2.975000,     515.864015,    1445.382953,       0.000000,     515.864015,    1445.382953,       0.000007
2005,   2.976000,     515.864015,    1445.382953,       0.000000,     515.864015,    1445.382953,       0.000000
2006,   2.977000,     515.864015,    1445.382953,       0.000000,     515.864015,    1445.382953,       0.000007
2007,   2.980000,     515.864015,    1445.382953,       0.000000,     515.864015,    1445.382953,       0.000007
2008,   2.981000,     515.864015,    1445.382953,       0.000000,     515.864015,    1445.382953,       0.000000
2009,   2.982000,     515.864015,    1445.382953,       0.000000,     515.864015,    1445.382953,       0.000007
2010,   2.983000,     515.864015,    1445.382953,       0.000000,     515.864015,    1445.382953,       0.000000
2011,   2.985000,     515.864015,    1445.382953,       0.000000,     515.864015,    1445.382953,       0.000000
2012,   2.986000,     515.864015,    1445.382953,       0.000000,     515.864015,    1445.382953,       0.000007
2013,   2.987000,     515.864015,    1445.382953,       0.000000,     515.864015,    1445.382953,       0.000000
2014,   2.988000,     515.864015,    1445.382953,       0.000000,     515.864015,    1445.382953,       0.000007
2015,   2.989000,     515.864015,    1445.382953,       0.000000,     515.864015,    1445.382953,       0.000000
2016,   2.990000,     515.864015,    1445.382953,       0.000000,     515.864015,    1445.382953,       0.000007
2017,   2.991000,     515.864015,    1445.382953,       0.000000,     515.864015,    1445.382953,       0.000000
2018,   2.992000,     515.864015,    1445.382953,       0.000000,     515.864015,    1445.382953,       0.000000
2019,   2.993000,     515.864015,    1445.382953,       0.000000,     515.864015,    1445.382953,       0.000007
2020,   2.994000,     515.864015,    1445.382953,       0.000000,     515.864015,    1445.382953,       0.000000
2021,   2.996000,     515.864015,    1445.382953,       0.000000,     515.864015,    1445.382953,       0.000000
2022,   2.997000,     515.864015,    1445.382953,       0.000000,     515.864015,    1445.382953,       0.000007
2023,   2.998000,     515.864015,    1445.382953,       0.000000,     515.864015,    1445.382953,       0.000007
2024,   2.999000,     515.864015,    1445.382953,       0.000000,     515.864015,    1445.382953,       0.000000
2025,   3.000000,     515.864015,    1445.382953,       0.000000,     515.864015,    1445.382953,       0.000007
2026,   3.002000,     515.864015,    1445.382953,       0.000000,     515.864015,    1445.382953,       0.000007
2027,   3.003000,     515.864015,    1445.382953,       0.000000,     515.864015,    1445.382953,       0.000000
2028,   3.004000,     515.864015,    1445.382953,       0.000000,     515.864015,    1445.382953,       0.000007
2029,   3.005000,     515.864015,    1445.382953,       0.000000,     515.864015,    1445.382953,       0.000000
2030,   3.007000,     515.864015,    1445.382953,       0.000000,     515.864015,    1445.382953,       0.000000
2031,   3.008000,     515.864015,    1445.382953,       0.000000,     515.864015,    1445.382953,       0.000007
2032,   3.009000,     515.864015,    1445.382953,       0.000000,     515.864015,    1445.382953,       0.000000
2033,   3.014000,     515.864015,    1445.382953,       0.000000,     515.864015,    1445.382953,       0.000000
2034,   3.015000,     515.864015,    1445.382953,       0.000000,     515.864015,    1445.382953,       0.000007
2035,   3.018000,     515.864015,    1445.382953,       0.000000,     515.864015,    1445.382953,       0.000007
2036,   3.019000,     515.864015,    1445.382953,       0.000000,     515.864015,    1445.382953,       0.000000
2037,   3.020000,     515.864015,    1445.382953,       0.000000,     515.864015,    1445.382953,       0.000007
2038,   3.027000,     515.864015,    1445.382953,       0.000000,     515.864015,    1445.382953,       0.000007
2039,   3.028000,     515.864015,    1445.382953,       0.000000,     515.864015,    1445.382953,       0.000000
2040,   3.029000,     515.864015,    1445.382953,       0.000000,     515.864015,    1445.382953,       0.000007
2041,   3.030000,     515.864015,    1445.382953,       0.000000,     515.864015,    1445.382953,       0.000000
2042,   3.031000,     515.864015,    1445.382953,       0.000000,     515.864015,    1445.382953,       0.000000
2043,   3.032000,     515.864015,    1445.382953,       0.000000,     515.864015,    1445.382953,       0.000007
2044,   3.033000,     515.864015,    1445.382953,       0.000000,     515.864015,    1445.382953,       0.000000
2045,   3.034000,     515.864015,    1445.382953,       0.000000,     515.864015,    1445.382953,       0.000007
2046,   3.035000,     515.864015,    1445.382953,       0.000000,     515.864015,    1445.382953,       0.000000
2047,   3.036000,     515.864015,    1445.382953,       0.000000,     515.864015,    1445.382953,       0.000007
2048,   3.070000,     515.864015,    1445.382953,       0.000000,     515.864015,    1445.382953,       0.000007
2049,   3.071000,     515.864015,    1445.382953,       0.000000,     515.864015,    1445.382953,       0.000000
2050,   3.072000,     515.864015,    1445.382953,       0.000000,     515.864015,    1445.382953,       0.000007
2051,   3.082000,     515.864015,    1445.382953,       0.000000,     515.864015,    1445.382953,       0.000007
2052,   3.083000,     515.864015,    1445.382953,       0.000000,     515.864015,    1445.382953,       0.000000
2053,   3.084000,     515.864015,    1445.382953,       0.000000,     515.864015,    1445.382953,       0.000007
2054,   3.087000,     515.864015,    1445.382953,       0.000000,     515.864015,    1445.382953,       0.000007
2055,   3.088000,     515.864015,    1445.382953,       0.000000,     515.864015,    1445.382953,       0.000000
2056,   3.089000,     515.864015,    1445.382953,       0.000000,     515.864015,    1445.382953,       0.000007
2057,   3.092000,     515.864015,    1445.382953,       0.000000,     515.864015,    1445.382953,       0.000007
2058,   3.093000,     515.864015,    1445.382953,       0.000000,     515.864015,    1445.382953,       0.000000
2059,   3.094000,     515.864015,    1445.382953,       0.000000,     515.864015,    1445.382953,       0.000007
2060,   3.100000,     515.864015,    1445.382953,       0.000000,     515.864015,    1445.382953,       0.000007
2061,   3.101000,     515.864015,    1445.382953,       0.000000,     515.864015,    1445.382953,       0.000000
2062,   3.102000,     515.864015,    1445.382953,       0.000000,     515.864015,    1445.382953,       0.000007
2063,   3.105000,     515.864015,    1445.382953,       0.000000,     515.864015,    1445.382953,       0.000007
2064,   3.106000,     515.864015,    1445.382953,       0.000000,     515.864015,    1445.382953,       0.000000
2065,   3.107000,     515.864015,    1445.382953,       0.000000,     515.864015,    1445.382953,       0.000007
2066,   3.116000,     515.864015,    1445.382953,       0.000000,     515.864015,    1445.382953,       0.000007
2067,   3.117000,     515.864015,    1445.382953,       0.000000,     515.864015,    1445.382953,       0.000000
2068,   3.118000,     515.864015,    1445.382953,       0.000000,     515.864015,    1445.382953,       0.000007
2069,   3.130000,     515.864015,    1445.382953,       0.000000,     515.864015,    1445.382953,       0.000007
2070,   3.131000,     515.864015,    1445.382953,       0.000000,     515.864015,    1445.382953,       0.000000
2071,   3.132000,     515.864015,    1445.382953,       0.000000,     515.864015,    1445.382953,       0.000007
2072,   3.133000,     515.864015,    1445.382953,       0.000000,     515.864015,    1445.382953,       0.000007
2073,   3.134000,     515.864015,    1445.382953,       0.000000,     515.864015,    1445.382953,       0.000000
2074,   3.135000,     515.864015,    1445.382953,       0.000000,     515.864015,    1445.382953,       0.000000
2075,   3.136000,     515.864015,    1445.382953,       0.000000,     515.864015,    1445.382953,       0.000007
2076,   3.152000,     515.864015,    1445.382953,       0.000000,     515.864015,    1445.382953,       0.000007
2077,   3.153000,     515.864015,    1445.382953,       0.000000,     515.864015,    1445.382953,       0.000000
2078,   3.154000,     515.864015,    1445.382953,       0.000000,     515.864015,    1445.382953,       0.000007
2079,   3.160000,     515.864015,    1445.382953,       0.000000,     515.864015,    1445.382953,       0.000007
2080,   3.161000,     515.864015,    1445.382953,       0.000000,     515.864015,    1445.382953,       0.000000
2081,   3.162000,     515.864015,    1445.382953,       0.000000,     515.864015,    1445.382953,       0.000007
2082,   3.179000,     515.864015,    1445.382953,       0.000000,     515.864015,    1445.382953,       0.000007
2083,   3.180000,     515.864015,    1445.382953,       0.000000,     515.864015,    1445.382953,       0.000000
2084,   3.181000,     515.864015,    1445.382953,       0.000000,     515.864015,    1445.382953,       0.000007
2085,   3.182000,     515.864015,    1445.382953,       0.000000,     515.864015,    1445.382953,       0.000000
2086,   3.183000,     515.864015,    1445.382953,       0.000000,     515.864015,    1445.382953,       0.000007
2087,   3.192000,     515.864015,    1445.382953,       0.000000,     515.864015,    1445.382953,       0.000007
2088,   3.193000,     515.864015,    1445.382953,       0.000000,     515.864015,    1445.382953,       0.000000
2089,   3.194000,     515.864015,    1445.382953,       0.000000,     515.864015,    1445.382953,       0.000000
2090,   3.195000,     515.864015,    1445.382953,       0.000000,     515.864015,    1445.382953,       0.000007
2091,   3.292000,     515.864015,    1445.382953,       0.000000,     515.864015,    1445.382953,       0.000007
2092,   3.293000,     515.864015,    1445.382953,       0.000000,     515.864015,    1445.382953,       0.000000
2093,   3.294000,     515.864015,    1445.382953,       0.000000,     515.864015,    1445.382953,       0.000007
2094,   3.316000,     515.864015,    1445.382953,       0.000000,     515.864015,    1445.382953,       0.000007
2095,   3.317000,     515.864015,    1445.382953,       0.000000,     515.864015,    1445.382953,       0.000000
2096,   3.318000,     515.864015,    1445.382953,       0.000000,     515.864015,    1445.382953,       0.000007
2097,   3.343000,     515.864015,    1445.382953,       0.000000,     515.864015,    1445.382953,       0.000007
2098,   3.344000,     515.864015,    1445.382953,       0.000000,     515.864015,    1445.382953,       0.000000
2099,   3.345000,     515.864015,    1445.382953,       0.000000,     515.864015,    1445.382953,       0.000007
2100,   3.353000,     515.864015,    1445.382953,       0.000000,     515.864015,    1445.382953,       0.000007
2101,   3.354000,     515.864015,    1445.382953,       0.000000,     515.864015,    1445.382953,       0.000000
2102,   3.355000,     515.864015,    1445.382953,       0.000000,     515.864015,    1445.382953,       0.000007
2103,   3.356000,     515.864015,    1445.382953,       0.000000,     515.864015,    1445.382953,       0.000000
2104,   3.357000,     515.864015,    1445.382953,       0.000000,     515.864015,    1445.382953,       0.000007
2105,   3.360000,     515.864015,    1445.382953,       0.000000,     515.864015,    1445.382953,       0.000007
2106,   3.361000,     515.864015,    1445.382953,       0.000000,     515.864015,    1445.382953,       0.000000
2107,   3.362000,     515.864015,    1445.382953,       0.000000,     515.864015,    1445.382953,       0.000007
2108,   3.365000,     515.864015,    1445.382953,       0.000000,     515.864015,    1445.382953,       0.000007
2109,   3.366000,     515.864015,    1445.382953,       0.000000,     515.864015,    1445.382953,       0.000000
2110,   3.367000,     515.864015,    1445.382953,       0.000000,     515.864015,    1445.382953,       0.000007
2111,   3.373000,     515.864015,    1445.382953,       0.000000,     515.864015,    1445.382953,       0.000007
2112,   3.374000,     515.864015,    1445.382953,       0.000000,     515.864015,    1445.382953,       0.000000
2113,   3.376000,     515.864015,    1445.382953,       0.000000,     515.864015,    1445.382953,       0.000000
2114,   3.377000,     515.864015,    1445.382953,       0.000000,     515.864015,    1445.382953,       0.000007
2115,   3.378000,     515.864015,    1445.382953,       0.000000,     515.864015,    1445.382953,       0.000000
2116,   3.379000,     515.864015,    1445.382953,       0.000000,     515.864015,    1445.382953,       0.000000
2117,   3.380000,     515.864015,    1445.382953,       0.000000,     515.864015,    1445.382953,       0.000007
2118,   3.381000,     515.864015,    1445.382953,       0.000000,     515.864015,    1445.382953,       0.000007
2119,   3.382000,     515.864015,    1445.382953,       0.000000,     515.864015,    1445.382953,       0.000000
2120,   3.383000,     515.864015,    1445.382953,       0.000000,     515.864015,    1445.382953,       0.000000
2121,   3.384000,     515.864015,    1445.382953,       0.000000,     515.864015,    1445.382953,       0.000007
2122,   3.385000,     515.864015,    1445.382953,       0.000000,     515.864015,    1445.382953,       0.000007
2123,   3.386000,     515.864015,    1445.382953,       0.000000,     515.864015,    1445.382953,       0.000000
2124,   3.388000,     515.864015,    1445.382953,       0.000000,     515.864015,    1445.382953,       0.000000
2125,   3.389000,     515.864015,    1445.382953,       0.000000,     515.864015,    1445.382953,       0.000007
2126,   3.390000,     515.864015,    1445.382953,       0.000000,     515.864015,    1445.382953,       0.000000
2127,   3.391000,     515.864015,    1445.382953,       0.000000,     515.864015,    1445.382953,       0.000007
2128,   3.392000,     515.864015,    1445.382953,       0.000000,     515.864015,    1445.382953,       0.000000
2129,   3.393000,     515.864015,    1445.382953,       0.000000,     515.864015,    1445.382953,       0.000000
2130,   3.394000,     515.864015,    1445.382953,       0.000000,     515.864015,    1445.382953,       0.000007
2131,   3.395000,     515.864015,    1445.382953,       0.000000,     515.864015,    1445.382953,       0.000000
2132,   3.398000,     515.864015,    1445.382953,       0.000000,     515.864015,    1445.382953,       0.000000
2133,   3.399000,     515.864015,    1445.382953,       0.000000,     515.864015,    1445.382953,       0.000007
2134,   3.400000,     515.864015,    1445.382953,       0.000000,     515.864015,    1445.382953,       0.000000
2135,   3.401000,     515.864015,    1445.382953,       0.000000,     515.864015,    1445.382953,       0.000007
2136,   3.403000,     515.864015,    1445.382953,       0.000000,     515.864015,    1445.382953,       0.000007
2137,   3.404000,     515.864015,    1445.382953,       0.000000,     515.864015,    1445.382953,       0.000000
2138,   3.405000,     515.864015,    1445.382953,       0.000000,     515.864015,    1445.382953,       0.000007
2139,   3.406000,     515.864015,    1445.382953,       0.000000,     515.864015,    1445.382953,       0.000000
2140,   3.407000,     515.864015,    1445.382953,       0.000000,     515.864015,    1445.382953,       0.000007
2141,   3.408000,     515.864015,    1445.382953,       0.000000,     515.864015,    1445.382953,       0.000000
2142,   3.410000,     515.864015,    1445.382953,       0.000000,     515.864015,    1445.382953,       0.000000
2143,   3.411000,     515.864015,    1445.382953,       0.000000,     515.864015,    1445.382953,       0.000007
2144,   3.412000,     515.864015,    1445.382953,       0.000000,     515.864015,    1445.382953,       0.000000
2145,   3.413000,     515.864015,    1445.382953,       0.000000,     515.864015,    1445.382953,       0.000007
2146,   3.414000,     515.864015,    1445.382953,       0.000000,     515.864015,    1445.382953,       0.000000
2147,   3.430000,     515.864015,    1445.382953,       0.000000,     515.864015,    1445.382953,       0.000000
2148,   3.431000,     515.864015,    1445.382953,       0.000000,     515.864015,    1445.382953,       0.000007
2149,   3.432000,     515.864015,    1445.382953,       0.000000,     515.864015,    1445.382953,       0.000007
2150,   3.433000,     515.864015,    1445.382953,       0.000000,     515.864015,    1445.382953,       0.000000
2151,   3.541000,     515.864015,    1445.382953,       0.000000,     515.864015,    1445.382953,       0.000000
2152,   3.542000,     515.864015,    1445.382953,       0.000000,     515.864015,    1445.382953,       0.000007
2153,   3.543000,     515.864015,    1445.382953,       0.000000,     515.864015,    1445.382953,       0.000000
2154,   3.593000,     515.864015,    1445.382953,       0.000000,     515.864015,    1445.382953,       0.000000
2155,   3.594000,     515.864015,    1445.382953,       0.000000,     515.864015,    1445.382953,       0.000007
2156,   3.595000,     515.864015,    1445.382953,       0.000000,     515.864015,    1445.382953,       0.000000
2157,   3.600000,     515.864015,    1445.382953,       0.000000,     515.864015,    1445.382953,       0.000000
2158,   3.601000,     515.864015,    1445.382953,       0.000000,     515.864015,    1445.382953,       0.000007
2159,   3.602000,     515.864015,    1445.382953,       0.000000,     515.864015,    1445.382953,       0.000007
2160,   3.603000,     515.864015,    1445.382953,       0.000000,     515.864015,    1445.382953,       0.000000
2161,   3.606000,     515.864015,    1445.382953,       0.000000,     515.864015,    1445.382953,       0.000000
2162,   3.607000,     515.864015,    1445.382953,       0.000000,     515.864015,    1445.382953,       0.000007
2163,   3.608000,     515.864015,    1445.382953,       0.000000,     515.864015,    1445.382953,       0.000000
2164,   3.609000,     515.864015,    1445.382953,       0.000000,     515.864015,    1445.382953,       0.000007
2165,   3.614000,     515.864015,    1445.382953,       0.000000,     515.864015,    1445.382953,       0.000007
2166,   3.615000,     515.864015,    1445.382953,       0.000000,     515.864015,    1445.382953,       0.000000
2167,   3.616000,     515.864015,    1445.382953,       0.000000,     515.864015,    1445.382953,       0.000007
2168,   3.617000,     515.864015,    1445.382953,       0.000000,     515.864015,    1445.382953,       0.000000
2169,   3.618000,     515.864015,    1445.382953,       0.000000,     515.864015,    1445.382953,       0.000007
2170,   3.619000,     515.864015,    1445.382953,       0.000000,     515.864015,    1445.382953,       0.000007
2171,   3.620000,     515.864015,    1445.382953,       0.000000,     515.864015,    1445.382953,       0.000000
2172,   3.624000,     515.864015,    1445.382953,       0.000000,     515.864015,    1445.382953,       0.000000
2173,   3.625000,     515.864015,    1445.382953,       0.000000,     515.864015,    1445.382953,       0.000007
2174,   3.627000,     515.864015,    1445.382953,       0.000000,     515.864015,    1445.382953,       0.000007
2175,   3.628000,     515.864015,    1445.382953,       0.000000,     515.864015,    1445.382953,       0.000000
2176,   3.631000,     515.864015,    1445.382953,       0.000000,     515.864015,    1445.382953,       0.000000
2177,   3.632000,     515.864015,    1445.382953,       0.000000,     515.864015,    1445.382953,       0.000007
2178,   3.633000,     515.864015,    1445.382953,       0.000000,     515.864015,    1445.382953,       0.000000
2179,   3.636000,     515.864015,    1445.382953,       0.000000,     515.864015,    1445.382953,       0.000000
2180,   3.637000,     515.864015,    1445.382953,       0.000000,     515.864015,    1445.382953,       0.000007
2181,   3.642000,     515.864015,    1445.382953,       0.000000,     515.864015,    1445.382953,       0.000007
2182,   3.643000,     515.864015,    1445.382953,       0.000000,     515.864015,    1445.382953,       0.000000
2183,   3.647000,     515.864015,    1445.382953,       0.000000,     515.864015,    1445.382953,       0.000000
2184,   3.648000,     515.864015,    1445.382953,       0.000000,     515.864015,    1445.382953,       0.000007
2185,   3.649000,     515.864015,    1445.382953,       0.000000,     515.864015,    1445.382953,       0.000007
2186,   3.650000,     515.864015,    1445.382953,       0.000000,     515.864015,    1445.382953,       0.000000
2187,   3.654000,     515.864015,    1445.382953,       0.000000,     515.864015,    1445.382953,       0.000000
2188,   3.655000,     515.864015,    1445.382953,       0.000000,     515.864015,    1445.382953,       0.000007
2189,   3.656000,     515.864015,    1445.382953,       0.000000,     515.864015,    1445.382953,       0.000000
2190,   3.657000,     515.864015,    1445.382953,       0.000000,     515.864015,    1445.382953,       0.000007
2191,   3.659000,     515.864015,    1445.382953,       0.000000,     515.864015,    1445.382953,       0.000007
2192,   3.660000,     515.864015,    1445.382953,       0.000000,     515.864015,    1445.382953,       0.000000
2193,   3.661000,     515.864015,    1445.382953,       0.000000,     515.864015,    1445.382953,       0.000007
2194,   3.663000,     515.864015,    1445.382953,       0.000000,     515.864015,    1445.382953,       0.000007
2195,   3.664000,     515.864015,    1445.382953,       0.000000,     515.864015,    1445.382953,       0.000000
2196,   3.665000,     515.864015,    1445.382953,       0.000000,     515.864015,    1445.382953,       0.000007
2197,   3.666000,     515.864015,    1445.382953,       0.000000,     515.864015,    1445.382953,       0.000000
2198,   3.668000,     515.864015,    1445.382953,       0.000000,     515.864015,    1445.382953,       0.000000
2199,   3.669000,     515.864015,    1445.382953,       0.000000,     515.864015,    1445.382953,       0.000007
2200,   3.670000,     515.864015,    1445.382953,       0.000000,     515.864015,    1445.382953,       0.000000
2201,   3.673000,     515.864015,    1445.382953,       0.000000,     515.864015,    1445.382953,       0.000000
2202,   3.674000,     515.864015,    1445.382953,       0.000000,     515.864015,    1445.382953,       0.000007
2203,   3.675000,     515.864015,    1445.382953,       0.000000,     515.864015,    1445.382953,       0.000007
2204,   3.676000,     515.864015,    1445.382953,       0.000000,     515.864015,    1445.382953,       0.000000
2205,   3.677000,     515.864015,    1445.382953,       0.000000,     515.864015,    1445.382953,       0.000007
2206,   3.678000,     515.864015,    1445.382953,       0.000000,     515.864015,    1445.382953,       0.000000
2207,   3.680000,     515.864015,    1445.382953,       0.000000,     515.864015,    1445.382953,       0.000000
2208,   3.681000,     515.864015,    1445.382953,       0.000000,     515.864015,    1445.382953,       0.000007
2209,   3.682000,     515.864015,    1445.382953,       0.000000,     515.864015,    1445.382953,       0.000007
2210,   3.683000,     515.864015,    1445.382953,       0.000000,     515.864015,    1445.382953,       0.000000
2211,   3.688000,     515.864015,    1445.382953,       0.000000,     515.864015,    1445.382953,       0.000000
2212,   3.689000,     515.864015,    1445.382953,       0.000000,     515.864015,    1445.382953,       0.000007
2213,   3.690000,     515.864015,    1445.382953,       0.000000,     515.864015,    1445.382953,       0.000000
2214,   3.691000,     515.864015,    1445.382953,       0.000000,     515.864015,    1445.382953,       0.000007
2215,   3.695000,     515.864015,    1445.382953,       0.000000,     515.864015,    1445.382953,       0.000007
2216,   3.696000,     515.864015,    1445.382953,       0.000000,     515.864015,    1445.382953,       0.000000
2217,   3.698000,     515.864015,    1445.382953,       0.000000,     515.864015,    1445.382953,       0.000000
2218,   3.699000,     515.864015,    1445.382953,       0.000000,     515.864015,    1445.382953,       0.000007
2219,   3.700000,     515.864015,    1445.382953,       0.000000,     515.864015,    1445.382953,       0.000000
2220,   3.701000,     515.864015,    1445.382953,       0.000000,     515.864015,    1445.382953,       0.000007
2221,   3.702000,     515.864015,    1445.382953,       0.000000,     515.864015,    1445.382953,       0.000000
2222,   3.707000,     515.864015,    1445.382953,       0.000000,     515.864015,    1445.382953,       0.000000
2223,   3.708000,     515.864015,    1445.382953,       0.000000,     515.864015,    1445.382953,       0.000007
2224,   3.709000,     515.864015,    1445.382953,       0.000000,     515.864015,    1445.382953,       0.000000
2225,   3.710000,     515.864015,    1445.382953,       0.000000,     515.864015,    1445.382953,       0.000000
2226,   3.711000,     515.864015,    1445.382953,       0.000000,     515.864015,    1445.382953,       0.000007
2227,   3.712000,     515.864015,    1445.382953,       0.000000,     515.864015,    1445.382953,       0.000000
2228,   3.722000,     515.864015,    1445.382953,       0.000000,     515.864015,    1445.382953,       0.000000
2229,   3.723000,     515.864015,    1445.382953,       0.000000,     515.864015,    1445.382953,       0.000007
2230,   3.724000,     515.864015,    1445.382953,       0.000000,     515.864015,    1445.382953,       0.000000
2231,   3.725000,     515.864015,    1445.382953,       0.000000,     515.864015,    1445.382953,       0.000000
2232,   3.726000,     515.864015,    1445.382953,       0.000000,     515.864015,    1445.382953,       0.000007
2233,   3.727000,     515.864015,    1445.382953,       0.000000,     515.864015,    1445.382953,       0.000000
2234,   3.731000,     515.864015,    1445.382953,       0.000000,     515.864015,    1445.382953,       0.000000
2235,   3.732000,     515.864015,    1445.382953,       0.000000,     515.864015,    1445.382953,       0.000007
2236,   3.734000,     515.864015,    1445.382953,       0.000000,     515.864015,    1445.382953,       0.000007
2237,   3.735000,     515.864015,    1445.382953,       0.000000,     515.864015,    1445.382953,       0.000000
2238,   3.740000,     515.864015,    1445.382953,       0.000000,     515.864015,    1445.382953,       0.000000
2239,   3.741000,     515.864015,    1445.382953,       0.000000,     515.864015,    1445.382953,       0.000007
2240,   3.742000,     515.864015,    1445.382953,       0.000000,     515.864015,    1445.382953,       0.000000
2241,   3.750000,     515.864015,    1445.382953,       0.000000,     515.864015,    1445.382953,       0.000000
2242,   3.751000,     515.864015,    1445.382953,       0.000000,     515.864015,    1445.382953,       0.000007
2243,   3.752000,     515.864015,    1445.382953,       0.000000,     515.864015,    1445.382953,       0.000000
2244,   3.754000,     515.864015,    1445.382953,       0.000000,     515.864015,    1445.382953,       0.000000
2245,   3.755000,     515.864015,    1445.382953,       0.000000,     515.864015,    1445.382953,       0.000007
2246,   3.756000,     515.864015,    1445.382953,       0.000000,     515.864015,    1445.382953,       0.000007
2247,   3.757000,     515.864015,    1445.382953,       0.000000,     515.864015,    1445.382953,       0.000000
2248,   3.762000,     515.864015,    1445.382953,       0.000000,     515.864015,    1445.382953,       0.000000
2249,   3.763000,     515.864015,    1445.382953,       0.000000,     515.864015,    1445.382953,       0.000007
2250,   3.764000,     515.864015,    1445.382953,       0.000000,     515.864015,    1445.382953,       0.000000
2251,   3.767000,     515.864015,    1445.382953,       0.000000,     515.864015,    1445.382953,       0.000000
2252,   3.768000,     515.864015,    1445.382953,       0.000000,     515.864015,    1445.382953,       0.000007
2253,   3.769000,     515.864015,    1445.382953,       0.000000,     515.864015,    1445.382953,       0.000007
2254,   3.770000,     515.864015,    1445.382953,       0.000000,     515.864015,    1445.382953,       0.000000
2255,   3.773000,     515.864015,    1445.382953,       0.000000,     515.864015,    1445.382953,       0.000000
2256,   3.774000,     515.864015,    1445.382953,       0.000000,     515.864015,    1445.382953,       0.000007
2257,   3.775000,     515.864015,    1445.382953,       0.000000,     515.864015,    1445.382953,       0.000007
2258,   3.776000,     515.864015,    1445.382953,       0.000000,     515.864015,    1445.382953,       0.000000
2259,   3.778000,     515.864015,    1445.382953,       0.000000,     515.864015,    1445.382953,       0.000000
2260,   3.779000,     515.864015,    1445.382953,       0.000000,     515.864015,    1445.382953,       0.000007
2261,   3.780000,     515.864015,    1445.382953,       0.000000,     515.864015,    1445.382953,       0.000007
2262,   3.781000,     515.864015,    1445.382953,       0.000000,     515.864015,    1445.382953,       0.000000
2263,   3.782000,     515.864015,    1445.382953,       0.000000,     515.864015,    1445.382953,       0.000000
2264,   3.783000,     515.864015,    1445.382953,       0.000000,     515.864015,    1445.382953,       0.000007
2265,   3.784000,     515.864015,    1445.382953,       0.000000,     515.864015,    1445.382953,       0.000000
2266,   3.785000,     515.864015,    1445.382953,       0.000000,     515.864015,    1445.382953,       0.000000
2267,   3.786000,     515.864015,    1445.382953,       0.000000,     515.864015,    1445.382953,       0.000007
2268,   3.787000,     515.864015,    1445.382953,       0.000000,     515.864015,    1445.382953,       0.000000
2269,   3.788000,     515.864015,    1445.382953,       0.000000,     515.864015,    1445.382953,       0.000000
2270,   3.789000,     515.864015,    1445.382953,       0.000000,     515.864015,    1445.382953,       0.000007
2271,   3.790000,     515.864015,    1445.382953,       0.000000,     515.864015,    1445.382953,       0.000000
2272,   3.791000,     515.864015,    1445.382953,       0.000000,     515.864015,    1445.382953,       0.000007
2273,   3.792000,     515.864015,    1445.382953,       0.000000,     515.864015,    1445.382953,       0.000000
2274,   3.793000,     515.864015,    1445.382953,       0.000000,     515.864015,    1445.382953,       0.000007
2275,   3.794000,     515.864015,    1445.382953,       0.000000,     515.864015,    1445.382953,       0.000000
2276,   3.795000,     515.864015,    1445.382953,       0.000000,     515.864015,    1445.382953,       0.000007
2277,   3.796000,     515.864015,    1445.382953,       0.000000,     515.864015,    1445.382953,       0.000000
2278,   3.797000,     515.864015,    1445.382953,       0.000000,     515.864015,    1445.382953,       0.000007
2279,   3.798000,     515.864015,    1445.382953,       0.000000,     515.864015,    1445.382953,       0.000000
2280,   3.800000,     515.864015,    1445.382953,       0.000000,     515.864015,    1445.382953,       0.000000
2281,   3.801000,     515.864015,    1445.382953,       0.000000,     515.864015,    1445.382953,       0.000007
2282,   3.805000,     515.864015,    1445.382953,       0.000000,     515.864015,    1445.382953,       0.000007
2283,   3.806000,     515.864015,    1445.382953,       0.000000,     515.864015,    1445.382953,       0.000000
2284,   3.808000,     515.864015,    1445.382953,       0.000000,     515.864015,    1445.382953,       0.000000
2285,   3.809000,     515.864015,    1445.382953,       0.000000,     515.864015,    1445.382953,       0.000007
2286,   3.810000,     515.864015,    1445.382953,       0.000000,     515.864015,    1445.382953,       0.000000
2287,   3.811000,     515.864015,    1445.382953,       0.000000,     515.864015,    1445.382953,       0.000007
2288,   3.812000,     515.864015,    1445.382953,       0.000000,     515.864015,    1445.382953,       0.000000
2289,   3.814000,     515.864015,    1445.382953,       0.000000,     515.864015,    1445.382953,       0.000000
2290,   3.815000,     515.864015,    1445.382953,       0.000000,     515.864015,    1445.382953,       0.000007
2291,   3.816000,     515.864015,    1445.382953,       0.000000,     515.864015,    1445.382953,       0.000000
2292,   3.817000,     515.864015,    1445.382953,       0.000000,     515.864015,    1445.382953,       0.000007
2293,   3.818000,     515.864015,    1445.382953,       0.000000,     515.864015,    1445.382953,       0.000000
2294,   3.829000,     515.864015,    1445.382953,       0.000000,     515.864015,    1445.382953,       0.000000
2295,   3.830000,     515.864015,    1445.382953,       0.000000,     515.864015,    1445.382953,       0.000007
2296,   3.831000,     515.864015,    1445.382953,       0.000000,     515.864015,    1445.382953,       0.000000
2297,   3.842000,     515.864015,    1445.382953,       0.000000,     515.864015,    1445.382953,       0.000000
2298,   3.843000,     515.864015,    1445.382953,       0.000000,     515.864015,    1445.382953,       0.000007
2299,   3.844000,     515.864015,    1445.382953,       0.000000,     515.864015,    1445.382953,       0.000000
2300,   3.846000,     515.864015,    1445.382953,       0.000000,     515.864015,    1445.382953,       0.000000
2301,   3.847000,     515.864015,    1445.382953,       0.000000,     515.864015,    1445.382953,       0.000007
2302,   3.848000,     515.864015,    1445.382953,       0.000000,     515.864015,    1445.382953,       0.000000
2303,   3.866000,     515.864015,    1445.382953,       0.000000,     515.864015,    1445.382953,       0.000000
2304,   3.867000,     515.864015,    1445.382953,       0.000000,     515.864015,    1445.382953,       0.000007
2305,   3.868000,     515.864015,    1445.382953,       0.000000,     515.864015,    1445.382953,       0.000000
2306,   3.869000,     515.864015,    1445.382953,       0.000000,     515.864015,    1445.382953,       0.000007
2307,   3.870000,     515.864015,    1445.382953,       0.000000,     515.864015,    1445.382953,       0.000000
2308,   3.872000,     515.864015,    1445.382953,       0.000000,     515.864015,    1445.382953,       0.000000
2309,   3.873000,     515.864015,    1445.382953,       0.000000,     515.864015,    1445.382953,       0.000007
2310,   3.874000,     515.864015,    1445.382953,       0.000000,     515.864015,    1445.382953,       0.000000
2311,   3.881000,     515.864015,    1445.382953,       0.000000,     515.864015,    1445.382953,       0.000000
2312,   3.882000,     515.864015,    1445.382953,       0.000000,     515.864015,    1445.382953,       0.000007
2313,   3.883000,     515.864015,    1445.382953,       0.000000,     515.864015,    1445.382953,       0.000000
2314,   3.889000,     515.864015,    1445.382953,       0.000000,     515.864015,    1445.382953,       0.000000
2315,   3.890000,     515.864015,    1445.382953,       0.000000,     515.864015,    1445.382953,       0.000007
2316,   3.891000,     515.864015,    1445.382953,       0.000000,     515.864015,    1445.382953,       0.000000
2317,   3.926000,     515.864015,    1445.382953,       0.000000,     515.864015,    1445.382953,       0.000000
2318,   3.927000,     515.864015,    1445.382953,       0.000000,     515.864015,    1445.382953,       0.000007
2319,   3.928000,     515.864015,    1445.382953,       0.000000,     515.864015,    1445.382953,       0.000000
2320,   3.929000,     515.864015,    1445.382953,       0.000000,     515.864015,    1445.382953,       0.000007
2321,   3.930000,     515.864015,    1445.382953,       0.000000,     515.864015,    1445.382953,       0.000000
2322,   3.931000,     515.864015,    1445.382953,       0.000000,     515.864015,    1445.382953,       0.000007
2323,   3.932000,     515.864015,    1445.382953,       0.000000,     515.864015,    1445.382953,       0.000000
2324,   3.935000,     515.864015,    1445.382953,       0.000000,     515.864015,    1445.382953,       0.000000
2325,   3.936000,     515.864015,    1445.382953,       0.000000,     515.864015,    1445.382953,       0.000007
2326,   3.937000,     515.864015,    1445.382953,       0.000000,     515.864015,    1445.382953,       0.000000
2327,   3.942000,     515.864015,    1445.382953,       0.000000,     515.864015,    1445.382953,       0.000000
2328,   3.943000,     515.864015,    1445.382953,       0.000000,     515.864015,    1445.382953,       0.000007
2329,   3.944000,     515.864015,    1445.382953,       0.000000,     515.864015,    1445.382953,       0.000000
2330,   3.956000,     515.864015,    1445.382953,       0.000000,     515.864015,    1445.382953,       0.000000
2331,   3.957000,     515.864015,    1445.382953,       0.000000,     515.864015,    1445.382953,       0.000007
2332,   3.958000,     515.864015,    1445.382953,       0.000000,     515.864015,    1445.382953,       0.000000
2333,   3.964000,     515.864015,    1445.382953,       0.000000,     515.864015,    1445.382953,       0.000000
2334,   3.965000,     515.864015,    1445.382953,       0.000000,     515.864015,    1445.382953,       0.000007
2335,   3.966000,     515.864015,    1445.382953,       0.000000,     515.864015,    1445.382953,       0.000000
2336,   3.974000,     515.864015,    1445.382953,       0.000000,     515.864015,    1445.382953,       0.000000
2337,   3.975000,     515.864015,    1445.382953,       0.000000,     515.864015,    1445.382953,       0.000007
2338,   3.976000,     515.864015,    1445.382953,       0.000000,     515.864015,    1445.382953,       0.000000
2339,   3.980000,     515.864015,    1445.382953,       0.000000,     515.864015,    1445.382953,       0.000000
2340,   3.981000,     515.864015,    1445.382953,       0.000000,     515.864015,    1445.382953,       0.000007
2341,   3.982000,     515.864015,    1445.382953,       0.000000,     515.864015,    1445.382953,       0.000000
2342,   3.983000,     515.864015,    1445.382953,       0.000000,     515.864015,    1445.382953,       0.000000
2343,   3.984000,     515.864015,    1445.382953,       0.000000,     515.864015,    1445.382953,       0.000007
2344,   3.985000,     515.864015,    1445.382953,       0.000000,     515.864015,    1445.382953,       0.000007
2345,   3.986000,     515.864015,    1445.382953,       0.000000,     515.864015,    1445.382953,       0.000000
2346,   3.987000,     515.864015,    1445.382953,       0.000000,     515.864015,    1445.382953,       0.000007
2347,   3.988000,     515.864015,    1445.382953,       0.000000,     515.864015,    1445.382953,       0.000000
2348,   3.989000,     515.864015,    1445.382953,       0.000000,     515.864015,    1445.382953,       0.000007
2349,   3.990000,     515.864015,    1445.382953,       0.000000,     515.864015,    1445.382953,       0.000000
2350,   3.991000,     515.864015,    1445.382953,       0.000000,     515.864015,    1445.382953,       0.000000
2351,   3.992000,     515.864015,    1445.382953,       0.000000,     515.864015,    1445.382953,       0.000007
2352,   3.993000,     515.864015,    1445.382953,       0.000000,     515.864015,    1445.382953,       0.000000
2353,   3.994000,     515.864015,    1445.382953,       0.000000,     515.864015,    1445.382953,       0.000000
2354,   3.995000,     515.864015,    1445.382953,       0.000000,     515.864015,    1445.382953,       0.000007
2355,   3.996000,     515.864015,    1445.382953,       0.000000,     515.864015,    1445.382953,       0.000000
2356,   3.998000,     515.864015,    1445.382953,       0.000000,     515.864015,    1445.382953,       0.000000
2357,   3.999000,     515.864015,    1445.382953,       0.000000,     515.864015,    1445.382953,       0.000007
2358,   4.000000,     515.864015,    1445.382953,       0.000000,     515.864015,    1445.382953,       0.000000
2359,   4.001000,     515.864015,    1445.382953,       0.000000,     515.864015,    1445.382953,       0.000000
2360,   4.002000,     515.864015,    1445.382953,       0.000000,     515.864015,    1445.382953,       0.000007
2361,   4.003000,     515.864015,    1445.382953,       0.000000,     515.864015,    1445.382953,       0.000007
2362,   4.004000,     515.864015,    1445.382953,       0.000000,     515.864015,    1445.382953,       0.000000
2363,   4.005000,     515.864015,    1445.382953,       0.000000,     515.864015,    1445.382953,       0.000007
2364,   4.006000,     515.864015,    1445.382953,       0.000000,     515.864015,    1445.382953,       0.000000
2365,   4.011000,     515.864015,    1445.382953,       0.000000,     515.864015,    1445.382953,       0.000000
2366,   4.012000,     515.864015,    1445.382953,       0.000000,     515.864015,    1445.382953,       0.000007
2367,   4.013000,     515.864015,    1445.382953,       0.000000,     515.864015,    1445.382953,       0.000007
2368,   4.014000,     515.864015,    1445.382953,       0.000000,     515.864015,    1445.382953,       0.000000
2369,   4.015000,     515.864015,    1445.382953,       0.000000,     515.864015,    1445.382953,       0.000000
2370,   4.016000,     515.864015,    1445.382953,       0.000000,     515.864015,    1445.382953,       0.000007
2371,   4.017000,     515.864015,    1445.382953,       0.000000,     515.864015,    1445.382953,       0.000007
2372,   4.018000,     515.864015,    1445.382953,       0.000000,     515.864015,    1445.382953,       0.000000
2373,   4.019000,     515.864015,    1445.382953,       0.000000,     515.864015,    1445.382953,       0.000000
2374,   4.020000,     515.864015,    1445.382953,       0.000000,     515.864015,    1445.382953,       0.000007
2375,   4.021000,     515.864015,    1445.382953,       0.000000,     515.864015,    1445.382953,       0.000007
2376,   4.022000,     515.864015,    1445.382953,       0.000000,     515.864015,    1445.382953,       0.000000
2377,   4.023000,     515.864015,    1445.382953,       0.000000,     515.864015,    1445.382953,       0.000007
2378,   4.027000,     515.864015,    1445.382953,       0.000000,     515.864015,    1445.382953,       0.000007
2379,   4.028000,     515.864015,    1445.382953,       0.000000,     515.864015,    1445.382953,       0.000000
2380,   4.029000,     515.864015,    1445.382953,       0.000000,     515.864015,    1445.382953,       0.000007
2381,   4.030000,     515.864015,    1445.382953,       0.000000,     515.864015,    1445.382953,       0.000000
2382,   4.033000,     515.864015,    1445.382953,       0.000000,     515.864015,    1445.382953,       0.000000
2383,   4.034000,     515.864015,    1445.382953,       0.000000,     515.864015,    1445.382953,       0.000007
2384,   4.035000,     515.864015,    1445.382953,       0.000000,     515.864015,    1445.382953,       0.000007
2385,   4.036000,     515.864015,    1445.382953,       0.000000,     515.864015,    1445.382953,       0.000000
2386,   4.037000,     515.864015,    1445.382953,       0.000000,     515.864015,    1445.382953,       0.000007
2387,   4.038000,     515.864015,    1445.382953,       0.000000,     515.864015,    1445.382953,       0.000007
2388,   4.039000,     515.864015,    1445.382953,       0.000000,     515.864015,    1445.382953,       0.000000
2389,   4.040000,     515.864015,    1445.382953,       0.000000,     515.864015,    1445.382953,       0.000000
2390,   4.041000,     515.864015,    1445.382953,       0.000000,     515.864015,    1445.382953,       0.000007
2391,   4.042000,     515.864015,    1445.382953,       0.000000,     515.864015,    1445.382953,       0.000000
2392,   4.043000,     515.864015,    1445.382953,       0.000000,     515.864015,    1445.382953,       0.000000
2393,   4.044000,     515.864015,    1445.382953,       0.000000,     515.864015,    1445.382953,       0.000007
2394,   4.051000,     515.864015,    1445.382953,       0.000000,     515.864015,    1445.382953,       0.000007
2395,   4.052000,     515.864015,    1445.382953,       0.000000,     515.864015,    1445.382953,       0.000000
2396,   4.053000,     515.864015,    1445.382953,       0.000000,     515.864015,    1445.382953,       0.000007
2397,   4.054000,     515.864015,    1445.382953,       0.000000,     515.864015,    1445.382953,       0.000000
2398,   4.055000,     515.864015,    1445.382953,       0.000000,     515.864015,    1445.382953,       0.000007
2399,   4.057000,     515.864015,    1445.382953,       0.000000,     515.864015,    1445.382953,       0.000007
2400,   4.058000,     515.864015,    1445.382953,       0.000000,     515.864015,    1445.382953,       0.000000
2401,   4.059000,     515.864015,    1445.382953,       0.000000,     515.864015,    1445.382953,       0.000007
2402,   4.060000,     515.864015,    1445.382953,       0.000000,     515.864015,    1445.382953,       0.000000
2403,   4.061000,     515.864015,    1445.382953,       0.000000,     515.864015,    1445.382953,       0.000007
2404,   4.063000,     515.864015,    1445.382953,       0.000000,     515.864015,    1445.382953,       0.000007
2405,   4.064000,     515.864015,    1445.382953,       0.000000,     515.864015,    1445.382953,       0.000000
2406,   4.065000,     515.864015,    1445.382953,       0.000000,     515.864015,    1445.382953,       0.000007
2407,   4.071000,     515.864015,    1445.382953,       0.000000,     515.864015,    1445.382953,       0.000007
2408,   4.072000,     515.864015,    1445.382953,       0.000000,     515.864015,    1445.382953,       0.000000
2409,   4.073000,     515.864015,    1445.382953,       0.000000,     515.864015,    1445.382953,       0.000007
2410,   4.081000,     515.864015,    1445.382953,       0.000000,     515.864015,    1445.382953,       0.000007
2411,   4.082000,     515.864015,    1445.382953,       0.000000,     515.864015,    1445.382953,       0.000000
2412,   4.083000,     515.864015,    1445.382953,       0.000000,     515.864015,    1445.382953,       0.000007
2413,   4.087000,     515.864015,    1445.382953,       0.000000,     515.864015,    1445.382953,       0.000007
2414,   4.088000,     515.864015,    1445.382953,       0.000000,     515.864015,    1445.382953,       0.000000
2415,   4.089000,     515.864015,    1445.382953,       0.000000,     515.864015,    1445.382953,       0.000007
2416,   4.093000,     515.864015,    1445.382953,       0.000000,     515.864015,    1445.382953,       0.000007
2417,   4.094000,     515.864015,    1445.382953,       0.000000,     515.864015,    1445.382953,       0.000000
2418,   4.095000,     515.864015,    1445.382953,       0.000000,     515.864015,    1445.382953,       0.000007
2419,   4.110000,     515.864015,    1445.382953,       0.000000,     515.864015,    1445.382953,       0.000007
2420,   4.111000,     515.864015,    1445.382953,       0.000000,     515.864015,    1445.382953,       0.000000
2421,   4.112000,     515.864015,    1445.382953,       0.000000,     515.864015,    1445.382953,       0.000000
2422,   4.113000,     515.864015,    1445.382953,       0.000000,     515.864015,    1445.382953,       0.000007
2423,   4.114000,     515.864015,    1445.382953,       0.000000,     515.864015,    1445.382953,       0.000000
2424,   4.115000,     515.864015,    1445.382953,       0.000000,     515.864015,    1445.382953,       0.000007
2425,   4.116000,     515.864015,    1445.382953,       0.000000,     515.864015,    1445.382953,       0.000000
2426,   4.117000,     515.864015,    1445.382953,       0.000000,     515.864015,    1445.382953,       0.000007
2427,   4.118000,     515.864015,    1445.382953,       0.000000,     515.864015,    1445.382953,       0.000007
2428,   4.119000,     515.864015,    1445.382953,       0.000000,     515.864015,    1445.382953,       0.000000
2429,   4.122000,     515.864015,    1445.382953,       0.000000,     515.864015,    1445.382953,       0.000000
2430,   4.123000,     515.864015,    1445.382953,       0.000000,     515.864015,    1445.382953,       0.000007
2431,   4.124000,     515.864015,    1445.382953,       0.000000,     515.864015,    1445.382953,       0.000000
2432,   4.132000,     515.864015,    1445.382953,       0.000000,     515.864015,    1445.382953,       0.000000
2433,   4.133000,     515.864015,    1445.382953,       0.000000,     515.864015,    1445.382953,       0.000007
2434,   4.134000,     515.864015,    1445.382953,       0.000000,     515.864015,    1445.382953,       0.000000
2435,   4.135000,     515.864015,    1445.382953,       0.000000,     515.864015,    1445.382953,       0.000007
2436,   4.136000,     515.864015,    1445.382953,       0.000000,     515.864015,    1445.382953,       0.000000
2437,   4.137000,     515.864015,    1445.382953,       0.000000,     515.864015,    1445.382953,       0.000007
2438,   4.138000,     515.864015,    1445.382953,       0.000000,     515.864015,    1445.382953,       0.000000
2439,   4.139000,     515.864015,    1445.382953,       0.000000,     515.864015,    1445.382953,       0.000007
2440,   4.140000,     515.864015,    1445.382953,       0.000000,     515.864015,    1445.382953,       0.000000
2441,   4.146000,     515.864015,    1445.382953,       0.000000,     515.864015,    1445.382953,       0.000000
2442,   4.147000,     515.864015,    1445.382953,       0.000000,     515.864015,    1445.382953,       0.000007
2443,   4.148000,     515.864015,    1445.382953,       0.000000,     515.864015,    1445.382953,       0.000000
2444,   4.149000,     515.864015,    1445.382953,       0.000000,     515.864015,    1445.382953,       0.000007
2445,   4.150000,     515.864015,    1445.382953,       0.000000,     515.864015,    1445.382953,       0.000000
2446,   4.152000,     515.864015,    1445.382953,       0.000000,     515.864015,    1445.382953,       0.000000
2447,   4.153000,     515.864015,    1445.382953,       0.000000,     515.864015,    1445.382953,       0.000007
2448,   4.154000,     515.864015,    1445.382953,       0.000000,     515.864015,    1445.382953,       0.000000
2449,   4.155000,     515.864015,    1445.382953,       0.000000,     515.864015,    1445.382953,       0.000007
2450,   4.156000,     515.864015,    1445.382953,       0.000000,     515.864015,    1445.382953,       0.000000
2451,   4.187000,     515.864015,    1445.382953,       0.000000,     515.864015,    1445.382953,       0.000000
2452,   4.188000,     515.864015,    1445.382953,       0.000000,     515.864015,    1445.382953,       0.000007
2453,   4.189000,     515.864015,    1445.382953,       0.000000,     515.864015,    1445.382953,       0.000000
2454,   4.200000,     515.864015,    1445.382953,       0.000000,     515.864015,    1445.382953,       0.000000
2455,   4.201000,     515.864015,    1445.382953,       0.000000,     515.864015,    1445.382953,       0.000007
2456,   4.202000,     515.864015,    1445.382953,       0.000000,     515.864015,    1445.382953,       0.000000
2457,   4.220000,     515.864015,    1445.382953,       0.000000,     515.864015,    1445.382953,       0.000000
2458,   4.221000,     515.864015,    1445.382953,       0.000000,     515.864015,    1445.382953,       0.000007
2459,   4.222000,     515.864015,    1445.382953,       0.000000,     515.864015,    1445.382953,       0.000007
2460,   4.223000,     515.864015,    1445.382953,       0.000000,     515.864015,    1445.382953,       0.000000
2461,   4.224000,     515.864015,    1445.382953,       0.000000,     515.864015,    1445.382953,       0.000000
2462,   4.225000,     515.864015,    1445.382953,       0.000000,     515.864015,    1445.382953,       0.000007
2463,   4.226000,     515.864015,    1445.382953,       0.000000,     515.864015,    1445.382953,       0.000000
2464,   4.234000,     515.864015,    1445.382953,       0.000000,     515.864015,    1445.382953,       0.000000
2465,   4.235000,     515.864015,    1445.382953,       0.000000,     515.864015,    1445.382953,       0.000007
2466,   4.236000,     515.864015,    1445.382953,       0.000000,     515.864015,    1445.382953,       0.000000
2467,   4.237000,     515.864015,    1445.382953,       0.000000,     515.864015,    1445.382953,       0.000007
2468,   4.238000,     515.864015,    1445.382953,       0.000000,     515.864015,    1445.382953,       0.000000
2469,   4.239000,     515.864015,    1445.382953,       0.000000,     515.864015,    1445.382953,       0.000007
2470,   4.240000,     515.864015,    1445.382953,       0.000000,     515.864015,    1445.382953,       0.000000
2471,   4.253000,     515.864015,    1445.382953,       0.000000,     515.864015,    1445.382953,       0.000000
2472,   4.254000,     515.864015,    1445.382953,       0.000000,     515.864015,    1445.382953,       0.000007
2473,   4.255000,     515.864015,    1445.382953,       0.000000,     515.864015,    1445.382953,       0.000000
2474,   4.264000,     515.864015,    1445.382953,       0.000000,     515.864015,    1445.382953,       0.000000
2475,   4.265000,     515.864015,    1445.382953,       0.000000,     515.864015,    1445.382953,       0.000007
2476,   4.266000,     515.864015,    1445.382953,       0.000000,     515.864015,    1445.382953,       0.000000
2477,   4.273000,     515.864015,    1445.382953,       0.000000,     515.864015,    1445.382953,       0.000000
2478,   4.274000,     515.864015,    1445.382953,       0.000000,     515.864015,    1445.382953,       0.000007
2479,   4.275000,     515.864015,    1445.382953,       0.000000,     515.864015,    1445.382953,       0.000000
2480,   4.282000,     515.864015,    1445.382953,       0.000000,     515.864015,    1445.382953,       0.000000
2481,   4.283000,     515.864015,    1445.382953,       0.000000,     515.864015,    1445.382953,       0.000007
2482,   4.284000,     515.864015,    1445.382953,       0.000000,     515.864015,    1445.382953,       0.000000
2483,   4.285000,     515.864015,    1445.382953,       0.000000,     515.864015,    1445.382953,       0.000000
2484,   4.286000,     515.864015,    1445.382953,       0.000000,     515.864015,    1445.382953,       0.000007
2485,   4.287000,     515.864015,    1445.382953,       0.000000,     515.864015,    1445.382953,       0.000000
2486,   4.290000,     515.864015,    1445.382953,       0.000000,     515.864015,    1445.382953,       0.000000
2487,   4.291000,     515.864015,    1445.382953,       0.000000,     515.864015,    1445.382953,       0.000007
2488,   4.292000,     515.864015,    1445.382953,       0.000000,     515.864015,    1445.382953,       0.000000
2489,   4.294000,     515.864015,    1445.382953,       0.000000,     515.864015,    1445.382953,       0.000000
2490,   4.295000,     515.864015,    1445.382953,       0.000000,     515.864015,    1445.382953,       0.000007
2491,   4.296000,     515.864015,    1445.382953,       0.000000,     515.864015,    1445.382953,       0.000000
2492,   4.297000,     515.864015,    1445.382953,       0.000000,     515.864015,    1445.382953,       0.000007
2493,   4.298000,     515.864015,    1445.382953,       0.000000,     515.864015,    1445.382953,       0.000007
2494,   4.299000,     515.864015,    1445.382953,       0.000000,     515.864015,    1445.382953,       0.000000
2495,   4.300000,     515.864015,    1445.382953,       0.000000,     515.864015,    1445.382953,       0.000000
2496,   4.301000,     515.864015,    1445.382953,       0.000000,     515.864015,    1445.382953,       0.000007
2497,   4.302000,     515.864015,    1445.382953,       0.000000,     515.864015,    1445.382953,       0.000000
2498,   4.304000,     515.864015,    1445.382953,       0.000000,     515.864015,    1445.382953,       0.000000
2499,   4.305000,     515.864015,    1445.382953,       0.000000,     515.864015,    1445.382953,       0.000007
2500,   4.306000,     515.864015,    1445.382953,       0.000000,     515.864015,    1445.382953,       0.000000
2501,   4.307000,     515.864015,    1445.382953,       0.000000,     515.864015,    1445.382953,       0.000007
2502,   4.308000,     515.864015,    1445.382953,       0.000000,     515.864015,    1445.382953,       0.000000
2503,   4.309000,     515.864015,    1445.382953,       0.000000,     515.864015,    1445.382953,       0.000007
2504,   4.310000,     515.864015,    1445.382953,       0.000000,     515.864015,    1445.382953,       0.000000
2505,   4.311000,     515.864015,    1445.382953,       0.000000,     515.864015,    1445.382953,       0.000000
2506,   4.312000,     515.864015,    1445.382953,       0.000000,     515.864015,    1445.382953,       0.000007
2507,   4.313000,     515.864015,    1445.382953,       0.000000,     515.864015,    1445.382953,       0.000000
2508,   4.314000,     515.864015,    1445.382953,       0.000000,     515.864015,    1445.382953,       0.000000
2509,   4.315000,     515.864015,    1445.382953,       0.000000,     515.864015,    1445.382953,       0.000007
2510,   4.316000,     515.864015,    1445.382953,       0.000000,     515.864015,    1445.382953,       0.000000
2511,   4.317000,     515.864015,    1445.382953,       0.000000,     515.864015,    1445.382953,       0.000007
2512,   4.318000,     515.864015,    1445.382953,       0.000000,     515.864015,    1445.382953,       0.000000
2513,   4.320000,     515.864015,    1445.382953,       0.000000,     515.864015,    1445.382953,       0.000000
2514,   4.321000,     515.864015,    1445.382953,       0.000000,     515.864015,    1445.382953,       0.000007
2515,   4.322000,     515.864015,    1445.382953,       0.000000,     515.864015,    1445.382953,       0.000000
2516,   4.323000,     515.864015,    1445.382953,       0.000000,     515.864015,    1445.382953,       0.000007
2517,   4.324000,     515.864015,    1445.382953,       0.000000,     515.864015,    1445.382953,       0.000000
2518,   4.325000,     515.864015,    1445.382953,       0.000000,     515.864015,    1445.382953,       0.000000
2519,   4.326000,     515.864015,    1445.382953,       0.000000,     515.864015,    1445.382953,       0.000007
2520,   4.329000,     515.864015,    1445.382953,       0.000000,     515.864015,    1445.382953,       0.000007
2521,   4.330000,     515.864015,    1445.382953,       0.000000,     515.864015,    1445.382953,       0.000000
2522,   4.334000,     515.864015,    1445.382953,       0.000000,     515.864015,    1445.382953,       0.000000
2523,   4.335000,     515.864015,    1445.382953,       0.000000,     515.864015,    1445.382953,       0.000007
2524,   4.337000,     515.864015,    1445.382953,       0.000000,     515.864015,    1445.382953,       0.000007
2525,   4.338000,     515.864015,    1445.382953,       0.000000,     515.864015,    1445.382953,       0.000000
2526,   4.342000,     515.864015,    1445.382953,       0.000000,     515.864015,    1445.382953,       0.000000
2527,   4.343000,     515.864015,    1445.382953,       0.000000,     515.864015,    1445.382953,       0.000007
2528,   4.344000,     515.864015,    1445.382953,       0.000000,     515.864015,    1445.382953,       0.000000
2529,   4.350000,     515.864015,    1445.382953,       0.000000,     515.864015,    1445.382953,       0.000000
2530,   4.351000,     515.864015,    1445.382953,       0.000000,     515.864015,    1445.382953,       0.000007
2531,   4.352000,     515.864015,    1445.382953,       0.000000,     515.864015,    1445.382953,       0.000000
2532,   4.353000,     515.864015,    1445.382953,       0.000000,     515.864015,    1445.382953,       0.000007
2533,   4.354000,     515.864015,    1445.382953,       0.000000,     515.864015,    1445.382953,       0.000000
2534,   4.355000,     515.864015,    1445.382953,       0.000000,     515.864015,    1445.382953,       0.000007
2535,   4.356000,     515.864015,    1445.382953,       0.000000,     515.864015,    1445.382953,       0.000000
2536,   4.357000,     515.864015,    1445.382953,       0.000000,     515.864015,    1445.382953,       0.000007
2537,   4.358000,     515.864015,    1445.382953,       0.000000,     515.864015,    1445.382953,       0.000000
2538,   4.359000,     515.864015,    1445.382953,       0.000000,     515.864015,    1445.382953,       0.000007
2539,   4.361000,     515.864015,    1445.382953,       0.000000,     515.864015,    1445.382953,       0.000007
2540,   4.362000,     515.864015,    1445.382953,       0.000000,     515.864015,    1445.382953,       0.000000
2541,   4.363000,     515.864015,    1445.382953,       0.000000,     515.864015,    1445.382953,       0.000007
2542,   4.364000,     515.864015,    1445.382953,       0.000000,     515.864015,    1445.382953,       0.000000
2543,   4.365000,     515.864015,    1445.382953,       0.000000,     515.864015,    1445.382953,       0.000007
2544,   4.367000,     515.864015,    1445.382953,       0.000000,     515.864015,    1445.382953,       0.000007
2545,   4.368000,     515.864015,    1445.382953,       0.000000,     515.864015,    1445.382953,       0.000000
2546,   4.372000,     515.864015,    1445.382953,       0.000000,     515.864015,    1445.382953,       0.000000
2547,   4.373000,     515.864015,    1445.382953,       0.000000,     515.864015,    1445.382953,       0.000007
2548,   4.374000,     515.864015,    1445.382953,       0.000000,     515.864015,    1445.382953,       0.000000
2549,   4.375000,     515.864015,    1445.382953,       0.000000,     515.864015,    1445.382953,       0.000007
2550,   4.378000,     515.864015,    1445.382953,       0.000000,     515.864015,    1445.382953,       0.000007
2551,   4.379000,     515.864015,    1445.382953,       0.000000,     515.864015,    1445.382953,       0.000000
2552,   4.380000,     515.864015,    1445.382953,       0.000000,     515.864015,    1445.382953,       0.000000
2553,   4.381000,     515.864015,    1445.382953,       0.000000,     515.864015,    1445.382953,       0.000007
2554,   4.383000,     515.864015,    1445.382953,       0.000000,     515.864015,    1445.382953,       0.000007
2555,   4.384000,     515.864015,    1445.382953,       0.000000,     515.864015,    1445.382953,       0.000000
2556,   4.385000,     515.864015,    1445.382953,       0.000000,     515.864015,    1445.382953,       0.000007
2557,   4.386000,     515.864015,    1445.382953,       0.000000,     515.864015,    1445.382953,       0.000000
2558,   4.387000,     515.864015,    1445.382953,       0.000000,     515.864015,    1445.382953,       0.000007
2559,   4.388000,     515.864015,    1445.382953,       0.000000,     515.864015,    1445.382953,       0.000007
2560,   4.389000,     515.864015,    1445.382953,       0.000000,     515.864015,    1445.382953,       0.000000
2561,   4.391000,     515.864015,    1445.382953,       0.000000,     515.864015,    1445.382953,       0.000000
2562,   4.392000,     515.864015,    1445.382953,       0.000000,     515.864015,    1445.382953,       0.000007
2563,   4.393000,     515.864015,    1445.382953,       0.000000,     515.864015,    1445.382953,       0.000007
2564,   4.394000,     515.864015,    1445.382953,       0.000000,     515.864015,    1445.382953,       0.000000
2565,   4.395000,     515.864015,    1445.382953,       0.000000,     515.864015,    1445.382953,       0.000007
2566,   4.396000,     515.864015,    1445.382953,       0.000000,     515.864015,    1445.382953,       0.000000
2567,   4.397000,     515.864015,    1445.382953,       0.000000,     515.864015,    1445.382953,       0.000007
2568,   4.398000,     515.864015,    1445.382953,       0.000000,     515.864015,    1445.382953,       0.000007
2569,   4.399000,     515.864015,    1445.382953,       0.000000,     515.864015,    1445.382953,       0.000000
2570,   4.402000,     515.864015,    1445.382953,       0.000000,     515.864015,    1445.382953,       0.000000
2571,   4.403000,     515.864015,    1445.382953,       0.000000,     515.864015,    1445.382953,       0.000007
2572,   4.405000,     515.864015,    1445.382953,       0.000000,     515.864015,    1445.382953,       0.000007
2573,   4.406000,     515.864015,    1445.382953,       0.000000,     515.864015,    1445.382953,       0.000000
2574,   4.407000,     515.864015,    1445.382953,       0.000000,     515.864015,    1445.382953,       0.000007
2575,   4.408000,     515.864015,    1445.382953,       0.000000,     515.864015,    1445.382953,       0.000000
2576,   4.409000,     515.864015,    1445.382953,       0.000000,     515.864015,    1445.382953,       0.000007
2577,   4.414000,     515.864015,    1445.382953,       0.000000,     515.864015,    1445.382953,       0.000007
2578,   4.415000,     515.864015,    1445.382953,       0.000000,     515.864015,    1445.382953,       0.000000
2579,   4.416000,     515.864015,    1445.382953,       0.000000,     515.864015,    1445.382953,       0.000000
2580,   4.417000,     515.864015,    1445.382953,       0.000000,     515.864015,    1445.382953,       0.000007
2581,   4.418000,     515.864015,    1445.382953,       0.000000,     515.864015,    1445.382953,       0.000007
2582,   4.419000,     515.864015,    1445.382953,       0.000000,     515.864015,    1445.382953,       0.000000
2583,   4.421000,     515.864015,    1445.382953,       0.000000,     515.864015,    1445.382953,       0.000000
2584,   4.422000,     515.864015,    1445.382953,       0.000000,     515.864015,    1445.382953,       0.000007
2585,   4.423000,     515.864015,    1445.382953,       0.000000,     515.864015,    1445.382953,       0.000007
2586,   4.424000,     515.864015,    1445.382953,       0.000000,     515.864015,    1445.382953,       0.000000
2587,   4.425000,     515.864015,    1445.382953,       0.000000,     515.864015,    1445.382953,       0.000007
2588,   4.426000,     515.864015,    1445.382953,       0.000000,     515.864015,    1445.382953,       0.000000
2589,   4.429000,     515.864015,    1445.382953,       0.000000,     515.864015,    1445.382953,       0.000000
2590,   4.430000,     515.864015,    1445.382953,       0.000000,     515.864015,    1445.382953,       0.000007
2591,   4.431000,     515.864015,    1445.382953,       0.000000,     515.864015,    1445.382953,       0.000000
2592,   4.432000,     515.864015,    1445.382953,       0.000000,     515.864015,    1445.382953,       0.000007
2593,   4.434000,     515.864015,    1445.382953,       0.000000,     515.864015,    1445.382953,       0.000007
2594,   4.435000,     515.864015,    1445.382953,       0.000000,     515.864015,    1445.382953,       0.000000
2595,   4.436000,     515.864015,    1445.382953,       0.000000,     515.864015,    1445.382953,       0.000007
2596,   4.437000,     515.864015,    1445.382953,       0.000000,     515.864015,    1445.382953,       0.000007
2597,   4.438000,     515.864015,    1445.382953,       0.000000,     515.864015,    1445.382953,       0.000000
2598,   4.439000,     515.864015,    1445.382953,       0.000000,     515.864015,    1445.382953,       0.000000
2599,   4.440000,     515.864015,    1445.382953,       0.000000,     515.864015,    1445.382953,       0.000007
2600,   4.441000,     515.864015,    1445.382953,       0.000000,     515.864015,    1445.382953,       0.000007
2601,   4.442000,     515.864015,    1445.382953,       0.000000,     515.864015,    1445.382953,       0.000000
2602,   4.443000,     515.864015,    1445.382953,       0.000000,     515.864015,    1445.382953,       0.000000
2603,   4.444000,     515.864015,    1445.382953,       0.000000,     515.864015,    1445.382953,       0.000007
2604,   4.445000,     515.864015,    1445.382953,       0.000000,     515.864015,    1445.382953,       0.000007
2605,   4.446000,     515.864015,    1445.382953,       0.000000,     515.864015,    1445.382953,       0.000000
2606,   4.447000,     515.864015,    1445.382953,       0.000000,     515.864015,    1445.382953,       0.000007
2607,   4.448000,     515.864015,    1445.382953,       0.000000,     515.864015,    1445.382953,       0.000007
2608,   4.449000,     515.864015,    1445.382953,       0.000000,     515.864015,    1445.382953,       0.000000
2609,   4.450000,     515.864015,    1445.382953,       0.000000,     515.864015,    1445.382953,       0.000007
2610,   4.451000,     515.864015,    1445.382953,       0.000000,     515.864015,    1445.382953,       0.000000
2611,   4.452000,     515.864015,    1445.382953,       0.000000,     515.864015,    1445.382953,       0.000007
2612,   4.453000,     515.864015,    1445.382953,       0.000000,     515.864015,    1445.382953,       0.000007
2613,   4.454000,     515.864015,    1445.382953,       0.000000,     515.864015,    1445.382953,       0.000000
2614,   4.455000,     515.864015,    1445.382953,       0.000000,     515.864015,    1445.382953,       0.000007
2615,   4.456000,     515.864015,    1445.382953,       0.000000,     515.864015,    1445.382953,       0.000000
2616,   4.457000,     515.864015,    1445.382953,       0.000000,     515.864015,    1445.382953,       0.000007
2617,   4.458000,     515.864015,    1445.382953,       0.000000,     515.864015,    1445.382953,       0.000000
2618,   4.459000,     515.864015,    1445.382953,       0.000000,     515.864015,    1445.382953,       0.000000
2619,   4.460000,     515.864015,    1445.382953,       0.000000,     515.864015,    1445.382953,       0.000007
2620,   4.461000,     515.864015,    1445.382953,       0.000000,     515.864015,    1445.382953,       0.000000
2621,   4.462000,     515.864015,    1445.382953,       0.000000,     515.864015,    1445.382953,       0.000007
2622,   4.463000,     515.864015,    1445.382953,       0.000000,     515.864015,    1445.382953,       0.000000
2623,   4.464000,     515.864015,    1445.382953,       0.000000,     515.864015,    1445.382953,       0.000000
2624,   4.465000,     515.864015,    1445.382953,       0.000000,     515.864015,    1445.382953,       0.000007
2625,   4.466000,     515.864015,    1445.382953,       0.000000,     515.864015,    1445.382953,       0.000000
2626,   4.467000,     515.864015,    1445.382953,       0.000000,     515.864015,    1445.382953,       0.000000
2627,   4.468000,     515.864015,    1445.382953,       0.000000,     515.864015,    1445.382953,       0.000007
2628,   4.470000,     515.864015,    1445.382953,       0.000000,     515.864015,    1445.382953,       0.000007
2629,   4.471000,     515.864015,    1445.382953,       0.000000,     515.864015,    1445.382953,       0.000000
2630,   4.474000,     515.864015,    1445.382953,       0.000000,     515.864015,    1445.382953,       0.000000
2631,   4.475000,     515.864015,    1445.382953,       0.000000,     515.864015,    1445.382953,       0.000007
2632,   4.476000,     515.864015,    1445.382953,       0.000000,     515.864015,    1445.382953,       0.000000
2633,   4.477000,     515.864015,    1445.382953,       0.000000,     515.864015,    1445.382953,       0.000007
2634,   4.479000,     515.864015,    1445.382953,       0.000000,     515.864015,    1445.382953,       0.000007
2635,   4.480000,     515.864015,    1445.382953,       0.000000,     515.864015,    1445.382953,       0.000000
2636,   4.481000,     515.864015,    1445.382953,       0.000000,     515.864015,    1445.382953,       0.000007
2637,   4.482000,     515.864015,    1445.382953,       0.000000,     515.864015,    1445.382953,       0.000000
2638,   4.483000,     515.864015,    1445.382953,       0.000000,     515.864015,    1445.382953,       0.000007
2639,   4.484000,     515.864015,    1445.382953,       0.000000,     515.864015,    1445.382953,       0.000000
2640,   4.485000,     515.864015,    1445.382953,       0.000000,     515.864015,    1445.382953,       0.000000
2641,   4.486000,     515.864015,    1445.382953,       0.000000,     515.864015,    1445.382953,       0.000007
2642,   4.489000,     515.864015,    1445.382953,       0.000000,     515.864015,    1445.382953,       0.000007
2643,   4.490000,     515.864015,    1445.382953,       0.000000,     515.864015,    1445.382953,       0.000000
2644,   4.491000,     515.864015,    1445.382953,       0.000000,     515.864015,    1445.382953,       0.000000
2645,   4.492000,     515.864015,    1445.382953,       0.000000,     515.864015,    1445.382953,       0.000007
2646,   4.493000,     515.864015,    1445.382953,       0.000000,     515.864015,    1445.382953,       0.000000
2647,   4.494000,     515.864015,    1445.382953,       0.000000,     515.864015,    1445.382953,       0.000000
2648,   4.495000,     515.864015,    1445.382953,       0.000000,     515.864015,    1445.382953,       0.000007
2649,   4.496000,     515.864015,    1445.382953,       0.000000,     515.864015,    1445.382953,       0.000007
2650,   4.497000,     515.864015,    1445.382953,       0.000000,     515.864015,    1445.382953,       0.000000
2651,   4.499000,     515.864015,    1445.382953,       0.000000,     515.864015,    1445.382953,       0.000000
2652,   4.500000,     515.864015,    1445.382953,       0.000000,     515.864015,    1445.382953,       0.000007
2653,   4.503000,     515.864015,    1445.382953,       0.000000,     515.864015,    1445.382953,       0.000007
2654,   4.504000,     515.864015,    1445.382953,       0.000000,     515.864015,    1445.382953,       0.000000
2655,   4.505000,     515.864015,    1445.382953,       0.000000,     515.864015,    1445.382953,       0.000007
2656,   4.506000,     515.864015,    1445.382953,       0.000000,     515.864015,    1445.382953,       0.000000
2657,   4.508000,     515.864015,    1445.382953,       0.000000,     515.864015,    1445.382953,       0.000000
2658,   4.509000,     515.864015,    1445.382953,       0.000000,     515.864015,    1445.382953,       0.000007
2659,   4.510000,     515.864015,    1445.382953,       0.000000,     515.864015,    1445.382953,       0.000000
2660,   4.512000,     515.864015,    1445.382953,       0.000000,     515.864015,    1445.382953,       0.000000
2661,   4.513000,     515.864015,    1445.382953,       0.000000,     515.864015,    1445.382953,       0.000007
2662,   4.514000,     515.864015,    1445.382953,       0.000000,     515.864015,    1445.382953,       0.000000
2663,   4.515000,     515.864015,    1445.382953,       0.000000,     515.864015,    1445.382953,       0.000007
2664,   4.518000,     515.864015,    1445.382953,       0.000000,     515.864015,    1445.382953,       0.000007
2665,   4.519000,     515.864015,    1445.382953,       0.000000,     515.864015,    1445.382953,       0.000000
2666,   4.523000,     515.864015,    1445.382953,       0.000000,     515.864015,    1445.382953,       0.000000
2667,   4.524000,     515.864015,    1445.382953,       0.000000,     515.864015,    1445.382953,       0.000007
2668,   4.525000,     515.864015,    1445.382953,       0.000000,     515.864015,    1445.382953,       0.000000
2669,   4.531000,     515.864015,    1445.382953,       0.000000,     515.864015,    1445.382953,       0.000000
2670,   4.532000,     515.864015,    1445.382953,       0.000000,     515.864015,    1445.382953,       0.000007
2671,   4.533000,     515.864015,    1445.382953,       0.000000,     515.864015,    1445.382953,       0.000000
2672,   4.536000,     515.864015,    1445.382953,       0.000000,     515.864015,    1445.382953,       0.000000
2673,   4.537000,     515.864015,    1445.382953,       0.000000,     515.864015,    1445.382953,       0.000007
2674,   4.538000,     515.864015,    1445.382953,       0.000000,     515.864015,    1445.382953,       0.000000
2675,   4.539000,     515.864015,    1445.382953,       0.000000,     515.864015,    1445.382953,       0.000007
2676,   4.540000,     515.864015,    1445.382953,       0.000000,     515.864015,    1445.382953,       0.000000
2677,   4.541000,     515.864015,    1445.382953,       0.000000,     515.864015,    1445.382953,       0.000007
2678,   4.542000,     515.864015,    1445.382953,       0.000000,     515.864015,    1445.382953,       0.000000
2679,   4.543000,     515.864015,    1445.382953,       0.000000,     515.864015,    1445.382953,       0.000007
2680,   4.544000,     515.864015,    1445.382953,       0.000000,     515.864015,    1445.382953,       0.000007
2681,   4.545000,     515.864015,    1445.382953,       0.000000,     515.864015,    1445.382953,       0.000000
2682,   4.546000,     515.864015,    1445.382953,       0.000000,     515.864015,    1445.382953,       0.000007
2683,   4.547000,     515.864015,    1445.382953,       0.000000,     515.864015,    1445.382953,       0.000000
2684,   4.548000,     515.864015,    1445.382953,       0.000000,     515.864015,    1445.382953,       0.000000
2685,   4.549000,     515.864015,    1445.382953,       0.000000,     515.864015,    1445.382953,       0.000007
2686,   4.550000,     515.864015,    1445.382953,       0.000000,     515.864015,    1445.382953,       0.000000
2687,   4.562000,     515.864015,    1445.382953,       0.000000,     515.864015,    1445.382953,       0.000000
2688,   4.563000,     515.864015,    1445.382953,       0.000000,     515.864015,    1445.382953,       0.000007
2689,   4.564000,     515.864015,    1445.382953,       0.000000,     515.864015,    1445.382953,       0.000000
2690,   4.565000,     515.864015,    1445.382953,       0.000000,     515.864015,    1445.382953,       0.000007
2691,   4.566000,     515.864015,    1445.382953,       0.000000,     515.864015,    1445.382953,       0.000000
2692,   4.567000,     515.864015,    1445.382953,       0.000000,     515.864015,    1445.382953,       0.000000
2693,   4.568000,     515.864015,    1445.382953,       0.000000,     515.864015,    1445.382953,       0.000007
2694,   4.569000,     515.864015,    1445.382953,       0.000000,     515.864015,    1445.382953,       0.000007
2695,   4.570000,     515.864015,    1445.382953,       0.000000,     515.864015,    1445.382953,       0.000000
2696,   4.582000,     515.864015,    1445.382953,       0.000000,     515.864015,    1445.382953,       0.000000
2697,   4.583000,     515.864015,    1445.382953,       0.000000,     515.864015,    1445.382953,       0.000007
2698,   4.584000,     515.864015,    1445.382953,       0.000000,     515.864015,    1445.382953,       0.000000
2699,   4.585000,     515.864015,    1445.382953,       0.000000,     515.864015,    1445.382953,       0.000007
2700,   4.586000,     515.864015,    1445.382953,       0.000000,     515.864015,    1445.382953,       0.000000
2701,   4.587000,     515.864015,    1445.382953,       0.000000,     515.864015,    1445.382953,       0.000000
2702,   4.588000,     515.864015,    1445.382953,       0.000000,     515.864015,    1445.382953,       0.000007
2703,   4.590000,     515.864015,    1445.382953,       0.000000,     515.864015,    1445.382953,       0.000007
2704,   4.591000,     515.864015,    1445.382953,       0.000000,     515.864015,    1445.382953,       0.000000
2705,   4.592000,     515.864015,    1445.382953,       0.000000,     515.864015,    1445.382953,       0.000007
2706,   4.593000,     515.864015,    1445.382953,       0.000000,     515.864015,    1445.382953,       0.000000
2707,   4.599000,     515.864015,    1445.382953,       0.000000,     515.864015,    1445.382953,       0.000000
2708,   4.600000,     515.864015,    1445.382953,       0.000000,     515.864015,    1445.382953,       0.000007
2709,   4.601000,     515.864015,    1445.382953,       0.000000,     515.864015,    1445.382953,       0.000000
2710,   4.603000,     515.864015,    1445.382953,       0.000000,     515.864015,    1445.382953,       0.000000
2711,   4.604000,     515.864015,    1445.382953,       0.000000,     515.864015,    1445.382953,       0.000007
2712,   4.605000,     515.864015,    1445.382953,       0.000000,     515.864015,    1445.382953,       0.000007
2713,   4.606000,     515.864015,    1445.382953,       0.000000,     515.864015,    1445.382953,       0.000000
2714,   4.607000,     515.864015,    1445.382953,       0.000000,     515.864015,    1445.382953,       0.000007
2715,   4.608000,     515.864015,    1445.382953,       0.000000,     515.864015,    1445.382953,       0.000000
2716,   4.609000,     515.864015,    1445.382953,       0.000000,     515.864015,    1445.382953,       0.000007
2717,   4.610000,     515.864015,    1445.382953,       0.000000,     515.864015,    1445.382953,       0.000000
2718,   4.614000,     515.864015,    1445.382953,       0.000000,     515.864015,    1445.382953,       0.000000
2719,   4.615000,     515.864015,    1445.382953,       0.000000,     515.864015,    1445.382953,       0.000007
2720,   4.616000,     515.864015,    1445.382953,       0.000000,     515.864015,    1445.382953,       0.000000
2721,   4.617000,     515.864015,    1445.382953,       0.000000,     515.864015,    1445.382953,       0.000007
2722,   4.618000,     515.864015,    1445.382953,       0.000000,     515.864015,    1445.382953,       0.000000
2723,   4.623000,     515.864015,    1445.382953,       0.000000,     515.864015,    1445.382953,       0.000000
2724,   4.624000,     515.864015,    1445.382953,       0.000000,     515.864015,    1445.382953,       0.000007
2725,   4.625000,     515.864015,    1445.382953,       0.000000,     515.864015,    1445.382953,       0.000000
2726,   4.626000,     515.864015,    1445.382953,       0.000000,     515.864015,    1445.382953,       0.000000
2727,   4.627000,     515.864015,    1445.382953,       0.000000,     515.864015,    1445.382953,       0.000007
2728,   4.628000,     515.864015,    1445.382953,       0.000000,     515.864015,    1445.382953,       0.000000
2729,   4.632000,     515.864015,    1445.382953,       0.000000,     515.864015,    1445.382953,       0.000000
2730,   4.633000,     515.864015,    1445.382953,       0.000000,     515.864015,    1445.382953,       0.000007
2731,   4.635000,     515.864015,    1445.382953,       0.000000,     515.864015,    1445.382953,       0.000007
2732,   4.636000,     515.864015,    1445.382953,       0.000000,     515.864015,    1445.382953,       0.000000
2733,   4.642000,     515.864015,    1445.382953,       0.000000,     515.864015,    1445.382953,       0.000000
2734,   4.643000,     515.864015,    1445.382953,       0.000000,     515.864015,    1445.382953,       0.000007
2735,   4.644000,     515.864015,    1445.382953,       0.000000,     515.864015,    1445.382953,       0.000000
2736,   4.646000,     515.864015,    1445.382953,       0.000000,     515.864015,    1445.382953,       0.000000
2737,   4.647000,     515.864015,    1445.382953,       0.000000,     515.864015,    1445.382953,       0.000007
2738,   4.648000,     515.864015,    1445.382953,       0.000000,     515.864015,    1445.382953,       0.000000
2739,   4.649000,     515.864015,    1445.382953,       0.000000,     515.864015,    1445.382953,       0.000000
2740,   4.650000,     515.864015,    1445.382953,       0.000000,     515.864015,    1445.382953,       0.000007
2741,   4.651000,     515.864015,    1445.382953,       0.000000,     515.864015,    1445.382953,       0.000000
2742,   4.652000,     515.864015,    1445.382953,       0.000000,     515.864015,    1445.382953,       0.000000
2743,   4.653000,     515.864015,    1445.382953,       0.000000,     515.864015,    1445.382953,       0.000007
2744,   4.654000,     515.864015,    1445.382953,       0.000000,     515.864015,    1445.382953,       0.000000
2745,   4.655000,     515.864015,    1445.382953,       0.000000,     515.864015,    1445.382953,       0.000000
2746,   4.656000,     515.864015,    1445.382953,       0.000000,     515.864015,    1445.382953,       0.000007
2747,   4.657000,     515.864015,    1445.382953,       0.000000,     515.864015,    1445.382953,       0.000000
2748,   4.660000,     515.864015,    1445.382953,       0.000000,     515.864015,    1445.382953,       0.000000
2749,   4.661000,     515.864015,    1445.382953,       0.000000,     515.864015,    1445.382953,       0.000007
2750,   4.662000,     515.864015,    1445.382953,       0.000000,     515.864015,    1445.382953,       0.000000
2751,   4.663000,     515.864015,    1445.382953,       0.000000,     515.864015,    1445.382953,       0.000000
2752,   4.664000,     515.864015,    1445.382953,       0.000000,     515.864015,    1445.382953,       0.000007
2753,   4.665000,     515.864015,    1445.382953,       0.000000,     515.864015,    1445.382953,       0.000000
2754,   4.669000,     515.864015,    1445.382953,       0.000000,     515.864015,    1445.382953,       0.000000
2755,   4.670000,     515.864015,    1445.382953,       0.000000,     515.864015,    1445.382953,       0.000007
2756,   4.671000,     515.864015,    1445.382953,       0.000000,     515.864015,    1445.382953,       0.000007
2757,   4.672000,     515.864015,    1445.382953,       0.000000,     515.864015,    1445.382953,       0.000000
2758,   4.673000,     515.864015,    1445.382953,       0.000000,     515.864015,    1445.382953,       0.000007
2759,   4.674000,     515.864015,    1445.382953,       0.000000,     515.864015,    1445.382953,       0.000000
2760,   4.675000,     515.864015,    1445.382953,       0.000000,     515.864015,    1445.382953,       0.000000
2761,   4.676000,     515.864015,    1445.382953,       0.000000,     515.864015,    1445.382953,       0.000007
2762,   4.677000,     515.864015,    1445.382953,       0.000000,     515.864015,    1445.382953,       0.000000
2763,   4.678000,     515.864015,    1445.382953,       0.000000,     515.864015,    1445.382953,       0.000007
2764,   4.679000,     515.864015,    1445.382953,       0.000000,     515.864015,    1445.382953,       0.000000
2765,   4.686000,     515.864015,    1445.382953,       0.000000,     515.864015,    1445.382953,       0.000000
2766,   4.687000,     515.864015,    1445.382953,       0.000000,     515.864015,    1445.382953,       0.000007
2767,   4.688000,     515.864015,    1445.382953,       0.000000,     515.864015,    1445.382953,       0.000007
2768,   4.689000,     515.864015,    1445.382953,       0.000000,     515.864015,    1445.382953,       0.000000
2769,   4.690000,     515.864015,    1445.382953,       0.000000,     515.864015,    1445.382953,       0.000007
2770,   4.691000,     515.864015,    1445.382953,       0.000000,     515.864015,    1445.382953,       0.000000
2771,   4.699000,     515.864015,    1445.382953,       0.000000,     515.864015,    1445.382953,       0.000000
2772,   4.700000,     515.864015,    1445.382953,       0.000000,     515.864015,    1445.382953,       0.000007
2773,   4.701000,     515.864015,    1445.382953,       0.000000,     515.864015,    1445.382953,       0.000000
2774,   4.703000,     515.864015,    1445.382953,       0.000000,     515.864015,    1445.382953,       0.000000
2775,   4.704000,     515.864015,    1445.382953,       0.000000,     515.864015,    1445.382953,       0.000007
2776,   4.705000,     515.864015,    1445.382953,       0.000000,     515.864015,    1445.382953,       0.000007
2777,   4.706000,     515.864015,    1445.382953,       0.000000,     515.864015,    1445.382953,       0.000000
2778,   4.707000,     515.864015,    1445.382953,       0.000000,     515.864015,    1445.382953,       0.000007
2779,   4.708000,     515.864015,    1445.382953,       0.000000,     515.864015,    1445.382953,       0.000007
2780,   4.709000,     515.864015,    1445.382953,       0.000000,     515.864015,    1445.382953,       0.000000
2781,   4.718000,     515.864015,    1445.382953,       0.000000,     515.864015,    1445.382953,       0.000000
2782,   4.719000,     515.864015,    1445.382953,       0.000000,     515.864015,    1445.382953,       0.000007
2783,   4.720000,     515.864015,    1445.382953,       0.000000,     515.864015,    1445.382953,       0.000000
2784,   4.721000,     515.864015,    1445.382953,       0.000000,     515.864015,    1445.382953,       0.000000
2785,   4.722000,     515.864015,    1445.382953,       0.000000,     515.864015,    1445.382953,       0.000007
2786,   4.723000,     515.864015,    1445.382953,       0.000000,     515.864015,    1445.382953,       0.000000
2787,   4.724000,     515.864015,    1445.382953,       0.000000,     515.864015,    1445.382953,       0.000000
2788,   4.725000,     515.864015,    1445.382953,       0.000000,     515.864015,    1445.382953,       0.000007
2789,   4.726000,     515.864015,    1445.382953,       0.000000,     515.864015,    1445.382953,       0.000007
2790,   4.727000,     515.864015,    1445.382953,       0.000000,     515.864015,    1445.382953,       0.000000
2791,   4.729000,     515.864015,    1445.382953,       0.000000,     515.864015,    1445.382953,       0.000000
2792,   4.730000,     515.864015,    1445.382953,       0.000000,     515.864015,    1445.382953,       0.000007
2793,   4.731000,     515.864015,    1445.382953,       0.000000,     515.864015,    1445.382953,       0.000000
2794,   4.733000,     515.864015,    1445.382953,       0.000000,     515.864015,    1445.382953,       0.000000
2795,   4.734000,     515.864015,    1445.382953,       0.000000,     515.864015,    1445.382953,       0.000007
2796,   4.735000,     515.864015,    1445.382953,       0.000000,     515.864015,    1445.382953,       0.000000
2797,   4.739000,     515.864015,    1445.382953,       0.000000,     515.864015,    1445.382953,       0.000000
2798,   4.740000,     515.864015,    1445.382953,       0.000000,     515.864015,    1445.382953,       0.000007
2799,   4.741000,     515.864015,    1445.382953,       0.000000,     515.864015,    1445.382953,       0.000000
2800,   4.753000,     515.864015,    1445.382953,       0.000000,     515.864015,    1445.382953,       0.000000
2801,   4.754000,     515.864015,    1445.382953,       0.000000,     515.864015,    1445.382953,       0.000007
2802,   4.755000,     515.864015,    1445.382953,       0.000000,     515.864015,    1445.382953,       0.000000
2803,   4.756000,     515.864015,    1445.382953,       0.000000,     515.864015,    1445.382953,       0.000007
2804,   4.757000,     515.864015,    1445.382953,       0.000000,     515.864015,    1445.382953,       0.000007
2805,   4.758000,     515.864015,    1445.382953,       0.000000,     515.864015,    1445.382953,       0.000000
2806,   4.760000,     515.864015,    1445.382953,       0.000000,     515.864015,    1445.382953,       0.000000
2807,   4.761000,     515.864015,    1445.382953,       0.000000,     515.864015,    1445.382953,       0.000007
2808,   4.762000,     515.864015,    1445.382953,       0.000000,     515.864015,    1445.382953,       0.000000
2809,   4.763000,     515.864015,    1445.382953,       0.000000,     515.864015,    1445.382953,       0.000007
2810,   4.764000,     515.864015,    1445.382953,       0.000000,     515.864015,    1445.382953,       0.000000
2811,   4.765000,     515.864015,    1445.382953,       0.000000,     515.864015,    1445.382953,       0.000007
2812,   4.766000,     515.864015,    1445.382953,       0.000000,     515.864015,    1445.382953,       0.000000
2813,   4.768000,     515.864015,    1445.382953,       0.000000,     515.864015,    1445.382953,       0.000000
2814,   4.769000,     515.864015,    1445.382953,       0.000000,     515.864015,    1445.382953,       0.000007
2815,   4.770000,     515.864015,    1445.382953,       0.000000,     515.864015,    1445.382953,       0.000000
2816,   4.772000,     515.864015,    1445.382953,       0.000000,     515.864015,    1445.382953,       0.000000
2817,   4.773000,     515.864015,    1445.382953,       0.000000,     515.864015,    1445.382953,       0.000007
2818,   4.774000,     515.864015,    1445.382953,       0.000000,     515.864015,    1445.382953,       0.000000
2819,   4.775000,     515.864015,    1445.382953,       0.000000,     515.864015,    1445.382953,       0.000007
2820,   4.778000,     515.864015,    1445.382953,       0.000000,     515.864015,    1445.382953,       0.000007
2821,   4.779000,     515.864015,    1445.382953,       0.000000,     515.864015,    1445.382953,       0.000000
2822,   4.783000,     515.864015,    1445.382953,       0.000000,     515.864015,    1445.382953,       0.000000
2823,   4.784000,     515.864015,    1445.382953,       0.000000,     515.864015,    1445.382953,       0.000007
2824,   4.785000,     515.864015,    1445.382953,       0.000000,     515.864015,    1445.382953,       0.000000
2825,   4.788000,     515.864015,    1445.382953,       0.000000,     515.864015,    1445.382953,       0.000000
2826,   4.789000,     515.864015,    1445.382953,       0.000000,     515.864015,    1445.382953,       0.000007
2827,   4.790000,     515.864015,    1445.382953,       0.000000,     515.864015,    1445.382953,       0.000000
2828,   4.792000,     515.864015,    1445.382953,       0.000000,     515.864015,    1445.382953,       0.000000
2829,   4.793000,     515.864015,    1445.382953,       0.000000,     515.864015,    1445.382953,       0.000007
2830,   4.794000,     515.864015,    1445.382953,       0.000000,     515.864015,    1445.382953,       0.000000
2831,   4.796000,     515.864015,    1445.382953,       0.000000,     515.864015,    1445.382953,       0.000000
2832,   4.797000,     515.864015,    1445.382953,       0.000000,     515.864015,    1445.382953,       0.000007
2833,   4.798000,     515.864015,    1445.382953,       0.000000,     515.864015,    1445.382953,       0.000000
2834,   4.804000,     515.864015,    1445.382953,       0.000000,     515.864015,    1445.382953,       0.000000
2835,   4.805000,     515.864015,    1445.382953,       0.000000,     515.864015,    1445.382953,       0.000007
2836,   4.806000,     515.864015,    1445.382953,       0.000000,     515.864015,    1445.382953,       0.000000
2837,   4.809000,     515.864015,    1445.382953,       0.000000,     515.864015,    1445.382953,       0.000000
2838,   4.810000,     515.864015,    1445.382953,       0.000000,     515.864015,    1445.382953,       0.000007
2839,   4.811000,     515.864015,    1445.382953,       0.000000,     515.864015,    1445.382953,       0.000000
2840,   4.814000,     515.864015,    1445.382953,       0.000000,     515.864015,    1445.382953,       0.000000
2841,   4.815000,     515.864015,    1445.382953,       0.000000,     515.864015,    1445.382953,       0.000007
2842,   4.817000,     515.864015,    1445.382953,       0.000000,     515.864015,    1445.382953,       0.000007
2843,   4.818000,     515.864015,    1445.382953,       0.000000,     515.864015,    1445.382953,       0.000000
2844,   4.825000,     515.864015,    1445.382953,       0.000000,     515.864015,    1445.382953,       0.000000
2845,   4.826000,     515.864015,    1445.382953,       0.000000,     515.864015,    1445.382953,       0.000007
2846,   4.828000,     515.864015,    1445.382953,       0.000000,     515.864015,    1445.382953,       0.000007
2847,   4.829000,     515.864015,    1445.382953,       0.000000,     515.864015,    1445.382953,       0.000000
2848,   4.834000,     515.864015,    1445.382953,       0.000000,     515.864015,    1445.382953,       0.000000
2849,   4.835000,     515.864015,    1445.382953,       0.000000,     515.864015,    1445.382953,       0.000007
2850,   4.837000,     515.864015,    1445.382953,       0.000000,     515.864015,    1445.382953,       0.000007
2851,   4.838000,     515.864015,    1445.382953,       0.000000,     515.864015,    1445.382953,       0.000000
2852,   4.843000,     515.864015,    1445.382953,       0.000000,     515.864015,    1445.382953,       0.000000
2853,   4.844000,     515.864015,    1445.382953,       0.000000,     515.864015,    1445.382953,       0.000007
2854,   4.846000,     515.864015,    1445.382953,       0.000000,     515.864015,    1445.382953,       0.000007
2855,   4.847000,     515.864015,    1445.382953,       0.000000,     515.864015,    1445.382953,       0.000000
2856,   4.851000,     515.864015,    1445.382953,       0.000000,     515.864015,    1445.382953,       0.000000
2857,   4.852000,     515.864015,    1445.382953,       0.000000,     515.864015,    1445.382953,       0.000007
2858,   4.853000,     515.864015,    1445.382953,       0.000000,     515.864015,    1445.382953,       0.000000
2859,   4.854000,     515.864015,    1445.382953,       0.000000,     515.864015,    1445.382953,       0.000007
2860,   4.855000,     515.864015,    1445.382953,       0.000000,     515.864015,    1445.382953,       0.000000
2861,   4.871000,     515.864015,    1445.382953,       0.000000,     515.864015,    1445.382953,       0.000000
2862,   4.872000,     515.864015,    1445.382953,       0.000000,     515.864015,    1445.382953,       0.000007
2863,   4.873000,     515.864015,    1445.382953,       0.000000,     515.864015,    1445.382953,       0.000000
2864,   4.884000,     515.864015,    1445.382953,       0.000000,     515.864015,    1445.382953,       0.000000
2865,   4.885000,     515.864015,    1445.382953,       0.000000,     515.864015,    1445.382953,       0.000007
2866,   4.886000,     515.864015,    1445.382953,       0.000000,     515.864015,    1445.382953,       0.000000
2867,   4.887000,     515.864015,    1445.382953,       0.000000,     515.864015,    1445.382953,       0.000007
2868,   4.888000,     515.864015,    1445.382953,       0.000000,     515.864015,    1445.382953,       0.000000
2869,   4.903000,     515.864015,    1445.382953,       0.000000,     515.864015,    1445.382953,       0.000000
2870,   4.904000,     515.864015,    1445.382953,       0.000000,     515.864015,    1445.382953,       0.000007
2871,   4.905000,     515.864015,    1445.382953,       0.000000,     515.864015,    1445.382953,       0.000007
2872,   4.906000,     515.864015,    1445.382953,       0.000000,     515.864015,    1445.382953,       0.000000
2873,   4.907000,     515.864015,    1445.382953,       0.000000,     515.864015,    1445.382953,       0.000000
2874,   4.908000,     515.864015,    1445.382953,       0.000000,     515.864015,    1445.382953,       0.000007
2875,   4.909000,     515.864015,    1445.382953,       0.000000,     515.864015,    1445.382953,       0.000000
2876,   4.910000,     515.864015,    1445.382953,       0.000000,     515.864015,    1445.382953,       0.000007
2877,   4.911000,     515.864015,    1445.382953,       0.000000,     515.864015,    1445.382953,       0.000000
2878,   4.912000,     515.864015,    1445.382953,       0.000000,     515.864015,    1445.382953,       0.000007
2879,   4.913000,     515.864015,    1445.382953,       0.000000,     515.864015,    1445.382953,       0.000000
2880,   4.914000,     515.864015,    1445.382953,       0.000000,     515.864015,    1445.382953,       0.000000
2881,   4.915000,     515.864015,    1445.382953,       0.000000,     515.864015,    1445.382953,       0.000007
2882,   4.916000,     515.864015,    1445.382953,       0.000000,     515.864015,    1445.382953,       0.000000
2883,   4.917000,     515.864015,    1445.382953,       0.000000,     515.864015,    1445.382953,       0.000007
2884,   4.918000,     515.864015,    1445.382953,       0.000000,     515.864015,    1445.382953,       0.000000
2885,   4.919000,     515.864015,    1445.382953,       0.000000,     515.864015,    1445.382953,       0.000007
2886,   4.920000,     515.864015,    1445.382953,       0.000000,     515.864015,    1445.382953,       0.000000
2887,   4.921000,     515.864015,    1445.382953,       0.000000,     515.864015,    1445.382953,       0.000007
2888,   4.922000,     515.864015,    1445.382953,       0.000000,     515.864015,    1445.382953,       0.000007
2889,   4.923000,     515.864015,    1445.382953,       0.000000,     515.864015,    1445.382953,       0.000000
2890,   4.926000,     515.864015,    1445.382953,       0.000000,     515.864015,    1445.382953,       0.000000
2891,   4.927000,     515.864015,    1445.382953,       0.000000,     515.864015,    1445.382953,       0.000007
2892,   4.928000,     515.864015,    1445.382953,       0.000000,     515.864015,    1445.382953,       0.000000
2893,   4.938000,     515.864015,    1445.382953,       0.000000,     515.864015,    1445.382953,       0.000000
2894,   4.939000,     515.864015,    1445.382953,       0.000000,     515.864015,    1445.382953,       0.000007
2895,   4.940000,     515.864015,    1445.382953,       0.000000,     515.864015,    1445.382953,       0.000000
2896,   4.946000,     515.864015,    1445.382953,       0.000000,     515.864015,    1445.382953,       0.000000
2897,   4.947000,     515.864015,    1445.382953,       0.000000,     515.864015,    1445.382953,       0.000007
2898,   4.950000,     515.864015,    1445.382953,       0.000000,     515.864015,    1445.382953,       0.000007
2899,   4.951000,     515.864015,    1445.382953,       0.000000,     515.864015,    1445.382953,       0.000000
2900,   4.952000,     515.864015,    1445.382953,       0.000000,     515.864015,    1445.382953,       0.000000
2901,   4.953000,     515.864015,    1445.382953,       0.000000,     515.864015,    1445.382953,       0.000007
2902,   4.954000,     515.864015,    1445.382953,       0.000000,     515.864015,    1445.382953,       0.000000
2903,   4.955000,     515.864015,    1445.382953,       0.000000,     515.864015,    1445.382953,       0.000000
2904,   4.956000,     515.864015,    1445.382953,       0.000000,     515.864015,    1445.382953,       0.000007
2905,   4.957000,     515.864015,    1445.382953,       0.000000,     515.864015,    1445.382953,       0.000000
2906,   4.958000,     515.864015,    1445.382953,       0.000000,     515.864015,    1445.382953,       0.000007
2907,   4.959000,     515.864015,    1445.382953,       0.000000,     515.864015,    1445.382953,       0.000000
2908,   4.963000,     515.864015,    1445.382953,       0.000000,     515.864015,    1445.382953,       0.000000
2909,   4.964000,     515.864015,    1445.382953,       0.000000,     515.864015,    1445.382953,       0.000007
2910,   4.965000,     515.864015,    1445.382953,       0.000000,     515.864015,    1445.382953,       0.000000
2911,   4.966000,     515.864015,    1445.382953,       0.000000,     515.864015,    1445.382953,       0.000007
2912,   4.967000,     515.864015,    1445.382953,       0.000000,     515.864015,    1445.382953,       0.000007
2913,   4.968000,     515.864015,    1445.382953,       0.000000,     515.864015,    1445.382953,       0.000000
2914,   4.970000,     515.864015,    1445.382953,       0.000000,     515.864015,    1445.382953,       0.000000
2915,   4.971000,     515.864015,    1445.382953,       0.000000,     515.864015,    1445.382953,       0.000007
2916,   4.972000,     515.864015,    1445.382953,       0.000000,     515.864015,    1445.382953,       0.000000
2917,   4.973000,     515.864015,    1445.382953,       0.000000,     515.864015,    1445.382953,       0.000000
2918,   4.974000,     515.864015,    1445.382953,       0.000000,     515.864015,    1445.382953,       0.000007
2919,   4.975000,     515.864015,    1445.382953,       0.000000,     515.864015,    1445.382953,       0.000000
2920,   4.978000,     515.864015,    1445.382953,       0.000000,     515.864015,    1445.382953,       0.000000
2921,   4.979000,     515.864015,    1445.382953,       0.000000,     515.864015,    1445.382953,       0.000007
2922,   4.980000,     515.864015,    1445.382953,       0.000000,     515.864015,    1445.382953,       0.000000
2923,   4.981000,     515.864015,    1445.382953,       0.000000,     515.864015,    1445.382953,       0.000000
2924,   4.982000,     515.864015,    1445.382953,       0.000000,     515.864015,    1445.382953,       0.000007
2925,   4.983000,     515.864015,    1445.382953,       0.000000,     515.864015,    1445.382953,       0.000000
2926,   4.985000,     515.864015,    1445.382953,       0.000000,     515.864015,    1445.382953,       0.000000
2927,   4.986000,     515.864015,    1445.382953,       0.000000,     515.864015,    1445.382953,       0.000007
2928,   4.987000,     515.864015,    1445.382953,       0.000000,     515.864015,    1445.382953,       0.000000
2929,   4.988000,     515.864015,    1445.382953,       0.000000,     515.864015,    1445.382953,       0.000007
2930,   4.989000,     515.864015,    1445.382953,       0.000000,     515.864015,    1445.382953,       0.000007
2931,   4.990000,     515.864015,    1445.382953,       0.000000,     515.864015,    1445.382953,       0.000000
2932,   4.992000,     515.864015,    1445.382953,       0.000000,     515.864015,    1445.382953,       0.000000
2933,   4.993000,     515.864015,    1445.382953,       0.000000,     515.864015,    1445.382953,       0.000007
2934,   4.994000,     515.864015,    1445.382953,       0.000000,     515.864015,    1445.382953,       0.000007
2935,   4.995000,     515.864015,    1445.382953,       0.000000,     515.864015,    1445.382953,       0.000000
2936,   4.996000,     515.864015,    1445.382953,       0.000000,     515.864015,    1445.382953,       0.000007
2937,   4.997000,     515.864015,    1445.382953,       0.000000,     515.864015,    1445.382953,       0.000000
2938,   4.998000,     515.864015,    1445.382953,       0.000000,     515.864015,    1445.382953,       0.000007
2939,   4.999000,     515.864015,    1445.382953,       0.000000,     515.864015,    1445.382953,       0.000000
2940,   5.000000,     515.864015,    1445.382953,       0.000000,     515.864015,    1445.382953,       0.000007
2941,   5.001000,     515.864015,    1445.382953,       0.000000,     515.864015,    1445.382953,       0.000007
2942,   5.002000,     515.864015,    1445.382953,       0.000000,     515.864015,    1445.382953,       0.000000
2943,   5.003000,     515.864015,    1445.382953,       0.000000,     515.864015,    1445.382953,       0.000007
2944,   5.010000,     515.864015,    1445.382953,       0.000000,     515.864015,    1445.382953,       0.000007
2945,   5.011000,     515.864015,    1445.382953,       0.000000,     515.864015,    1445.382953,       0.000000
2946,   5.012000,     515.864015,    1445.382953,       0.000000,     515.864015,    1445.382953,       0.000000
2947,   5.013000,     515.864015,    1445.382953,       0.000000,     515.864015,    1445.382953,       0.000007
2948,   5.019000,     515.864015,    1445.382953,       0.000000,     515.864015,    1445.382953,       0.000007
2949,   5.020000,     515.864015,    1445.382953,       0.000000,     515.864015,    1445.382953,       0.000000
2950,   5.021000,     515.864015,    1445.382953,       0.000000,     515.864015,    1445.382953,       0.000007
2951,   5.022000,     515.864015,    1445.382953,       0.000000,     515.864015,    1445.382953,       0.000000
2952,   5.023000,     515.864015,    1445.382953,       0.000000,     515.864015,    1445.382953,       0.000000
2953,   5.024000,     515.864015,    1445.382953,       0.000000,     515.864015,    1445.382953,       0.000007
2954,   5.026000,     515.864015,    1445.382953,       0.000000,     515.864015,    1445.382953,       0.000007
2955,   5.027000,     515.864015,    1445.382953,       0.000000,     515.864015,    1445.382953,       0.000000
2956,   5.031000,     515.864015,    1445.382953,       0.000000,     515.864015,    1445.382953,       0.000000
2957,   5.032000,     515.864015,    1445.382953,       0.000000,     515.864015,    1445.382953,       0.000007
2958,   5.033000,     515.864015,    1445.382953,       0.000000,     515.864015,    1445.382953,       0.000000
2959,   5.034000,     515.864015,    1445.382953,       0.000000,     515.864015,    1445.382953,       0.000007
2960,   5.035000,     515.864015,    1445.382953,       0.000000,     515.864015,    1445.382953,       0.000000
2961,   5.037000,     515.864015,    1445.382953,       0.000000,     515.864015,    1445.382953,       0.000000
2962,   5.038000,     515.864015,    1445.382953,       0.000000,     515.864015,    1445.382953,       0.000007
2963,   5.039000,     515.864015,    1445.382953,       0.000000,     515.864015,    1445.382953,       0.000000
2964,   5.040000,     515.864015,    1445.382953,       0.000000,     515.864015,    1445.382953,       0.000007
2965,   5.041000,     515.864015,    1445.382953,       0.000000,     515.864015,    1445.382953,       0.000000
2966,   5.042000,     515.864015,    1445.382953,       0.000000,     515.864015,    1445.382953,       0.000000
2967,   5.043000,     515.864015,    1445.382953,       0.000000,     515.864015,    1445.382953,       0.000007
2968,   5.045000,     515.864015,    1445.382953,       0.000000,     515.864015,    1445.382953,       0.000007
2969,   5.046000,     515.864015,    1445.382953,       0.000000,     515.864015,    1445.382953,       0.000000
2970,   5.047000,     515.864015,    1445.382953,       0.000000,     515.864015,    1445.382953,       0.000000
2971,   5.048000,     515.864015,    1445.382953,       0.000000,     515.864015,    1445.382953,       0.000007
2972,   5.049000,     515.864015,    1445.382953,       0.000000,     515.864015,    1445.382953,       0.000000
2973,   5.050000,     515.864015,    1445.382953,       0.000000,     515.864015,    1445.382953,       0.000007
2974,   5.051000,     515.864015,    1445.382953,       0.000000,     515.864015,    1445.382953,       0.000000
2975,   5.052000,     515.864015,    1445.382953,       0.000000,     515.864015,    1445.382953,       0.000007
2976,   5.053000,     515.864015,    1445.382953,       0.000000,     515.864015,    1445.382953,       0.000000
2977,   5.054000,     515.864015,    1445.382953,       0.000000,     515.864015,    1445.382953,       0.000000
2978,   5.055000,     515.864015,    1445.382953,       0.000000,     515.864015,    1445.382953,       0.000007
2979,   5.056000,     515.864015,    1445.382953,       0.000000,     515.864015,    1445.382953,       0.000000
2980,   5.057000,     515.864015,    1445.382953,       0.000000,     515.864015,    1445.382953,       0.000000
2981,   5.058000,     515.864015,    1445.382953,       0.000000,     515.864015,    1445.382953,       0.000007
2982,   5.068000,     515.864015,    1445.382953,       0.000000,     515.864015,    1445.382953,       0.000007
2983,   5.069000,     515.864015,    1445.382953,       0.000000,     515.864015,    1445.382953,       0.000000
2984,   5.070000,     515.864015,    1445.382953,       0.000000,     515.864015,    1445.382953,       0.000007
2985,   5.071000,     515.864015,    1445.382953,       0.000000,     515.864015,    1445.382953,       0.000000
2986,   5.072000,     515.864015,    1445.382953,       0.000000,     515.864015,    1445.382953,       0.000007
2987,   5.077000,     515.864015,    1445.382953,       0.000000,     515.864015,    1445.382953,       0.000007
2988,   5.078000,     515.864015,    1445.382953,       0.000000,     515.864015,    1445.382953,       0.000000
2989,   5.079000,     515.864015,    1445.382953,       0.000000,     515.864015,    1445.382953,       0.000000
2990,   5.080000,     515.864015,    1445.382953,       0.000000,     515.864015,    1445.382953,       0.000007
2991,   5.081000,     515.864015,    1445.382953,       0.000000,     515.864015,    1445.382953,       0.000007
2992,   5.082000,     515.864015,    1445.382953,       0.000000,     515.864015,    1445.382953,       0.000000
2993,   5.084000,     515.864015,    1445.382953,       0.000000,     515.864015,    1445.382953,       0.000000
2994,   5.085000,     515.864015,    1445.382953,       0.000000,     515.864015,    1445.382953,       0.000007
2995,   5.088000,     515.864015,    1445.382953,       0.000000,     515.864015,    1445.382953,       0.000007
2996,   5.089000,     515.864015,    1445.382953,       0.000000,     515.864015,    1445.382953,       0.000000
2997,   5.091000,     515.864015,    1445.382953,       0.000000,     515.864015,    1445.382953,       0.000000
2998,   5.092000,     515.864015,    1445.382953,       0.000000,     515.864015,    1445.382953,       0.000007
2999,   5.095000,     515.864015,    1445.382953,       0.000000,     515.864015,    1445.382953,       0.000007
3000,   5.096000,     515.864015,    1445.382953,       0.000000,     515.864015,    1445.382953,       0.000000
3001,   5.101000,     515.864015,    1445.382953,       0.000000,     515.864015,    1445.382953,       0.000000
3002,   5.102000,     515.864015,    1445.382953,       0.000000,     515.864015,    1445.382953,       0.000007
3003,   5.103000,     515.864015,    1445.382953,       0.000000,     515.864015,    1445.382953,       0.000000
3004,   5.104000,     515.864015,    1445.382953,       0.000000,     515.864015,    1445.382953,       0.000000
3005,   5.105000,     515.864015,    1445.382953,       0.000000,     515.864015,    1445.382953,       0.000007
3006,   5.107000,     515.864015,    1445.382953,       0.000000,     515.864015,    1445.382953,       0.000007
3007,   5.108000,     515.864015,    1445.382953,       0.000000,     515.864015,    1445.382953,       0.000000
3008,   5.118000,     515.864015,    1445.382953,       0.000000,     515.864015,    1445.382953,       0.000000
3009,   5.119000,     515.864015,    1445.382953,       0.000000,     515.864015,    1445.382953,       0.000007
3010,   5.120000,     515.864015,    1445.382953,       0.000000,     515.864015,    1445.382953,       0.000007
3011,   5.121000,     515.864015,    1445.382953,       0.000000,     515.864015,    1445.382953,       0.000000
3012,   5.125000,     515.864015,    1445.382953,       0.000000,     515.864015,    1445.382953,       0.000000
3013,   5.126000,     515.864015,    1445.382953,       0.000000,     515.864015,    1445.382953,       0.000007
3014,   5.132000,     515.864015,    1445.382953,       0.000000,     515.864015,    1445.382953,       0.000007
3015,   5.133000,     515.864015,    1445.382953,       0.000000,     515.864015,    1445.382953,       0.000000
3016,   5.134000,     515.864015,    1445.382953,       0.000000,     515.864015,    1445.382953,       0.000007
3017,   5.135000,     515.864015,    1445.382953,       0.000000,     515.864015,    1445.382953,       0.000000
3018,   5.137000,     515.864015,    1445.382953,       0.000000,     515.864015,    1445.382953,       0.000000
3019,   5.138000,     515.864015,    1445.382953,       0.000000,     515.864015,    1445.382953,       0.000007
3020,   5.139000,     515.864015,    1445.382953,       0.000000,     515.864015,    1445.382953,       0.000000
3021,   5.146000,     515.864015,    1445.382953,       0.000000,     515.864015,    1445.382953,       0.000000
3022,   5.147000,     515.864015,    1445.382953,       0.000000,     515.864015,    1445.382953,       0.000007
3023,   5.148000,     515.864015,    1445.382953,       0.000000,     515.864015,    1445.382953,       0.000000
3024,   5.149000,     515.864015,    1445.382953,       0.000000,     515.864015,    1445.382953,       0.000007
3025,   5.151000,     515.864015,    1445.382953,       0.000000,     515.864015,    1445.382953,       0.000007
3026,   5.152000,     515.864015,    1445.382953,       0.000000,     515.864015,    1445.382953,       0.000000
3027,   5.153000,     515.864015,    1445.382953,       0.000000,     515.864015,    1445.382953,       0.000000
3028,   5.154000,     515.864015,    1445.382953,       0.000000,     515.864015,    1445.382953,       0.000007
3029,   5.155000,     515.864015,    1445.382953,       0.000000,     515.864015,    1445.382953,       0.000007
3030,   5.156000,     515.864015,    1445.382953,       0.000000,     515.864015,    1445.382953,       0.000000
3031,   5.157000,     515.864015,    1445.382953,       0.000000,     515.864015,    1445.382953,       0.000007
3032,   5.158000,     515.864015,    1445.382953,       0.000000,     515.864015,    1445.382953,       0.000007
3033,   5.159000,     515.864015,    1445.382953,       0.000000,     515.864015,    1445.382953,       0.000000
3034,   5.165000,     515.864015,    1445.382953,       0.000000,     515.864015,    1445.382953,       0.000000
3035,   5.166000,     515.864015,    1445.382953,       0.000000,     515.864015,    1445.382953,       0.000007
3036,   5.167000,     515.864015,    1445.382953,       0.000000,     515.864015,    1445.382953,       0.000000
3037,   5.171000,     515.864015,    1445.382953,       0.000000,     515.864015,    1445.382953,       0.000000
3038,   5.172000,     515.864015,    1445.382953,       0.000000,     515.864015,    1445.382953,       0.000007
3039,   5.173000,     515.864015,    1445.382953,       0.000000,     515.864015,    1445.382953,       0.000007
3040,   5.174000,     515.864015,    1445.382953,       0.000000,     515.864015,    1445.382953,       0.000000
3041,   5.175000,     515.864015,    1445.382953,       0.000000,     515.864015,    1445.382953,       0.000007
3042,   5.176000,     515.864015,    1445.382953,       0.000000,     515.864015,    1445.382953,       0.000000
3043,   5.177000,     515.864015,    1445.382953,       0.000000,     515.864015,    1445.382953,       0.000007
3044,   5.178000,     515.864015,    1445.382953,       0.000000,     515.864015,    1445.382953,       0.000007
3045,   5.179000,     515.864015,    1445.382953,       0.000000,     515.864015,    1445.382953,       0.000000
3046,   5.180000,     515.864015,    1445.382953,       0.000000,     515.864015,    1445.382953,       0.000007
3047,   5.181000,     515.864015,    1445.382953,       0.000000,     515.864015,    1445.382953,       0.000000
3048,   5.182000,     515.864015,    1445.382953,       0.000000,     515.864015,    1445.382953,       0.000007
3049,   5.183000,     515.864015,    1445.382953,       0.000000,     515.864015,    1445.382953,       0.000000
3050,   5.184000,     515.864015,    1445.382953,       0.000000,     515.864015,    1445.382953,       0.000007
3051,   5.185000,     515.864015,    1445.382953,       0.000000,     515.864015,    1445.382953,       0.000000
3052,   5.186000,     515.864015,    1445.382953,       0.000000,     515.864015,    1445.382953,       0.000007
3053,   5.188000,     515.864015,    1445.382953,       0.000000,     515.864015,    1445.382953,       0.000007
3054,   5.189000,     515.864015,    1445.382953,       0.000000,     515.864015,    1445.382953,       0.000000
3055,   5.193000,     515.864015,    1445.382953,       0.000000,     515.864015,    1445.382953,       0.000000
3056,   5.194000,     515.864015,    1445.382953,       0.000000,     515.864015,    1445.382953,       0.000007
3057,   5.195000,     515.864015,    1445.382953,       0.000000,     515.864015,    1445.382953,       0.000000
3058,   5.196000,     515.864015,    1445.382953,       0.000000,     515.864015,    1445.382953,       0.000000
3059,   5.197000,     515.864015,    1445.382953,       0.000000,     515.864015,    1445.382953,       0.000007
3060,   5.198000,     515.864015,    1445.382953,       0.000000,     515.864015,    1445.382953,       0.000007
3061,   5.199000,     515.864015,    1445.382953,       0.000000,     515.864015,    1445.382953,       0.000000
3062,   5.206000,     515.864015,    1445.382953,       0.000000,     515.864015,    1445.382953,       0.000000
3063,   5.207000,     515.864015,    1445.382953,       0.000000,     515.864015,    1445.382953,       0.000007
3064,   5.208000,     515.864015,    1445.382953,       0.000000,     515.864015,    1445.382953,       0.000007
3065,   5.209000,     515.864015,    1445.382953,       0.000000,     515.864015,    1445.382953,       0.000000
3066,   5.210000,     515.864015,    1445.382953,       0.000000,     515.864015,    1445.382953,       0.000007
3067,   5.211000,     515.864015,    1445.382953,       0.000000,     515.864015,    1445.382953,       0.000000
3068,   5.213000,     515.864015,    1445.382953,       0.000000,     515.864015,    1445.382953,       0.000000
3069,   5.214000,     515.864015,    1445.382953,       0.000000,     515.864015,    1445.382953,       0.000007
3070,   5.216000,     515.864015,    1445.382953,       0.000000,     515.864015,    1445.382953,       0.000007
3071,   5.217000,     515.864015,    1445.382953,       0.000000,     515.864015,    1445.382953,       0.000000
3072,   5.223000,     515.864015,    1445.382953,       0.000000,     515.864015,    1445.382953,       0.000000
3073,   5.224000,     515.864015,    1445.382953,       0.000000,     515.864015,    1445.382953,       0.000007
3074,   5.225000,     515.864015,    1445.382953,       0.000000,     515.864015,    1445.382953,       0.000000
3075,   5.226000,     515.864015,    1445.382953,       0.000000,     515.864015,    1445.382953,       0.000007
3076,   5.228000,     515.864015,    1445.382953,       0.000000,     515.864015,    1445.382953,       0.000007
3077,   5.229000,     515.864015,    1445.382953,       0.000000,     515.864015,    1445.382953,       0.000000
3078,   5.231000,     515.864015,    1445.382953,       0.000000,     515.864015,    1445.382953,       0.000000
3079,   5.232000,     515.864015,    1445.382953,       0.000000,     515.864015,    1445.382953,       0.000007
3080,   5.233000,     515.864015,    1445.382953,       0.000000,     515.864015,    1445.382953,       0.000000
3081,   5.234000,     515.864015,    1445.382953,       0.000000,     515.864015,    1445.382953,       0.000000
3082,   5.235000,     515.864015,    1445.382953,       0.000000,     515.864015,    1445.382953,       0.000007
3083,   5.236000,     515.864015,    1445.382953,       0.000000,     515.864015,    1445.382953,       0.000000
3084,   5.242000,     515.864015,    1445.382953,       0.000000,     515.864015,    1445.382953,       0.000000
3085,   5.243000,     515.864015,    1445.382953,       0.000000,     515.864015,    1445.382953,       0.000007
3086,   5.244000,     515.864015,    1445.382953,       0.000000,     515.864015,    1445.382953,       0.000000
3087,   5.247000,     515.864015,    1445.382953,       0.000000,     515.864015,    1445.382953,       0.000000
3088,   5.248000,     515.864015,    1445.382953,       0.000000,     515.864015,    1445.382953,       0.000007
3089,   5.249000,     515.864015,    1445.382953,       0.000000,     515.864015,    1445.382953,       0.000000
3090,   5.250000,     515.864015,    1445.382953,       0.000000,     515.864015,    1445.382953,       0.000007
3091,   5.251000,     515.864015,    1445.382953,       0.000000,     515.864015,    1445.382953,       0.000000
3092,   5.252000,     515.864015,    1445.382953,       0.000000,     515.864015,    1445.382953,       0.000000
3093,   5.253000,     515.864015,    1445.382953,       0.000000,     515.864015,    1445.382953,       0.000007
3094,   5.254000,     515.864015,    1445.382953,       0.000000,     515.864015,    1445.382953,       0.000000
3095,   5.269000,     515.864015,    1445.382953,       0.000000,     515.864015,    1445.382953,       0.000000
3096,   5.270000,     515.864015,    1445.382953,       0.000000,     515.864015,    1445.382953,       0.000007
3097,   5.271000,     515.864015,    1445.382953,       0.000000,     515.864015,    1445.382953,       0.000000
3098,   5.272000,     515.864015,    1445.382953,       0.000000,     515.864015,    1445.382953,       0.000000
3099,   5.273000,     515.864015,    1445.382953,       0.000000,     515.864015,    1445.382953,       0.000007
3100,   5.274000,     515.864015,    1445.382953,       0.000000,     515.864015,    1445.382953,       0.000000
3101,   5.275000,     515.864015,    1445.382953,       0.000000,     515.864015,    1445.382953,       0.000007
3102,   5.276000,     515.864015,    1445.382953,       0.000000,     515.864015,    1445.382953,       0.000007
3103,   5.277000,     515.864015,    1445.382953,       0.000000,     515.864015,    1445.382953,       0.000000
3104,   5.280000,     515.864015,    1445.382953,       0.000000,     515.864015,    1445.382953,       0.000000
3105,   5.281000,     515.864015,    1445.382953,       0.000000,     515.864015,    1445.382953,       0.000007
3106,   5.282000,     515.864015,    1445.382953,       0.000000,     515.864015,    1445.382953,       0.000000
3107,   5.283000,     515.864015,    1445.382953,       0.000000,     515.864015,    1445.382953,       0.000000
3108,   5.284000,     515.864015,    1445.382953,       0.000000,     515.864015,    1445.382953,       0.000007
3109,   5.285000,     515.864015,    1445.382953,       0.000000,     515.864015,    1445.382953,       0.000000
3110,   5.286000,     515.864015,    1445.382953,       0.000000,     515.864015,    1445.382953,       0.000007
3111,   5.287000,     515.864015,    1445.382953,       0.000000,     515.864015,    1445.382953,       0.000000
3112,   5.288000,     515.864015,    1445.382953,       0.000000,     515.864015,    1445.382953,       0.000007
3113,   5.289000,     515.864015,    1445.382953,       0.000000,     515.864015,    1445.382953,       0.000000
3114,   5.290000,     515.864015,    1445.382953,       0.000000,     515.864015,    1445.382953,       0.000007
3115,   5.291000,     515.864015,    1445.382953,       0.000000,     515.864015,    1445.382953,       0.000000
3116,   5.292000,     515.864015,    1445.382953,       0.000000,     515.864015,    1445.382953,       0.000000
3117,   5.293000,     515.864015,    1445.382953,       0.000000,     515.864015,    1445.382953,       0.000007
3118,   5.294000,     515.864015,    1445.382953,       0.000000,     515.864015,    1445.382953,       0.000007
3119,   5.295000,     515.864015,    1445.382953,       0.000000,     515.864015,    1445.382953,       0.000000
3120,   5.298000,     515.864015,    1445.382953,       0.000000,     515.864015,    1445.382953,       0.000000
3121,   5.299000,     515.864015,    1445.382953,       0.000000,     515.864015,    1445.382953,       0.000007
3122,   5.300000,     515.864015,    1445.382953,       0.000000,     515.864015,    1445.382953,       0.000000
3123,   5.301000,     515.864015,    1445.382953,       0.000000,     515.864015,    1445.382953,       0.000007
3124,   5.302000,     515.864015,    1445.382953,       0.000000,     515.864015,    1445.382953,       0.000000
3125,   5.315000,     515.864015,    1445.382953,       0.000000,     515.864015,    1445.382953,       0.000000
3126,   5.316000,     515.864015,    1445.382953,       0.000000,     515.864015,    1445.382953,       0.000007
3127,   5.317000,     515.864015,    1445.382953,       0.000000,     515.864015,    1445.382953,       0.000000
3128,   5.319000,     515.864015,    1445.382953,       0.000000,     515.864015,    1445.382953,       0.000000
3129,   5.320000,     515.864015,    1445.382953,       0.000000,     515.864015,    1445.382953,       0.000007
3130,   5.321000,     515.864015,    1445.382953,       0.000000,     515.864015,    1445.382953,       0.000000
3131,   5.322000,     515.864015,    1445.382953,       0.000000,     515.864015,    1445.382953,       0.000007
3132,   5.323000,     515.864015,    1445.382953,       0.000000,     515.864015,    1445.382953,       0.000000
3133,   5.326000,     515.864015,    1445.382953,       0.000000,     515.864015,    1445.382953,       0.000000
3134,   5.327000,     515.864015,    1445.382953,       0.000000,     515.864015,    1445.382953,       0.000007
3135,   5.328000,     515.864015,    1445.382953,       0.000000,     515.864015,    1445.382953,       0.000000
3136,   5.330000,     515.864015,    1445.382953,       0.000000,     515.864015,    1445.382953,       0.000000
3137,   5.331000,     515.864015,    1445.382953,       0.000000,     515.864015,    1445.382953,       0.000007
3138,   5.332000,     515.864015,    1445.382953,       0.000000,     515.864015,    1445.382953,       0.000007
3139,   5.333000,     515.864015,    1445.382953,       0.000000,     515.864015,    1445.382953,       0.000000
3140,   5.334000,     515.864015,    1445.382953,       0.000000,     515.864015,    1445.382953,       0.000007
3141,   5.335000,     515.864015,    1445.382953,       0.000000,     515.864015,    1445.382953,       0.000000
3142,   5.336000,     515.864015,    1445.382953,       0.000000,     515.864015,    1445.382953,       0.000007
3143,   5.337000,     515.864015,    1445.382953,       0.000000,     515.864015,    1445.382953,       0.000000
3144,   5.343000,     515.864015,    1445.382953,       0.000000,     515.864015,    1445.382953,       0.000000
3145,   5.344000,     515.864015,    1445.382953,       0.000000,     515.864015,    1445.382953,       0.000007
3146,   5.345000,     515.864015,    1445.382953,       0.000000,     515.864015,    1445.382953,       0.000000
3147,   5.347000,     515.864015,    1445.382953,       0.000000,     515.864015,    1445.382953,       0.000000
3148,   5.348000,     515.864015,    1445.382953,       0.000000,     515.864015,    1445.382953,       0.000007
3149,   5.349000,     515.864015,    1445.382953,       0.000000,     515.864015,    1445.382953,       0.000000
3150,   5.350000,     515.864015,    1445.382953,       0.000000,     515.864015,    1445.382953,       0.000007
3151,   5.351000,     515.864015,    1445.382953,       0.000000,     515.864015,    1445.382953,       0.000000
3152,   5.354000,     515.864015,    1445.382953,       0.000000,     515.864015,    1445.382953,       0.000000
3153,   5.355000,     515.864015,    1445.382953,       0.000000,     515.864015,    1445.382953,       0.000007
3154,   5.356000,     515.864015,    1445.382953,       0.000000,     515.864015,    1445.382953,       0.000000
3155,   5.359000,     515.864015,    1445.382953,       0.000000,     515.864015,    1445.382953,       0.000000
3156,   5.360000,     515.864015,    1445.382953,       0.000000,     515.864015,    1445.382953,       0.000007
3157,   5.361000,     515.864015,    1445.382953,       0.000000,     515.864015,    1445.382953,       0.000000
3158,   5.363000,     515.864015,    1445.382953,       0.000000,     515.864015,    1445.382953,       0.000000
3159,   5.364000,     515.864015,    1445.382953,       0.000000,     515.864015,    1445.382953,       0.000007
3160,   5.365000,     515.864015,    1445.382953,       0.000000,     515.864015,    1445.382953,       0.000007
3161,   5.366000,     515.864015,    1445.382953,       0.000000,     515.864015,    1445.382953,       0.000000
3162,   5.367000,     515.864015,    1445.382953,       0.000000,     515.864015,    1445.382953,       0.000000
3163,   5.368000,     515.864015,    1445.382953,       0.000000,     515.864015,    1445.382953,       0.000007
3164,   5.369000,     515.864015,    1445.382953,       0.000000,     515.864015,    1445.382953,       0.000007
3165,   5.370000,     515.864015,    1445.382953,       0.000000,     515.864015,    1445.382953,       0.000000
3166,   5.375000,     515.864015,    1445.382953,       0.000000,     515.864015,    1445.382953,       0.000000
3167,   5.376000,     515.864015,    1445.382953,       0.000000,     515.864015,    1445.382953,       0.000007
3168,   5.377000,     515.864015,    1445.382953,       0.000000,     515.864015,    1445.382953,       0.000000
3169,   5.378000,     515.864015,    1445.382953,       0.000000,     515.864015,    1445.382953,       0.000007
3170,   5.379000,     515.864015,    1445.382953,       0.000000,     515.864015,    1445.382953,       0.000000
3171,   5.380000,     515.864015,    1445.382953,       0.000000,     515.864015,    1445.382953,       0.000007
3172,   5.381000,     515.864015,    1445.382953,       0.000000,     515.864015,    1445.382953,       0.000000
3173,   5.394000,     515.864015,    1445.382953,       0.000000,     515.864015,    1445.382953,       0.000000
3174,   5.395000,     515.864015,    1445.382953,       0.000000,     515.864015,    1445.382953,       0.000007
3175,   5.397000,     515.864015,    1445.382953,       0.000000,     515.864015,    1445.382953,       0.000007
3176,   5.398000,     515.864015,    1445.382953,       0.000000,     515.864015,    1445.382953,       0.000000
3177,   5.399000,     515.864015,    1445.382953,       0.000000,     515.864015,    1445.382953,       0.000000
3178,   5.400000,     515.864015,    1445.382953,       0.000000,     515.864015,    1445.382953,       0.000007
3179,   5.401000,     515.864015,    1445.382953,       0.000000,     515.864015,    1445.382953,       0.000000
3180,   5.403000,     515.864015,    1445.382953,       0.000000,     515.864015,    1445.382953,       0.000000
3181,   5.404000,     515.864015,    1445.382953,       0.000000,     515.864015,    1445.382953,       0.000007
3182,   5.405000,     515.864015,    1445.382953,       0.000000,     515.864015,    1445.382953,       0.000000
3183,   5.406000,     515.864015,    1445.382953,       0.000000,     515.864015,    1445.382953,       0.000007
3184,   5.407000,     515.864015,    1445.382953,       0.000000,     515.864015,    1445.382953,       0.000000
3185,   5.417000,     515.864015,    1445.382953,       0.000000,     515.864015,    1445.382953,       0.000000
3186,   5.418000,     515.864015,    1445.382953,       0.000000,     515.864015,    1445.382953,       0.000007
3187,   5.419000,     515.864015,    1445.382953,       0.000000,     515.864015,    1445.382953,       0.000000
3188,   5.423000,     515.864015,    1445.382953,       0.000000,     515.864015,    1445.382953,       0.000000
3189,   5.424000,     515.864015,    1445.382953,       0.000000,     515.864015,    1445.382953,       0.000007
3190,   5.425000,     515.864015,    1445.382953,       0.000000,     515.864015,    1445.382953,       0.000007
3191,   5.426000,     515.864015,    1445.382953,       0.000000,     515.864015,    1445.382953,       0.000000
3192,   5.427000,     515.864015,    1445.382953,       0.000000,     515.864015,    1445.382953,       0.000007
3193,   5.428000,     515.864015,    1445.382953,       0.000000,     515.864015,    1445.382953,       0.000000
3194,   5.429000,     515.864015,    1445.382953,       0.000000,     515.864015,    1445.382953,       0.000007
3195,   5.430000,     515.864015,    1445.382953,       0.000000,     515.864015,    1445.382953,       0.000000
3196,   5.431000,     515.864015,    1445.382953,       0.000000,     515.864015,    1445.382953,       0.000007
3197,   5.432000,     515.864015,    1445.382953,       0.000000,     515.864015,    1445.382953,       0.000000
3198,   5.433000,     515.864015,    1445.382953,       0.000000,     515.864015,    1445.382953,       0.000007
3199,   5.434000,     515.864015,    1445.382953,       0.000000,     515.864015,    1445.382953,       0.000000
3200,   5.437000,     515.864015,    1445.382953,       0.000000,     515.864015,    1445.382953,       0.000000
3201,   5.438000,     515.864015,    1445.382953,       0.000000,     515.864015,    1445.382953,       0.000007
3202,   5.439000,     515.864015,    1445.382953,       0.000000,     515.864015,    1445.382953,       0.000000
3203,   5.442000,     515.864015,    1445.382953,       0.000000,     515.864015,    1445.382953,       0.000000
3204,   5.443000,     515.864015,    1445.382953,       0.000000,     515.864015,    1445.382953,       0.000007
3205,   5.444000,     515.864015,    1445.382953,       0.000000,     515.864015,    1445.382953,       0.000000
3206,   5.445000,     515.864015,    1445.382953,       0.000000,     515.864015,    1445.382953,       0.000007
3207,   5.446000,     515.864015,    1445.382953,       0.000000,     515.864015,    1445.382953,       0.000000
3208,   5.449000,     515.864015,    1445.382953,       0.000000,     515.864015,    1445.382953,       0.000000
3209,   5.450000,     515.864015,    1445.382953,       0.000000,     515.864015,    1445.382953,       0.000007
3210,   5.451000,     515.864015,    1445.382953,       0.000000,     515.864015,    1445.382953,       0.000000
3211,   5.452000,     515.864015,    1445.382953,       0.000000,     515.864015,    1445.382953,       0.000007
3212,   5.453000,     515.864015,    1445.382953,       0.000000,     515.864015,    1445.382953,       0.000000
3213,   5.454000,     515.864015,    1445.382953,       0.000000,     515.864015,    1445.382953,       0.000007
3214,   5.456000,     515.864015,    1445.382953,       0.000000,     515.864015,    1445.382953,       0.000007
3215,   5.457000,     515.864015,    1445.382953,       0.000000,     515.864015,    1445.382953,       0.000000
3216,   5.461000,     515.864015,    1445.382953,       0.000000,     515.864015,    1445.382953,       0.000000
3217,   5.462000,     515.864015,    1445.382953,       0.000000,     515.864015,    1445.382953,       0.000007
3218,   5.463000,     515.864015,    1445.382953,       0.000000,     515.864015,    1445.382953,       0.000000
3219,   5.464000,     515.864015,    1445.382953,       0.000000,     515.864015,    1445.382953,       0.000007
3220,   5.465000,     515.864015,    1445.382953,       0.000000,     515.864015,    1445.382953,       0.000007
3221,   5.466000,     515.864015,    1445.382953,       0.000000,     515.864015,    1445.382953,       0.000000
3222,   5.467000,     515.864015,    1445.382953,       0.000000,     515.864015,    1445.382953,       0.000007
3223,   5.468000,     515.864015,    1445.382953,       0.000000,     515.864015,    1445.382953,       0.000000
3224,   5.469000,     515.864015,    1445.382953,       0.000000,     515.864015,    1445.382953,       0.000000
3225,   5.470000,     515.864015,    1445.382953,       0.000000,     515.864015,    1445.382953,       0.000007
3226,   5.471000,     515.864015,    1445.382953,       0.000000,     515.864015,    1445.382953,       0.000000
3227,   5.474000,     515.864015,    1445.382953,       0.000000,     515.864015,    1445.382953,       0.000000
3228,   5.475000,     515.864015,    1445.382953,       0.000000,     515.864015,    1445.382953,       0.000007
3229,   5.476000,     515.864015,    1445.382953,       0.000000,     515.864015,    1445.382953,       0.000007
3230,   5.477000,     515.864015,    1445.382953,       0.000000,     515.864015,    1445.382953,       0.000000
3231,   5.478000,     515.864015,    1445.382953,       0.000000,     515.864015,    1445.382953,       0.000007
3232,   5.479000,     515.864015,    1445.382953,       0.000000,     515.864015,    1445.382953,       0.000000
3233,   5.484000,     515.864015,    1445.382953,       0.000000,     515.864015,    1445.382953,       0.000000
3234,   5.485000,     515.864015,    1445.382953,       0.000000,     515.864015,    1445.382953,       0.000007
3235,   5.487000,     515.864015,    1445.382953,       0.000000,     515.864015,    1445.382953,       0.000007
3236,   5.488000,     515.864015,    1445.382953,       0.000000,     515.864015,    1445.382953,       0.000000
3237,   5.489000,     515.864015,    1445.382953,       0.000000,     515.864015,    1445.382953,       0.000000
3238,   5.490000,     515.864015,    1445.382953,       0.000000,     515.864015,    1445.382953,       0.000007
3239,   5.491000,     515.864015,    1445.382953,       0.000000,     515.864015,    1445.382953,       0.000000
3240,   5.492000,     515.864015,    1445.382953,       0.000000,     515.864015,    1445.382953,       0.000000
3241,   5.493000,     515.864015,    1445.382953,       0.000000,     515.864015,    1445.382953,       0.000007
3242,   5.494000,     515.864015,    1445.382953,       0.000000,     515.864015,    1445.382953,       0.000007
3243,   5.495000,     515.864015,    1445.382953,       0.000000,     515.864015,    1445.382953,       0.000000
3244,   5.498000,     515.864015,    1445.382953,       0.000000,     515.864015,    1445.382953,       0.000000
3245,   5.499000,     515.864015,    1445.382953,       0.000000,     515.864015,    1445.382953,       0.000007
3246,   5.500000,     515.864015,    1445.382953,       0.000000,     515.864015,    1445.382953,       0.000000
3247,   5.503000,     515.864015,    1445.382953,       0.000000,     515.864015,    1445.382953,       0.000000
3248,   5.504000,     515.864015,    1445.382953,       0.000000,     515.864015,    1445.382953,       0.000007
3249,   5.505000,     515.864015,    1445.382953,       0.000000,     515.864015,    1445.382953,       0.000000
3250,   5.512000,     515.864015,    1445.382953,       0.000000,     515.864015,    1445.382953,       0.000000
3251,   5.513000,     515.864015,    1445.382953,       0.000000,     515.864015,    1445.382953,       0.000007
3252,   5.514000,     515.864015,    1445.382953,       0.000000,     515.864015,    1445.382953,       0.000007
3253,   5.515000,     515.864015,    1445.382953,       0.000000,     515.864015,    1445.382953,       0.000000
3254,   5.516000,     515.864015,    1445.382953,       0.000000,     515.864015,    1445.382953,       0.000000
3255,   5.517000,     515.864015,    1445.382953,       0.000000,     515.864015,    1445.382953,       0.000007
3256,   5.518000,     515.864015,    1445.382953,       0.000000,     515.864015,    1445.382953,       0.000000
3257,   5.520000,     515.864015,    1445.382953,       0.000000,     515.864015,    1445.382953,       0.000000
3258,   5.521000,     515.864015,    1445.382953,       0.000000,     515.864015,    1445.382953,       0.000007
3259,   5.522000,     515.864015,    1445.382953,       0.000000,     515.864015,    1445.382953,       0.000000
3260,   5.537000,     515.864015,    1445.382953,       0.000000,     515.864015,    1445.382953,       0.000000
3261,   5.538000,     515.864015,    1445.382953,       0.000000,     515.864015,    1445.382953,       0.000007
3262,   5.539000,     515.864015,    1445.382953,       0.000000,     515.864015,    1445.382953,       0.000000
3263,   5.540000,     515.864015,    1445.382953,       0.000000,     515.864015,    1445.382953,       0.000007
3264,   5.541000,     515.864015,    1445.382953,       0.000000,     515.864015,    1445.382953,       0.000000
3265,   5.543000,     515.864015,    1445.382953,       0.000000,     515.864015,    1445.382953,       0.000000
3266,   5.544000,     515.864015,    1445.382953,       0.000000,     515.864015,    1445.382953,       0.000007
3267,   5.545000,     515.864015,    1445.382953,       0.000000,     515.864015,    1445.382953,       0.000000
3268,   5.549000,     515.864015,    1445.382953,       0.000000,     515.864015,    1445.382953,       0.000000
3269,   5.550000,     515.864015,    1445.382953,       0.000000,     515.864015,    1445.382953,       0.000007
3270,   5.551000,     515.864015,    1445.382953,       0.000000,     515.864015,    1445.382953,       0.000000
3271,   5.552000,     515.864015,    1445.382953,       0.000000,     515.864015,    1445.382953,       0.000000
3272,   5.553000,     515.864015,    1445.382953,       0.000000,     515.864015,    1445.382953,       0.000007
3273,   5.554000,     515.864015,    1445.382953,       0.000000,     515.864015,    1445.382953,       0.000007
3274,   5.555000,     515.864015,    1445.382953,       0.000000,     515.864015,    1445.382953,       0.000000
3275,   5.556000,     515.864015,    1445.382953,       0.000000,     515.864015,    1445.382953,       0.000007
3276,   5.557000,     515.864015,    1445.382953,       0.000000,     515.864015,    1445.382953,       0.000000
3277,   5.558000,     515.864015,    1445.382953,       0.000000,     515.864015,    1445.382953,       0.000000
3278,   5.559000,     515.864015,    1445.382953,       0.000000,     515.864015,    1445.382953,       0.000007
3279,   5.561000,     515.864015,    1445.382953,       0.000000,     515.864015,    1445.382953,       0.000007
3280,   5.562000,     515.864015,    1445.382953,       0.000000,     515.864015,    1445.382953,       0.000000
3281,   5.565000,     515.864015,    1445.382953,       0.000000,     515.864015,    1445.382953,       0.000000
3282,   5.566000,     515.864015,    1445.382953,       0.000000,     515.864015,    1445.382953,       0.000007
3283,   5.567000,     515.864015,    1445.382953,       0.000000,     515.864015,    1445.382953,       0.000000
3284,   5.569000,     515.864015,    1445.382953,       0.000000,     515.864015,    1445.382953,       0.000000
3285,   5.570000,     515.864015,    1445.382953,       0.000000,     515.864015,    1445.382953,       0.000007
3286,   5.571000,     515.864015,    1445.382953,       0.000000,     515.864015,    1445.382953,       0.000000
3287,   5.572000,     515.864015,    1445.382953,       0.000000,     515.864015,    1445.382953,       0.000000
3288,   5.573000,     515.864015,    1445.382953,       0.000000,     515.864015,    1445.382953,       0.000007
3289,   5.574000,     515.864015,    1445.382953,       0.000000,     515.864015,    1445.382953,       0.000000
3290,   5.575000,     515.864015,    1445.382953,       0.000000,     515.864015,    1445.382953,       0.000000
3291,   5.576000,     515.864015,    1445.382953,       0.000000,     515.864015,    1445.382953,       0.000007
3292,   5.578000,     515.864015,    1445.382953,       0.000000,     515.864015,    1445.382953,       0.000007
3293,   5.579000,     515.864015,    1445.382953,       0.000000,     515.864015,    1445.382953,       0.000000
3294,   5.581000,     515.864015,    1445.382953,       0.000000,     515.864015,    1445.382953,       0.000000
3295,   5.582000,     515.864015,    1445.382953,       0.000000,     515.864015,    1445.382953,       0.000007
3296,   5.583000,     515.864015,    1445.382953,       0.000000,     515.864015,    1445.382953,       0.000000
3297,   5.584000,     515.864015,    1445.382953,       0.000000,     515.864015,    1445.382953,       0.000000
3298,   5.585000,     515.864015,    1445.382953,       0.000000,     515.864015,    1445.382953,       0.000007
3299,   5.586000,     515.864015,    1445.382953,       0.000000,     515.864015,    1445.382953,       0.000007
3300,   5.587000,     515.864015,    1445.382953,       0.000000,     515.864015,    1445.382953,       0.000000
3301,   5.592000,     515.864015,    1445.382953,       0.000000,     515.864015,    1445.382953,       0.000000
3302,   5.593000,     515.864015,    1445.382953,       0.000000,     515.864015,    1445.382953,       0.000007
3303,   5.596000,     515.864015,    1445.382953,       0.000000,     515.864015,    1445.382953,       0.000007
3304,   5.597000,     515.864015,    1445.382953,       0.000000,     515.864015,    1445.382953,       0.000000
3305,   5.598000,     515.864015,    1445.382953,       0.000000,     515.864015,    1445.382953,       0.000000
3306,   5.599000,     515.864015,    1445.382953,       0.000000,     515.864015,    1445.382953,       0.000007
3307,   5.600000,     515.864015,    1445.382953,       0.000000,     515.864015,    1445.382953,       0.000000
3308,   5.603000,     515.864015,    1445.382953,       0.000000,     515.864015,    1445.382953,       0.000000
3309,   5.604000,     515.864015,    1445.382953,       0.000000,     515.864015,    1445.382953,       0.000007
3310,   5.605000,     515.864015,    1445.382953,       0.000000,     515.864015,    1445.382953,       0.000000
3311,   5.607000,     515.864015,    1445.382953,       0.000000,     515.864015,    1445.382953,       0.000000
3312,   5.608000,     515.864015,    1445.382953,       0.000000,     515.864015,    1445.382953,       0.000007
3313,   5.609000,     515.864015,    1445.382953,       0.000000,     515.864015,    1445.382953,       0.000000
3314,   5.612000,     515.864015,    1445.382953,       0.000000,     515.864015,    1445.382953,       0.000000
3315,   5.613000,     515.864015,    1445.382953,       0.000000,     515.864015,    1445.382953,       0.000007
3316,   5.614000,     515.864015,    1445.382953,       0.000000,     515.864015,    1445.382953,       0.000007
3317,   5.615000,     515.864015,    1445.382953,       0.000000,     515.864015,    1445.382953,       0.000000
3318,   5.616000,     515.864015,    1445.382953,       0.000000,     515.864015,    1445.382953,       0.000007
3319,   5.617000,     515.864015,    1445.382953,       0.000000,     515.864015,    1445.382953,       0.000000
3320,   5.618000,     515.864015,    1445.382953,       0.000000,     515.864015,    1445.382953,       0.000007
3321,   5.619000,     515.864015,    1445.382953,       0.000000,     515.864015,    1445.382953,       0.000000
3322,   5.623000,     515.864015,    1445.382953,       0.000000,     515.864015,    1445.382953,       0.000000
3323,   5.624000,     515.864015,    1445.382953,       0.000000,     515.864015,    1445.382953,       0.000007
3324,   5.625000,     515.864015,    1445.382953,       0.000000,     515.864015,    1445.382953,       0.000000
3325,   5.626000,     515.864015,    1445.382953,       0.000000,     515.864015,    1445.382953,       0.000000
3326,   5.627000,     515.864015,    1445.382953,       0.000000,     515.864015,    1445.382953,       0.000007
3327,   5.628000,     515.864015,    1445.382953,       0.000000,     515.864015,    1445.382953,       0.000000
3328,   5.633000,     515.864015,    1445.382953,       0.000000,     515.864015,    1445.382953,       0.000000
3329,   5.634000,     515.864015,    1445.382953,       0.000000,     515.864015,    1445.382953,       0.000007
3330,   5.635000,     515.864015,    1445.382953,       0.000000,     515.864015,    1445.382953,       0.000000
3331,   5.637000,     515.864015,    1445.382953,       0.000000,     515.864015,    1445.382953,       0.000000
3332,   5.638000,     515.864015,    1445.382953,       0.000000,     515.864015,    1445.382953,       0.000007
3333,   5.640000,     515.864015,    1445.382953,       0.000000,     515.864015,    1445.382953,       0.000007
3334,   5.641000,     515.864015,    1445.382953,       0.000000,     515.864015,    1445.382953,       0.000000
3335,   5.643000,     515.864015,    1445.382953,       0.000000,     515.864015,    1445.382953,       0.000000
3336,   5.644000,     515.864015,    1445.382953,       0.000000,     515.864015,    1445.382953,       0.000007
3337,   5.645000,     515.864015,    1445.382953,       0.000000,     515.864015,    1445.382953,       0.000000
3338,   5.647000,     515.864015,    1445.382953,       0.000000,     515.864015,    1445.382953,       0.000000
3339,   5.648000,     515.864015,    1445.382953,       0.000000,     515.864015,    1445.382953,       0.000007
3340,   5.651000,     515.864015,    1445.382953,       0.000000,     515.864015,    1445.382953,       0.000007
3341,   5.652000,     515.864015,    1445.382953,       0.000000,     515.864015,    1445.382953,       0.000000
3342,   5.654000,     515.864015,    1445.382953,       0.000000,     515.864015,    1445.382953,       0.000000
3343,   5.655000,     515.864015,    1445.382953,       0.000000,     515.864015,    1445.382953,       0.000007
3344,   5.657000,     515.864015,    1445.382953,       0.000000,     515.864015,    1445.382953,       0.000007
3345,   5.658000,     515.864015,    1445.382953,       0.000000,     515.864015,    1445.382953,       0.000000
3346,   5.660000,     515.864015,    1445.382953,       0.000000,     515.864015,    1445.382953,       0.000000
3347,   5.661000,     515.864015,    1445.382953,       0.000000,     515.864015,    1445.382953,       0.000007
3348,   5.662000,     515.864015,    1445.382953,       0.000000,     515.864015,    1445.382953,       0.000007
3349,   5.663000,     515.864015,    1445.382953,       0.000000,     515.864015,    1445.382953,       0.000000
3350,   5.665000,     515.864015,    1445.382953,       0.000000,     515.864015,    1445.382953,       0.000000
3351,   5.666000,     515.864015,    1445.382953,       0.000000,     515.864015,    1445.382953,       0.000007
3352,   5.667000,     515.864015,    1445.382953,       0.000000,     515.864015,    1445.382953,       0.000007
3353,   5.668000,     515.864015,    1445.382953,       0.000000,     515.864015,    1445.382953,       0.000000
3354,   5.669000,     515.864015,    1445.382953,       0.000000,     515.864015,    1445.382953,       0.000000
3355,   5.670000,     515.864015,    1445.382953,       0.000000,     515.864015,    1445.382953,       0.000007
3356,   5.671000,     515.864015,    1445.382953,       0.000000,     515.864015,    1445.382953,       0.000007
3357,   5.672000,     515.864015,    1445.382953,       0.000000,     515.864015,    1445.382953,       0.000000
3358,   5.673000,     515.864015,    1445.382953,       0.000000,     515.864015,    1445.382953,       0.000000
3359,   5.674000,     515.864015,    1445.382953,       0.000000,     515.864015,    1445.382953,       0.000007
3360,   5.675000,     515.864015,    1445.382953,       0.000000,     515.864015,    1445.382953,       0.000007
3361,   5.676000,     515.864015,    1445.382953,       0.000000,     515.864015,    1445.382953,       0.000000
3362,   5.681000,     515.864015,    1445.382953,       0.000000,     515.864015,    1445.382953,       0.000000
3363,   5.682000,     515.864015,    1445.382953,       0.000000,     515.864015,    1445.382953,       0.000007
3364,   5.683000,     515.864015,    1445.382953,       0.000000,     515.864015,    1445.382953,       0.000000
3365,   5.684000,     515.864015,    1445.382953,       0.000000,     515.864015,    1445.382953,       0.000007
3366,   5.685000,     515.864015,    1445.382953,       0.000000,     515.864015,    1445.382953,       0.000000
3367,   5.686000,     515.864015,    1445.382953,       0.000000,     515.864015,    1445.382953,       0.000000
3368,   5.687000,     515.864015,    1445.382953,       0.000000,     515.864015,    1445.382953,       0.000007
3369,   5.688000,     515.864015,    1445.382953,       0.000000,     515.864015,    1445.382953,       0.000007
3370,   5.689000,     515.864015,    1445.382953,       0.000000,     515.864015,    1445.382953,       0.000000
3371,   5.692000,     515.864015,    1445.382953,       0.000000,     515.864015,    1445.382953,       0.000000
3372,   5.693000,     515.864015,    1445.382953,       0.000000,     515.864015,    1445.382953,       0.000007
3373,   5.694000,     515.864015,    1445.382953,       0.000000,     515.864015,    1445.382953,       0.000000
3374,   5.699000,     515.864015,    1445.382953,       0.000000,     515.864015,    1445.382953,       0.000000
3375,   5.700000,     515.864015,    1445.382953,       0.000000,     515.864015,    1445.382953,       0.000007
3376,   5.701000,     515.864015,    1445.382953,       0.000000,     515.864015,    1445.382953,       0.000000
3377,   5.702000,     515.864015,    1445.382953,       0.000000,     515.864015,    1445.382953,       0.000000
3378,   5.703000,     515.864015,    1445.382953,       0.000000,     515.864015,    1445.382953,       0.000007
3379,   5.704000,     515.864015,    1445.382953,       0.000000,     515.864015,    1445.382953,       0.000007
3380,   5.705000,     515.864015,    1445.382953,       0.000000,     515.864015,    1445.382953,       0.000000
3381,   5.706000,     515.864015,    1445.382953,       0.000000,     515.864015,    1445.382953,       0.000007
3382,   5.710000,     515.864015,    1445.382953,       0.000000,     515.864015,    1445.382953,       0.000007
3383,   5.711000,     515.864015,    1445.382953,       0.000000,     515.864015,    1445.382953,       0.000000
3384,   5.713000,     515.864015,    1445.382953,       0.000000,     515.864015,    1445.382953,       0.000000
3385,   5.714000,     515.864015,    1445.382953,       0.000000,     515.864015,    1445.382953,       0.000007
3386,   5.715000,     515.864015,    1445.382953,       0.000000,     515.864015,    1445.382953,       0.000007
3387,   5.716000,     515.864015,    1445.382953,       0.000000,     515.864015,    1445.382953,       0.000007
3388,   5.717000,     515.864015,    1445.382953,       0.000003,     515.864015,    1445.382953,       0.000007
3389,   5.718000,     515.864015,    1445.382953,       0.000010,     515.864015,    1445.382953,       0.000000
3390,   5.719000,     515.864015,    1445.382953,       0.000024,     515.864015,    1445.382953,       0.000007
3391,   5.720000,     515.864015,    1445.382833,       0.000048,     515.864015,    1445.382953,       0.000007
3392,   5.721000,     515.864074,    1445.382714,       0.000083,     515.864015,    1445.382953,       0.000000
3393,   5.722000,     515.864074,    1445.382595,       0.000131,     515.864015,    1445.382953,       0.000000
3394,   5.723000,     515.864134,    1445.382357,       0.000196,     515.864015,    1445.382953,       0.000007
3395,   5.724000,     515.864134,    1445.381999,       0.000278,     515.864015,    1445.382953,       0.000007
3396,   5.725000,     515.864253,    1445.381641,       0.000382,     515.864015,    1445.382953,       0.000001
3397,   5.726000,     515.864313,    1445.381165,       0.000508,     515.864015,    1445.382953,       0.000001
3398,   5.727000,     515.864372,    1445.380688,       0.000660,     515.864015,    1445.382953,       0.000001
3399,   5.728000,     515.864491,    1445.380092,       0.000839,     515.864015,    1445.382953,       0.000009
3400,   5.729000,     515.864611,    1445.379257,       0.001048,     515.864015,    1445.382953,       0.000010
3401,   5.730000,     515.864730,    1445.378423,       0.001289,     515.864015,    1445.382953,       0.000005
3402,   5.731000,     515.864909,    1445.377469,       0.001565,     515.864015,    1445.382953,       0.000008
3403,   5.732000,     515.865088,    1445.376396,       0.001877,     515.864015,    1445.382953,       0.000005
3404,   5.733000,     515.865326,    1445.375204,       0.002228,     515.864015,    1445.382953,       0.000002
3405,   5.734000,     515.865564,    1445.373774,       0.002620,     515.863955,    1445.382953,       0.000001
3406,   5.735000,     515.865803,    1445.372224,       0.003056,     515.863955,    1445.382953,       0.000009
3407,   5.736000,     515.866101,    1445.370555,       0.003537,     515.864015,    1445.382953,       0.000012
3408,   5.737000,     515.866399,    1445.368648,       0.004067,     515.864015,    1445.382953,       0.000011
3409,   5.738000,     515.866756,    1445.366621,       0.004647,     515.864015,    1445.382953,       0.000006
3410,   5.739000,     515.867114,    1445.364356,       0.005280,     515.863955,    1445.382953,       0.000011
3411,   5.740000,     515.867531,    1445.361972,       0.005968,     515.864015,    1445.382953,       0.000008
3412,   5.741000,     515.867949,    1445.359349,       0.006714,     515.864015,    1445.382953,       0.000009
3413,   5.742000,     515.868425,    1445.356488,       0.007518,     515.864015,    1445.382953,       0.000009
3414,   5.743000,     515.868902,    1445.353508,       0.008385,     515.863955,    1445.382953,       0.000017
3415,   5.744000,     515.869498,    1445.350170,       0.009316,     515.864015,    1445.382953,       0.000018
3416,   5.745000,     515.870035,    1445.346713,       0.010313,     515.864015,    1445.382953,       0.000021
3417,   5.746000,     515.870690,    1445.342898,       0.011379,     515.864074,    1445.382833,       0.000028
3418,   5.747000,     515.871346,    1445.338964,       0.012516,     515.864015,    1445.382833,       0.000039
3419,   5.748000,     515.872061,    1445.334673,       0.013727,     515.864015,    1445.382833,       0.000042
3420,   5.749000,     515.872836,    1445.330143,       0.015013,     515.864015,    1445.382833,       0.000059
3421,   5.750000,     515.873611,    1445.325255,       0.016377,     515.864074,    1445.382714,       0.000071
3422,   5.751000,     515.874445,    1445.320249,       0.017821,     515.864074,    1445.382595,       0.000086
3423,   5.752000,     515.875399,    1445.314884,       0.019348,     515.864074,    1445.382476,       0.000114
3424,   5.753000,     515.876293,    1445.309162,       0.020960,     515.864134,    1445.382357,       0.000141
3425,   5.754000,     515.877306,    1445.303202,       0.022658,     515.864134,    1445.382237,       0.000184
3426,   5.755000,     515.878379,    1445.296884,       0.024446,     515.864193,    1445.381999,       0.000230
3427,   5.756000,     515.879452,    1445.290208,       0.026326,     515.864193,    1445.381761,       0.000289
3428,   5.757000,     515.880644,    1445.283294,       0.028300,     515.864253,    1445.381403,       0.000362
3429,   5.758000,     515.881836,    1445.276022,       0.030369,     515.864313,    1445.381165,       0.000431
3430,   5.759000,     515.883148,    1445.268393,       0.032538,     515.864372,    1445.380688,       0.000525
3431,   5.760000,     515.884459,    1445.260406,       0.034807,     515.864491,    1445.380330,       0.000633
3432,   5.761000,     515.885890,    1445.252061,       0.037180,     515.864551,    1445.379734,       0.000750
3433,   5.762000,     515.887320,    1445.243239,       0.039657,     515.864611,    1445.379257,       0.000892
3434,   5.763000,     515.888870,    1445.234179,       0.042243,     515.864730,    1445.378542,       0.001054
3435,   5.764000,     515.890419,    1445.224643,       0.044939,     515.864849,    1445.377707,       0.001238
3436,   5.765000,     515.892088,    1445.214748,       0.047746,     515.864968,    1445.376873,       0.001440
3437,   5.766000,     515.893817,    1445.204496,       0.050669,     515.865088,    1445.375919,       0.001670
3438,   5.767000,     515.895605,    1445.193768,       0.053708,     515.865326,    1445.374846,       0.001935
3439,   5.768000,     515.897512,    1445.182681,       0.056867,     515.865505,    1445.373654,       0.002224
3440,   5.769000,     515.899420,    1445.171118,       0.060147,     515.865743,    1445.372343,       0.002575
3441,   5.770000,     515.901446,    1445.159078,       0.063551,     515.866041,    1445.370913,       0.002981
3442,   5.771000,     515.903533,    1445.146680,       0.067080,     515.866280,    1445.369363,       0.003453
3443,   5.772000,     515.905678,    1445.133805,       0.070739,     515.866637,    1445.367575,       0.003978
3444,   5.773000,     515.907943,    1445.120454,       0.074527,     515.866995,    1445.365667,       0.004567
3445,   5.774000,     515.910268,    1445.106626,       0.078449,     515.867352,    1445.363522,       0.005194
3446,   5.775000,     515.912652,    1445.092320,       0.082506,     515.867651,    1445.361257,       0.005862
3447,   5.776000,     515.915155,    1445.077538,       0.086700,     515.868127,    1445.358872,       0.006573
3448,   5.777000,     515.917718,    1445.062280,       0.091035,     515.868545,    1445.356250,       0.007174
3449,   5.778000,     515.920341,    1445.046544,       0.095511,     515.868962,    1445.353389,       0.007850
3450,   5.779000,     515.923083,    1445.030212,       0.100132,     515.869439,    1445.350289,       0.008400
3451,   5.780000,     515.925944,    1445.013404,       0.104899,     515.869915,    1445.347071,       0.009016
3452,   5.781000,     515.928864,    1444.996119,       0.109815,     515.870452,    1445.343614,       0.009808
3453,   5.782000,     515.931845,    1444.978237,       0.114883,     515.870988,    1445.339799,       0.010717
3454,   5.783000,     515.934944,    1444.959879,       0.120104,     515.871644,    1445.335746,       0.011799
3455,   5.784000,     515.938163,    1444.940925,       0.125481,     515.872359,    1445.331335,       0.013010
3456,   5.785000,     515.941441,    1444.921494,       0.131016,     515.873134,    1445.326924,       0.014346
3457,   5.786000,     515.944839,    1444.901347,       0.136712,     515.873790,    1445.322037,       0.015807
3458,   5.787000,     515.948355,    1444.880724,       0.142570,     515.874505,    1445.317030,       0.017357
3459,   5.788000,     515.951931,    1444.859505,       0.148594,     515.875161,    1445.311666,       0.019005
3460,   5.789000,     515.955627,    1444.837689,       0.154784,     515.875876,    1445.306182,       0.020725
3461,   5.790000,     515.959442,    1444.815278,       0.161144,     515.876770,    1445.300221,       0.022521
3462,   5.791000,     515.963316,    1444.792271,       0.167676,     515.877724,    1445.294142,       0.024380
3463,   5.792000,     515.967309,    1444.768667,       0.174383,     515.878737,    1445.287704,       0.026292
3464,   5.793000,     515.971422,    1444.744468,       0.181266,     515.879691,    1445.281029,       0.028279
3465,   5.794000,     515.975654,    1444.719553,       0.188327,     515.880704,    1445.273995,       0.030337
3466,   5.795000,     515.980005,    1444.694042,       0.195570,     515.881777,    1445.266724,       0.032454
3467,   5.796000,     515.984476,    1444.667816,       0.202996,     515.882969,    1445.259213,       0.034647
3468,   5.797000,     515.989006,    1444.640994,       0.210607,     515.884221,    1445.251226,       0.036938
3469,   5.798000,     515.993714,    1444.613576,       0.218407,     515.885472,    1445.243001,       0.039315
3470,   5.799000,     515.998483,    1444.585443,       0.226396,     515.886784,    1445.234418,       0.041788
3471,   5.800000,     516.003430,    1444.556594,       0.234578,     515.888214,    1445.225477,       0.044366
3472,   5.801000,     516.008437,    1444.527030,       0.242955,     515.889645,    1445.216060,       0.047044
3473,   5.802000,     516.013622,    1444.496870,       0.251530,     515.891135,    1445.206285,       0.049832
3474,   5.803000,     516.018927,    1444.465995,       0.260303,     515.892684,    1445.196152,       0.052724
3475,   5.804000,     516.024351,    1444.434404,       0.269278,     515.894353,    1445.185542,       0.055736
3476,   5.805000,     516.029894,    1444.401979,       0.278458,     515.896142,    1445.174456,       0.058845
3477,   5.806000,     516.035557,    1444.368958,       0.287843,     515.898049,    1445.162892,       0.062079
3478,   5.807000,     516.041338,    1444.335103,       0.297437,     515.900075,    1445.150971,       0.065420
3479,   5.808000,     516.047299,    1444.300652,       0.307242,     515.902162,    1445.138574,       0.068905
3480,   5.809000,     516.053379,    1444.265366,       0.317260,     515.904486,    1445.125699,       0.072494
3481,   5.810000,     516.059577,    1444.229245,       0.327493,     515.906870,    1445.112467,       0.076212
3482,   5.811000,     516.065955,    1444.192410,       0.337944,     515.909374,    1445.098758,       0.080086
3483,   5.812000,     516.072452,    1444.154859,       0.348615,     515.911937,    1445.084572,       0.084085
3484,   5.813000,     516.079068,    1444.116473,       0.359509,     515.914559,    1445.069909,       0.088219
3485,   5.814000,     516.085863,    1444.077253,       0.370627,     515.917242,    1445.055008,       0.092511
3486,   5.815000,     516.092777,    1444.037318,       0.381972,     515.919983,    1445.039392,       0.096934
3487,   5.816000,     516.099811,    1443.996549,       0.393546,     515.922725,    1445.023417,       0.101505
3488,   5.817000,     516.107023,    1443.954945,       0.405352,     515.925646,    1445.006967,       0.106227
3489,   5.818000,     516.114414,    1443.912506,       0.417391,     515.928626,    1444.990039,       0.111095
3490,   5.819000,     516.121924,    1443.869352,       0.429666,     515.931666,    1444.972515,       0.116118
3491,   5.820000,     516.129613,    1443.825245,       0.442180,     515.934765,    1444.954515,       0.121292
3492,   5.821000,     516.137481,    1443.780303,       0.454935,     515.937984,    1444.935918,       0.126604
3493,   5.822000,     516.145468,    1443.734527,       0.467932,     515.941381,    1444.916844,       0.132079
3494,   5.823000,     516.153634,    1443.687916,       0.481175,     515.944779,    1444.897175,       0.137718
3495,   5.824000,     516.161978,    1443.640351,       0.494665,     515.948296,    1444.876909,       0.143496
3496,   5.825000,     516.170442,    1443.591952,       0.508405,     515.951872,    1444.856048,       0.149436
3497,   5.826000,     516.179085,    1443.542600,       0.522397,     515.955508,    1444.834590,       0.155534
3498,   5.827000,     516.187966,    1443.492413,       0.536643,     515.959203,    1444.812536,       0.161785
3499,   5.828000,     516.196966,    1443.441391,       0.551146,     515.963078,    1444.789886,       0.168205
3500,   5.829000,     516.206086,    1443.389416,       0.565908,     515.967011,    1444.766641,       0.174790
3501,   5.830000,     516.215444,    1443.336487,       0.580931,     515.971005,    1444.742799,       0.181521
3502,   5.831000,     516.224980,    1443.282604,       0.596218,     515.975118,    1444.718242,       0.188427
3503,   5.832000,     516.234696,    1443.227768,       0.611771,     515.979350,    1444.693208,       0.195498
3504,   5.833000,     516.244590,    1443.172097,       0.627592,     515.983701,    1444.667459,       0.202737
3505,   5.834000,     516.254663,    1443.115354,       0.643683,     515.988111,    1444.641113,       0.210171
3506,   5.835000,     516.264915,    1443.057775,       0.660047,     515.992701,    1444.614172,       0.217783
3507,   5.836000,     516.275406,    1442.999125,       0.676686,     515.997350,    1444.586396,       0.225583
3508,   5.837000,     516.286016,    1442.939520,       0.693603,     516.002238,    1444.558144,       0.233605
3509,   5.838000,     516.296864,    1442.878962,       0.710799,     516.007185,    1444.529176,       0.241786
3510,   5.839000,     516.307890,    1442.817330,       0.728277,     516.012311,    1444.499493,       0.250195
3511,   5.840000,     516.319156,    1442.754865,       0.746039,     516.017497,    1444.469094,       0.258827
3512,   5.841000,     516.330600,    1442.691207,       0.764087,     516.022861,    1444.437981,       0.267671
3513,   5.842000,     516.342223,    1442.626595,       0.782425,     516.028404,    1444.406271,       0.276730
3514,   5.843000,     516.354084,    1442.561030,       0.801053,     516.033947,    1444.373846,       0.285985
3515,   5.844000,     516.366124,    1442.494392,       0.819975,     516.039789,    1444.340587,       0.295432
3516,   5.845000,     516.378403,    1442.426682,       0.839192,     516.045630,    1444.306612,       0.305107
3517,   5.846000,     516.390860,    1442.357898,       0.858707,     516.051650,    1444.271922,       0.314992
3518,   5.847000,     516.403556,    1442.288160,       0.878523,     516.057789,    1444.236517,       0.325063
3519,   5.848000,     516.416430,    1442.217231,       0.898641,     516.063988,    1444.200397,       0.335349
3520,   5.849000,     516.429603,    1442.145348,       0.919064,     516.070366,    1444.163442,       0.345865
3521,   5.850000,     516.442955,    1442.072272,       0.939794,     516.076922,    1444.125652,       0.356620
3522,   5.851000,     516.456544,    1441.998124,       0.960833,     516.083598,    1444.087148,       0.367570
3523,   5.852000,     516.470313,    1441.923022,       0.982185,     516.090393,    1444.047809,       0.378765
3524,   5.853000,     516.484380,    1441.846609,       1.003850,     516.097307,    1444.007754,       0.390178
3525,   5.854000,     516.498685,    1441.769242,       1.025831,     516.104460,    1443.966866,       0.401814
3526,   5.855000,     516.513169,    1441.690683,       1.048131,     516.111732,    1443.925142,       0.413660
3527,   5.856000,     516.527951,    1441.611052,       1.070752,     516.119123,    1443.882585,       0.425739
3528,   5.857000,     516.542912,    1441.530228,       1.093695,     516.126692,    1443.839192,       0.438019
3529,   5.858000,     516.558170,    1441.448212,       1.116965,     516.134381,    1443.794966,       0.450551
3530,   5.859000,     516.573668,    1441.365123,       1.140562,     516.142249,    1443.749905,       0.463296
3531,   5.860000,     516.589403,    1441.280842,       1.164489,     516.150236,    1443.703890,       0.476276
3532,   5.861000,     516.605437,    1441.195369,       1.188748,     516.158462,    1443.657160,       0.489508
3533,   5.862000,     516.621649,    1441.108704,       1.213342,     516.166747,    1443.609476,       0.502993
3534,   5.863000,     516.638160,    1441.020966,       1.238273,     516.175210,    1443.560958,       0.516727
3535,   5.864000,     516.654968,    1440.931916,       1.263543,     516.183913,    1443.511486,       0.530713
3536,   5.865000,     516.672015,    1440.841675,       1.289155,     516.192675,    1443.461180,       0.544952
3537,   5.866000,     516.689301,    1440.750360,       1.315110,     516.201735,    1443.410039,       0.559461
3538,   5.867000,     516.706944,    1440.657735,       1.341412,     516.210854,    1443.357944,       0.574241
3539,   5.868000,     516.724765,    1440.563798,       1.368062,     516.220212,    1443.304896,       0.589309
3540,   5.869000,     516.742945,    1440.468669,       1.395062,     516.229808,    1443.251014,       0.604707
3541,   5.870000,     516.761363,    1440.372348,       1.422415,     516.239524,    1443.196177,       0.620350
3542,   5.871000,     516.780078,    1440.274835,       1.450124,     516.249478,    1443.140507,       0.636267
3543,   5.872000,     516.799092,    1440.176010,       1.478190,     516.259611,    1443.083763,       0.652400
3544,   5.873000,     516.818404,    1440.075874,       1.506616,     516.269922,    1443.026066,       0.668799
3545,   5.874000,     516.837955,    1439.974427,       1.535404,     516.280472,    1442.967534,       0.685471
3546,   5.875000,     516.857862,    1439.871788,       1.564557,     516.291142,    1442.907929,       0.702427
3547,   5.876000,     516.878068,    1439.767838,       1.594076,     516.302049,    1442.847252,       0.719642
3548,   5.877000,     516.898572,    1439.662576,       1.623964,     516.313195,    1442.785859,       0.737138
3549,   5.878000,     516.919374,    1439.556003,       1.654223,     516.324520,    1442.723274,       0.754904
3550,   5.879000,     516.940534,    1439.448118,       1.684857,     516.336024,    1442.659616,       0.772942
3551,   5.880000,     516.961992,    1439.338923,       1.715865,     516.347706,    1442.595005,       0.791295
3552,   5.881000,     516.983747,    1439.228415,       1.747252,     516.359627,    1442.529440,       0.809911
3553,   5.882000,     517.005861,    1439.116597,       1.779020,     516.371727,    1442.462802,       0.828841
3554,   5.883000,     517.028272,    1439.003348,       1.811170,     516.384006,    1442.395091,       0.848085
3555,   5.884000,     517.051041,    1438.888788,       1.843705,     516.396523,    1442.326307,       0.867593
3556,   5.885000,     517.074108,    1438.772917,       1.876628,     516.409278,    1442.256451,       0.887394
3557,   5.886000,     517.097533,    1438.655615,       1.909940,     516.422212,    1442.185521,       0.907490
3558,   5.887000,     517.121315,    1438.536882,       1.943644,     516.435385,    1442.113638,       0.927917
3559,   5.888000,     517.145455,    1438.416839,       1.977742,     516.448736,    1442.040563,       0.948623
3560,   5.889000,     517.169952,    1438.295364,       2.012237,     516.462386,    1441.966414,       0.969659
3561,   5.890000,     517.194808,    1438.172579,       2.047130,     516.476154,    1441.891313,       0.991025
3562,   5.891000,     517.219961,    1438.048244,       2.082425,     516.490221,    1441.814899,       1.012678
3563,   5.892000,     517.245531,    1437.922597,       2.118123,     516.504526,    1441.737533,       1.034639
3564,   5.893000,     517.271519,    1437.795520,       2.154227,     516.519070,    1441.658974,       1.056919
3565,   5.894000,     517.297804,    1437.667012,       2.190738,     516.533792,    1441.579223,       1.079519
3566,   5.895000,     517.324507,    1437.536955,       2.227660,     516.548872,    1441.498399,       1.102447
3567,   5.896000,     517.351568,    1437.405586,       2.264994,     516.564131,    1441.416383,       1.125714
3568,   5.897000,     517.379045,    1437.272668,       2.302743,     516.579688,    1441.333294,       1.149302
3569,   5.898000,     517.406881,    1437.138319,       2.340910,     516.595483,    1441.249013,       1.173198
3570,   5.899000,     517.435133,    1437.002540,       2.379495,     516.611516,    1441.163659,       1.197399
3571,   5.900000,     517.463803,    1436.865211,       2.418503,     516.627848,    1441.076994,       1.221974
3572,   5.901000,     517.492890,    1436.726451,       2.457934,     516.644418,    1440.989256,       1.246845
3573,   5.902000,     517.522335,    1436.586142,       2.497792,     516.661286,    1440.900326,       1.272115
3574,   5.903000,     517.552257,    1436.444283,       2.538078,     516.678393,    1440.810323,       1.297713
3575,   5.904000,     517.582536,    1436.300993,       2.578795,     516.695797,    1440.719008,       1.323620
3576,   5.905000,     517.613292,    1436.156154,       2.619945,     516.713440,    1440.626502,       1.349906
3577,   5.906000,     517.644465,    1436.009884,       2.661531,     516.731381,    1440.532923,       1.376533
3578,   5.907000,     517.676055,    1435.861945,       2.703554,     516.749561,    1440.437913,       1.403529
3579,   5.908000,     517.708063,    1435.712457,       2.746018,     516.768038,    1440.341711,       1.430906
3580,   5.909000,     517.740607,    1435.561538,       2.788923,     516.786814,    1440.244079,       1.458650
3581,   5.910000,     517.773509,    1435.408950,       2.832274,     516.805828,    1440.145373,       1.486683
3582,   5.911000,     517.806947,    1435.254931,       2.876071,     516.825199,    1440.045357,       1.515103
3583,   5.912000,     517.840803,    1435.099244,       2.920317,     516.844749,    1439.944029,       1.543857
3584,   5.913000,     517.875135,    1434.941888,       2.965015,     516.864717,    1439.841390,       1.572975
3585,   5.914000,     517.909884,    1434.783101,       3.010167,     516.884923,    1439.737439,       1.602499
3586,   5.915000,     517.945170,    1434.622645,       3.055775,     516.905427,    1439.632177,       1.632378
3587,   5.916000,     517.980933,    1434.460521,       3.101841,     516.926289,    1439.525723,       1.662667
3588,   5.917000,     518.017232,    1434.296846,       3.148368,     516.947448,    1439.417839,       1.693330
3589,   5.918000,     518.053949,    1434.131622,       3.195358,     516.968846,    1439.308763,       1.724355
3590,   5.919000,     518.091202,    1433.964729,       3.242813,     516.990662,    1439.198494,       1.755696
3591,   5.920000,     518.128991,    1433.796167,       3.290735,     517.012715,    1439.086676,       1.787437
3592,   5.921000,     518.167257,    1433.625937,       3.339128,     517.035186,    1438.973665,       1.819553
3593,   5.922000,     518.206000,    1433.454037,       3.387992,     517.057955,    1438.859344,       1.852034
3594,   5.923000,     518.245339,    1433.280587,       3.437331,     517.081082,    1438.743591,       1.884908
3595,   5.924000,     518.285215,    1433.105350,       3.487147,     517.104566,    1438.626528,       1.918204
3596,   5.925000,     518.325567,    1432.928562,       3.537441,     517.128408,    1438.508034,       1.951838
3597,   5.926000,     518.366516,    1432.749987,       3.588217,     517.152607,    1438.387990,       1.985879
3598,   5.927000,     518.408000,    1432.569742,       3.639477,     517.177224,    1438.266754,       2.020289
3599,   5.928000,     518.450022,    1432.387829,       3.691222,     517.202079,    1438.144207,       2.055056
3600,   5.929000,     518.492639,    1432.204127,       3.743456,     517.227352,    1438.020110,       2.090298
3601,   5.930000,     518.535793,    1432.018876,       3.796179,     517.252982,    1437.894583,       2.125969
3602,   5.931000,     518.579543,    1431.831717,       3.849396,     517.278969,    1437.767506,       2.162092
3603,   5.932000,     518.623888,    1431.643009,       3.903108,     517.305374,    1437.639117,       2.198643
3604,   5.933000,     518.668771,    1431.452394,       3.957317,     517.332077,    1437.509298,       2.235576
3605,   5.934000,     518.714309,    1431.260109,       4.012026,     517.359197,    1437.377930,       2.272901
3606,   5.935000,     518.760443,    1431.066155,       4.067236,     517.386675,    1437.245250,       2.310613
3607,   5.936000,     518.807173,    1430.870295,       4.122951,     517.414629,    1437.111259,       2.348762
3608,   5.937000,     518.854499,    1430.672765,       4.179172,     517.442942,    1436.975598,       2.387323
3609,   5.938000,     518.902481,    1430.473447,       4.235903,     517.471671,    1436.838508,       2.426251
3610,   5.939000,     518.951058,    1430.272341,       4.293144,     517.500818,    1436.699986,       2.465568
3611,   5.940000,     519.000292,    1430.069447,       4.350898,     517.530382,    1436.559916,       2.505358
3612,   5.941000,     519.050181,    1429.864764,       4.409168,     517.560363,    1436.418176,       2.545556
3613,   5.942000,     519.100726,    1429.658294,       4.467957,     517.590702,    1436.274886,       2.586069
3614,   5.943000,     519.151986,    1429.449916,       4.527265,     517.621577,    1436.130166,       2.627056
3615,   5.944000,     519.203842,    1429.239869,       4.587096,     517.652750,    1435.983896,       2.668665
3616,   5.945000,     519.256413,    1429.027915,       4.647452,     517.684460,    1435.836077,       2.710644
3617,   5.946000,     519.309640,    1428.814054,       4.708335,     517.716527,    1435.686946,       2.753003
3618,   5.947000,     519.363582,    1428.598523,       4.769747,     517.749071,    1435.536146,       2.795816
3619,   5.948000,     519.418180,    1428.380966,       4.831691,     517.782092,    1435.383916,       2.839113
3620,   5.949000,     519.473553,    1428.161740,       4.894169,     517.815590,    1435.230136,       2.882883
3621,   5.950000,     519.529581,    1427.940488,       4.957183,     517.849505,    1435.074687,       2.927176
3622,   5.951000,     519.586384,    1427.717447,       5.020736,     517.883837,    1434.917688,       2.971846
3623,   5.952000,     519.643903,    1427.492499,       5.084830,     517.918766,    1434.759021,       3.016868
3624,   5.953000,     519.702137,    1427.265763,       5.149467,     517.954051,    1434.598923,       3.062486
3625,   5.954000,     519.761205,    1427.037001,       5.214649,     517.989874,    1434.437156,       3.108590
3626,   5.955000,     519.820929,    1426.806450,       5.280379,     518.026173,    1434.273839,       3.155139
3627,   5.956000,     519.881487,    1426.573873,       5.346659,     518.062949,    1434.108973,       3.202158
3628,   5.957000,     519.942820,    1426.339507,       5.413492,     518.100262,    1433.942437,       3.249614
3629,   5.958000,     520.004928,    1426.103115,       5.480879,     518.138111,    1433.774114,       3.297463
3630,   5.959000,     520.067811,    1425.864816,       5.548823,     518.176436,    1433.604240,       3.345794
3631,   5.960000,     520.131528,    1425.624609,       5.617326,     518.215299,    1433.432579,       3.394584
3632,   5.961000,     520.196021,    1425.382495,       5.686391,     518.254638,    1433.259249,       3.443813
3633,   5.962000,     520.261347,    1425.138474,       5.756019,     518.294573,    1433.084249,       3.493532
3634,   5.963000,     520.327508,    1424.892426,       5.826214,     518.335044,    1432.907581,       3.543649
3635,   5.964000,     520.394504,    1424.644351,       5.896977,     518.375993,    1432.729125,       3.594225
3636,   5.965000,     520.462394,    1424.394369,       5.968310,     518.417537,    1432.549119,       3.645406
3637,   5.966000,     520.531118,    1424.142480,       6.040217,     518.459678,    1432.367563,       3.696998
3638,   5.967000,     520.600677,    1423.888564,       6.112696,     518.502295,    1432.183981,       3.749078
3639,   5.968000,     520.671129,    1423.632622,       6.185748,     518.545508,    1431.998968,       3.801694
3640,   5.969000,     520.742476,    1423.374772,       6.259373,     518.589258,    1431.812406,       3.854748
3641,   5.970000,     520.814717,    1423.115015,       6.333571,     518.633664,    1431.624055,       3.908324
3642,   5.971000,     520.887852,    1422.853112,       6.408342,     518.678606,    1431.433797,       3.962463
3643,   5.972000,     520.961881,    1422.589421,       6.483686,     518.724203,    1431.241989,       4.017041
3644,   5.973000,     521.036863,    1422.323704,       6.559603,     518.770456,    1431.048274,       4.072268
3645,   5.974000,     521.112740,    1422.055960,       6.636093,     518.817306,    1430.853128,       4.128006
3646,   5.975000,     521.189511,    1421.786308,       6.713156,     518.864870,    1430.656075,       4.184087
3647,   5.976000,     521.267295,    1421.514630,       6.790791,     518.912911,    1430.457234,       4.240818
3648,   5.977000,     521.345973,    1421.241045,       6.869000,     518.961728,    1430.256724,       4.298019
3649,   5.978000,     521.425605,    1420.965552,       6.947782,     519.011140,    1430.054307,       4.355826
3650,   5.979000,     521.506190,    1420.688033,       7.027136,     519.061208,    1429.849863,       4.413986
3651,   5.980000,     521.587789,    1420.408607,       7.107064,     519.111812,    1429.643631,       4.472662
3652,   5.981000,     521.670341,    1420.127153,       7.187564,     519.163132,    1429.435492,       4.531946
3653,   5.982000,     521.753848,    1419.843793,       7.268638,     519.215107,    1429.225564,       4.591689
3654,   5.983000,     521.838427,    1419.558525,       7.350284,     519.267738,    1429.013968,       4.651942
3655,   5.984000,     521.923959,    1419.271231,       7.432504,     519.321084,    1428.800464,       4.712720
3656,   5.985000,     522.010505,    1418.982029,       7.515296,     519.375086,    1428.585172,       4.773978
3657,   5.986000,     522.098064,    1418.690801,       7.598661,     519.429743,    1428.367972,       4.835839
3658,   5.987000,     522.186637,    1418.397784,       7.682600,     519.485116,    1428.149104,       4.898123
3659,   5.988000,     522.276282,    1418.102741,       7.767111,     519.541204,    1427.928329,       4.961081
3660,   5.989000,     522.367001,    1417.805672,       7.852195,     519.598126,    1427.705646,       5.024390
3661,   5.990000,     522.458732,    1417.506814,       7.937853,     519.655585,    1427.481055,       5.088297
3662,   5.991000,     522.551537,    1417.205930,       8.024083,     519.713819,    1427.254558,       5.152849
3663,   5.992000,     522.645414,    1416.903138,       8.110886,     519.772828,    1427.026391,       5.217859
3664,   5.993000,     522.740424,    1416.598439,       8.198262,     519.832611,    1426.796317,       5.283430
3665,   5.994000,     522.836447,    1416.291714,       8.286211,     519.893169,    1426.564455,       5.349488
3666,   5.995000,     522.933602,    1415.983081,       8.374733,     519.954562,    1426.330566,       5.416223
3667,   5.996000,     523.031890,    1415.672660,       8.463828,     520.016611,    1426.094651,       5.483436
3668,   5.997000,     523.131251,    1415.360212,       8.553496,     520.079613,    1425.856948,       5.551268
3669,   5.998000,     523.231804,    1415.045857,       8.643737,     520.143330,    1425.617218,       5.619625
3670,   5.999000,     523.333430,    1414.729476,       8.734551,     520.207882,    1425.375342,       5.688631
3671,   6.000000,     523.436248,    1414.411306,       8.825937,     520.273209,    1425.131798,       5.758049
3672,   6.001000,     523.540199,    1414.091229,       8.917897,     520.339370,    1424.886465,       5.828198
3673,   6.002000,     523.645341,    1413.769126,       9.010430,     520.406425,    1424.639225,       5.898842
3674,   6.003000,     523.751616,    1413.445234,       9.103536,     520.474374,    1424.390197,       5.970136
3675,   6.004000,     523.859143,    1413.119435,       9.197214,     520.543218,    1424.139023,       6.041894
3676,   6.005000,     523.967803,    1412.791610,       9.291466,     520.612895,    1423.885822,       6.114303
3677,   6.006000,     524.077713,    1412.461996,       9.386290,     520.683408,    1423.630834,       6.187088
3678,   6.007000,     524.188817,    1412.130356,       9.481687,     520.754933,    1423.373699,       6.260525
3679,   6.008000,     524.301112,    1411.796927,       9.577658,     520.827234,    1423.114657,       6.334467
3680,   6.009000,     524.414659,    1411.461592,       9.674201,     520.900428,    1422.853827,       6.409123
3681,   6.010000,     524.529517,    1411.124349,       9.771318,     520.974576,    1422.590971,       6.484249
3682,   6.011000,     524.645567,    1410.785198,       9.869007,     521.049559,    1422.326207,       6.559955
3683,   6.012000,     524.762869,    1410.444140,       9.967269,     521.125495,    1422.059298,       6.636260
3684,   6.013000,     524.881482,    1410.101295,      10.066105,     521.202385,    1421.790361,       6.713159
3685,   6.014000,     525.001347,    1409.756422,      10.165512,     521.280169,    1421.519637,       6.790589
3686,   6.015000,     525.122523,    1409.409761,      10.265493,     521.358848,    1421.247005,       6.868505
3687,   6.016000,     525.245011,    1409.061193,      10.366048,     521.438360,    1420.972347,       6.947027
3688,   6.017000,     525.368810,    1408.710837,      10.467175,     521.518826,    1420.695662,       7.026250
3689,   6.018000,     525.493920,    1408.358455,      10.568875,     521.600306,    1420.416951,       7.105912
3690,   6.019000,     525.620341,    1408.004403,      10.671148,     521.682799,    1420.136333,       7.186092
3691,   6.020000,     525.748134,    1407.648325,      10.773994,     521.766186,    1419.853806,       7.266859
3692,   6.021000,     525.877297,    1407.290459,      10.877413,     521.850526,    1419.569612,       7.348098
3693,   6.022000,     526.007831,    1406.930685,      10.981405,     521.935880,    1419.283271,       7.430085
3694,   6.023000,     526.139736,    1406.569123,      11.085969,     522.022128,    1418.995023,       7.512563
3695,   6.024000,     526.273012,    1406.205654,      11.191107,     522.109509,    1418.704748,       7.595670
3696,   6.025000,     526.407719,    1405.840278,      11.296818,     522.197902,    1418.412328,       7.679294
3697,   6.026000,     526.543796,    1405.473232,      11.403102,     522.287369,    1418.118000,       7.763553
3698,   6.027000,     526.681304,    1405.104160,      11.509958,     522.377968,    1417.821884,       7.848439
3699,   6.028000,     526.820302,    1404.733419,      11.617388,     522.469640,    1417.523980,       7.933816
3700,   6.029000,     526.960671,    1404.360771,      11.725390,     522.562385,    1417.223930,       8.019860
3701,   6.030000,     527.102530,    1403.986216,      11.833966,     522.656262,    1416.921973,       8.106438
3702,   6.031000,     527.245820,    1403.609872,      11.943114,     522.751331,    1416.618228,       8.193642
3703,   6.032000,     527.390599,    1403.231740,      12.052835,     522.847593,    1416.312814,       8.281440
3704,   6.033000,     527.536869,    1402.851820,      12.163130,     522.944987,    1416.005492,       8.369749
3705,   6.034000,     527.684629,    1402.469993,      12.273998,     523.043334,    1415.696144,       8.458679
3706,   6.035000,     527.833879,    1402.086496,      12.385437,     523.142636,    1415.384889,       8.548262
3707,   6.036000,     527.984679,    1401.701093,      12.497451,     523.243129,    1415.071845,       8.638230
3708,   6.037000,     528.136969,    1401.313901,      12.610037,     523.344696,    1414.756775,       8.728960
3709,   6.038000,     528.290868,    1400.924921,      12.723196,     523.447454,    1414.439678,       8.820181
3710,   6.039000,     528.446257,    1400.534034,      12.836928,     523.551345,    1414.120555,       8.911922
3711,   6.040000,     528.603256,    1400.141478,      12.951233,     523.656368,    1413.799763,       9.004289
3712,   6.041000,     528.761804,    1399.747133,      13.066112,     523.762465,    1413.476944,       9.097067
3713,   6.042000,     528.921962,    1399.351001,      13.181562,     523.869634,    1413.151979,       9.190271
3714,   6.043000,     529.083669,    1398.953080,      13.297587,     523.977995,    1412.825346,       9.284196
3715,   6.044000,     529.247046,    1398.553371,      13.414183,     524.087667,    1412.496686,       9.378674
3716,   6.045000,     529.412031,    1398.151875,      13.531354,     524.198651,    1412.165999,       9.473629
3717,   6.046000,     529.578626,    1397.748590,      13.649096,     524.310768,    1411.833405,       9.569220
3718,   6.047000,     529.746890,    1397.343636,      13.767412,     524.424255,    1411.498666,       9.665402
3719,   6.048000,     529.916763,    1396.936893,      13.886301,     524.538934,    1411.162257,       9.762313
3720,   6.049000,     530.088365,    1396.528363,      14.005762,     524.655044,    1410.823822,       9.859581
3721,   6.050000,     530.261636,    1396.118164,      14.125797,     524.772525,    1410.483718,       9.957664
3722,   6.051000,     530.436575,    1395.706177,      14.246404,     524.891138,    1410.141468,      10.056166
3723,   6.052000,     530.613244,    1395.292401,      14.367585,     525.010943,    1409.797430,      10.155235
3724,   6.053000,     530.791581,    1394.876957,      14.489338,     525.131941,    1409.451604,      10.255057
3725,   6.054000,     530.971706,    1394.459844,      14.611665,     525.254250,    1409.104109,      10.355365
3726,   6.055000,     531.153500,    1394.040942,      14.734564,     525.377750,    1408.754826,      10.456192
3727,   6.056000,     531.337142,    1393.620253,      14.858037,     525.502622,    1408.403754,      10.557686
3728,   6.057000,     531.522453,    1393.197894,      14.982083,     525.628805,    1408.050656,      10.659687
3729,   6.058000,     531.709611,    1392.773867,      15.106700,     525.756299,    1407.695651,      10.762387
3730,   6.059000,     531.898499,    1392.348170,      15.231892,     525.885165,    1407.338738,      10.865614
3731,   6.060000,     532.089233,    1391.920805,      15.357656,     526.015580,    1406.980038,      10.969353
3732,   6.061000,     532.281756,    1391.491652,      15.483993,     526.147366,    1406.619430,      11.073712
3733,   6.062000,     532.476127,    1391.060829,      15.610903,     526.280642,    1406.256914,      11.178712
3734,   6.063000,     532.672346,    1390.628338,      15.738387,     526.415527,    1405.892611,      11.284103
3735,   6.064000,     532.870412,    1390.194178,      15.866442,     526.551843,    1405.526519,      11.390241
3736,   6.065000,     533.070326,    1389.758468,      15.995072,     526.689529,    1405.158639,      11.496784
3737,   6.066000,     533.272088,    1389.320970,      16.124272,     526.828647,    1404.788852,      11.603968
3738,   6.067000,     533.475757,    1388.881803,      16.254039,     526.968956,    1404.417276,      11.711697
3739,   6.068000,     533.681333,    1388.441086,      16.384374,     527.110577,    1404.044032,      11.820000
3740,   6.069000,     533.888757,    1387.998819,      16.515271,     527.253509,    1403.669000,      11.928882
3741,   6.070000,     534.098089,    1387.554884,      16.646732,     527.397692,    1403.292060,      12.038377
3742,   6.071000,     534.309387,    1387.109399,      16.778751,     527.543366,    1402.913094,      12.148325
3743,   6.072000,     534.522593,    1386.662245,      16.911326,     527.690589,    1402.532458,      12.259020
3744,   6.073000,     534.737706,    1386.213660,      17.044459,     527.839661,    1402.150035,      12.370228
3745,   6.074000,     534.954786,    1385.763407,      17.178141,     527.990341,    1401.766062,      12.482015
3746,   6.075000,     535.173833,    1385.311723,      17.312375,     528.142691,    1401.380062,      12.594402
3747,   6.076000,     535.394788,    1384.858489,      17.447156,     528.296709,    1400.991917,      12.707423
3748,   6.077000,     535.617709,    1384.403825,      17.582485,     528.452277,    1400.601983,      12.820813
3749,   6.078000,     535.842657,    1383.947611,      17.718354,     528.609276,    1400.210381,      12.934891
3750,   6.079000,     536.069572,    1383.489966,      17.854767,     528.767705,    1399.816990,      13.049542
3751,   6.080000,     536.298454,    1383.030772,      17.991717,     528.927743,    1399.421692,      13.164744
3752,   6.081000,     536.529362,    1382.570267,      18.129204,     529.089212,    1399.024606,      13.280411
3753,   6.082000,     536.762238,    1382.108212,      18.267225,     529.252052,    1398.625851,      13.396758
3754,   6.083000,     536.997199,    1381.644845,      18.405777,     529.416323,    1398.225307,      13.513703
3755,   6.084000,     537.234128,    1381.180048,      18.544860,     529.582381,    1397.822976,      13.631138
3756,   6.085000,     537.473083,    1380.713820,      18.684469,     529.750288,    1397.418857,      13.749104
3757,   6.086000,     537.714124,    1380.246282,      18.824604,     529.920101,    1397.012830,      13.867674
3758,   6.087000,     537.957191,    1379.777312,      18.965262,     530.091822,    1396.605253,      13.986692
3759,   6.088000,     538.202345,    1379.307151,      19.106438,     530.265331,    1396.196365,      14.106571
3760,   6.089000,     538.449526,    1378.835559,      19.248134,     530.440271,    1395.785689,      14.226875
3761,   6.090000,     538.698792,    1378.362656,      19.390345,     530.616701,    1395.372868,      14.347709
3762,   6.091000,     538.950086,    1377.888560,      19.533071,     530.794799,    1394.958377,      14.469209
3763,   6.092000,     539.203525,    1377.413034,      19.676308,     530.974448,    1394.542813,      14.591275
3764,   6.093000,     539.459050,    1376.936316,      19.820053,     531.155586,    1394.125462,      14.713773
3765,   6.094000,     539.716661,    1376.458406,      19.964305,     531.338513,    1393.706083,      14.837017
3766,   6.095000,     539.976418,    1375.979185,      20.109060,     531.523466,    1393.284798,      14.960790
3767,   6.096000,     540.238261,    1375.498772,      20.254320,     531.710505,    1392.862320,      15.085139
3768,   6.097000,     540.502250,    1375.017166,      20.400078,     531.899571,    1392.438412,      15.210191
3769,   6.098000,     540.768325,    1374.534369,      20.546333,     532.090306,    1392.012239,      15.335800
3770,   6.099000,     541.036606,    1374.050498,      20.693084,     532.282591,    1391.583562,      15.461953
3771,   6.100000,     541.306973,    1373.565316,      20.840328,     532.476366,    1391.153693,      15.588759
3772,   6.101000,     541.579545,    1373.079062,      20.988061,     532.671928,    1390.722752,      15.715997
3773,   6.102000,     541.854262,    1372.591615,      21.136285,     532.869220,    1390.289545,      15.843969
3774,   6.103000,     542.131126,    1372.103214,      21.284994,     533.068597,    1389.854670,      15.972432
3775,   6.104000,     542.410195,    1371.613622,      21.434185,     533.269823,    1389.418364,      16.101565
3776,   6.105000,     542.691410,    1371.122956,      21.583859,     533.473194,    1388.980746,      16.231024
3777,   6.106000,     542.974830,    1370.631218,      21.734012,     533.678532,    1388.541102,      16.361177
3778,   6.107000,     543.260455,    1370.138407,      21.884642,     533.885896,    1388.099551,      16.491777
3779,   6.108000,     543.548226,    1369.644642,      22.035746,     534.094930,    1387.656689,      16.622845
3780,   6.109000,     543.838263,    1369.149804,      22.187323,     534.305692,    1387.212396,      16.754386
3781,   6.110000,     544.130504,    1368.654013,      22.339368,     534.518123,    1386.766911,      16.886618
3782,   6.111000,     544.424951,    1368.157148,      22.491883,     534.732401,    1386.320233,      17.019283
3783,   6.112000,     544.721603,    1367.659450,      22.644862,     534.948885,    1385.871530,      17.152307
3784,   6.113000,     545.020521,    1367.160678,      22.798306,     535.167396,    1385.421276,      17.286029
3785,   6.114000,     545.321703,    1366.661072,      22.952209,     535.388052,    1384.969592,      17.420227
3786,   6.115000,     545.625091,    1366.160393,      23.106571,     535.610795,    1384.516358,      17.554990
3787,   6.116000,     545.930743,    1365.658998,      23.261389,     535.835624,    1384.061933,      17.690250
3788,   6.117000,     546.238601,    1365.156651,      23.416662,     536.062300,    1383.605957,      17.826186
3789,   6.118000,     546.548784,    1364.653349,      23.572386,     536.290646,    1383.148551,      17.962682
3790,   6.119000,     546.861231,    1364.149213,      23.728559,     536.520600,    1382.689834,      18.099607
3791,   6.120000,     547.175944,    1363.644361,      23.885178,     536.752522,    1382.229567,      18.237242
3792,   6.121000,     547.492921,    1363.138556,      24.042244,     536.986828,    1381.767869,      18.375249
3793,   6.122000,     547.812164,    1362.632036,      24.199751,     537.223637,    1381.304502,      18.513967
3794,   6.123000,     548.133731,    1362.124681,      24.357699,     537.462592,    1380.839825,      18.653146
3795,   6.124000,     548.457563,    1361.616611,      24.516085,     537.703335,    1380.373716,      18.792919
3796,   6.125000,     548.783720,    1361.107707,      24.674905,     537.945747,    1379.905939,      18.933295
3797,   6.126000,     549.112201,    1360.598087,      24.834161,     538.189590,    1379.436851,      19.074312
3798,   6.127000,     549.442947,    1360.087752,      24.993846,     538.435459,    1378.966331,      19.215755
3799,   6.128000,     549.776018,    1359.576702,      25.153961,     538.683712,    1378.494620,      19.357924
3800,   6.129000,     550.111473,    1359.065056,      25.314501,     538.934529,    1378.021955,      19.500513
3801,   6.130000,     550.449193,    1358.552575,      25.475467,     539.187670,    1377.547860,      19.643646
3802,   6.131000,     550.789237,    1358.039618,      25.636852,     539.442778,    1377.072692,      19.787357
3803,   6.132000,     551.131606,    1357.525945,      25.798659,     539.699554,    1376.596332,      19.931361
3804,   6.133000,     551.476359,    1357.011557,      25.960881,     539.957821,    1376.118183,      20.075895
3805,   6.134000,     551.823437,    1356.496692,      26.123520,     540.218174,    1375.638962,      20.220879
3806,   6.135000,     552.172840,    1355.981112,      26.286572,     540.481091,    1375.159144,      20.366215
3807,   6.136000,     552.524626,    1355.465055,      26.450034,     540.746927,    1374.678016,      20.512069
3808,   6.137000,     552.878737,    1354.948401,      26.613902,     541.015089,    1374.195457,      20.658339
3809,   6.138000,     553.235233,    1354.431272,      26.778178,     541.284919,    1373.712063,      20.805197
3810,   6.139000,     553.594053,    1353.913546,      26.942858,     541.556418,    1373.227596,      20.952357
3811,   6.140000,     553.955257,    1353.395343,      27.107937,     541.829944,    1372.742057,      21.100027
3812,   6.141000,     554.318845,    1352.876663,      27.273417,     542.106032,    1372.255087,      21.248283
3813,   6.142000,     554.684818,    1352.357507,      27.439293,     542.384684,    1371.767044,      21.396998
3814,   6.143000,     555.053174,    1351.837993,      27.605562,     542.665660,    1371.277928,      21.546168
3815,   6.144000,     555.423856,    1351.317883,      27.772224,     542.948663,    1370.787501,      21.695900
3816,   6.145000,     555.796981,    1350.797415,      27.939276,     543.233395,    1370.296121,      21.846020
3817,   6.146000,     556.172431,    1350.276589,      28.106715,     543.519914,    1369.803548,      21.996689
3818,   6.147000,     556.550324,    1349.755287,      28.274540,     543.808818,    1369.309664,      22.147846
3819,   6.148000,     556.930602,    1349.233747,      28.442747,     544.100404,    1368.814707,      22.299588
3820,   6.149000,     557.313263,    1348.711729,      28.611336,     544.394553,    1368.319154,      22.451838
3821,   6.150000,     557.698309,    1348.189473,      28.780303,     544.691145,    1367.822528,      22.604535
3822,   6.151000,     558.085799,    1347.666860,      28.949644,     544.989347,    1367.324591,      22.757721
3823,   6.152000,     558.475673,    1347.144008,      29.119361,     545.289159,    1366.825819,      22.911479
3824,   6.153000,     558.867931,    1346.620798,      29.289446,     545.590997,    1366.326571,      23.065687
3825,   6.154000,     559.262633,    1346.097350,      29.459904,     545.895696,    1365.826726,      23.220345
3826,   6.155000,     559.659719,    1345.573664,      29.630727,     546.203196,    1365.325451,      23.375405
3827,   6.156000,     560.059190,    1345.049739,      29.801915,     546.512842,    1364.823937,      23.530931
3828,   6.157000,     560.461104,    1344.525576,      29.973466,     546.824276,    1364.321709,      23.686819
3829,   6.158000,     560.865462,    1344.001293,      30.145375,     547.137678,    1363.818288,      23.843161
3830,   6.159000,     561.272204,    1343.476772,      30.317646,     547.453403,    1363.314509,      23.999897
3831,   6.160000,     561.681390,    1342.952132,      30.490268,     547.771811,    1362.810254,      24.157100
3832,   6.161000,     562.092960,    1342.427254,      30.663243,     548.092842,    1362.304330,      24.314638
3833,   6.162000,     562.507033,    1341.902375,      30.836573,     548.416018,    1361.797571,      24.472728
3834,   6.163000,     562.923431,    1341.377378,      31.010247,     548.740804,    1361.290693,      24.631189
3835,   6.164000,     563.342333,    1340.852261,      31.184270,     549.067616,    1360.782623,      24.790035
3836,   6.165000,     563.763618,    1340.327024,      31.358635,     549.397230,    1360.273004,      24.949515
3837,   6.166000,     564.187348,    1339.801788,      31.533341,     549.729645,    1359.763026,      25.109310
3838,   6.167000,     564.613461,    1339.276433,      31.708388,     550.064445,    1359.252691,      25.269552
3839,   6.168000,     565.042019,    1338.751197,      31.883774,     550.401270,    1358.740687,      25.430078
3840,   6.169000,     565.473020,    1338.225842,      32.059491,     550.740004,    1358.227730,      25.591068
3841,   6.170000,     565.906465,    1337.700605,      32.235542,     551.081121,    1357.715607,      25.752356
3842,   6.171000,     566.342354,    1337.175369,      32.411925,     551.424980,    1357.201934,      25.913994
3843,   6.172000,     566.780627,    1336.650133,      32.588632,     551.771760,    1356.687188,      26.076096
3844,   6.173000,     567.221344,    1336.125016,      32.765667,     552.120626,    1356.173038,      26.238530
3845,   6.174000,     567.664504,    1335.599899,      32.943027,     552.471042,    1355.658531,      26.401463
3846,   6.175000,     568.110108,    1335.075021,      33.120704,     552.823484,    1355.142593,      26.564750
3847,   6.176000,     568.558097,    1334.550142,      33.298702,     553.178787,    1354.626775,      26.728559
3848,   6.177000,     569.008529,    1334.025502,      33.477018,     553.537071,    1354.111671,      26.892813
3849,   6.178000,     569.461405,    1333.500981,      33.655644,     553.897560,    1353.595018,      27.057555
3850,   6.179000,     569.916725,    1332.976580,      33.834585,     554.259658,    1353.077412,      27.222759
3851,   6.180000,     570.374429,    1332.452416,      34.013833,     554.624021,    1352.560639,      27.388338
3852,   6.181000,     570.834637,    1331.928492,      34.193392,     554.991066,    1352.043390,      27.554407
3853,   6.182000,     571.297169,    1331.404686,      34.373255,     555.360973,    1351.524711,      27.720903
3854,   6.183000,     571.762204,    1330.881238,      34.553418,     555.733085,    1351.005554,      27.887925
3855,   6.184000,     572.229624,    1330.358028,      34.733882,     556.107104,    1350.486398,      28.055173
3856,   6.185000,     572.699487,    1329.835057,      34.914646,     556.483507,    1349.966049,      28.223088
3857,   6.186000,     573.171735,    1329.312444,      35.095704,     556.862891,    1349.444628,      28.391321
3858,   6.187000,     573.646426,    1328.790069,      35.277056,     557.245135,    1348.923802,      28.559934
3859,   6.188000,     574.123561,    1328.268051,      35.458702,     557.629287,    1348.403215,      28.729022
3860,   6.189000,     574.603081,    1327.746391,      35.640634,     558.015049,    1347.880960,      28.898325
3861,   6.190000,     575.085044,    1327.225089,      35.822853,     558.403254,    1347.358108,      29.067940
3862,   6.191000,     575.569391,    1326.704144,      36.005356,     558.794439,    1346.835732,      29.237834
3863,   6.192000,     576.056123,    1326.183677,      36.188142,     559.188187,    1346.313119,      29.408045
3864,   6.193000,     576.545298,    1325.663567,      36.371208,     559.583843,    1345.790267,      29.578465
3865,   6.194000,     577.036858,    1325.143933,      36.554551,     559.981823,    1345.267415,      29.749220
3866,   6.195000,     577.530861,    1324.624777,      36.738167,     560.382485,    1344.744563,      29.920050
3867,   6.196000,     578.027248,    1324.105978,      36.922059,     560.785949,    1344.221234,      30.091338
3868,   6.197000,     578.526020,    1323.587775,      37.106218,     561.191559,    1343.698025,      30.263021
3869,   6.198000,     579.027176,    1323.070049,      37.290651,     561.599314,    1343.174815,      30.434937
3870,   6.199000,     579.530716,    1322.552800,      37.475346,     562.009752,    1342.651367,      30.607300
3871,   6.200000,     580.036700,    1322.036147,      37.660304,     562.423050,    1342.128038,      30.780090
3872,   6.201000,     580.545008,    1321.519971,      37.845525,     562.838554,    1341.604829,      30.953311
3873,   6.202000,     581.055701,    1321.004391,      38.031006,     563.256085,    1341.080785,      31.126900
3874,   6.203000,     581.568837,    1320.489526,      38.216742,     563.676238,    1340.556622,      31.300851
3875,   6.204000,     582.084298,    1319.975138,      38.402732,     564.099073,    1340.033174,      31.475421
3876,   6.205000,     582.602143,    1319.461465,      38.588977,     564.524055,    1339.509130,      31.650257
3877,   6.206000,     583.122313,    1318.948388,      38.775469,     564.950764,    1338.984609,      31.825546
3878,   6.207000,     583.644867,    1318.435907,      38.962213,     565.380037,    1338.460207,      32.001379
3879,   6.208000,     584.169805,    1317.924142,      39.149196,     565.812051,    1337.935686,      32.177486
3880,   6.209000,     584.697068,    1317.413092,      39.336429,     566.246510,    1337.410927,      32.354104
3881,   6.210000,     585.226715,    1316.902757,      39.523897,     566.682994,    1336.886406,      32.530794
3882,   6.211000,     585.758626,    1316.393137,      39.711608,     567.122221,    1336.362243,      32.707751
3883,   6.212000,     586.292982,    1315.884352,      39.899551,     567.564428,    1335.837841,      32.885025
3884,   6.213000,     586.829603,    1315.376163,      40.087733,     568.009198,    1335.313678,      33.062504
3885,   6.214000,     587.368548,    1314.868927,      40.276143,     568.456054,    1334.789872,      33.240130
3886,   6.215000,     587.909877,    1314.362407,      40.464783,     568.905175,    1334.266305,      33.417920
3887,   6.216000,     588.453472,    1313.856602,      40.653648,     569.356561,    1333.742619,      33.595921
3888,   6.217000,     588.999391,    1313.351750,      40.842742,     569.810331,    1333.219528,      33.774199
3889,   6.218000,     589.547634,    1312.847733,      41.032054,     570.266485,    1332.696915,      33.952826
3890,   6.219000,     590.098202,    1312.344551,      41.221588,     570.725262,    1332.174182,      34.131736
3891,   6.220000,     590.651035,    1311.842203,      41.411341,     571.186721,    1331.651688,      34.311035
3892,   6.221000,     591.206193,    1311.340809,      41.601309,     571.650445,    1331.129313,      34.490625
3893,   6.222000,     591.763616,    1310.840368,      41.791493,     572.116315,    1330.607057,      34.670737
3894,   6.223000,     592.323303,    1310.340762,      41.981884,     572.584927,    1330.084920,      34.851074
3895,   6.224000,     592.885256,    1309.842110,      42.172484,     573.056638,    1329.563141,      35.031815
3896,   6.225000,     593.449533,    1309.344530,      42.363292,     573.530257,    1329.041481,      35.212856
3897,   6.226000,     594.016016,    1308.847785,      42.554302,     574.005544,    1328.519583,      35.394518
3898,   6.227000,     594.584763,    1308.352113,      42.745516,     574.483871,    1327.998400,      35.576399
3899,   6.228000,     595.155776,    1307.857394,      42.936929,     574.964643,    1327.477932,      35.758800
3900,   6.229000,     595.728993,    1307.363749,      43.128540,     575.447083,    1326.957345,      35.941395
3901,   6.230000,     596.304476,    1306.871176,      43.320345,     575.931787,    1326.437116,      36.124242
3902,   6.231000,     596.882224,    1306.379557,      43.512342,     576.419413,    1325.917840,      36.307353
3903,   6.232000,     597.462118,    1305.889130,      43.704530,     576.909423,    1325.399518,      36.490733
3904,   6.233000,     598.044276,    1305.399776,      43.896905,     577.401698,    1324.881434,      36.674219
3905,   6.234000,     598.628581,    1304.911494,      44.089469,     577.896416,    1324.363470,      36.857900
3906,   6.235000,     599.215150,    1304.424286,      44.282213,     578.393936,    1323.846221,      37.041738
3907,   6.236000,     599.803865,    1303.938270,      44.475139,     578.893483,    1323.329806,      37.225900
3908,   6.237000,     600.394785,    1303.453445,      44.668245,     579.395235,    1322.813869,      37.409984
3909,   6.238000,     600.987852,    1302.969694,      44.861526,     579.900026,    1322.298408,      37.594635
3910,   6.239000,     601.583123,    1302.487254,      45.054984,     580.407262,    1321.783185,      37.779388
3911,   6.240000,     602.180541,    1302.005887,      45.248613,     580.916047,    1321.268678,      37.964432
3912,   6.241000,     602.780104,    1301.525831,      45.442410,     581.427455,    1320.754409,      38.149796
3913,   6.242000,     603.381813,    1301.046968,      45.636377,     581.942081,    1320.240736,      38.335403
3914,   6.243000,     603.985667,    1300.569415,      45.830508,     582.459033,    1319.727778,      38.521430
3915,   6.244000,     604.591608,    1300.093055,      46.024803,     582.977831,    1319.214821,      38.707645
3916,   6.245000,     605.199695,    1299.617887,      46.219255,     583.499014,    1318.702817,      38.894109
3917,   6.246000,     605.809867,    1299.144149,      46.413867,     584.022284,    1318.191648,      39.081058
3918,   6.247000,     606.422126,    1298.671722,      46.608637,     584.547639,    1317.680955,      39.268247
3919,   6.248000,     607.036531,    1298.200607,      46.803561,     585.075796,    1317.170858,      39.455667
3920,   6.249000,     607.652962,    1297.730684,      46.998634,     585.606873,    1316.661954,      39.643357
3921,   6.250000,     608.271480,    1297.262311,      47.193855,     586.139560,    1316.154122,      39.831153
3922,   6.251000,     608.892024,    1296.795249,      47.389225,     586.673677,    1315.646529,      40.019072
3923,   6.252000,     609.514654,    1296.329498,      47.584739,     587.210774,    1315.139532,      40.207193
3924,   6.253000,     610.139310,    1295.865178,      47.780397,     587.750435,    1314.633608,      40.395334
3925,   6.254000,     610.766053,    1295.402288,      47.976191,     588.291943,    1314.128995,      40.583727
3926,   6.255000,     611.394763,    1294.940829,      48.172126,     588.836074,    1313.625216,      40.772210
3927,   6.256000,     612.025499,    1294.480801,      48.368196,     589.382827,    1313.122034,      40.961000
3928,   6.257000,     612.658203,    1294.022202,      48.564400,     589.931726,    1312.619448,      41.149923
3929,   6.258000,     613.292933,    1293.565154,      48.760731,     590.483487,    1312.117934,      41.339194
3930,   6.259000,     613.929629,    1293.109536,      48.957194,     591.037393,    1311.617136,      41.528646
3931,   6.260000,     614.568293,    1292.655349,      49.153781,     591.593266,    1311.116815,      41.718543
3932,   6.261000,     615.208924,    1292.202830,      49.350494,     592.151344,    1310.618043,      41.908675
3933,   6.262000,     615.851521,    1291.751742,      49.547326,     592.711687,    1310.120821,      42.098991
3934,   6.263000,     616.496027,    1291.302204,      49.744281,     593.274415,    1309.623599,      42.289605
3935,   6.264000,     617.142498,    1290.854216,      49.941349,     593.839407,    1309.126854,      42.480689
3936,   6.265000,     617.790818,    1290.407777,      50.138534,     594.406724,    1308.631301,      42.672037
3937,   6.266000,     618.441105,    1289.962888,      50.335830,     594.975770,    1308.137298,      42.863621
3938,   6.267000,     619.093239,    1289.519668,      50.533240,     595.547557,    1307.644010,      43.055470
3939,   6.268000,     619.747281,    1289.077997,      50.730755,     596.121490,    1307.151794,      43.247433
3940,   6.269000,     620.403171,    1288.637996,      50.928377,     596.697092,    1306.661129,      43.439648
3941,   6.270000,     621.060967,    1288.199663,      51.126100,     597.275198,    1306.171536,      43.631935
3942,   6.271000,     621.720552,    1287.762880,      51.323923,     597.855926,    1305.682778,      43.824430
3943,   6.272000,     622.382045,    1287.327886,      51.521848,     598.438263,    1305.194736,      44.016724
3944,   6.273000,     623.045325,    1286.894441,      51.719869,     599.022746,    1304.708004,      44.209253
3945,   6.274000,     623.710394,    1286.462784,      51.917982,     599.610090,    1304.222703,      44.401844
3946,   6.275000,     624.377251,    1286.032796,      52.116188,     600.199401,    1303.738475,      44.594619
3947,   6.276000,     625.045896,    1285.604477,      52.314485,     600.790918,    1303.255320,      44.787425
3948,   6.277000,     625.716388,    1285.177946,      52.512868,     601.385295,    1302.773237,      44.980313
3949,   6.278000,     626.388550,    1284.753084,      52.711333,     601.981103,    1302.292347,      45.173502
3950,   6.279000,     627.062500,    1284.330010,      52.909886,     602.578700,    1301.812768,      45.366817
3951,   6.280000,     627.738178,    1283.908725,      53.108515,     603.178918,    1301.333904,      45.560398
3952,   6.281000,     628.415644,    1283.489108,      53.307226,     603.781402,    1300.856590,      45.753996
3953,   6.282000,     629.094720,    1283.071399,      53.506008,     604.385734,    1300.380468,      45.947786
3954,   6.283000,     629.775584,    1282.655478,      53.704866,     604.992270,    1299.905181,      46.142057
3955,   6.284000,     630.458057,    1282.241225,      53.903795,     605.600893,    1299.431682,      46.336543
3956,   6.285000,     631.142259,    1281.829000,      54.102796,     606.211007,    1298.959494,      46.531097
3957,   6.286000,     631.828070,    1281.418443,      54.301858,     606.823683,    1298.488140,      46.726096
3958,   6.287000,     632.515550,    1281.009793,      54.500989,     607.438266,    1298.018336,      46.921180
3959,   6.288000,     633.204699,    1280.603051,      54.700181,     608.055055,    1297.550201,      47.116233
3960,   6.289000,     633.895397,    1280.198097,      54.899432,     608.673751,    1297.083020,      47.311621
3961,   6.290000,     634.587705,    1279.795051,      55.098740,     609.294176,    1296.617627,      47.506985
3962,   6.291000,     635.281682,    1279.393911,      55.298103,     609.917581,    1296.153665,      47.702403
3963,   6.292000,     635.977149,    1278.994679,      55.497520,     610.542476,    1295.690775,      47.897986
3964,   6.293000,     636.674225,    1278.597355,      55.696986,     611.169517,    1295.229673,      48.093575
3965,   6.294000,     637.372851,    1278.202057,      55.896503,     611.799061,    1294.770002,      48.289393
3966,   6.295000,     638.072968,    1277.808547,      56.096064,     612.429976,    1294.311643,      48.485320
3967,   6.296000,     638.774633,    1277.417064,      56.295666,     613.063037,    1293.855190,      48.681200
3968,   6.297000,     639.477849,    1277.027488,      56.495312,     613.698483,    1293.399811,      48.877247
3969,   6.298000,     640.182495,    1276.639819,      56.694999,     614.335775,    1292.945981,      49.073502
3970,   6.299000,     640.888631,    1276.254296,      56.894721,     614.974678,    1292.494059,      49.269665
3971,   6.300000,     641.596258,    1275.870681,      57.094477,     615.615487,    1292.043209,      49.466245
3972,   6.301000,     642.305315,    1275.488973,      57.294267,     616.257727,    1291.594028,      49.662811
3973,   6.302000,     643.015802,    1275.109410,      57.494087,     616.901934,    1291.146278,      49.859835
3974,   6.303000,     643.727720,    1274.731755,      57.693932,     617.548287,    1290.699840,      50.056981
3975,   6.304000,     644.441009,    1274.356246,      57.893804,     618.197024,    1290.255189,      50.254264
3976,   6.305000,     645.155728,    1273.982644,      58.093703,     618.847609,    1289.812207,      50.451831
3977,   6.306000,     645.871818,    1273.611188,      58.293616,     619.499326,    1289.370537,      50.649620
3978,   6.307000,     646.589220,    1273.241758,      58.493549,     620.153248,    1288.930416,      50.847405
3979,   6.308000,     647.307992,    1272.874355,      58.693503,     620.809615,    1288.491964,      51.045289
3980,   6.309000,     648.028135,    1272.509098,      58.893463,     621.467888,    1288.054943,      51.243211
3981,   6.310000,     648.749530,    1272.145867,      59.093437,     622.128189,    1287.619710,      51.441122
3982,   6.311000,     649.472237,    1271.784663,      59.293425,     622.789681,    1287.186146,      51.639123
3983,   6.312000,     650.196254,    1271.425724,      59.493420,     623.453379,    1286.754251,      51.837075
3984,   6.313000,     650.921524,    1271.068811,      59.693415,     624.119520,    1286.323905,      52.035021
3985,   6.314000,     651.648045,    1270.713925,      59.893417,     624.786198,    1285.895109,      52.233151
3986,   6.315000,     652.375817,    1270.361304,      60.093418,     625.454783,    1285.468340,      52.431158
3987,   6.316000,     653.104782,    1270.010829,      60.293413,     626.125157,    1285.043716,      52.629326
3988,   6.317000,     653.834999,    1269.662380,      60.493415,     626.796842,    1284.621000,      52.827405
3989,   6.318000,     654.566407,    1269.316077,      60.693416,     627.470553,    1284.199357,      53.025474
3990,   6.319000,     655.299008,    1268.972039,      60.893418,     628.146052,    1283.780098,      53.223805
3991,   6.320000,     656.032860,    1268.630028,      61.093413,     628.823102,    1283.362746,      53.422219
3992,   6.321000,     656.767845,    1268.290162,      61.293414,     629.501998,    1282.946706,      53.620762
3993,   6.322000,     657.504022,    1267.952561,      61.493416,     630.182326,    1282.532692,      53.819544
3994,   6.323000,     658.241391,    1267.617106,      61.693417,     630.865037,    1282.120585,      54.018296
3995,   6.324000,     658.979952,    1267.283678,      61.893412,     631.549716,    1281.710386,      54.217174
3996,   6.325000,     659.719646,    1266.952515,      62.093414,     632.235944,    1281.301498,      54.416247
3997,   6.326000,     660.460472,    1266.623616,      62.293415,     632.923901,    1280.894399,      54.615214
3998,   6.327000,     661.202431,    1266.296744,      62.493417,     633.613229,    1280.489445,      54.814368
3999,   6.328000,     661.945581,    1265.972137,      62.693412,     634.304106,    1280.086398,      55.013489
4000,   6.329000,     662.689805,    1265.649676,      62.893413,     634.996772,    1279.684782,      55.212787
4001,   6.330000,     663.435221,    1265.329361,      63.093415,     635.691106,    1279.285073,      55.412065
4002,   6.331000,     664.181709,    1265.011311,      63.293416,     636.387050,    1278.887153,      55.611387
4003,   6.332000,     664.929271,    1264.695525,      63.493418,     637.083471,    1278.491616,      55.810787
4004,   6.333000,     665.677965,    1264.381766,      63.693413,     637.781143,    1278.098345,      56.010181
4005,   6.334000,     666.427791,    1264.070392,      63.893414,     638.480484,    1277.706146,      56.209527
4006,   6.335000,     667.178631,    1263.761044,      64.093416,     639.181614,    1277.315378,      56.408808
4007,   6.336000,     667.930603,    1263.454080,      64.293418,     639.884949,    1276.927114,      56.608222
4008,   6.337000,     668.683589,    1263.149261,      64.493412,     640.588999,    1276.541471,      56.807715
4009,   6.338000,     669.437647,    1262.846589,      64.693414,     641.294241,    1276.157856,      57.007201
4010,   6.339000,     670.192778,    1262.546182,      64.893416,     642.001569,    1275.775671,      57.206878
4011,   6.340000,     670.948982,    1262.248039,      65.093417,     642.710090,    1275.395751,      57.406538
4012,   6.341000,     671.706200,    1261.952162,      65.293412,     643.421412,    1275.018215,      57.606457
4013,   6.342000,     672.464430,    1261.658430,      65.493414,     644.133747,    1274.642587,      57.806425
4014,   6.343000,     673.223674,    1261.366963,      65.693415,     644.847095,    1274.269104,      58.006454
4015,   6.344000,     673.983932,    1261.077762,      65.893417,     645.561218,    1273.897290,      58.206394
4016,   6.345000,     674.745202,    1260.790706,      66.093418,     646.276712,    1273.527503,      58.406505
4017,   6.346000,     675.507486,    1260.506034,      66.293413,     646.993995,    1273.159981,      58.606329
4018,   6.347000,     676.270783,    1260.223508,      66.493415,     647.712648,    1272.794843,      58.806419
4019,   6.348000,     677.035034,    1259.943366,      66.693416,     648.432374,    1272.432089,      59.006489
4020,   6.349000,     677.800238,    1259.665370,      66.893418,     649.153173,    1272.070408,      59.206593
4021,   6.350000,     678.566396,    1259.389639,      67.093413,     649.875283,    1271.710634,      59.406520
4022,   6.351000,     679.333568,    1259.116292,      67.293414,     650.599003,    1271.353006,      59.606310
4023,   6.352000,     680.101633,    1258.845091,      67.493416,     651.324093,    1270.997643,      59.806140
4024,   6.353000,     680.870712,    1258.576155,      67.693417,     652.050793,    1270.644188,      60.005848
4025,   6.354000,     681.640685,    1258.309603,      67.893412,     652.777731,    1270.292759,      60.205679
4026,   6.355000,     682.411551,    1258.045197,      68.093414,     653.506279,    1269.943476,      60.405435
4027,   6.356000,     683.183372,    1257.783175,      68.293415,     654.236317,    1269.596338,      60.605327
4028,   6.357000,     683.956146,    1257.523417,      68.493417,     654.967487,    1269.251585,      60.805192
4029,   6.358000,     684.729755,    1257.265925,      68.693412,     655.700743,    1268.908978,      61.004982
4030,   6.359000,     685.504258,    1257.010698,      68.893413,     656.434834,    1268.568158,      61.204915
4031,   6.360000,     686.279714,    1256.757736,      69.093415,     657.170117,    1268.229723,      61.404787
4032,   6.361000,     687.056005,    1256.507158,      69.293417,     657.906413,    1267.893672,      61.604720
4033,   6.362000,     687.833130,    1256.258845,      69.493418,     658.643782,    1267.559767,      61.804469
4034,   6.363000,     688.611150,    1256.012917,      69.693413,     659.382522,    1267.227769,      62.004403
4035,   6.364000,     689.390063,    1255.769134,      69.893415,     660.122156,    1266.897678,      62.204220
4036,   6.365000,     690.169811,    1255.527735,      70.093416,     660.863161,    1266.570210,      62.404112
4037,   6.366000,     690.950334,    1255.288720,      70.293418,     661.605597,    1266.245127,      62.604052
4038,   6.367000,     691.731751,    1255.051970,      70.493413,     662.349284,    1265.922308,      62.803869
4039,   6.368000,     692.513943,    1254.817486,      70.693414,     663.093746,    1265.601516,      63.003830
4040,   6.369000,     693.297029,    1254.585385,      70.893416,     663.839161,    1265.282750,      63.203811
4041,   6.370000,     694.080830,    1254.355550,      71.093417,     664.586008,    1264.966130,      63.403615
4042,   6.371000,     694.865465,    1254.128098,      71.293412,     665.333867,    1264.651775,      63.603678
4043,   6.372000,     695.650876,    1253.903031,      71.493414,     666.083395,    1264.339805,      63.803584
4044,   6.373000,     696.437120,    1253.680110,      71.693415,     666.833520,    1264.029980,      64.003777
4045,   6.374000,     697.224081,    1253.459692,      71.893417,     667.584002,    1263.722301,      64.203778
4046,   6.375000,     698.011875,    1253.241539,      72.093412,     668.334782,    1263.416648,      64.403862
4047,   6.376000,     698.800325,    1253.025770,      72.293413,     669.086695,    1263.113499,      64.604055
4048,   6.377000,     699.589610,    1252.812266,      72.493415,     669.840515,    1262.812495,      64.804268
4049,   6.378000,     700.379610,    1252.601147,      72.693416,     670.595467,    1262.513995,      65.004529
4050,   6.379000,     701.170325,    1252.392411,      72.893418,     671.352267,    1262.217402,      65.204633
4051,   6.380000,     701.961815,    1252.186060,      73.093413,     672.109485,    1261.922836,      65.404819
4052,   6.381000,     702.753961,    1251.981974,      73.293414,     672.866821,    1261.630297,      65.604787
4053,   6.382000,     703.546822,    1251.780272,      73.493416,     673.626006,    1261.339903,      65.805000
4054,   6.383000,     704.340398,    1251.580834,      73.693418,     674.386740,    1261.051774,      66.005043
4055,   6.384000,     705.134690,    1251.383901,      73.893412,     675.149024,    1260.766149,      66.205249
4056,   6.385000,     705.929637,    1251.189232,      74.093414,     675.911427,    1260.482788,      66.405435
4057,   6.386000,     706.725240,    1250.997066,      74.293416,     676.674247,    1260.201693,      66.605450
4058,   6.387000,     707.521558,    1250.807166,      74.493417,     677.437842,    1259.922743,      66.805609
4059,   6.388000,     708.318532,    1250.619650,      74.693412,     678.202689,    1259.645939,      67.005556
4060,   6.389000,     709.116101,    1250.434399,      74.893414,     678.968489,    1259.371638,      67.205476
4061,   6.390000,     709.914386,    1250.251651,      75.093415,     679.735184,    1259.099722,      67.405443
4062,   6.391000,     710.713267,    1250.071287,      75.293417,     680.503190,    1258.830070,      67.605322
4063,   6.392000,     711.512744,    1249.893308,      75.493418,     681.272209,    1258.562803,      67.805248
4064,   6.393000,     712.312877,    1249.717593,      75.693413,     682.042897,    1258.297801,      68.005086
4065,   6.394000,     713.113606,    1249.544382,      75.893415,     682.814002,    1258.034825,      68.204944
4066,   6.395000,     713.914931,    1249.373436,      76.093416,     683.586121,    1257.774115,      68.404857
4067,   6.396000,     714.716852,    1249.204993,      76.293418,     684.358835,    1257.516026,      68.604606
4068,   6.397000,     715.519369,    1249.038935,      76.493413,     685.132504,    1257.260084,      68.804464
4069,   6.398000,     716.322482,    1248.875141,      76.693414,     685.907781,    1257.006645,      69.004110
4070,   6.399000,     717.126131,    1248.713851,      76.893416,     686.682999,    1256.755352,      69.203962
4071,   6.400000,     717.930317,    1248.554945,      77.093418,     687.459469,    1256.506085,      69.403615
4072,   6.401000,     718.735099,    1248.398423,      77.293412,     688.235819,    1256.259203,      69.603439
4073,   6.402000,     719.540417,    1248.244286,      77.493414,     689.013183,    1256.014705,      69.803229
4074,   6.403000,     720.346212,    1248.092651,      77.693415,     689.791441,    1255.772471,      70.003224
4075,   6.404000,     721.152604,    1247.943282,      77.893417,     690.571010,    1255.532622,      70.203177
4076,   6.405000,     721.959472,    1247.796416,      78.093412,     691.351652,    1255.294800,      70.403022
4077,   6.406000,     722.766876,    1247.651815,      78.293413,     692.132592,    1255.059481,      70.603146
4078,   6.407000,     723.574758,    1247.509718,      78.493415,     692.914248,    1254.826546,      70.803189
4079,   6.408000,     724.383116,    1247.370124,      78.693417,     693.697214,    1254.595637,      71.003307
4080,   6.409000,     725.192010,    1247.232795,      78.893418,     694.482088,    1254.367113,      71.203479
4081,   6.410000,     726.001322,    1247.097969,      79.093413,     695.266962,    1254.140973,      71.403733
4082,   6.411000,     726.811171,    1246.965528,      79.293415,     696.052432,    1253.917336,      71.603994
4083,   6.412000,     727.621436,    1246.835470,      79.493416,     696.838379,    1253.696322,      71.804433
4084,   6.413000,     728.432119,    1246.707797,      79.693418,     697.625279,    1253.477693,      72.004722
4085,   6.414000,     729.243279,    1246.582627,      79.893413,     698.412776,    1253.261089,      72.205078
4086,   6.415000,     730.054855,    1246.459842,      80.093414,     699.201107,    1253.046751,      72.405415
4087,   6.416000,     730.866909,    1246.339560,      80.293416,     699.990571,    1252.834678,      72.605710
4088,   6.417000,     731.679320,    1246.221542,      80.493417,     700.779557,    1252.624989,      72.805828
4089,   6.418000,     732.492149,    1246.106148,      80.693412,     701.569736,    1252.417684,      73.005925
4090,   6.419000,     733.305395,    1245.993018,      80.893414,     702.360332,    1252.212644,      73.205913
4091,   6.420000,     734.118998,    1245.882392,      81.093415,     703.153074,    1252.010107,      73.405942
4092,   6.421000,     734.933019,    1245.774150,      81.293417,     703.946412,    1251.809716,      73.605834
4093,   6.422000,     735.747397,    1245.668411,      81.493412,     704.741001,    1251.611590,      73.805761
4094,   6.423000,     736.562133,    1245.565057,      81.693413,     705.535173,    1251.415730,      74.005462
4095,   6.424000,     737.377226,    1245.464087,      81.893415,     706.329226,    1251.222372,      74.205115
4096,   6.425000,     738.192677,    1245.365620,      82.093417,     707.124591,    1251.031280,      74.404843
4097,   6.426000,     739.008486,    1245.269537,      82.293418,     707.920671,    1250.842690,      74.604558
4098,   6.427000,     739.824593,    1245.175958,      82.493413,     708.717346,    1250.656486,      74.804321
4099,   6.428000,     740.641057,    1245.084763,      82.693414,     709.514499,    1250.472903,      75.004165
4100,   6.429000,     741.457820,    1244.996071,      82.893416,     710.312009,    1250.291824,      75.203996
4101,   6.430000,     742.274880,    1244.909763,      83.093418,     711.110115,    1250.113368,      75.403909
4102,   6.431000,     743.092239,    1244.825840,      83.293412,     711.910009,    1249.937057,      75.603883
4103,   6.432000,     743.909895,    1244.744539,      83.493414,     712.709904,    1249.762893,      75.803789
4104,   6.433000,     744.727790,    1244.665504,      83.693416,     713.510692,    1249.591112,      76.003804
4105,   6.434000,     745.545983,    1244.588971,      83.893417,     714.311779,    1249.421716,      76.203683
4106,   6.435000,     746.364474,    1244.514942,      84.093412,     715.113938,    1249.254823,      76.403678
4107,   6.436000,     747.183204,    1244.443297,      84.293414,     715.917349,    1249.090075,      76.603700
4108,   6.437000,     748.002112,    1244.374156,      84.493415,     716.720045,    1248.927593,      76.803660
4109,   6.438000,     748.821318,    1244.307399,      84.693417,     717.522860,    1248.767614,      77.003792
4110,   6.439000,     749.640763,    1244.243026,      84.893412,     718.325555,    1248.610258,      77.203848
4111,   6.440000,     750.460386,    1244.181275,      85.093413,     719.130099,    1248.455405,      77.403904
4112,   6.441000,     751.280248,    1244.121909,      85.293415,     719.935715,    1248.302698,      77.603926
4113,   6.442000,     752.100348,    1244.064927,      85.493416,     720.741808,    1248.152375,      77.803962
4114,   6.443000,     752.920568,    1244.010448,      85.693418,     721.547127,    1248.004317,      78.004066
4115,   6.444000,     753.741026,    1243.958354,      85.893413,     722.353101,    1247.858882,      78.204102
4116,   6.445000,     754.561663,    1243.908763,      86.093414,     723.159611,    1247.715712,      78.404281
4117,   6.446000,     755.382419,    1243.861675,      86.293416,     723.967612,    1247.575164,      78.604385
4118,   6.447000,     756.203413,    1243.816972,      86.493418,     724.776745,    1247.436881,      78.804639
4119,   6.448000,     757.024467,    1243.774772,      86.693412,     725.585938,    1247.301102,      79.004812
4120,   6.449000,     757.845759,    1243.735075,      86.893414,     726.395428,    1247.167826,      79.205032
4121,   6.450000,     758.667111,    1243.697762,      87.093416,     727.204263,    1247.037053,      79.405129
4122,   6.451000,     759.488642,    1243.662953,      87.293417,     728.014529,    1246.908665,      79.605377
4123,   6.452000,     760.310233,    1243.630528,      87.493412,     728.824496,    1246.782660,      79.805371
4124,   6.453000,     761.132002,    1243.600607,      87.693413,     729.636312,    1246.659160,      80.005366
4125,   6.454000,     761.953831,    1243.573070,      87.893415,     730.446637,    1246.537805,      80.205381
4126,   6.455000,     762.775719,    1243.548036,      88.093417,     731.257796,    1246.419191,      80.405390
4127,   6.456000,     763.597727,    1243.525505,      88.293418,     732.069194,    1246.302843,      80.605275
4128,   6.457000,     764.419794,    1243.505359,      88.493413,     732.882202,    1246.188641,      80.805140
4129,   6.458000,     765.241981,    1243.487716,      88.693415,     733.695209,    1246.076703,      81.004930
4130,   6.459000,     766.064167,    1243.472576,      88.893416,     734.508753,    1245.967150,      81.204665
4131,   6.460000,     766.886413,    1243.459821,      89.093418,     735.322773,    1245.859981,      81.404585
4132,   6.461000,     767.708719,    1243.449569,      89.293413,     736.136734,    1245.755315,      81.604395
4133,   6.462000,     768.531024,    1243.441820,      89.493414,     736.951947,    1245.653152,      81.804342
4134,   6.463000,     769.353390,    1243.436456,      89.693416,     737.767160,    1245.553493,      82.004351
4135,   6.464000,     770.175755,    1243.433595,      89.893417,     738.582611,    1245.456219,      82.204284
4136,   6.465000,     770.998120,    1243.433118,      90.093412,     739.396930,    1245.361447,      82.404272
4137,   6.466000,     771.820486,    1243.435144,      90.293414,     740.211904,    1245.269418,      82.604424
4138,   6.467000,     772.642851,    1243.439674,      90.493415,     741.027474,    1245.179892,      82.804460
4139,   6.468000,     773.465157,    1243.446589,      90.693417,     741.844714,    1245.092750,      83.004366
4140,   6.469000,     774.287462,    1243.456006,      90.893412,     742.661715,    1245.008111,      83.204401
4141,   6.470000,     775.109708,    1243.467808,      91.093413,     743.478656,    1244.925737,      83.404232
4142,   6.471000,     775.931954,    1243.482113,      91.293415,     744.294524,    1244.845867,      83.604179
4143,   6.472000,     776.754141,    1243.498921,      91.493417,     745.111942,    1244.768381,      83.804119
4144,   6.473000,     777.576208,    1243.518233,      91.693418,     745.930493,    1244.693398,      84.003861
4145,   6.474000,     778.398275,    1243.539929,      91.893413,     746.749401,    1244.620800,      84.203788
4146,   6.475000,     779.220223,    1243.564010,      92.093415,     747.568488,    1244.550467,      84.403735
4147,   6.476000,     780.042052,    1243.590713,      92.293416,     748.386145,    1244.482756,      84.603538
4148,   6.477000,     780.863822,    1243.619800,      92.493418,     749.204099,    1244.417429,      84.803615
4149,   6.478000,     781.685472,    1243.651271,      92.693412,     750.022709,    1244.354367,      85.003555
4150,   6.479000,     782.507062,    1243.685246,      92.893414,     750.842392,    1244.293809,      85.203721
4151,   6.480000,     783.328474,    1243.721724,      93.093416,     751.661777,    1244.235635,      85.403770
4152,   6.481000,     784.149766,    1243.760586,      93.293417,     752.481401,    1244.179964,      85.603881
4153,   6.482000,     784.970939,    1243.801951,      93.493412,     753.300726,    1244.126916,      85.804108
4154,   6.483000,     785.791934,    1243.845820,      93.693414,     754.121304,    1244.076371,      86.004437
4155,   6.484000,     786.612749,    1243.892074,      93.893415,     754.941046,    1244.028211,      86.204746
4156,   6.485000,     787.433445,    1243.940830,      94.093417,     755.761743,    1243.982434,      86.404953
4157,   6.486000,     788.253963,    1243.991971,      94.293412,     756.581903,    1243.939161,      86.605282
4158,   6.487000,     789.074242,    1244.045615,      94.493413,     757.403195,    1243.898511,      86.805270
4159,   6.488000,     789.894402,    1244.101644,      94.693415,     758.224308,    1243.860364,      87.005525
4160,   6.489000,     790.714324,    1244.160175,      94.893416,     759.045362,    1243.824720,      87.205601
4161,   6.490000,     791.534066,    1244.221210,      95.093418,     759.866059,    1243.791223,      87.405610
4162,   6.491000,     792.353570,    1244.284630,      95.293413,     760.686457,    1243.760228,      87.605557
4163,   6.492000,     793.172836,    1244.350433,      95.493414,     761.507750,    1243.731618,      87.805319
4164,   6.493000,     793.991864,    1244.418859,      95.693416,     762.328863,    1243.705511,      88.005191
4165,   6.494000,     794.810712,    1244.489551,      95.893418,     763.151228,    1243.682027,      88.204960
4166,   6.495000,     795.629263,    1244.562864,      96.093412,     763.972819,    1243.660808,      88.404750
4167,   6.496000,     796.447515,    1244.638443,      96.293414,     764.794827,    1243.641973,      88.604547
4168,   6.497000,     797.265589,    1244.716644,      96.493416,     765.615821,    1243.625522,      88.804398
4169,   6.498000,     798.083305,    1244.797111,      96.693417,     766.437709,    1243.611574,      89.004325
4170,   6.499000,     798.900783,    1244.880199,      96.893412,     767.259538,    1243.600249,      89.204210
4171,   6.500000,     799.717963,    1244.965553,      97.093414,     768.081844,    1243.591428,      89.404232
4172,   6.501000,     800.534785,    1245.053411,      97.293415,     768.903136,    1243.584991,      89.604268
4173,   6.502000,     801.351368,    1245.143771,      97.493417,     769.724071,    1243.581057,      89.804352
4174,   6.503000,     802.167594,    1245.236516,      97.693418,     770.545840,    1243.579626,      90.004428
4175,   6.504000,     802.983522,    1245.331764,      97.893413,     771.367610,    1243.580699,      90.204389
4176,   6.505000,     803.799093,    1245.429397,      98.093415,     772.189915,    1243.583798,      90.404425
4177,   6.506000,     804.614305,    1245.529413,      98.293416,     773.011625,    1243.589163,      90.604242
4178,   6.507000,     805.429161,    1245.631933,      98.493418,     773.833573,    1243.596554,      90.804189
4179,   6.508000,     806.243658,    1245.736837,      98.693413,     774.654508,    1243.606091,      91.003965
4180,   6.509000,     807.057798,    1245.844245,      98.893414,     775.477350,    1243.618011,      91.203878
4181,   6.510000,     807.871580,    1245.954037,      99.093416,     776.299775,    1243.632078,      91.403757
4182,   6.511000,     808.684945,    1246.066332,      99.293417,     777.121961,    1243.648648,      91.603526
4183,   6.512000,     809.497893,    1246.180892,      99.493412,     777.942717,    1243.667841,      91.803569
4184,   6.513000,     810.310483,    1246.297956,      99.693414,     778.763354,    1243.689895,      92.003502
4185,   6.514000,     811.122656,    1246.417522,      99.893415,     779.584765,    1243.714452,      92.203626
4186,   6.515000,     811.934412,    1246.539474,     100.093417,     780.407012,    1243.741632,      92.403758
4187,   6.516000,     812.745690,    1246.663809,     100.293412,     781.228721,    1243.771434,      92.603882
4188,   6.517000,     813.556552,    1246.790528,     100.493413,     782.049000,    1243.803978,      92.804055
4189,   6.518000,     814.366996,    1246.919751,     100.693415,     782.869041,    1243.839502,      93.004336
4190,   6.519000,     815.176964,    1247.051358,     100.893417,     783.689320,    1243.877530,      93.204618
4191,   6.520000,     815.986454,    1247.185349,     101.093418,     784.510791,    1243.918300,      93.404784
4192,   6.521000,     816.795468,    1247.321844,     101.293413,     785.332024,    1243.961692,      93.605072
4193,   6.522000,     817.604005,    1247.460604,     101.493415,     786.153138,    1244.007707,      93.805251
4194,   6.523000,     818.412125,    1247.601867,     101.693416,     786.972225,    1244.056463,      94.005410
4195,   6.524000,     819.219649,    1247.745514,     101.893418,     787.792325,    1244.107485,      94.205466
4196,   6.525000,     820.026696,    1247.891665,     102.093413,     788.612068,    1244.160891,      94.405427
4197,   6.526000,     820.833266,    1248.040080,     102.293414,     789.432466,    1244.216561,      94.605442
4198,   6.527000,     821.639299,    1248.190999,     102.493416,     790.251851,    1244.274616,      94.805327
4199,   6.528000,     822.444797,    1248.344302,     102.693417,     791.071236,    1244.335294,      95.005322
4200,   6.529000,     823.249757,    1248.499990,     102.893412,     791.890562,    1244.397998,      95.205133
4201,   6.530000,     824.054122,    1248.658061,     103.093414,     792.709231,    1244.463205,      95.404909
4202,   6.531000,     824.858010,    1248.818517,     103.293415,     793.527722,    1244.530439,      95.604794
4203,   6.532000,     825.661242,    1248.981357,     103.493417,     794.345677,    1244.600177,      95.804550
4204,   6.533000,     826.463997,    1249.146700,     103.693412,     795.164227,    1244.672179,      96.004435
4205,   6.534000,     827.266097,    1249.314308,     103.893413,     795.982480,    1244.746804,      96.204403
4206,   6.535000,     828.067660,    1249.484301,     104.093415,     796.800792,    1244.824052,      96.404275
4207,   6.536000,     828.868628,    1249.656796,     104.293416,     797.617495,    1244.903684,      96.604310
4208,   6.537000,     829.668939,    1249.831557,     104.493418,     798.434436,    1244.985580,      96.804278
4209,   6.538000,     830.468655,    1250.008702,     104.693413,     799.249768,    1245.069861,      97.004389
4210,   6.539000,     831.267774,    1250.188351,     104.893414,     800.066650,    1245.156884,      97.204418
4211,   6.540000,     832.066238,    1250.370264,     105.093416,     800.882757,    1245.246291,      97.404406
4212,   6.541000,     832.864046,    1250.554562,     105.293418,     801.699579,    1245.338321,      97.604278
4213,   6.542000,     833.661258,    1250.741243,     105.493412,     802.515090,    1245.432615,      97.804149
4214,   6.543000,     834.457755,    1250.930309,     105.693414,     803.330243,    1245.529413,      98.003939
4215,   6.544000,     835.253656,    1251.121759,     105.893416,     804.144502,    1245.628357,      98.203825
4216,   6.545000,     836.048841,    1251.315594,     106.093417,     804.959118,    1245.729923,      98.403635
4217,   6.546000,     836.843312,    1251.511693,     106.293412,     805.774331,    1245.833993,      98.603398
4218,   6.547000,     837.637186,    1251.710296,     106.493414,     806.588411,    1245.940566,      98.803331
4219,   6.548000,     838.430285,    1251.911163,     106.693415,     807.401896,    1246.049404,      99.003278
4220,   6.549000,     839.222729,    1252.114415,     106.893417,     808.214009,    1246.160626,      99.203389
4221,   6.550000,     840.014398,    1252.319932,     107.093418,     809.026897,    1246.274352,      99.403452
4222,   6.551000,     840.805411,    1252.527952,     107.293413,     809.838533,    1246.390462,      99.603802
4223,   6.552000,     841.595650,    1252.738237,     107.493415,     810.650945,    1246.508956,      99.804022
4224,   6.553000,     842.385173,    1252.950788,     107.693416,     811.462224,    1246.629715,     100.004433
4225,   6.554000,     843.173921,    1253.165841,     107.893418,     812.273324,    1246.752977,     100.204681
4226,   6.555000,     843.961954,    1253.383160,     108.093413,     813.083649,    1246.878505,     100.405010
4227,   6.556000,     844.749212,    1253.602743,     108.293414,     813.894749,    1247.006536,     100.605265
4228,   6.557000,     845.535696,    1253.824830,     108.493416,     814.704776,    1247.136831,     100.805505
4229,   6.558000,     846.321404,    1254.049063,     108.693417,     815.513968,    1247.269511,     101.005589
4230,   6.559000,     847.106278,    1254.275799,     108.893412,     816.322148,    1247.404695,     101.205672
4231,   6.560000,     847.890437,    1254.504800,     109.093414,     817.129910,    1247.542262,     101.405640
4232,   6.561000,     848.673701,    1254.736066,     109.293415,     817.938507,    1247.682452,     101.605498
4233,   6.562000,     849.456251,    1254.969716,     109.493417,     818.746209,    1247.824788,     101.805349
4234,   6.563000,     850.237906,    1255.205631,     109.693412,     819.553196,    1247.969627,     102.005207
4235,   6.564000,     851.018786,    1255.443931,     109.893413,     820.358038,    1248.116732,     102.204943
4236,   6.565000,     851.798773,    1255.684495,     110.093415,     821.163535,    1248.266578,     102.404692
4237,   6.566000,     852.577984,    1255.927444,     110.293417,     821.968496,    1248.418689,     102.604570
4238,   6.567000,     853.356302,    1256.172538,     110.493418,     822.774053,    1248.573303,     102.804415
4239,   6.568000,     854.133785,    1256.420135,     110.693413,     823.579311,    1248.730063,     103.004218
4240,   6.569000,     854.910374,    1256.669879,     110.893415,     824.382961,    1248.889327,     103.204295
4241,   6.570000,     855.686069,    1256.922007,     111.093416,     825.185895,    1249.051213,     103.404269
4242,   6.571000,     856.460929,    1257.176399,     111.293418,     825.988531,    1249.215364,     103.604182
4243,   6.572000,     857.234895,    1257.433057,     111.493413,     826.791108,    1249.381781,     103.804327
4244,   6.573000,     858.007908,    1257.692099,     111.693414,     827.592492,    1249.550700,     104.004370
4245,   6.574000,     858.780086,    1257.953286,     111.893416,     828.393459,    1249.722123,     104.204440
4246,   6.575000,     859.551311,    1258.216858,     112.093417,     829.193115,    1249.895930,     104.404509
4247,   6.576000,     860.321581,    1258.482695,     112.293412,     829.993069,    1250.072002,     104.604463
4248,   6.577000,     861.090958,    1258.750796,     112.493414,     830.791056,    1250.250340,     104.804479
4249,   6.578000,     861.859381,    1259.021163,     112.693415,     831.589222,    1250.430942,     105.004357
4250,   6.579000,     862.626851,    1259.293795,     112.893417,     832.386374,    1250.613809,     105.204120
4251,   6.580000,     863.393366,    1259.568691,     113.093412,     833.183587,    1250.799298,     105.403951
4252,   6.581000,     864.158928,    1259.845853,     113.293413,     833.980799,    1250.987172,     105.603740
4253,   6.582000,     864.923537,    1260.125279,     113.493415,     834.776580,    1251.177430,     105.803407
4254,   6.583000,     865.687132,    1260.406971,     113.693416,     835.571826,    1251.369953,     106.003388
4255,   6.584000,     866.449773,    1260.690928,     113.893418,     836.365759,    1251.564860,     106.203322
4256,   6.585000,     867.211401,    1260.977149,     114.093413,     837.159753,    1251.762033,     106.403412
4257,   6.586000,     867.972016,    1261.265516,     114.293414,     837.952614,    1251.961589,     106.603503
4258,   6.587000,     868.731618,    1261.556268,     114.493416,     838.745475,    1252.163649,     106.803730
4259,   6.588000,     869.490206,    1261.849165,     114.693411,     839.536846,    1252.368212,     107.004018
4260,   6.589000,     870.247781,    1262.144327,     114.893412,     840.328038,    1252.575159,     107.204388
4261,   6.590000,     871.004343,    1262.441635,     115.093414,     841.117978,    1252.784252,     107.404766
4262,   6.591000,     871.759832,    1262.741327,     115.293416,     841.907620,    1252.995729,     107.605061
4263,   6.592000,     872.514248,    1263.043165,     115.493417,     842.696548,    1253.209591,     107.805418
4264,   6.593000,     873.267651,    1263.347149,     115.693419,     843.485117,    1253.425717,     108.005474
4265,   6.594000,     874.019980,    1263.653517,     115.893420,     844.272733,    1253.644109,     108.205721
4266,   6.595000,     874.771178,    1263.961911,     116.093408,     845.058739,    1253.864765,     108.405798
4267,   6.596000,     875.521362,    1264.272690,     116.293410,     845.844388,    1254.087687,     108.605841
4268,   6.597000,     876.270473,    1264.585495,     116.493412,     846.628726,    1254.313231,     108.805699
4269,   6.598000,     877.018452,    1264.900684,     116.693413,     847.412825,    1254.541039,     109.005393
4270,   6.599000,     877.765298,    1265.217900,     116.893415,     848.195314,    1254.771113,     109.205176
4271,   6.600000,     878.511071,    1265.537381,     117.093416,     848.977804,    1255.003691,     109.404864
4272,   6.601000,     879.255712,    1265.859127,     117.293418,     849.758744,    1255.238652,     109.604674
4273,   6.602000,     879.999220,    1266.183019,     117.493420,     850.538790,    1255.475760,     109.804443
4274,   6.603000,     880.741596,    1266.509056,     117.693421,     851.319015,    1255.715132,     110.004336
4275,   6.604000,     881.482899,    1266.837239,     117.893409,     852.099061,    1255.956650,     110.204126
4276,   6.605000,     882.222950,    1267.167687,     118.093411,     852.877915,    1256.200790,     110.404011
4277,   6.606000,     882.961929,    1267.500281,     118.293412,     853.655398,    1256.447077,     110.603999
4278,   6.607000,     883.699656,    1267.835021,     118.493414,     854.431748,    1256.695747,     110.803932
4279,   6.608000,     884.436250,    1268.171906,     118.693415,     855.207682,    1256.946683,     111.004057
4280,   6.609000,     885.171711,    1268.510938,     118.893417,     855.983377,    1257.199764,     111.204106
4281,   6.610000,     885.905921,    1268.852115,     119.093419,     856.758416,    1257.455230,     111.404279
4282,   6.611000,     886.638999,    1269.195557,     119.293420,     857.531488,    1257.712841,     111.604403
4283,   6.612000,     887.370825,    1269.541025,     119.493408,     858.302891,    1257.972717,     111.804453
4284,   6.613000,     888.101459,    1269.888759,     119.693410,     859.072506,    1258.234978,     112.004598
4285,   6.614000,     888.830841,    1270.238519,     119.893411,     859.842420,    1258.499503,     112.204504
4286,   6.615000,     889.559031,    1270.590425,     120.093413,     860.611677,    1258.766413,     112.404430
4287,   6.616000,     890.285969,    1270.944476,     120.293415,     861.380994,    1259.035587,     112.604343
4288,   6.617000,     891.011655,    1271.300673,     120.493416,     862.148643,    1259.306908,     112.804030
4289,   6.618000,     891.736150,    1271.658897,     120.693404,     862.914503,    1259.580493,     113.003895
4290,   6.619000,     892.459273,    1272.019267,     120.893392,     863.680243,    1259.856462,     113.203637
4291,   6.620000,     893.181145,    1272.381783,     121.093366,     864.444911,    1260.134697,     113.403666
4292,   6.621000,     893.901706,    1272.746325,     121.293327,     865.209520,    1260.415077,     113.603565
4293,   6.622000,     894.620955,    1273.113012,     121.493288,     865.972579,    1260.697842,     113.803553
4294,   6.623000,     895.338833,    1273.481727,     121.693221,     866.734743,    1260.982990,     114.003616
4295,   6.624000,     896.055341,    1273.852468,     121.893141,     867.496073,    1261.270404,     114.203850
4296,   6.625000,     896.770537,    1274.225235,     122.093033,     868.255675,    1261.560082,     114.404098
4297,   6.626000,     897.484303,    1274.600148,     122.292912,     869.014025,    1261.852026,     114.604345
4298,   6.627000,     898.196697,    1274.976969,     122.492749,     869.770467,    1262.146115,     114.804620
4299,   6.628000,     898.907661,    1275.355935,     122.692573,     870.526671,    1262.442470,     115.004854
4300,   6.629000,     899.617136,    1275.736809,     122.892370,     871.282220,    1262.740850,     115.205211
4301,   6.630000,     900.325239,    1276.119709,     123.092126,     872.037649,    1263.041258,     115.405349
4302,   6.631000,     901.031852,    1276.504636,     123.291854,     872.791529,    1263.344049,     115.605514
4303,   6.632000,     901.737034,    1276.891470,     123.491541,     873.543620,    1263.649344,     115.805625
4304,   6.633000,     902.440667,    1277.280331,     123.691188,     874.294758,    1263.956428,     116.005476
4305,   6.634000,     903.142810,    1277.671218,     123.890793,     875.044048,    1264.265656,     116.205478
4306,   6.635000,     903.843462,    1278.063893,     124.090358,     875.793457,    1264.577270,     116.405247
4307,   6.636000,     904.542565,    1278.458595,     124.289881,     876.541913,    1264.891386,     116.605044
4308,   6.637000,     905.240119,    1278.855205,     124.489350,     877.289832,    1265.207529,     116.804909
4309,   6.638000,     905.936122,    1279.253840,     124.688764,     878.036141,    1265.526056,     117.004651
4310,   6.639000,     906.630576,    1279.654264,     124.888138,     878.780007,    1265.846610,     117.204475
4311,   6.640000,     907.323420,    1280.056596,     125.087442,     879.522741,    1266.169310,     117.404245
4312,   6.641000,     908.014655,    1280.460835,     125.286706,     880.264163,    1266.494155,     117.604164
4313,   6.642000,     908.704281,    1280.866861,     125.485902,     881.006062,    1266.821146,     117.804084
4314,   6.643000,     909.392238,    1281.274796,     125.685029,     881.747305,    1267.150402,     118.003908
4315,   6.644000,     910.078585,    1281.684637,     125.884102,     882.486880,    1267.481685,     118.204019
4316,   6.645000,     910.763323,    1282.096267,     126.083106,     883.224905,    1267.814994,     118.403952
4317,   6.646000,     911.446333,    1282.509685,     126.282029,     883.960962,    1268.150330,     118.604118
4318,   6.647000,     912.127674,    1282.925010,     126.480897,     884.696603,    1268.487811,     118.804051
4319,   6.648000,     912.807345,    1283.342123,     126.679682,     885.431111,    1268.827558,     119.004107
4320,   6.649000,     913.485229,    1283.761024,     126.878400,     886.164963,    1269.169569,     119.204136
4321,   6.650000,     914.161503,    1284.181595,     127.077036,     886.897802,    1269.513845,     119.404220
4322,   6.651000,     914.835989,    1284.604073,     127.275589,     887.628198,    1269.860148,     119.604139
4323,   6.652000,     915.508687,    1285.028219,     127.474061,     888.357222,    1270.208478,     119.803936
4324,   6.653000,     916.179657,    1285.454035,     127.672450,     889.084637,    1270.559072,     120.003910
4325,   6.654000,     916.848898,    1285.881758,     127.870758,     889.812052,    1270.912170,     120.203762
4326,   6.655000,     917.516291,    1286.311030,     128.068970,     890.537441,    1271.267295,     120.403654
4327,   6.656000,     918.181956,    1286.742091,     128.267087,     891.261935,    1271.624207,     120.603464
4328,   6.657000,     918.845773,    1287.174821,     128.465121,     891.984880,    1271.983147,     120.803398
4329,   6.658000,     919.507742,    1287.609339,     128.663046,     892.705977,    1272.344589,     121.003235
4330,   6.659000,     920.167923,    1288.045406,     128.860876,     893.427014,    1272.708058,     121.203223
4331,   6.660000,     920.826256,    1288.483143,     129.058610,     894.146562,    1273.073554,     121.403156
4332,   6.661000,     921.482682,    1288.922429,     129.256235,     894.865274,    1273.440957,     121.603090
4333,   6.662000,     922.137320,    1289.363503,     129.453764,     895.581663,    1273.810148,     121.803119
4334,   6.663000,     922.790051,    1289.806008,     129.651170,     896.295846,    1274.181485,     122.003148
4335,   6.664000,     923.440874,    1290.250301,     129.848480,     897.010088,    1274.554849,     122.203108
4336,   6.665000,     924.089789,    1290.696025,     130.045668,     897.722661,    1274.929881,     122.403055
4337,   6.666000,     924.736798,    1291.143417,     130.242746,     898.433566,    1275.306821,     122.602920
4338,   6.667000,     925.381899,    1291.592360,     130.439702,     899.142921,    1275.686264,     122.802799
4339,   6.668000,     926.025033,    1292.042732,     130.636548,     899.850607,    1276.067853,     123.002554
4340,   6.669000,     926.666260,    1292.494774,     130.833271,     900.556922,    1276.451468,     123.202228
4341,   6.670000,     927.305520,    1292.948246,     131.029871,     901.261568,    1276.836753,     123.401683
4342,   6.671000,     927.942753,    1293.403268,     131.226334,     901.965678,    1277.224183,     123.600975
4343,   6.672000,     928.578079,    1293.859720,     131.422675,     902.667701,    1277.613759,     123.800375
4344,   6.673000,     929.211378,    1294.317722,     131.618893,     903.367937,    1278.005242,     123.999626
4345,   6.674000,     929.842710,    1294.777155,     131.814960,     904.067755,    1278.398156,     124.198767
4346,   6.675000,     930.472016,    1295.238018,     132.010905,     904.765308,    1278.792977,     124.397962
4347,   6.676000,     931.099296,    1295.700312,     132.206713,     905.461788,    1279.190302,     124.596994
4348,   6.677000,     931.724548,    1296.164036,     132.402384,     906.156301,    1279.589295,     124.796108
4349,   6.678000,     932.347775,    1296.629071,     132.597905,     906.848371,    1279.989719,     124.995235
4350,   6.679000,     932.968974,    1297.095656,     132.793289,     907.540083,    1280.392170,     125.194239
4351,   6.680000,     933.588088,    1297.563434,     132.988510,     908.229828,    1280.796766,     125.393353
4352,   6.681000,     934.205115,    1298.032761,     133.183593,     908.917665,    1281.203508,     125.592344
4353,   6.682000,     934.820116,    1298.503280,     133.378527,     909.604847,    1281.611681,     125.791403
4354,   6.683000,     935.432971,    1298.975110,     133.573310,     910.289228,    1282.021403,     125.990393
4355,   6.684000,     936.043799,    1299.448371,     133.767930,     910.972476,    1282.433152,     126.189289
4356,   6.685000,     936.652482,    1299.922824,     133.962399,     911.653757,    1282.847166,     126.388143
4357,   6.686000,     937.259018,    1300.398588,     134.156704,     912.333608,    1283.263087,     126.586942
4358,   6.687000,     937.863469,    1300.875664,     134.350846,     913.011968,    1283.680320,     126.785632
4359,   6.688000,     938.465774,    1301.353931,     134.544823,     913.688481,    1284.099579,     126.984036
4360,   6.689000,     939.065993,    1301.833510,     134.738636,     914.363265,    1284.520984,     127.182562
4361,   6.690000,     939.664006,    1302.314281,     134.932272,     915.036321,    1284.943938,     127.380897
4362,   6.691000,     940.259874,    1302.796245,     135.125744,     915.707707,    1285.368800,     127.579150
4363,   6.692000,     940.853596,    1303.279400,     135.319038,     916.377187,    1285.795093,     127.777321
4364,   6.693000,     941.445112,    1303.763628,     135.512155,     917.044878,    1286.222935,     127.975301
4365,   6.694000,     942.034483,    1304.249167,     135.705094,     917.710423,    1286.652565,     128.173336
4366,   6.695000,     942.621648,    1304.735780,     135.897842,     918.374300,    1287.083745,     128.371247
4367,   6.696000,     943.206608,    1305.223465,     136.090413,     919.036329,    1287.516594,     128.569118
4368,   6.697000,     943.789363,    1305.712342,     136.282805,     919.696867,    1287.950993,     128.766797
4369,   6.698000,     944.369972,    1306.202292,     136.475007,     920.355201,    1288.387060,     128.964599
4370,   6.699000,     944.948256,    1306.693316,     136.667017,     921.011329,    1288.824677,     129.162060
4371,   6.700000,     945.524395,    1307.185411,     136.858836,     921.666086,    1289.263606,     129.359794
4372,   6.701000,     946.098268,    1307.678461,     137.050464,     922.319353,    1289.703965,     129.557337
4373,   6.702000,     946.669936,    1308.172703,     137.241887,     922.971010,    1290.146351,     129.754880
4374,   6.703000,     947.239339,    1308.667779,     137.433119,     923.620403,    1290.590405,     129.952245
4375,   6.704000,     947.806478,    1309.164047,     137.624132,     924.267709,    1291.036010,     130.149378
4376,   6.705000,     948.371351,    1309.661150,     137.814954,     924.913228,    1291.483045,     130.346470
4377,   6.706000,     948.933959,    1310.159206,     138.005570,     925.556779,    1291.932106,     130.543234
4378,   6.707000,     949.494302,    1310.658336,     138.195982,     926.198184,    1292.383194,     130.739861
4379,   6.708000,     950.052381,    1311.158299,     138.386176,     926.837742,    1292.835593,     130.936325
4380,   6.709000,     950.608134,    1311.659217,     138.576151,     927.475989,    1293.289542,     131.132529
4381,   6.710000,     951.161623,    1312.160969,     138.765921,     928.112328,    1293.745160,     131.328582
4382,   6.711000,     951.712847,    1312.663674,     138.955472,     928.746045,    1294.202209,     131.524390
4383,   6.712000,     952.261746,    1313.167214,     139.144805,     929.377496,    1294.660449,     131.720212
4384,   6.713000,     952.808321,    1313.671708,     139.333906,     930.006444,    1295.120120,     131.915869
4385,   6.714000,     953.352571,    1314.176917,     139.522788,     930.633724,    1295.581222,     132.111254
4386,   6.715000,     953.894556,    1314.682961,     139.711438,     931.259871,    1296.043515,     132.306788
4387,   6.716000,     954.434156,    1315.189838,     139.899869,     931.884527,    1296.506882,     132.502091
4388,   6.717000,     954.971433,    1315.697432,     140.088068,     932.507396,    1296.971798,     132.697380
4389,   6.718000,     955.506444,    1316.205859,     140.276021,     933.127284,    1297.438264,     132.892477
4390,   6.719000,     956.039011,    1316.715002,     140.463742,     933.744013,    1297.905684,     133.087465
4391,   6.720000,     956.569314,    1317.224860,     140.651231,     934.358478,    1298.374295,     133.282331
4392,   6.721000,     957.097232,    1317.735434,     140.838487,     934.971631,    1298.844337,     133.477196
4393,   6.722000,     957.622826,    1318.246722,     141.025484,     935.583532,    1299.315929,     133.671802
4394,   6.723000,     958.146036,    1318.758726,     141.212235,     936.193764,    1299.788594,     133.866162
4395,   6.724000,     958.666921,    1319.271326,     141.398754,     936.801314,    1300.262570,     134.060303
4396,   6.725000,     959.185421,    1319.784641,     141.585013,     937.406003,    1300.738096,     134.254390
4397,   6.726000,     959.701538,    1320.298433,     141.771013,     938.007891,    1301.214814,     134.448271
4398,   6.727000,     960.215330,    1320.813060,     141.956767,     938.607454,    1301.692843,     134.642044
4399,   6.728000,     960.726678,    1321.328163,     142.142275,     939.206064,    1302.172065,     134.835557
4400,   6.729000,     961.235702,    1321.843863,     142.327509,     939.803660,    1302.652597,     135.029042
4401,   6.730000,     961.742282,    1322.360039,     142.512484,     940.399051,    1303.134561,     135.222364
4402,   6.731000,     962.246537,    1322.876811,     142.697200,     940.991521,    1303.617597,     135.415617
4403,   6.732000,     962.748349,    1323.394179,     142.881642,     941.581070,    1304.101586,     135.608734
4404,   6.733000,     963.247836,    1323.912024,     143.065825,     942.167997,    1304.587007,     135.801591
4405,   6.734000,     963.744879,    1324.430346,     143.249735,     942.753673,    1305.073380,     135.994339
4406,   6.735000,     964.239538,    1324.949145,     143.433372,     943.338454,    1305.560589,     136.186978
4407,   6.736000,     964.731753,    1325.468302,     143.616735,     943.920791,    1306.049228,     136.379507
4408,   6.737000,     965.221584,    1325.988054,     143.799811,     944.500148,    1306.538939,     136.571709
4409,   6.738000,     965.709031,    1326.508164,     143.982614,     945.076227,    1307.029486,     136.763678
4410,   6.739000,     966.194034,    1327.028632,     144.165144,     945.650399,    1307.521343,     136.955415
4411,   6.740000,     966.676652,    1327.549577,     144.347374,     946.222723,    1308.014393,     137.146824
4412,   6.741000,     967.156887,    1328.070760,     144.529330,     946.793020,    1308.508039,     137.338056
4413,   6.742000,     967.634678,    1328.592420,     144.710986,     947.361410,    1309.002519,     137.528769
4414,   6.743000,     968.110025,    1329.114318,     144.892368,     947.927058,    1309.498429,     137.719140
4415,   6.744000,     968.582988,    1329.636693,     145.073437,     948.489547,    1309.995055,     137.909429
4416,   6.745000,     969.053507,    1330.159187,     145.254218,     949.049890,    1310.492158,     138.099349
4417,   6.746000,     969.521642,    1330.682039,     145.434713,     949.608445,    1310.990572,     138.289078
4418,   6.747000,     969.987333,    1331.205130,     145.614893,     950.165570,    1311.490774,     138.478752
4419,   6.748000,     970.450580,    1331.728578,     145.794773,     950.720429,    1311.990976,     138.668017
4420,   6.749000,     970.911384,    1332.252145,     145.974352,     951.272726,    1312.491655,     138.857186
4421,   6.750000,     971.369803,    1332.775950,     146.153617,     951.822937,    1312.994123,     139.046327
4422,   6.751000,     971.825778,    1333.299994,     146.332582,     952.370346,    1313.497782,     139.235319
4423,   6.752000,     972.279370,    1333.824158,     146.511232,     952.915311,    1314.001799,     139.424201
4424,   6.753000,     972.730458,    1334.348440,     146.689569,     953.459024,    1314.506650,     139.612987
4425,   6.754000,     973.179162,    1334.872961,     146.867591,     954.000294,    1315.012813,     139.801705
4426,   6.755000,     973.625422,    1335.397482,     147.045285,     954.538941,    1315.519810,     139.990068
4427,   6.756000,     974.069238,    1335.922241,     147.222665,     955.075204,    1316.026926,     140.178308
4428,   6.757000,     974.510670,    1336.447001,     147.399717,     955.608726,    1316.534638,     140.366302
4429,   6.758000,     974.949658,    1336.971879,     147.576455,     956.139207,    1317.043543,     140.554174
4430,   6.759000,     975.386202,    1337.496877,     147.752851,     956.667602,    1317.553043,     140.741594
4431,   6.760000,     975.820303,    1338.021755,     147.928920,     957.194269,    1318.062544,     140.928632
4432,   6.761000,     976.251960,    1338.546753,     148.104661,     957.718492,    1318.573117,     141.115287
4433,   6.762000,     976.681232,    1339.071751,     148.280074,     958.239913,    1319.084406,     141.301642
4434,   6.763000,     977.108061,    1339.596748,     148.455145,     958.759069,    1319.595933,     141.487601
4435,   6.764000,     977.532446,    1340.121627,     148.629875,     959.276021,    1320.108056,     141.673396
4436,   6.765000,     977.954447,    1340.646505,     148.804263,     959.790349,    1320.620894,     141.858753
4437,   6.766000,     978.373945,    1341.171384,     148.978310,     960.302770,    1321.134329,     142.043906
4438,   6.767000,     978.791118,    1341.696143,     149.152002,     960.813046,    1321.648121,     142.228977
4439,   6.768000,     979.205787,    1342.220664,     149.325352,     961.320460,    1322.163224,     142.413870
4440,   6.769000,     979.618073,    1342.745185,     149.498347,     961.825311,    1322.678447,     142.598504
4441,   6.770000,     980.027914,    1343.269587,     149.671001,     962.328672,    1323.194146,     142.783056
4442,   6.771000,     980.435371,    1343.793750,     149.843285,     962.830186,    1323.711395,     142.967402
4443,   6.772000,     980.840385,    1344.317794,     150.015229,     963.328719,    1324.228644,     143.151708
4444,   6.773000,     981.242955,    1344.841719,     150.186803,     963.824570,    1324.745774,     143.335672
4445,   6.774000,     981.643140,    1345.365286,     150.358009,     964.318156,    1325.264215,     143.519514
4446,   6.775000,     982.040882,    1345.888734,     150.528859,     964.809120,    1325.783491,     143.702973
4447,   6.776000,     982.436299,    1346.411943,     150.699340,     965.297878,    1326.302886,     143.886090
4448,   6.777000,     982.829213,    1346.934795,     150.869453,     965.784907,    1326.822400,     144.068729
4449,   6.778000,     983.219743,    1347.457409,     151.039197,     966.268957,    1327.342391,     144.251041
4450,   6.779000,     983.607888,    1347.979784,     151.208558,     966.749489,    1327.862740,     144.433298
4451,   6.780000,     983.993649,    1348.501801,     151.377551,     967.227995,    1328.383327,     144.614967
4452,   6.781000,     984.376967,    1349.023581,     151.546161,     967.704892,    1328.904390,     144.796131
4453,   6.782000,     984.757900,    1349.544883,     151.714388,     968.178809,    1329.425335,     144.976994
4454,   6.783000,     985.136449,    1350.065827,     151.882247,     968.650043,    1329.946160,     145.157462
4455,   6.784000,     985.512614,    1350.586534,     152.049710,     969.119430,    1330.467582,     145.337628
4456,   6.785000,     985.886395,    1351.106763,     152.216790,     969.586492,    1330.989242,     145.517208
4457,   6.786000,     986.257792,    1351.626515,     152.383474,     970.050812,    1331.511021,     145.696227
4458,   6.787000,     986.626804,    1352.145910,     152.549775,     970.512867,    1332.032800,     145.875219
4459,   6.788000,     986.993432,    1352.664828,     152.715667,     970.972836,    1332.554936,     146.053978
4460,   6.789000,     987.357676,    1353.183270,     152.881176,     971.430480,    1333.077669,     146.232574
4461,   6.790000,     987.719536,    1353.701234,     153.046289,     971.885204,    1333.600760,     146.411197
4462,   6.791000,     988.079071,    1354.218602,     153.210992,     972.337246,    1334.123969,     146.589602
4463,   6.792000,     988.436222,    1354.735613,     153.375286,     972.787738,    1334.647298,     146.767815
4464,   6.793000,     988.791049,    1355.252028,     153.539183,     973.235667,    1335.171342,     146.945919
4465,   6.794000,     989.143431,    1355.767846,     153.702670,     973.680496,    1335.695386,     147.123791
4466,   6.795000,     989.493549,    1356.283188,     153.865761,     974.123120,    1336.219192,     147.301431
4467,   6.796000,     989.841282,    1356.797934,     154.028416,     974.563897,    1336.743474,     147.478688
4468,   6.797000,     990.186691,    1357.311964,     154.190674,     975.001991,    1337.267756,     147.655685
4469,   6.798000,     990.529716,    1357.825518,     154.352508,     975.437403,    1337.791800,     147.832068
4470,   6.799000,     990.870476,    1358.338356,     154.513919,     975.870311,    1338.315725,     148.007959
4471,   6.800000,     991.208851,    1358.850479,     154.674907,     976.300716,    1338.839531,     148.183413
4472,   6.801000,     991.544902,    1359.362006,     154.835484,     976.728499,    1339.363217,     148.358553
4473,   6.802000,     991.878629,    1359.872937,     154.995625,     977.154016,    1339.887023,     148.533119
4474,   6.803000,     992.210090,    1360.383034,     155.155342,     977.577269,    1340.410352,     148.707179
4475,   6.804000,     992.539167,    1360.892415,     155.314622,     977.998257,    1340.933681,     148.880748
4476,   6.805000,     992.865980,    1361.401200,     155.473465,     978.416383,    1341.457009,     149.054043
4477,   6.806000,     993.190527,    1361.909032,     155.631884,     978.831947,    1341.980338,     149.226916
4478,   6.807000,     993.512690,    1362.416267,     155.789867,     979.245663,    1342.503667,     149.399760
4479,   6.808000,     993.832648,    1362.922668,     155.947398,     979.657352,    1343.026996,     149.572277
4480,   6.809000,     994.150281,    1363.428235,     156.104493,     980.066299,    1343.550444,     149.744576
4481,   6.810000,     994.465649,    1363.932967,     156.261136,     980.472445,    1344.073892,     149.916491
4482,   6.811000,     994.778693,    1364.436865,     156.417343,     980.876625,    1344.597101,     150.088312
4483,   6.812000,     995.089531,    1364.939928,     156.573098,     981.279016,    1345.120192,     150.259982
4484,   6.813000,     995.398045,    1365.442157,     156.728403,     981.678843,    1345.643520,     150.431255
4485,   6.814000,     995.704353,    1365.943551,     156.883243,     982.075870,    1346.166134,     150.602201
4486,   6.815000,     996.008396,    1366.443872,     157.037647,     982.470274,    1346.687913,     150.772601
4487,   6.816000,     996.310174,    1366.943479,     157.191572,     982.861996,    1347.210050,     150.942768
4488,   6.817000,     996.609747,    1367.442012,     157.345046,     983.251810,    1347.731590,     151.112512
4489,   6.818000,     996.907055,    1367.939591,     157.498056,     983.639300,    1348.252177,     151.281901
4490,   6.819000,     997.202158,    1368.436337,     157.650602,     984.023929,    1348.772764,     151.450648
4491,   6.820000,     997.494996,    1368.932009,     157.802683,     984.405577,    1349.293590,     151.618739
4492,   6.821000,     997.785687,    1369.426727,     157.954285,     984.785020,    1349.813342,     151.786283
4493,   6.822000,     998.074114,    1369.920373,     158.105424,     985.163212,    1350.332379,     151.953459
4494,   6.823000,     998.360336,    1370.412946,     158.256084,     985.539258,    1350.851059,     152.120197
4495,   6.824000,     998.644412,    1370.904565,     158.406266,     985.911906,    1351.369858,     152.286499
4496,   6.825000,     998.926282,    1371.395111,     158.555970,     986.281455,    1351.888537,     152.452636
4497,   6.826000,     999.205947,    1371.884584,     158.705196,     986.649156,    1352.406621,     152.618173
4498,   6.827000,     999.483466,    1372.372985,     158.853944,     987.015247,    1352.924347,     152.782958
4499,   6.828000,     999.758780,    1372.860312,     159.002187,     987.378836,    1353.441834,     152.947634
4500,   6.829000,    1000.031948,    1373.346448,     159.149965,     987.739503,    1353.958845,     153.112187
4501,   6.830000,    1000.302911,    1373.831391,     159.297237,     988.097548,    1354.474902,     153.276384
4502,   6.831000,    1000.571847,    1374.315262,     159.444018,     988.453805,    1354.990959,     153.440514
4503,   6.832000,    1000.838518,    1374.798059,     159.590307,     988.808036,    1355.507016,     153.604234
4504,   6.833000,    1001.103163,    1375.279546,     159.736104,     989.159822,    1356.021762,     153.767776
4505,   6.834000,    1001.365662,    1375.759840,     159.881396,     989.509106,    1356.535316,     153.930908
4506,   6.835000,    1001.626015,    1376.238942,     160.026182,     989.856124,    1357.048869,     154.093521
4507,   6.836000,    1001.884222,    1376.716733,     160.170463,     990.201056,    1357.562065,     154.255697
4508,   6.837000,    1002.140284,    1377.193451,     160.314239,     990.543425,    1358.073831,     154.417313
4509,   6.838000,    1002.394319,    1377.668738,     160.457509,     990.883350,    1358.584881,     154.578423
4510,   6.839000,    1002.646327,    1378.142834,     160.600273,     991.221249,    1359.095812,     154.739179
4511,   6.840000,    1002.896190,    1378.615618,     160.742519,     991.556823,    1359.605551,     154.899811
4512,   6.841000,    1003.144026,    1379.087090,     160.884245,     991.890132,    1360.114574,     155.059924
4513,   6.842000,    1003.389716,    1379.557252,     161.025453,     992.220819,    1360.623121,     155.219273
4514,   6.843000,    1003.633380,    1380.026102,     161.166155,     992.549002,    1361.130953,     155.378102
4515,   6.844000,    1003.875017,    1380.493641,     161.306324,     992.874682,    1361.637950,     155.536330
4516,   6.845000,    1004.114509,    1380.959749,     161.445960,     993.198395,    1362.144351,     155.694299
4517,   6.846000,    1004.352093,    1381.424546,     161.585077,     993.519843,    1362.650156,     155.851694
4518,   6.847000,    1004.587650,    1381.887794,     161.723662,     993.839085,    1363.155127,     156.008665
4519,   6.848000,    1004.821062,    1382.349730,     161.861727,     994.156003,    1363.659263,     156.164967
4520,   6.849000,    1005.052567,    1382.810235,     161.999246,     994.470417,    1364.163041,     156.320531
4521,   6.850000,    1005.282044,    1383.269310,     162.136233,     994.782448,    1364.666104,     156.476178
4522,   6.851000,    1005.509615,    1383.726954,     162.272672,     995.092690,    1365.167737,     156.631647
4523,   6.852000,    1005.735040,    1384.183168,     162.408580,     995.400965,    1365.668297,     156.786473
4524,   6.853000,    1005.958557,    1384.637833,     162.543954,     995.706677,    1366.168618,     156.941040
4525,   6.854000,    1006.180167,    1385.090947,     162.678768,     996.009827,    1366.667986,     157.095293
4526,   6.855000,    1006.399751,    1385.542631,     162.813036,     996.310532,    1367.165804,     157.249137
4527,   6.856000,    1006.617427,    1385.992765,     162.946758,     996.609092,    1367.662787,     157.402310
4528,   6.857000,    1006.833076,    1386.441469,     163.079919,     996.905804,    1368.159175,     157.555279
4529,   6.858000,    1007.046819,    1386.888504,     163.212534,     997.200668,    1368.654251,     157.707893
4530,   6.859000,    1007.258654,    1387.333989,     163.344589,     997.493267,    1369.148135,     157.860111
4531,   6.860000,    1007.468581,    1387.777925,     163.476084,     997.782946,    1369.641185,     158.011454
4532,   6.861000,    1007.676601,    1388.220191,     163.607018,     998.070121,    1370.132923,     158.162196
4533,   6.862000,    1007.882714,    1388.660908,     163.737393,     998.355389,    1370.623350,     158.312501
4534,   6.863000,    1008.087039,    1389.099956,     163.867207,     998.639226,    1371.113181,     158.462233
4535,   6.864000,    1008.289337,    1389.537454,     163.996435,     998.921096,    1371.602416,     158.611213
4536,   6.865000,    1008.489847,    1389.973164,     164.125102,     999.200583,    1372.090220,     158.759770
4537,   6.866000,    1008.688450,    1390.407324,     164.253195,     999.477148,    1372.576594,     158.907616
4538,   6.867000,    1008.885145,    1390.839815,     164.380715,     999.751270,    1373.062611,     159.055093
4539,   6.868000,    1009.080052,    1391.270638,     164.507661,    1000.023723,    1373.547792,     159.202079
4540,   6.869000,    1009.273171,    1391.699672,     164.634046,    1000.294924,    1374.031305,     159.348628
4541,   6.870000,    1009.464383,    1392.127156,     164.759845,    1000.564218,    1374.513745,     159.494889
4542,   6.871000,    1009.653807,    1392.552853,     164.885070,    1000.830889,    1374.995351,     159.640809
4543,   6.872000,    1009.841561,    1392.976880,     165.009734,    1001.094937,    1375.475407,     159.786101
4544,   6.873000,    1010.027409,    1393.399239,     165.133811,    1001.356840,    1375.954270,     159.930997
4545,   6.874000,    1010.211587,    1393.819809,     165.257329,    1001.616597,    1376.432180,     160.075373
4546,   6.875000,    1010.393858,    1394.238710,     165.380258,    1001.874328,    1376.908422,     160.219272
4547,   6.876000,    1010.574579,    1394.655943,     165.502628,    1002.130270,    1377.383471,     160.362624
4548,   6.877000,    1010.753393,    1395.071387,     165.624410,    1002.383947,    1377.857447,     160.505552
4549,   6.878000,    1010.930657,    1395.485163,     165.745632,    1002.635360,    1378.329635,     160.647975
4550,   6.879000,    1011.106133,    1395.897150,     165.866281,    1002.884269,    1378.800988,     160.790344
4551,   6.880000,    1011.279821,    1396.307349,     165.986356,    1003.131151,    1379.270434,     160.932084
4552,   6.881000,    1011.451960,    1396.715879,     166.105857,    1003.376007,    1379.738450,     161.073059
4553,   6.882000,    1011.622429,    1397.122622,     166.224770,    1003.618956,    1380.205631,     161.213501
4554,   6.883000,    1011.791110,    1397.527695,     166.343124,    1003.859997,    1380.671024,     161.353411
4555,   6.884000,    1011.958241,    1397.930980,     166.460917,    1004.099131,    1381.134868,     161.492556
4556,   6.885000,    1012.123704,    1398.332477,     166.578123,    1004.335880,    1381.597996,     161.631222
4557,   6.886000,    1012.287617,    1398.732185,     166.694756,    1004.570723,    1382.059693,     161.769424
4558,   6.887000,    1012.449861,    1399.130106,     166.810814,    1004.803538,    1382.519722,     161.906971
4559,   6.888000,    1012.610435,    1399.526238,     166.926299,    1005.034566,    1382.978678,     162.043916
4560,   6.889000,    1012.769461,    1399.920702,     167.041224,    1005.263567,    1383.436561,     162.180233
4561,   6.890000,    1012.926936,    1400.313258,     167.155561,    1005.490780,    1383.892775,     162.316222
4562,   6.891000,    1013.082862,    1400.704145,     167.269338,    1005.716205,    1384.347320,     162.451528
4563,   6.892000,    1013.237238,    1401.093125,     167.382528,    1005.939722,    1384.800553,     162.586301
4564,   6.893000,    1013.390064,    1401.480317,     167.495158,    1006.161213,    1385.252595,     162.720610
4565,   6.894000,    1013.541341,    1401.865840,     167.607200,    1006.380558,    1385.702729,     162.854345
4566,   6.895000,    1013.691068,    1402.249455,     167.718683,    1006.597757,    1386.151075,     162.987534
4567,   6.896000,    1013.839245,    1402.631164,     167.829591,    1006.812930,    1386.598229,     163.120258
4568,   6.897000,    1013.985991,    1403.011203,     167.939913,    1007.026434,    1387.044191,     163.252395
4569,   6.898000,    1014.131308,    1403.389454,     168.049674,    1007.238269,    1387.488723,     163.384108
4570,   6.899000,    1014.275074,    1403.765798,     168.158861,    1007.448316,    1387.930751,     163.515357
4571,   6.900000,    1014.417410,    1404.140234,     168.267475,    1007.656455,    1388.370872,     163.645978
4572,   6.901000,    1014.558196,    1404.513001,     168.375515,    1007.862568,    1388.809919,     163.776038
4573,   6.902000,    1014.697671,    1404.883862,     168.482981,    1008.066654,    1389.247298,     163.905511
4574,   6.903000,    1014.835596,    1405.252934,     168.589873,    1008.268595,    1389.682770,     164.034438
4575,   6.904000,    1014.972210,    1405.620098,     168.696206,    1008.468628,    1390.116692,     164.162736
4576,   6.905000,    1015.107274,    1405.985475,     168.801951,    1008.666873,    1390.549302,     164.290502
4577,   6.906000,    1015.241027,    1406.348944,     168.907122,    1008.863330,    1390.980005,     164.417488
4578,   6.907000,    1015.373349,    1406.710625,     169.011733,    1009.058118,    1391.409159,     164.544079
4579,   6.908000,    1015.504360,    1407.070398,     169.115757,    1009.251118,    1391.836762,     164.670096
4580,   6.909000,    1015.633941,    1407.428384,     169.219207,    1009.442329,    1392.262459,     164.795553
4581,   6.910000,    1015.762210,    1407.784462,     169.322097,    1009.631395,    1392.687082,     164.920518
4582,   6.911000,    1015.889049,    1408.138633,     169.424413,    1009.818673,    1393.110156,     165.044992
4583,   6.912000,    1016.014695,    1408.491015,     169.526142,    1010.004044,    1393.531203,     165.168768
4584,   6.913000,    1016.138911,    1408.841491,     169.627311,    1010.187745,    1393.950462,     165.292108
4585,   6.914000,    1016.261816,    1409.190059,     169.727906,    1010.369778,    1394.368529,     165.414641
4586,   6.915000,    1016.383410,    1409.536839,     169.827927,    1010.550380,    1394.784570,     165.536752
4587,   6.916000,    1016.503692,    1409.881711,     169.927361,    1010.729313,    1395.198941,     165.658042
4588,   6.917000,    1016.622663,    1410.224676,     170.026235,    1010.906458,    1395.611405,     165.778786
4589,   6.918000,    1016.740441,    1410.565734,     170.124535,    1011.081934,    1396.022201,     165.898861
4590,   6.919000,    1016.856909,    1410.905004,     170.222261,    1011.255741,    1396.431327,     166.018335
4591,   6.920000,    1016.972184,    1411.242247,     170.319428,    1011.427641,    1396.839023,     166.137194
4592,   6.921000,    1017.086148,    1411.577702,     170.416007,    1011.597872,    1397.244692,     166.255451
4593,   6.922000,    1017.198920,    1411.911249,     170.512012,    1011.766434,    1397.648215,     166.373354
4594,   6.923000,    1017.310381,    1412.242889,     170.607443,    1011.933565,    1398.050070,     166.490724
4595,   6.924000,    1017.420650,    1412.572622,     170.702314,    1012.099028,    1398.450255,     166.607356
4596,   6.925000,    1017.529726,    1412.900448,     170.796598,    1012.262940,    1398.848295,     166.723784
4597,   6.926000,    1017.637610,    1413.226366,     170.890309,    1012.425303,    1399.244666,     166.839528
4598,   6.927000,    1017.744303,    1413.550377,     170.983459,    1012.585998,    1399.639845,     166.954767
4599,   6.928000,    1017.849922,    1413.872480,     171.076021,    1012.745261,    1400.032640,     167.069610
4600,   6.929000,    1017.954230,    1414.192677,     171.168024,    1012.902975,    1400.423408,     167.183865
4601,   6.930000,    1018.057466,    1414.510965,     171.259453,    1013.059139,    1400.812745,     167.297629
4602,   6.931000,    1018.159509,    1414.827347,     171.350294,    1013.213634,    1401.200533,     167.410723
4603,   6.932000,    1018.260360,    1415.141821,     171.440576,    1013.366342,    1401.586413,     167.523326
4604,   6.933000,    1018.360138,    1415.454268,     171.530284,    1013.517380,    1401.970387,     167.635327
4605,   6.934000,    1018.458843,    1415.764928,     171.619418,    1013.666987,    1402.352929,     167.746728
4606,   6.935000,    1018.556356,    1416.073561,     171.707978,    1013.815045,    1402.733803,     167.857582
4607,   6.936000,    1018.652797,    1416.380286,     171.795964,    1013.961673,    1403.112888,     167.967807
4608,   6.937000,    1018.748164,    1416.685104,     171.883377,    1014.106870,    1403.490067,     168.077336
4609,   6.938000,    1018.842340,    1416.988015,     171.970216,    1014.250636,    1403.865337,     168.186237
4610,   6.939000,    1018.935561,    1417.288899,     172.056481,    1014.392853,    1404.238939,     168.294495
4611,   6.940000,    1019.027710,    1417.587996,     172.142187,    1014.533877,    1404.611111,     168.402084
4612,   6.941000,    1019.118667,    1417.885065,     172.227304,    1014.673352,    1404.981136,     168.509004
4613,   6.942000,    1019.208670,    1418.180108,     172.311848,    1014.811397,    1405.348778,     168.615200
4614,   6.943000,    1019.297719,    1418.473363,     172.395832,    1014.948010,    1405.714393,     168.720917
4615,   6.944000,    1019.385576,    1418.764591,     172.479229,    1015.083075,    1406.078577,     168.826089
4616,   6.945000,    1019.472480,    1419.053912,     172.562066,    1015.216708,    1406.441092,     168.930468
4617,   6.946000,    1019.558430,    1419.341326,     172.644315,    1015.349030,    1406.801581,     169.034423
4618,   6.947000,    1019.643307,    1419.626713,     172.726004,    1015.479922,    1407.159805,     169.137914
4619,   6.948000,    1019.727111,    1419.910192,     172.807119,    1015.609741,    1407.516122,     169.240709
4620,   6.949000,    1019.810081,    1420.191646,     172.887647,    1015.738130,    1407.870650,     169.343202
4621,   6.950000,    1019.891977,    1420.471191,     172.967615,    1015.865088,    1408.223748,     169.445204
4622,   6.951000,    1019.972920,    1420.748830,     173.047009,    1015.990615,    1408.574700,     169.546619
4623,   6.952000,    1020.052910,    1421.024442,     173.125829,    1016.114831,    1408.923864,     169.647610
4624,   6.953000,    1020.131946,    1421.298146,     173.204076,    1016.237736,    1409.271002,     169.748041
4625,   6.954000,    1020.210028,    1421.569824,     173.281749,    1016.359568,    1409.616470,     169.847912
4626,   6.955000,    1020.287156,    1421.839595,     173.358848,    1016.479969,    1409.960032,     169.947305
4627,   6.956000,    1020.363331,    1422.107458,     173.435374,    1016.599059,    1410.301805,     170.046193
4628,   6.957000,    1020.438552,    1422.373295,     173.511339,    1016.716719,    1410.641551,     170.144356
4629,   6.958000,    1020.512938,    1422.637105,     173.586717,    1016.833186,    1410.979629,     170.242042
4630,   6.959000,    1020.586371,    1422.899008,     173.661521,    1016.948462,    1411.316156,     170.339194
4631,   6.960000,    1020.658970,    1423.159003,     173.735765,    1017.062545,    1411.650538,     170.435855
4632,   6.961000,    1020.730615,    1423.416853,     173.809422,    1017.175436,    1411.982656,     170.531833
4633,   6.962000,    1020.801425,    1423.672915,     173.882505,    1017.286897,    1412.312984,     170.627264
4634,   6.963000,    1020.871282,    1423.926950,     173.955028,    1017.397046,    1412.641287,     170.722013
4635,   6.964000,    1020.940304,    1424.178958,     174.026977,    1017.506003,    1412.967920,     170.815996
4636,   6.965000,    1021.008492,    1424.429059,     174.098339,    1017.613888,    1413.292766,     170.909433
4637,   6.966000,    1021.075726,    1424.677134,     174.169141,    1017.720580,    1413.615942,     171.002078
4638,   6.967000,    1021.142244,    1424.923301,     174.239382,    1017.826080,    1413.936973,     171.094067
4639,   6.968000,    1021.207929,    1425.167441,     174.309037,    1017.930388,    1414.255857,     171.185441
4640,   6.969000,    1021.272659,    1425.409794,     174.378145,    1018.033504,    1414.572716,     171.276146
4641,   6.970000,    1021.336675,    1425.650001,     174.446679,    1018.135428,    1414.887905,     171.366386
4642,   6.971000,    1021.399856,    1425.888419,     174.514666,    1018.236279,    1415.201426,     171.455916
4643,   6.972000,    1021.462202,    1426.124811,     174.582094,    1018.335938,    1415.513039,     171.544873
4644,   6.973000,    1021.523833,    1426.359415,     174.648962,    1018.434644,    1415.822506,     171.633542
4645,   6.974000,    1021.584630,    1426.591992,     174.715269,    1018.532038,    1416.129827,     171.721488
4646,   6.975000,    1021.644711,    1426.822662,     174.781044,    1018.628478,    1416.435480,     171.809037
4647,   6.976000,    1021.703959,    1427.051544,     174.846258,    1018.723965,    1416.739464,     171.896027
4648,   6.977000,    1021.762490,    1427.278399,     174.910927,    1018.818617,    1417.041302,     171.982497
4649,   6.978000,    1021.820307,    1427.503467,     174.975062,    1018.912196,    1417.340755,     172.068489
4650,   6.979000,    1021.877408,    1427.726626,     175.038651,    1019.004583,    1417.638302,     172.153989
4651,   6.980000,    1021.933675,    1427.947879,     175.101694,    1019.095898,    1417.934060,     172.238820
4652,   6.981000,    1021.989346,    1428.167343,     175.164217,    1019.186139,    1418.227911,     172.323378
4653,   6.982000,    1022.044182,    1428.384900,     175.226195,    1019.275427,    1418.519735,     172.407198
4654,   6.983000,    1022.098422,    1428.600669,     175.287639,    1019.363403,    1418.809652,     172.490526
4655,   6.984000,    1022.151947,    1428.814530,     175.348551,    1019.450426,    1419.097543,     172.573363
4656,   6.985000,    1022.204757,    1429.026604,     175.408943,    1019.536376,    1419.383526,     172.655612
4657,   6.986000,    1022.256851,    1429.236770,     175.468817,    1019.621372,    1419.667363,     172.737151
4658,   6.987000,    1022.308350,    1429.445267,     175.528157,    1019.705296,    1419.949651,     172.818129
4659,   6.988000,    1022.359133,    1429.651856,     175.586979,    1019.788265,    1420.230269,     172.898493
4660,   6.989000,    1022.409201,    1429.856658,     175.645281,    1019.869924,    1420.508742,     172.978133
4661,   6.990000,    1022.458673,    1430.059552,     175.703065,    1019.950628,    1420.785189,     173.057309
4662,   6.991000,    1022.507548,    1430.260777,     175.760343,    1020.030260,    1421.059847,     173.135801
4663,   6.992000,    1022.555828,    1430.460215,     175.817102,    1020.108819,    1421.332359,     173.213707
4664,   6.993000,    1022.603393,    1430.657864,     175.873369,    1020.186901,    1421.603203,     173.290874
4665,   6.994000,    1022.650361,    1430.853844,     175.929117,    1020.264030,    1421.872139,     173.367577
4666,   6.995000,    1022.696733,    1431.047916,     175.984359,    1020.340443,    1422.138929,     173.443515
4667,   6.996000,    1022.742391,    1431.240320,     176.039096,    1020.415664,    1422.403693,     173.519194
4668,   6.997000,    1022.787571,    1431.430936,     176.093342,    1020.490170,    1422.666550,     173.593930
4669,   6.998000,    1022.832155,    1431.619883,     176.147082,    1020.563722,    1422.927618,     173.668406
4670,   6.999000,    1022.876143,    1431.807041,     176.200330,    1020.636678,    1423.186541,     173.742213
4671,   7.000000,    1022.919536,    1431.992412,     176.253086,    1020.708680,    1423.443317,     173.815556
4672,   7.001000,    1022.962332,    1432.176232,     176.305351,    1020.779848,    1423.698306,     173.888229
4673,   7.002000,    1023.004532,    1432.358265,     176.357137,    1020.850062,    1423.951268,     173.960533
4674,   7.003000,    1023.046255,    1432.538629,     176.408418,    1020.919323,    1424.202323,     174.032250
4675,   7.004000,    1023.087382,    1432.717323,     176.459235,    1020.987988,    1424.451351,     174.103407
4676,   7.005000,    1023.128033,    1432.894349,     176.509560,    1021.055818,    1424.698234,     174.174045
4677,   7.006000,    1023.168087,    1433.069706,     176.559406,    1021.122813,    1424.943566,     174.244068
4678,   7.007000,    1023.207545,    1433.243513,     176.608775,    1021.188855,    1425.187111,     174.313654
4679,   7.008000,    1023.246527,    1433.415771,     176.657666,    1021.253705,    1425.428510,     174.382666
4680,   7.009000,    1023.285031,    1433.586359,     176.706092,    1021.317601,    1425.668001,     174.450872
4681,   7.010000,    1023.322940,    1433.755398,     176.754040,    1021.380663,    1425.905585,     174.518628
4682,   7.011000,    1023.360491,    1433.922887,     176.801537,    1021.443009,    1426.141262,     174.586069
4683,   7.012000,    1023.397446,    1434.088826,     176.848556,    1021.504641,    1426.374912,     174.652691
4684,   7.013000,    1023.433805,    1434.253216,     176.895110,    1021.565437,    1426.606774,     174.718875
4685,   7.014000,    1023.469806,    1434.416056,     176.941200,    1021.625400,    1426.836729,     174.784473
4686,   7.015000,    1023.505211,    1434.577465,     176.986840,    1021.684527,    1427.064896,     174.849551
4687,   7.016000,    1023.540258,    1434.737444,     177.032028,    1021.742940,    1427.291274,     174.914055
4688,   7.017000,    1023.574829,    1434.895873,     177.076752,    1021.800756,    1427.515745,     174.977972
4689,   7.018000,    1023.608804,    1435.052991,     177.121026,    1021.857858,    1427.738309,     175.041397
4690,   7.019000,    1023.642421,    1435.208559,     177.164862,    1021.914244,    1427.958965,     175.104221
4691,   7.020000,    1023.675561,    1435.362697,     177.208233,    1021.970034,    1428.177595,     175.166512
4692,   7.021000,    1023.708224,    1435.515523,     177.251168,    1022.025108,    1428.394556,     175.228230
4693,   7.022000,    1023.740411,    1435.666919,     177.293665,    1022.079468,    1428.609610,     175.289538
4694,   7.023000,    1023.772240,    1435.817003,     177.335712,    1022.133231,    1428.823113,     175.350258
4695,   7.024000,    1023.803592,    1435.965657,     177.377335,    1022.186399,    1429.034829,     175.410528
4696,   7.025000,    1023.834467,    1436.113000,     177.418508,    1022.238851,    1429.244757,     175.470265
4697,   7.026000,    1023.864865,    1436.259031,     177.459257,    1022.290587,    1429.452896,     175.529510
4698,   7.027000,    1023.895025,    1436.403751,     177.499568,    1022.341847,    1429.659128,     175.588208
4699,   7.028000,    1023.924589,    1436.547160,     177.539457,    1022.392273,    1429.863334,     175.646401
4700,   7.029000,    1023.953795,    1436.689377,     177.578908,    1022.441983,    1430.065751,     175.704117
4701,   7.030000,    1023.982644,    1436.830282,     177.617949,    1022.491097,    1430.266261,     175.761272
4702,   7.031000,    1024.011135,    1436.969995,     177.656567,    1022.539616,    1430.465460,     175.817962
4703,   7.032000,    1024.039149,    1437.108397,     177.694762,    1022.587419,    1430.662751,     175.874093
4704,   7.033000,    1024.066687,    1437.245727,     177.732532,    1022.634625,    1430.858254,     175.929636
4705,   7.034000,    1024.093986,    1437.381744,     177.769894,    1022.681117,    1431.051970,     175.984687
4706,   7.035000,    1024.120808,    1437.516570,     177.806845,    1022.727013,    1431.244016,     176.039206
4707,   7.036000,    1024.147272,    1437.650323,     177.843386,    1022.772312,    1431.434155,     176.093232
4708,   7.037000,    1024.173379,    1437.782884,     177.879518,    1022.817016,    1431.622505,     176.146754
4709,   7.038000,    1024.199009,    1437.914371,     177.915240,    1022.861004,    1431.809187,     176.199811
4710,   7.039000,    1024.224401,    1438.044667,     177.950552,    1022.904396,    1431.994200,     176.252349
4711,   7.040000,    1024.249434,    1438.173890,     177.985482,    1022.947192,    1432.177663,     176.304367
4712,   7.041000,    1024.273992,    1438.302040,     178.020001,    1022.989511,    1432.359576,     176.356031
4713,   7.042000,    1024.298310,    1438.429236,     178.054125,    1023.031235,    1432.539821,     176.407257
4714,   7.043000,    1024.322271,    1438.555241,     178.087853,    1023.072362,    1432.718515,     176.458046
4715,   7.044000,    1024.345756,    1438.680291,     178.121184,    1023.113012,    1432.895541,     176.508303
4716,   7.045000,    1024.369001,    1438.804269,     178.154133,    1023.153067,    1433.070779,     176.557986
4717,   7.046000,    1024.391890,    1438.927174,     178.186699,    1023.192644,    1433.244348,     176.607259
4718,   7.047000,    1024.414539,    1439.049244,     178.218869,    1023.231626,    1433.416367,     176.656095
4719,   7.048000,    1024.436712,    1439.170241,     178.250671,    1023.270249,    1433.586836,     176.704275
4720,   7.049000,    1024.458647,    1439.290404,     178.282076,    1023.308277,    1433.755755,     176.752209
4721,   7.050000,    1024.480224,    1439.409494,     178.313112,    1023.345828,    1433.923244,     176.799706
4722,   7.051000,    1024.501443,    1439.527750,     178.343766,    1023.382902,    1434.089303,     176.846575
4723,   7.052000,    1024.522424,    1439.645052,     178.374051,    1023.419499,    1434.253812,     176.893184
4724,   7.053000,    1024.543047,    1439.761519,     178.403967,    1023.455620,    1434.416771,     176.939151
4725,   7.054000,    1024.563313,    1439.877033,     178.433515,    1023.491263,    1434.578419,     176.984654
4726,   7.055000,    1024.583340,    1439.991832,     178.462693,    1023.526311,    1434.738398,     177.029720
4727,   7.056000,    1024.603128,    1440.105677,     178.491503,    1023.561001,    1434.896827,     177.074280
4728,   7.057000,    1024.622440,    1440.218687,     178.519944,    1023.595214,    1435.053825,     177.118471
4729,   7.058000,    1024.641633,    1440.330863,     178.548043,    1023.629069,    1435.209513,     177.162171
4730,   7.059000,    1024.660468,    1440.442324,     178.575774,    1023.662448,    1435.363889,     177.205406
4731,   7.060000,    1024.678946,    1440.553069,     178.603149,    1023.695350,    1435.516834,     177.248163
4732,   7.061000,    1024.697304,    1440.662861,     178.630170,    1023.727775,    1435.668588,     177.290537
4733,   7.062000,    1024.715185,    1440.772057,     178.656848,    1023.759842,    1435.819030,     177.332488
4734,   7.063000,    1024.732947,    1440.880537,     178.683172,    1023.791313,    1435.967922,     177.373961
4735,   7.064000,    1024.750352,    1440.988183,     178.709140,    1023.822427,    1436.115503,     177.415038
4736,   7.065000,    1024.767518,    1441.095233,     178.734781,    1023.853183,    1436.261892,     177.455719
4737,   7.066000,    1024.784446,    1441.201568,     178.760080,    1023.883343,    1436.406732,     177.495935
4738,   7.067000,    1024.801016,    1441.307187,     178.785024,    1023.913026,    1436.550379,     177.535686
4739,   7.068000,    1024.817348,    1441.412210,     178.809640,    1023.942351,    1436.692715,     177.575042
4740,   7.069000,    1024.833441,    1441.516638,     178.833928,    1023.971319,    1436.833739,     177.613974
4741,   7.070000,    1024.849296,    1441.620350,     178.857874,    1023.999691,    1436.973572,     177.652442
4742,   7.071000,    1024.864912,    1441.723585,     178.881493,    1024.027705,    1437.112331,     177.690418
4743,   7.072000,    1024.880290,    1441.826224,     178.904784,    1024.055243,    1437.249780,     177.728066
4744,   7.073000,    1024.895310,    1441.928148,     178.927747,    1024.082422,    1437.386155,     177.765331
4745,   7.074000,    1024.910212,    1442.029595,     178.950396,    1024.109244,    1437.521458,     177.802105
4746,   7.075000,    1024.924755,    1442.130566,     178.972717,    1024.135590,    1437.655449,     177.838496
4747,   7.076000,    1024.939179,    1442.230940,     178.994710,    1024.161696,    1437.788486,     177.874559
4748,   7.077000,    1024.953365,    1442.330837,     179.016403,    1024.187446,    1437.920213,     177.910240
4749,   7.078000,    1024.967194,    1442.430258,     179.037768,    1024.212718,    1438.051105,     177.945470
4750,   7.079000,    1024.980903,    1442.529202,     179.058832,    1024.237871,    1438.180804,     177.980291
4751,   7.080000,    1024.994373,    1442.627668,     179.079582,    1024.262547,    1438.309312,     178.014756
4752,   7.081000,    1025.007486,    1442.725778,     179.100018,    1024.286985,    1438.436866,     178.048770
4753,   7.082000,    1025.020480,    1442.823410,     179.120167,    1024.311066,    1438.563228,     178.082470
4754,   7.083000,    1025.033355,    1442.920566,     179.140002,    1024.334908,    1438.688517,     178.115788
4755,   7.084000,    1025.045872,    1443.017364,     179.159537,    1024.358273,    1438.812733,     178.148737
4756,   7.085000,    1025.058270,    1443.113804,     179.178770,    1024.381280,    1438.935995,     178.181344
4757,   7.086000,    1025.070310,    1443.209887,     179.197704,    1024.404049,    1439.058423,     178.213528
4758,   7.087000,    1025.082231,    1443.305731,     179.216364,    1024.426460,    1439.179778,     178.245316
4759,   7.088000,    1025.094032,    1443.401098,     179.234710,    1024.448633,    1439.300299,     178.276680
4760,   7.089000,    1025.105476,    1443.496227,     179.252782,    1024.470329,    1439.419985,     178.307675
4761,   7.090000,    1025.116801,    1443.590999,     179.270568,    1024.491668,    1439.538836,     178.338329
4762,   7.091000,    1025.127888,    1443.685532,     179.288053,    1024.512768,    1439.656615,     178.368573
4763,   7.092000,    1025.138855,    1443.779826,     179.305279,    1024.533510,    1439.773560,     178.398394
4764,   7.093000,    1025.149584,    1443.873763,     179.322204,    1024.554014,    1439.889669,     178.427805
4765,   7.094000,    1025.160074,    1443.967581,     179.338870,    1024.574041,    1440.004945,     178.456833
4766,   7.095000,    1025.170445,    1444.061160,     179.355249,    1024.593830,    1440.119386,     178.485520
4767,   7.096000,    1025.180578,    1444.154501,     179.371354,    1024.613261,    1440.232873,     178.513797
4768,   7.097000,    1025.190473,    1444.247723,     179.387200,    1024.632335,    1440.345526,     178.541705
4769,   7.098000,    1025.200248,    1444.340706,     179.402760,    1024.651170,    1440.457463,     178.569313
4770,   7.099000,    1025.209904,    1444.433570,     179.418073,    1024.669766,    1440.568566,     178.596579
4771,   7.100000,    1025.219321,    1444.526315,     179.433113,    1024.687886,    1440.678835,     178.623585
4772,   7.101000,    1025.228500,    1444.618821,     179.447893,    1024.705887,    1440.788388,     178.650250
4773,   7.102000,    1025.237560,    1444.711328,     179.462414,    1024.723530,    1440.897346,     178.676547
4774,   7.103000,    1025.246501,    1444.803834,     179.476676,    1024.741054,    1441.005588,     178.702447
4775,   7.104000,    1025.255203,    1444.896102,     179.490678,    1024.758220,    1441.113234,     178.727992
4776,   7.105000,    1025.263786,    1444.988370,     179.504434,    1024.775147,    1441.220164,     178.753250
4777,   7.106000,    1025.272131,    1445.080638,     179.517944,    1024.791956,    1441.326499,     178.778207
4778,   7.107000,    1025.280356,    1445.172906,     179.531208,    1024.808407,    1441.432238,     178.802837
4779,   7.108000,    1025.288463,    1445.265174,     179.544213,    1024.824619,    1441.537380,     178.827111
4780,   7.109000,    1025.296330,    1445.357323,     179.556985,    1024.840593,    1441.641688,     178.851044
4781,   7.110000,    1025.304079,    1445.449591,     179.569512,    1024.856329,    1441.745520,     178.874622
4782,   7.111000,    1025.311589,    1445.541739,     179.581806,    1024.871707,    1441.848636,     178.897927
4783,   7.112000,    1025.319099,    1445.633888,     179.593868,    1024.886966,    1441.951156,     178.920903
4784,   7.113000,    1025.326371,    1445.726037,     179.605685,    1024.901867,    1442.053199,     178.943552
4785,   7.114000,    1025.333405,    1445.818305,     179.617269,    1024.916530,    1442.154646,     178.965873
4786,   7.115000,    1025.340438,    1445.910454,     179.628634,    1024.930954,    1442.255735,     178.987839
4787,   7.116000,    1025.347233,    1446.002603,     179.639767,    1024.945140,    1442.356348,     179.009464
4788,   7.117000,    1025.353909,    1446.094751,     179.650668,    1024.959087,    1442.456484,     179.030774
4789,   7.118000,    1025.360465,    1446.186900,     179.661364,    1024.972916,    1442.556262,     179.051797
4790,   7.119000,    1025.366902,    1446.279049,     179.671828,    1024.986386,    1442.655563,     179.072493
4791,   7.120000,    1025.373101,    1446.371198,     179.682073,    1024.999738,    1442.754388,     179.092901
4792,   7.121000,    1025.379181,    1446.463227,     179.692100,    1025.012732,    1442.852855,     179.113023
4793,   7.122000,    1025.385261,    1446.555376,     179.701922,    1025.025606,    1442.950964,     179.132844
4794,   7.123000,    1025.391102,    1446.647525,     179.711525,    1025.038242,    1443.048716,     179.152379
4795,   7.124000,    1025.396824,    1446.739554,     179.720937,    1025.050640,    1443.145990,     179.171558
4796,   7.125000,    1025.402308,    1446.831703,     179.730117,    1025.062919,    1443.242788,     179.190477
4797,   7.126000,    1025.407791,    1446.923733,     179.739105,    1025.074840,    1443.339348,     179.209083
4798,   7.127000,    1025.413156,    1447.015882,     179.747903,    1025.086641,    1443.435431,     179.227333
4799,   7.128000,    1025.418401,    1447.107911,     179.756481,    1025.098205,    1443.531275,     179.245310
4800,   7.129000,    1025.423408,    1447.199941,     179.764883,    1025.109529,    1443.626642,     179.262959
4801,   7.130000,    1025.428414,    1447.292089,     179.773065,    1025.120616,    1443.721890,     179.280404
4802,   7.131000,    1025.433183,    1447.384119,     179.781070,    1025.131583,    1443.816781,     179.297547
4803,   7.132000,    1025.437951,    1447.476149,     179.788884,    1025.142312,    1443.911552,     179.314473
4804,   7.133000,    1025.442481,    1447.568178,     179.796506,    1025.152802,    1444.006085,     179.331152
4805,   7.134000,    1025.447011,    1447.660208,     179.803951,    1025.163293,    1444.100499,     179.347585
4806,   7.135000,    1025.451422,    1447.752237,     179.811205,    1025.173426,    1444.194674,     179.363773
4807,   7.136000,    1025.455594,    1447.844267,     179.818281,    1025.183439,    1444.288611,     179.379619
4808,   7.137000,    1025.459766,    1447.936296,     179.825166,    1025.193214,    1444.382548,     179.395219
4809,   7.138000,    1025.463820,    1448.028326,     179.831887,    1025.202870,    1444.476247,     179.410519
4810,   7.139000,    1025.467753,    1448.120356,     179.838430,    1025.212288,    1444.569945,     179.425559
4811,   7.140000,    1025.471568,    1448.212385,     179.844796,    1025.221705,    1444.663286,     179.440312
4812,   7.141000,    1025.475264,    1448.304415,     179.850998,    1025.230885,    1444.756627,     179.454819
4813,   7.142000,    1025.478959,    1448.396325,     179.857035,    1025.239825,    1444.849849,     179.469094
4814,   7.143000,    1025.482416,    1448.488355,     179.862909,    1025.248647,    1444.942832,     179.483083
4815,   7.144000,    1025.485873,    1448.580265,     179.868619,    1025.257349,    1445.035696,     179.496893
4816,   7.145000,    1025.489211,    1448.672295,     179.874166,    1025.265813,    1445.128441,     179.510417
4817,   7.146000,    1025.492430,    1448.764324,     179.879548,    1025.274158,    1445.221066,     179.523668
4818,   7.147000,    1025.495529,    1448.856235,     179.884780,    1025.282264,    1445.313573,     179.536672
4819,   7.148000,    1025.498629,    1448.948145,     179.889861,    1025.290132,    1445.405960,     179.549404
4820,   7.149000,    1025.501490,    1449.040174,     179.894779,    1025.297999,    1445.498347,     179.561903
4821,   7.150000,    1025.504351,    1449.132085,     179.899560,    1025.305629,    1445.590615,     179.574129
4822,   7.151000,    1025.507092,    1449.224114,     179.904191,    1025.313020,    1445.682883,     179.586164
4823,   7.152000,    1025.509834,    1449.316025,     179.908672,    1025.320411,    1445.775151,     179.597980
4824,   7.153000,    1025.512338,    1449.407935,     179.913016,    1025.327563,    1445.867419,     179.609578
4825,   7.154000,    1025.514841,    1449.499846,     179.917223,    1025.334477,    1445.959806,     179.620957
4826,   7.155000,    1025.517344,    1449.591756,     179.921294,    1025.341392,    1446.052194,     179.632131
4827,   7.156000,    1025.519609,    1449.683785,     179.925214,    1025.347948,    1446.144462,     179.643073
4828,   7.157000,    1025.521874,    1449.775696,     179.929012,    1025.354505,    1446.236849,     179.653810
4829,   7.158000,    1025.524139,    1449.867606,     179.932687,    1025.360942,    1446.329117,     179.664301
4830,   7.159000,    1025.526166,    1449.959517,     179.936225,    1025.367260,    1446.421504,     179.674587
4831,   7.160000,    1025.528193,    1450.051427,     179.939626,    1025.373340,    1446.513653,     179.684655
4832,   7.161000,    1025.530219,    1450.143337,     179.942918,    1025.379419,    1446.605921,     179.694518
4833,   7.162000,    1025.532126,    1450.235248,     179.946087,    1025.385380,    1446.698070,     179.704176
4834,   7.163000,    1025.533915,    1450.327039,     179.949134,    1025.391102,    1446.790218,     179.713588
4835,   7.164000,    1025.535583,    1450.418949,     179.952071,    1025.396824,    1446.882248,     179.722795
4836,   7.165000,    1025.537252,    1450.510859,     179.954885,    1025.402308,    1446.974158,     179.731811
4837,   7.166000,    1025.538921,    1450.602770,     179.957590,    1025.407791,    1447.066307,     179.740622
4838,   7.167000,    1025.540471,    1450.694680,     179.960171,    1025.413036,    1447.158217,     179.749228
4839,   7.168000,    1025.541902,    1450.786471,     179.962658,    1025.418162,    1447.250247,     179.757629
4840,   7.169000,    1025.543332,    1450.878382,     179.965034,    1025.423288,    1447.342277,     179.765825
4841,   7.170000,    1025.544643,    1450.970292,     179.967316,    1025.428057,    1447.434306,     179.773830
4842,   7.171000,    1025.545955,    1451.062083,     179.969488,    1025.432825,    1447.526455,     179.781644
4843,   7.172000,    1025.547147,    1451.153994,     179.971564,    1025.437474,    1447.618484,     179.789307
4844,   7.173000,    1025.548339,    1451.245904,     179.973545,    1025.442004,    1447.710633,     179.796752
4845,   7.174000,    1025.549412,    1451.337695,     179.975430,    1025.446415,    1447.802782,     179.804033
4846,   7.175000,    1025.550485,    1451.429605,     179.977233,    1025.450706,    1447.894931,     179.811164
4847,   7.176000,    1025.551558,    1451.521397,     179.978927,    1025.454879,    1447.987080,     179.818090
4848,   7.177000,    1025.552511,    1451.613307,     179.980553,    1025.458932,    1448.079109,     179.824852
4849,   7.178000,    1025.553465,    1451.705098,     179.982083,    1025.462985,    1448.171139,     179.831436
4850,   7.179000,    1025.554299,    1451.797009,     179.983531,    1025.466919,    1448.263288,     179.837884
4851,   7.180000,    1025.555015,    1451.888800,     179.984897,    1025.470614,    1448.355198,     179.844140
4852,   7.181000,    1025.555849,    1451.980710,     179.986194,    1025.474310,    1448.447227,     179.850233
4853,   7.182000,    1025.556564,    1452.072501,     179.987410,    1025.477767,    1448.539257,     179.856161
4854,   7.183000,    1025.557280,    1452.164292,     179.988544,    1025.481343,    1448.631167,     179.861912
4855,   7.184000,    1025.557876,    1452.256203,     179.989623,    1025.484681,    1448.722959,     179.867513
4856,   7.185000,    1025.558472,    1452.347994,     179.990620,    1025.487900,    1448.814869,     179.872936
4857,   7.186000,    1025.559068,    1452.439785,     179.991549,    1025.491118,    1448.906898,     179.878236
4858,   7.187000,    1025.559545,    1452.531695,     179.992423,    1025.494218,    1448.998690,     179.883359
4859,   7.188000,    1025.560021,    1452.623487,     179.993229,    1025.497198,    1449.090600,     179.888345
4860,   7.189000,    1025.560498,    1452.715278,     179.993981,    1025.500059,    1449.182630,     179.893181
4861,   7.190000,    1025.560856,    1452.807069,     179.994677,    1025.502920,    1449.274540,     179.897880
4862,   7.191000,    1025.561213,    1452.898979,     179.995306,    1025.505662,    1449.366570,     179.902443
4863,   7.192000,    1025.561571,    1452.990770,     179.995893,    1025.508165,    1449.458480,     179.906855
4864,   7.193000,    1025.561929,    1453.082561,     179.996426,    1025.510788,    1449.550509,     179.911131
4865,   7.194000,    1025.562167,    1453.174353,     179.996918,    1025.513172,    1449.642658,     179.915270
4866,   7.195000,    1025.562406,    1453.266144,     179.997355,    1025.515556,    1449.734688,     179.919272
4867,   7.196000,    1025.562644,    1453.358054,     179.997751,    1025.517941,    1449.826598,     179.923097
4868,   7.197000,    1025.562882,    1453.449845,     179.998106,    1025.520205,    1449.918628,     179.926676
4869,   7.198000,    1025.563121,    1453.541636,     179.998420,    1025.522351,    1450.010538,     179.930214
4870,   7.199000,    1025.563240,    1453.633428,     179.998694,    1025.524497,    1450.102448,     179.933602
4871,   7.200000,    1025.563359,    1453.725219,     179.998939,    1025.526524,    1450.194359,     179.936908
4872,   7.201000,    1025.563478,    1453.817010,     179.999144,    1025.528550,    1450.286269,     179.940132
4873,   7.202000,    1025.563598,    1453.908801,     179.999336,    1025.530457,    1450.378180,     179.943232
4874,   7.203000,    1025.563717,    1454.000711,     179.999486,    1025.532246,    1450.469971,     179.946224
4875,   7.204000,    1025.563717,    1454.092503,     179.999609,    1025.534034,    1450.561881,     179.949106
4876,   7.205000,    1025.563836,    1454.184294,     179.999718,    1025.535583,    1450.653791,     179.951907
4877,   7.206000,    1025.563836,    1454.276085,     179.999800,    1025.537252,    1450.745583,     179.954598
4878,   7.207000,    1025.563955,    1454.367876,     179.999868,    1025.538802,    1450.837374,     179.957180
4879,   7.208000,    1025.563955,    1454.459667,     179.999909,    1025.540233,    1450.929284,     179.959666
4880,   7.209000,    1025.563955,    1454.551458,     179.999950,    1025.541544,    1451.021194,     179.962056
4881,   7.210000,    1025.563955,    1454.643250,     179.999978,    1025.542974,    1451.113105,     179.964351
4882,   7.211000,    1025.563955,    1454.735041,     179.999991,    1025.544167,    1451.205015,     179.966537
4883,   7.212000,    1025.563955,    1454.826832,     179.999991,    1025.545359,    1451.296926,     179.968641
4884,   7.213000,    1025.563955,    1454.918623,     180.000005,    1025.546551,    1451.388955,     179.970635
4885,   7.214000,    1025.563955,    1455.010414,     180.000005,    1025.547743,    1451.480865,     179.972561
4886,   7.215000,    1025.563955,    1455.102205,     180.000005,    1025.548697,    1451.572776,     179.974392
4887,   7.216000,    1025.563955,    1455.193996,     179.999991,    1025.549769,    1451.664686,     179.976127
4888,   7.217000,    1025.563955,    1455.285788,     179.999991,    1025.550723,    1451.756477,     179.977793
4889,   7.218000,    1025.563955,    1455.377460,     179.999978,    1025.551677,    1451.848388,     179.979364
4890,   7.219000,    1025.563955,    1455.469131,     179.999950,    1025.552511,    1451.940298,     179.980853
4891,   7.220000,    1025.563955,    1455.560684,     179.999923,    1025.553346,    1452.032089,     179.982260
4892,   7.221000,    1025.563955,    1455.652118,     179.999868,    1025.554180,    1452.123880,     179.983572
4893,   7.222000,    1025.563836,    1455.743551,     179.999814,    1025.554895,    1452.215672,     179.984787
4894,   7.223000,    1025.563836,    1455.834746,     179.999732,    1025.555611,    1452.307343,     179.985935
4895,   7.224000,    1025.563836,    1455.925822,     179.999623,    1025.556326,    1452.399135,     179.986973
4896,   7.225000,    1025.563717,    1456.016779,     179.999500,    1025.556922,    1452.490926,     179.987957
4897,   7.226000,    1025.563598,    1456.107497,     179.999349,    1025.557518,    1452.582598,     179.988872
4898,   7.227000,    1025.563478,    1456.198096,     179.999172,    1025.557995,    1452.674389,     179.989719
4899,   7.228000,    1025.563359,    1456.288338,     179.998967,    1025.558591,    1452.766180,     179.990525
4900,   7.229000,    1025.563240,    1456.378460,     179.998721,    1025.559068,    1452.857971,     179.991276
4901,   7.230000,    1025.563121,    1456.468344,     179.998461,    1025.559425,    1452.949762,     179.991986
4902,   7.231000,    1025.562882,    1456.557989,     179.998147,    1025.559783,    1453.041673,     179.992656
4903,   7.232000,    1025.562644,    1456.647396,     179.997792,    1025.560260,    1453.133464,     179.993298
4904,   7.233000,    1025.562525,    1456.736445,     179.997410,    1025.560617,    1453.225374,     179.993912
4905,   7.234000,    1025.562167,    1456.825256,     179.996972,    1025.560975,    1453.317285,     179.994486
4906,   7.235000,    1025.561929,    1456.913710,     179.996494,    1025.561213,    1453.409195,     179.995033
4907,   7.236000,    1025.561571,    1457.001805,     179.995975,    1025.561571,    1453.500986,     179.995538
4908,   7.237000,    1025.561333,    1457.089543,     179.995388,    1025.561810,    1453.592896,     179.996003
4909,   7.238000,    1025.560856,    1457.176924,     179.994759,    1025.562167,    1453.684688,     179.996426
4910,   7.239000,    1025.560498,    1457.263947,     179.994076,    1025.562286,    1453.776360,     179.996822
4911,   7.240000,    1025.560021,    1457.350492,     179.993339,    1025.562525,    1453.868151,     179.997177
4912,   7.241000,    1025.559545,    1457.436681,     179.992533,    1025.562644,    1453.959823,     179.997491
4913,   7.242000,    1025.559068,    1457.522392,     179.991672,    1025.562763,    1454.051495,     179.997765
4914,   7.243000,    1025.558591,    1457.607746,     179.990743,    1025.562882,    1454.143047,     179.997997
4915,   7.244000,    1025.557995,    1457.692623,     179.989760,    1025.563002,    1454.234719,     179.998215
4916,   7.245000,    1025.557280,    1457.776904,     179.988694,    1025.563121,    1454.326272,     179.998393
4917,   7.246000,    1025.556684,    1457.860827,     179.987560,    1025.563240,    1454.417825,     179.998543
4918,   7.247000,    1025.555968,    1457.944155,     179.986358,    1025.563359,    1454.509497,     179.998680
4919,   7.248000,    1025.555134,    1458.027005,     179.985074,    1025.563359,    1454.601049,     179.998776
4920,   7.249000,    1025.554419,    1458.109260,     179.983722,    1025.563359,    1454.692602,     179.998871
4921,   7.250000,    1025.553465,    1458.190918,     179.982274,    1025.563478,    1454.784155,     179.998953
4922,   7.251000,    1025.552630,    1458.272099,     179.980758,    1025.563478,    1454.875588,     179.999021
4923,   7.252000,    1025.551677,    1458.352566,     179.979146,    1025.563478,    1454.967141,     179.999076
4924,   7.253000,    1025.550723,    1458.432555,     179.977452,    1025.563598,    1455.058575,     179.999117
4925,   7.254000,    1025.549650,    1458.511829,     179.975676,    1025.563598,    1455.149889,     179.999131
4926,   7.255000,    1025.548458,    1458.590508,     179.973804,    1025.563598,    1455.241203,     179.999131
4927,   7.256000,    1025.547385,    1458.668470,     179.971837,    1025.563598,    1455.332398,     179.999117
4928,   7.257000,    1025.546074,    1458.745837,     179.969775,    1025.563598,    1455.423474,     179.999076
4929,   7.258000,    1025.544882,    1458.822489,     179.967603,    1025.563598,    1455.514312,     179.999008
4930,   7.259000,    1025.543451,    1458.898425,     179.965349,    1025.563598,    1455.605030,     179.998939
4931,   7.260000,    1025.542140,    1458.973646,     179.962985,    1025.563598,    1455.695629,     179.998844
4932,   7.261000,    1025.540590,    1459.048033,     179.960513,    1025.563478,    1455.785990,     179.998707
4933,   7.262000,    1025.539041,    1459.121823,     179.957931,    1025.563478,    1455.876112,     179.998584
4934,   7.263000,    1025.537491,    1459.194779,     179.955240,    1025.563359,    1455.966234,     179.998434
4935,   7.264000,    1025.535822,    1459.266901,     179.952440,    1025.563359,    1456.055999,     179.998256
4936,   7.265000,    1025.534153,    1459.338307,     179.949530,    1025.563240,    1456.145644,     179.998065
4937,   7.266000,    1025.532365,    1459.408760,     179.946497,    1025.563121,    1456.235051,     179.997847
4938,   7.267000,    1025.530457,    1459.478498,     179.943342,    1025.563002,    1456.324458,     179.997601
4939,   7.268000,    1025.528550,    1459.547400,     179.940077,    1025.562882,    1456.413507,     179.997314
4940,   7.269000,    1025.526524,    1459.615350,     179.936675,    1025.562763,    1456.502199,     179.997000
4941,   7.270000,    1025.524378,    1459.682465,     179.933151,    1025.562525,    1456.590891,     179.996658
4942,   7.271000,    1025.522232,    1459.748626,     179.929504,    1025.562286,    1456.679225,     179.996248
4943,   7.272000,    1025.519967,    1459.813952,     179.925720,    1025.562048,    1456.767201,     179.995784
4944,   7.273000,    1025.517583,    1459.878325,     179.921813,    1025.561810,    1456.854939,     179.995238
4945,   7.274000,    1025.515199,    1459.941745,     179.917770,    1025.561571,    1456.942439,     179.994609
4946,   7.275000,    1025.512695,    1460.004210,     179.913576,    1025.561213,    1457.029462,     179.993926
4947,   7.276000,    1025.510192,    1460.065722,     179.909259,    1025.560856,    1457.116127,     179.993175
4948,   7.277000,    1025.507450,    1460.126162,     179.904792,    1025.560379,    1457.202435,     179.992355
4949,   7.278000,    1025.504708,    1460.185647,     179.900175,    1025.559902,    1457.288265,     179.991631
4950,   7.279000,    1025.501847,    1460.244060,     179.895421,    1025.559545,    1457.373738,     179.991044
4951,   7.280000,    1025.498986,    1460.301399,     179.890517,    1025.558949,    1457.458735,     179.990142
4952,   7.281000,    1025.495887,    1460.357785,     179.885449,    1025.558352,    1457.543254,     179.989254
4953,   7.282000,    1025.492787,    1460.413098,     179.880244,    1025.557756,    1457.627296,     179.988202
4954,   7.283000,    1025.489569,    1460.467219,     179.874876,    1025.557160,    1457.710862,     179.987041
4955,   7.284000,    1025.486350,    1460.520267,     179.869357,    1025.556445,    1457.793832,     179.985757
4956,   7.285000,    1025.482893,    1460.572243,     179.863674,    1025.555611,    1457.876444,     179.984364
4957,   7.286000,    1025.479436,    1460.623026,     179.857814,    1025.554776,    1457.958460,     179.982875
4958,   7.287000,    1025.475740,    1460.672617,     179.851804,    1025.553942,    1458.039999,     179.981290
4959,   7.288000,    1025.472045,    1460.721135,     179.845629,    1025.553107,    1458.121061,     179.979610
4960,   7.289000,    1025.468230,    1460.768461,     179.839277,    1025.552154,    1458.201408,     179.977862
4961,   7.290000,    1025.464416,    1460.814476,     179.832761,    1025.551200,    1458.281279,     179.976045
4962,   7.291000,    1025.460362,    1460.859299,     179.826067,    1025.550246,    1458.360672,     179.974160
4963,   7.292000,    1025.456190,    1460.902929,     179.819196,    1025.549173,    1458.439350,     179.972206
4964,   7.293000,    1025.452018,    1460.945368,     179.812147,    1025.548100,    1458.517432,     179.970171
4965,   7.294000,    1025.447607,    1460.986376,     179.804907,    1025.546908,    1458.594799,     179.968040
4966,   7.295000,    1025.443077,    1461.026192,     179.797504,    1025.545597,    1458.671689,     179.965840
4967,   7.296000,    1025.438547,    1461.064816,     179.789895,    1025.544286,    1458.747745,     179.963545
4968,   7.297000,    1025.433898,    1461.102009,     179.782108,    1025.542974,    1458.823085,     179.961141
4969,   7.298000,    1025.429010,    1461.137772,     179.774131,    1025.541544,    1458.897710,     179.958641
4970,   7.299000,    1025.424123,    1461.172342,     179.765962,    1025.539994,    1458.971620,     179.956019
4971,   7.300000,    1025.418997,    1461.205482,     179.757602,    1025.538325,    1459.044695,     179.953273
4972,   7.301000,    1025.413871,    1461.237311,     179.749037,    1025.536656,    1459.117174,     179.950431
4973,   7.302000,    1025.408506,    1461.267591,     179.740280,    1025.534868,    1459.188700,     179.947454
4974,   7.303000,    1025.403142,    1461.296558,     179.731319,    1025.532961,    1459.259391,     179.944366
4975,   7.304000,    1025.397539,    1461.324096,     179.722153,    1025.531054,    1459.329367,     179.941170
4976,   7.305000,    1025.391817,    1461.350203,     179.712782,    1025.529146,    1459.398508,     179.937878
4977,   7.306000,    1025.385976,    1461.374879,     179.703206,    1025.527000,    1459.466696,     179.934476
4978,   7.307000,    1025.380015,    1461.398005,     179.693411,    1025.524855,    1459.534168,     179.930993
4979,   7.308000,    1025.373936,    1461.419702,     179.683412,    1025.522590,    1459.600568,     179.927386
4980,   7.309000,    1025.367737,    1461.439729,     179.673194,    1025.520325,    1459.666133,     179.923698
4981,   7.310000,    1025.361300,    1461.458445,     179.662744,    1025.517941,    1459.730864,     179.919887
4982,   7.311000,    1025.354743,    1461.475492,     179.652089,    1025.515556,    1459.794641,     179.915994
4983,   7.312000,    1025.348186,    1461.490989,     179.641215,    1025.513053,    1459.857345,     179.911950
4984,   7.313000,    1025.341272,    1461.504936,     179.630109,    1025.510430,    1459.919333,     179.907770
4985,   7.314000,    1025.334358,    1461.517334,     179.618785,    1025.507808,    1459.980249,     179.903481
4986,   7.315000,    1025.327325,    1461.528063,     179.607228,    1025.505066,    1460.040331,     179.899014
4987,   7.316000,    1025.320053,    1461.537242,     179.595439,    1025.502205,    1460.099339,     179.894397
4988,   7.317000,    1025.312662,    1461.544633,     179.583404,    1025.499225,    1460.157394,     179.889602
4989,   7.318000,    1025.305033,    1461.550474,     179.571151,    1025.496364,    1460.214376,     179.884643
4990,   7.319000,    1025.297284,    1461.554646,     179.558652,    1025.493264,    1460.270405,     179.879493
4991,   7.320000,    1025.289416,    1461.557150,     179.545907,    1025.490046,    1460.325360,     179.874166
4992,   7.321000,    1025.281429,    1461.557984,     179.532929,    1025.486827,    1460.379124,     179.868674
4993,   7.322000,    1025.273204,    1461.557031,     179.519706,    1025.483370,    1460.431695,     179.863005
4994,   7.323000,    1025.264859,    1461.554289,     179.506237,    1025.479913,    1460.483193,     179.857158
4995,   7.324000,    1025.256395,    1461.549997,     179.492508,    1025.476336,    1460.533500,     179.851162
4996,   7.325000,    1025.247693,    1461.543918,     179.478534,    1025.472760,    1460.582733,     179.845001
4997,   7.326000,    1025.238752,    1461.536050,     179.464300,    1025.468946,    1460.630774,     179.838676
4998,   7.327000,    1025.229692,    1461.526513,     179.449820,    1025.465131,    1460.677505,     179.832187
4999,   7.328000,    1025.220513,    1461.515188,     179.435066,    1025.461078,    1460.723162,     179.825548
5000,   7.329000,    1025.211096,    1461.502194,     179.420067,    1025.457025,    1460.767508,     179.818786
5001,   7.330000,    1025.201559,    1461.487532,     179.404795,    1025.452852,    1460.810661,     179.811847
5002,   7.331000,    1025.191784,    1461.471081,     179.389263,    1025.448561,    1460.852504,     179.804744
5003,   7.332000,    1025.181890,    1461.452961,     179.373458,    1025.444150,    1460.893273,     179.797504
5004,   7.333000,    1025.171757,    1461.433053,     179.357380,    1025.439620,    1460.932612,     179.790086
5005,   7.334000,    1025.161505,    1461.411476,     179.341042,    1025.434971,    1460.970640,     179.782504
5006,   7.335000,    1025.150895,    1461.388111,     179.324417,    1025.430202,    1461.007476,     179.774759
5007,   7.336000,    1025.140285,    1461.363077,     179.307519,    1025.425315,    1461.042881,     179.766836
5008,   7.337000,    1025.129318,    1461.336374,     179.290348,    1025.420308,    1461.076975,     179.758708
5009,   7.338000,    1025.118232,    1461.307883,     179.272877,    1025.415301,    1461.109757,     179.750375
5010,   7.339000,    1025.107026,    1461.277604,     179.255146,    1025.409937,    1461.141229,     179.741838
5011,   7.340000,    1025.095463,    1461.245656,     179.237114,    1025.404692,    1461.171269,     179.733068
5012,   7.341000,    1025.083780,    1461.212039,     179.218795,    1025.399089,    1461.199880,     179.724093
5013,   7.342000,    1025.071979,    1461.176634,     179.200176,    1025.393486,    1461.227179,     179.714886
5014,   7.343000,    1025.059819,    1461.139560,     179.181284,    1025.387645,    1461.252928,     179.705460
5015,   7.344000,    1025.047541,    1461.100817,     179.162077,    1025.381923,    1461.277246,     179.695802
5016,   7.345000,    1025.035024,    1461.060166,     179.142584,    1025.375843,    1461.300135,     179.685898
5017,   7.346000,    1025.022268,    1461.017966,     179.122790,    1025.369763,    1461.321592,     179.675790
5018,   7.347000,    1025.009274,    1460.973978,     179.102696,    1025.363445,    1461.341381,     179.665435
5019,   7.348000,    1024.996042,    1460.928202,     179.082287,    1025.357127,    1461.359859,     179.654876
5020,   7.349000,    1024.982691,    1460.880876,     179.061578,    1025.350571,    1461.376667,     179.644084
5021,   7.350000,    1024.968982,    1460.831642,     179.040568,    1025.343895,    1461.392045,     179.633087
5022,   7.351000,    1024.955153,    1460.780740,     179.019231,    1025.337100,    1461.405754,     179.621858
5023,   7.352000,    1024.941087,    1460.728168,     178.997593,    1025.330186,    1461.418033,     179.610438
5024,   7.353000,    1024.926662,    1460.673809,     178.975627,    1025.323033,    1461.428642,     179.598800
5025,   7.354000,    1024.912119,    1460.617781,     178.953347,    1025.315762,    1461.437821,     179.586983
5026,   7.355000,    1024.897337,    1460.560083,     178.930753,    1025.308251,    1461.445212,     179.574949
5027,   7.356000,    1024.882197,    1460.500598,     178.907830,    1025.300741,    1461.451173,     179.562695
5028,   7.357000,    1024.866939,    1460.439324,     178.884580,    1025.292993,    1461.455464,     179.550223
5029,   7.358000,    1024.851441,    1460.376382,     178.861003,    1025.285006,    1461.458087,     179.537492
5030,   7.359000,    1024.835587,    1460.311770,     178.837097,    1025.276899,    1461.459041,     179.524542
5031,   7.360000,    1024.819493,    1460.245371,     178.812863,    1025.268674,    1461.458445,     179.511319
5032,   7.361000,    1024.803162,    1460.177183,     178.788288,    1025.260329,    1461.456418,     179.497836
5033,   7.362000,    1024.786592,    1460.107446,     178.763386,    1025.251746,    1461.453080,     179.484094
5034,   7.363000,    1024.769783,    1460.035801,     178.738128,    1025.242925,    1461.448073,     179.470146
5035,   7.364000,    1024.752617,    1459.962606,     178.712542,    1025.233984,    1461.441636,     179.455953
5036,   7.365000,    1024.735212,    1459.887505,     178.686614,    1025.224924,    1461.433768,     179.441473
5037,   7.366000,    1024.717569,    1459.810853,     178.660332,    1025.215626,    1461.424232,     179.426747
5038,   7.367000,    1024.699688,    1459.732413,     178.633708,    1025.206089,    1461.412787,     179.411721
5039,   7.368000,    1024.681449,    1459.652185,     178.606728,    1025.196433,    1461.399674,     179.396435
5040,   7.369000,    1024.662852,    1459.570289,     178.579394,    1025.186658,    1461.384654,     179.380862
5041,   7.370000,    1024.644136,    1459.486723,     178.551718,    1025.176644,    1461.367846,     179.365002
5042,   7.371000,    1024.625063,    1459.401369,     178.523673,    1025.166512,    1461.349130,     179.348856
5043,   7.372000,    1024.605632,    1459.314346,     178.495273,    1025.156260,    1461.328626,     179.332436
5044,   7.373000,    1024.585962,    1459.225535,     178.466505,    1025.145769,    1461.306214,     179.315784
5045,   7.374000,    1024.566054,    1459.135056,     178.437381,    1025.135159,    1461.282015,     179.298845
5046,   7.375000,    1024.545670,    1459.042788,     178.407874,    1025.124192,    1461.255789,     179.281647
5047,   7.376000,    1024.525166,    1458.948851,     178.378013,    1025.113106,    1461.227775,     179.264148
5048,   7.377000,    1024.504185,    1458.853126,     178.347782,    1025.101781,    1461.197972,     179.246348
5049,   7.378000,    1024.482965,    1458.755732,     178.317169,    1025.090337,    1461.166263,     179.228262
5050,   7.379000,    1024.461508,    1458.656669,     178.286188,    1025.078654,    1461.132765,     179.209848
5051,   7.380000,    1024.439573,    1458.555818,     178.254823,    1025.066614,    1461.097360,     179.191092
5052,   7.381000,    1024.417400,    1458.453178,     178.223090,    1025.054455,    1461.060286,     179.172090
5053,   7.382000,    1024.394870,    1458.348870,     178.190961,    1025.042057,    1461.021543,     179.152829
5054,   7.383000,    1024.372101,    1458.242893,     178.158449,    1025.029540,    1460.981131,     179.133336
5055,   7.384000,    1024.348855,    1458.135128,     178.125555,    1025.016665,    1460.939050,     179.113556
5056,   7.385000,    1024.325371,    1458.025694,     178.092265,    1025.003552,    1460.895538,     179.093530
5057,   7.386000,    1024.301529,    1457.914472,     178.058592,    1024.990320,    1460.850239,     179.073258
5058,   7.387000,    1024.277210,    1457.801580,     178.024509,    1024.976850,    1460.803270,     179.052685
5059,   7.388000,    1024.252653,    1457.686901,     177.990044,    1024.963140,    1460.754633,     179.031826
5060,   7.389000,    1024.227738,    1457.570553,     177.955183,    1024.949193,    1460.704327,     179.010652
5061,   7.390000,    1024.202466,    1457.452536,     177.919912,    1024.935007,    1460.652351,     178.989151
5062,   7.391000,    1024.176717,    1457.332730,     177.884245,    1024.920583,    1460.598469,     178.967349
5063,   7.392000,    1024.150729,    1457.211256,     177.848168,    1024.905920,    1460.543036,     178.945151
5064,   7.393000,    1024.124265,    1457.087994,     177.811681,    1024.891138,    1460.485816,     178.922611
5065,   7.394000,    1024.097562,    1456.963062,     177.774784,    1024.875998,    1460.426927,     178.899703
5066,   7.395000,    1024.070263,    1456.836343,     177.737478,    1024.860740,    1460.366368,     178.876466
5067,   7.396000,    1024.042726,    1456.707954,     177.699761,    1024.845123,    1460.303903,     178.852888
5068,   7.397000,    1024.014831,    1456.577778,     177.661621,    1024.829268,    1460.239887,     178.828928
5069,   7.398000,    1023.986459,    1456.445932,     177.623058,    1024.813175,    1460.174084,     178.804585
5070,   7.399000,    1023.957610,    1456.312299,     177.584085,    1024.796844,    1460.106492,     178.779887
5071,   7.400000,    1023.928523,    1456.177115,     177.544675,    1024.780273,    1460.037351,     178.754807
5072,   7.401000,    1023.898959,    1456.040025,     177.504841,    1024.763346,    1459.966421,     178.729440
5073,   7.402000,    1023.868918,    1455.901265,     177.464584,    1024.746299,    1459.893823,     178.703731
5074,   7.403000,    1023.838520,    1455.760837,     177.423904,    1024.728775,    1459.819674,     178.677721
5075,   7.404000,    1023.807645,    1455.618620,     177.382772,    1024.711132,    1459.743500,     178.651343
5076,   7.405000,    1023.776293,    1455.474734,     177.341217,    1024.693131,    1459.665775,     178.624596
5077,   7.406000,    1023.744583,    1455.329180,     177.299225,    1024.674892,    1459.586382,     178.597562
5078,   7.407000,    1023.712516,    1455.181837,     177.256796,    1024.656415,    1459.505200,     178.570242
5079,   7.408000,    1023.679852,    1455.032706,     177.213916,    1024.637580,    1459.422231,     178.542661
5080,   7.409000,    1023.646832,    1454.882026,     177.170599,    1024.618387,    1459.337592,     178.514753
5081,   7.410000,    1023.613214,    1454.729438,     177.126831,    1024.599075,    1459.251046,     178.486449
5082,   7.411000,    1023.579240,    1454.575300,     177.082613,    1024.579287,    1459.162831,     178.457803
5083,   7.412000,    1023.544788,    1454.419255,     177.037943,    1024.559259,    1459.072948,     178.428734
5084,   7.413000,    1023.509860,    1454.261661,     176.992823,    1024.538875,    1458.981276,     178.399364
5085,   7.414000,    1023.474455,    1454.102278,     176.947238,    1024.518251,    1458.888054,     178.369625
5086,   7.415000,    1023.438573,    1453.941226,     176.901203,    1024.497390,    1458.793044,     178.339436
5087,   7.416000,    1023.402214,    1453.778386,     176.854717,    1024.476051,    1458.696246,     178.308946
5088,   7.417000,    1023.365378,    1453.613877,     176.807752,    1024.454474,    1458.597898,     178.278019
5089,   7.418000,    1023.327947,    1453.447580,     176.760323,    1024.432659,    1458.497882,     178.246791
5090,   7.419000,    1023.290038,    1453.279614,     176.712430,    1024.410486,    1458.396077,     178.215140
5091,   7.420000,    1023.251653,    1453.109980,     176.664072,    1024.387956,    1458.292723,     178.183052
5092,   7.421000,    1023.212790,    1452.938557,     176.615236,    1024.365067,    1458.187461,     178.150567
5093,   7.422000,    1023.173332,    1452.765346,     176.565936,    1024.341822,    1458.080530,     178.117605
5094,   7.423000,    1023.133278,    1452.590585,     176.516144,    1024.318218,    1457.971931,     178.084301
5095,   7.424000,    1023.092747,    1452.414036,     176.465888,    1024.294376,    1457.861662,     178.050573
5096,   7.425000,    1023.051739,    1452.235699,     176.415139,    1024.270058,    1457.749605,     178.016504
5097,   7.426000,    1023.010135,    1452.055812,     176.363913,    1024.245501,    1457.635760,     177.981944
5098,   7.427000,    1022.967935,    1451.874018,     176.312195,    1024.220467,    1457.520008,     177.947014
5099,   7.428000,    1022.925138,    1451.690674,     176.259998,    1024.195075,    1457.402587,     177.911675
5100,   7.429000,    1022.881866,    1451.505542,     176.207310,    1024.169445,    1457.283497,     177.875912
5101,   7.430000,    1022.837996,    1451.318741,     176.154117,    1024.143219,    1457.162619,     177.839794
5102,   7.431000,    1022.793531,    1451.130152,     176.100445,    1024.116755,    1457.040071,     177.803362
5103,   7.432000,    1022.748351,    1450.939775,     176.046268,    1024.089932,    1456.915736,     177.766547
5104,   7.433000,    1022.702694,    1450.747728,     175.991586,    1024.062753,    1456.789732,     177.729309
5105,   7.434000,    1022.656441,    1450.554013,     175.936411,    1024.035096,    1456.662059,     177.691647
5106,   7.435000,    1022.609591,    1450.358391,     175.880732,    1024.007082,    1456.532717,     177.653657
5107,   7.436000,    1022.562027,    1450.161099,     175.824546,    1023.978710,    1456.401706,     177.615244
5108,   7.437000,    1022.513986,    1449.962020,     175.767842,    1023.949742,    1456.269026,     177.576353
5109,   7.438000,    1022.465229,    1449.761152,     175.710646,    1023.920536,    1456.134558,     177.537052
5110,   7.439000,    1022.415757,    1449.558496,     175.652917,    1023.890853,    1455.998302,     177.497369
5111,   7.440000,    1022.365689,    1449.354053,     175.594683,    1023.860812,    1455.860376,     177.457235
5112,   7.441000,    1022.315025,    1449.147820,     175.535930,    1023.830295,    1455.720782,     177.416636
5113,   7.442000,    1022.263646,    1448.939681,     175.476658,    1023.799300,    1455.579400,     177.375600
5114,   7.443000,    1022.211671,    1448.729873,     175.416866,    1023.767948,    1455.436110,     177.334169
5115,   7.444000,    1022.158861,    1448.518157,     175.356542,    1023.736238,    1455.291033,     177.292217
5116,   7.445000,    1022.105455,    1448.304653,     175.295685,    1023.703933,    1455.144286,     177.249802
5117,   7.446000,    1022.051454,    1448.089242,     175.234309,    1023.671269,    1454.995871,     177.206977
5118,   7.447000,    1021.996617,    1447.872043,     175.172400,    1023.638129,    1454.845786,     177.163701
5119,   7.448000,    1021.941066,    1447.652936,     175.109958,    1023.604512,    1454.694033,     177.119905
5120,   7.449000,    1021.884799,    1447.432041,     175.046984,    1023.570538,    1454.540730,     177.075673
5121,   7.450000,    1021.827936,    1447.209239,     174.983463,    1023.535967,    1454.385877,     177.031086
5122,   7.451000,    1021.770239,    1446.984529,     174.919410,    1023.500919,    1454.229236,     176.985979
5123,   7.452000,    1021.711707,    1446.758032,     174.854810,    1023.465514,    1454.070687,     176.940463
5124,   7.453000,    1021.652579,    1446.529627,     174.789664,    1023.429513,    1453.910589,     176.894496
5125,   7.454000,    1021.592617,    1446.299195,     174.723971,    1023.393154,    1453.748703,     176.847996
5126,   7.455000,    1021.531940,    1446.066976,     174.657718,    1023.356199,    1453.585029,     176.801127
5127,   7.456000,    1021.470428,    1445.832849,     174.590932,    1023.318768,    1453.419566,     176.753766
5128,   7.457000,    1021.408081,    1445.596814,     174.523573,    1023.280859,    1453.252435,     176.705900
5129,   7.458000,    1021.345019,    1445.358753,     174.455667,    1023.242354,    1453.083515,     176.657707
5130,   7.459000,    1021.281123,    1445.118904,     174.387201,    1023.203373,    1452.912807,     176.608966
5131,   7.460000,    1021.216393,    1444.877028,     174.318176,    1023.163915,    1452.740431,     176.559639
5132,   7.461000,    1021.150947,    1444.633245,     174.248590,    1023.123860,    1452.566266,     176.509983
5133,   7.462000,    1021.084547,    1444.387436,     174.178430,    1023.083210,    1452.390313,     176.459754
5134,   7.463000,    1021.017432,    1444.139719,     174.107696,    1023.041964,    1452.212572,     176.408978
5135,   7.464000,    1020.949364,    1443.890095,     174.036403,    1023.000360,    1452.033162,     176.357875
5136,   7.465000,    1020.880461,    1443.638444,     173.964536,    1022.958159,    1451.852202,     176.306252
5137,   7.466000,    1020.810604,    1443.384767,     173.892095,    1022.915363,    1451.669335,     176.254275
5138,   7.467000,    1020.740032,    1443.129182,     173.819080,    1022.871971,    1451.484799,     176.201778
5139,   7.468000,    1020.668387,    1442.871571,     173.745492,    1022.827983,    1451.298475,     176.148653
5140,   7.469000,    1020.596027,    1442.612052,     173.671329,    1022.783399,    1451.110482,     176.095159
5141,   7.470000,    1020.522714,    1442.350507,     173.596593,    1022.738338,    1450.920820,     176.041050
5142,   7.471000,    1020.448446,    1442.087054,     173.521297,    1022.692561,    1450.729370,     175.986463
5143,   7.472000,    1020.373225,    1441.821694,     173.445414,    1022.646189,    1450.536013,     175.931398
5144,   7.473000,    1020.297170,    1441.554308,     173.368957,    1022.599220,    1450.340986,     175.875828
5145,   7.474000,    1020.220160,    1441.284895,     173.291940,    1022.551537,    1450.144172,     175.819806
5146,   7.475000,    1020.142198,    1441.013575,     173.214335,    1022.503376,    1449.945450,     175.763143
5147,   7.476000,    1020.063400,    1440.740347,     173.136170,    1022.454500,    1449.745059,     175.706125
5148,   7.477000,    1019.983530,    1440.465093,     173.057418,    1022.405148,    1449.542880,     175.648573
5149,   7.478000,    1019.902706,    1440.187812,     172.978106,    1022.355080,    1449.338913,     175.590462
5150,   7.479000,    1019.820929,    1439.908743,     172.898220,    1022.304416,    1449.133158,     175.531886
5151,   7.480000,    1019.738078,    1439.627647,     172.817761,    1022.252917,    1448.925376,     175.472600
5152,   7.481000,    1019.654393,    1439.344525,     172.736714,    1022.200823,    1448.715925,     175.412932
5153,   7.482000,    1019.569635,    1439.059615,     172.655106,    1022.148132,    1448.504448,     175.352567
5154,   7.483000,    1019.483924,    1438.772559,     172.572926,    1022.094607,    1448.291063,     175.291792
5155,   7.484000,    1019.397140,    1438.483715,     172.490171,    1022.040486,    1448.075771,     175.230457
5156,   7.485000,    1019.309282,    1438.192844,     172.406843,    1021.985531,    1447.858930,     175.168561
5157,   7.486000,    1019.220471,    1437.900066,     172.322941,    1021.929860,    1447.640181,     175.106284
5158,   7.487000,    1019.130588,    1437.605381,     172.238465,    1021.873593,    1447.419763,     175.043296
5159,   7.488000,    1019.039750,    1437.308669,     172.153429,    1021.816492,    1447.197437,     174.979925
5160,   7.489000,    1018.947721,    1437.010169,     172.067806,    1021.758676,    1446.973324,     174.915844
5161,   7.490000,    1018.854737,    1436.709523,     171.981609,    1021.700144,    1446.747184,     174.851449
5162,   7.491000,    1018.760562,    1436.407089,     171.894852,    1021.640778,    1446.519136,     174.786221
5163,   7.492000,    1018.665433,    1436.102748,     171.807507,    1021.580696,    1446.289182,     174.720720
5164,   7.493000,    1018.569112,    1435.796380,     171.719603,    1021.519780,    1446.057320,     174.654453
5165,   7.494000,    1018.471718,    1435.488105,     171.631111,    1021.458268,    1445.823789,     174.587845
5166,   7.495000,    1018.373251,    1435.177922,     171.542059,    1021.395802,    1445.588470,     174.520404
5167,   7.496000,    1018.273592,    1434.865832,     171.452433,    1021.332622,    1445.351124,     174.452689
5168,   7.497000,    1018.172860,    1434.551835,     171.362220,    1021.268606,    1445.111752,     174.384319
5169,   7.498000,    1018.070936,    1434.235930,     171.271447,    1021.203876,    1444.870353,     174.315512
5170,   7.499000,    1017.967939,    1433.917999,     171.180100,    1021.138430,    1444.627047,     174.245912
5171,   7.500000,    1017.863631,    1433.598280,     171.088179,    1021.072149,    1444.381833,     174.176039
5172,   7.501000,    1017.758369,    1433.276534,     170.995685,    1021.004915,    1444.134712,     174.105333
5173,   7.502000,    1017.651796,    1432.953000,     170.902617,    1020.936966,    1443.885803,     174.034368
5174,   7.503000,    1017.544031,    1432.627439,     170.808975,    1020.868063,    1443.634987,     173.962541
5175,   7.504000,    1017.435074,    1432.300091,     170.714759,    1020.798326,    1443.382025,     173.890346
5176,   7.505000,    1017.324924,    1431.970716,     170.619970,    1020.727754,    1443.127036,     173.817441
5177,   7.506000,    1017.213583,    1431.639552,     170.524607,    1020.656228,    1442.870021,     173.744139
5178,   7.507000,    1017.101049,    1431.306481,     170.428683,    1020.583868,    1442.611337,     173.669963
5179,   7.508000,    1016.987205,    1430.971503,     170.332173,    1020.510674,    1442.350507,     173.595528
5180,   7.509000,    1016.872168,    1430.634618,     170.235088,    1020.436287,    1442.088008,     173.520450
5181,   7.510000,    1016.755819,    1430.295825,     170.137444,    1020.361066,    1441.823483,     173.444854
5182,   7.511000,    1016.638279,    1429.955125,     170.039212,    1020.285010,    1441.556931,     173.368602
5183,   7.512000,    1016.519427,    1429.612637,     169.940420,    1020.208001,    1441.288352,     173.292090
5184,   7.513000,    1016.399264,    1429.268122,     169.841055,    1020.130038,    1441.017747,     173.214718
5185,   7.514000,    1016.277909,    1428.921819,     169.741102,    1020.051122,    1440.745354,     173.136990
5186,   7.515000,    1016.155124,    1428.573608,     169.640589,    1019.971251,    1440.471172,     173.058497
5187,   7.516000,    1016.031146,    1428.223610,     169.539502,    1019.890308,    1440.194964,     172.979513
5188,   7.517000,    1015.905738,    1427.871704,     169.437841,    1019.808531,    1439.916730,     172.900037
5189,   7.518000,    1015.779018,    1427.517891,     169.335607,    1019.725800,    1439.636588,     172.819769
5190,   7.519000,    1015.650988,    1427.162290,     169.232799,    1019.642115,    1439.354539,     172.739049
5191,   7.520000,    1015.521526,    1426.804781,     169.129417,    1019.557357,    1439.070463,     172.657538
5192,   7.521000,    1015.390754,    1426.445365,     169.025462,    1019.471645,    1438.784599,     172.575630
5193,   7.522000,    1015.258551,    1426.084161,     168.920933,    1019.384980,    1438.496828,     172.492848
5194,   7.523000,    1015.125036,    1425.721049,     168.815830,    1019.297242,    1438.206792,     172.409821
5195,   7.524000,    1014.990091,    1425.356150,     168.710167,    1019.208550,    1437.914968,     172.326083
5196,   7.525000,    1014.853716,    1424.989462,     168.603916,    1019.118667,    1437.621355,     172.241757
5197,   7.526000,    1014.715910,    1424.620867,     168.497092,    1019.027948,    1437.325597,     172.156994
5198,   7.527000,    1014.576674,    1424.250364,     168.389708,    1018.936157,    1437.027931,     172.071439
5199,   7.528000,    1014.436007,    1423.878193,     168.281736,    1018.843412,    1436.728597,     171.985516
5200,   7.529000,    1014.293909,    1423.504114,     168.173205,    1018.749237,    1436.426997,     171.898923
5201,   7.530000,    1014.150262,    1423.128128,     168.064086,    1018.654108,    1436.123252,     171.811824
5202,   7.531000,    1014.005303,    1422.750473,     167.954406,    1018.558025,    1435.817838,     171.724152
5203,   7.532000,    1013.858676,    1422.370911,     167.844153,    1018.460751,    1435.510635,     171.635933
5204,   7.533000,    1013.710618,    1421.989441,     167.733327,    1018.362403,    1435.201526,     171.547099
5205,   7.534000,    1013.561130,    1421.606302,     167.621913,    1018.262863,    1434.890151,     171.457911
5206,   7.535000,    1013.410091,    1421.221375,     167.509939,    1018.162012,    1434.576988,     171.368067
5207,   7.536000,    1013.257384,    1420.834541,     167.397391,    1018.060088,    1434.262037,     171.277594
5208,   7.537000,    1013.103247,    1420.445919,     167.284269,    1017.957091,    1433.945179,     171.186629
5209,   7.538000,    1012.947559,    1420.055628,     167.170574,    1017.853022,    1433.626413,     171.095037
5210,   7.539000,    1012.790322,    1419.663429,     167.056305,    1017.747879,    1433.305621,     171.002856
5211,   7.540000,    1012.631536,    1419.269443,     166.941476,    1017.641425,    1432.982922,     170.910171
5212,   7.541000,    1012.471080,    1418.873787,     166.826059,    1017.533898,    1432.658553,     170.816761
5213,   7.542000,    1012.309074,    1418.476224,     166.710069,    1017.425179,    1432.332158,     170.722805
5214,   7.543000,    1012.145400,    1418.076992,     166.593518,    1017.315269,    1432.003736,     170.628234
5215,   7.544000,    1011.980176,    1417.675972,     166.476381,    1017.204165,    1431.673884,     170.533076
5216,   7.545000,    1011.813283,    1417.273164,     166.358669,    1017.091751,    1431.342006,     170.437303
5217,   7.546000,    1011.644721,    1416.868567,     166.240398,    1016.977787,    1431.007862,     170.340943
5218,   7.547000,    1011.474490,    1416.462302,     166.121552,    1016.862631,    1430.672169,     170.244009
5219,   7.548000,    1011.302590,    1416.054130,     166.002120,    1016.746163,    1430.334687,     170.146460
5220,   7.549000,    1011.129022,    1415.644407,     165.882127,    1016.628504,    1429.995179,     170.048351
5221,   7.550000,    1010.953784,    1415.232778,     165.761560,    1016.509652,    1429.653525,     169.949750
5222,   7.551000,    1010.776877,    1414.819598,     165.640407,    1016.389489,    1429.309964,     169.850508
5223,   7.552000,    1010.598183,    1414.404511,     165.518693,    1016.268015,    1428.964615,     169.750732
5224,   7.553000,    1010.417819,    1413.987756,     165.396405,    1016.145349,    1428.617477,     169.650411
5225,   7.554000,    1010.235667,    1413.569331,     165.273543,    1016.021490,    1428.268313,     169.549679
5226,   7.555000,    1010.051727,    1413.149238,     165.150108,    1015.896559,    1427.917361,     169.448346
5227,   7.556000,    1009.866118,    1412.727356,     165.026099,    1015.770435,    1427.564502,     169.346331
5228,   7.557000,    1009.678721,    1412.303686,     164.901517,    1015.642762,    1427.209735,     169.243946
5229,   7.558000,    1009.489417,    1411.878467,     164.776374,    1015.513539,    1426.853061,     169.141042
5230,   7.559000,    1009.298444,    1411.451459,     164.650644,    1015.383005,    1426.494718,     169.037483
5231,   7.560000,    1009.105563,    1411.022782,     164.524340,    1015.251040,    1426.134467,     168.933282
5232,   7.561000,    1008.910894,    1410.592556,     164.397476,    1015.117764,    1425.772309,     168.828589
5233,   7.562000,    1008.714437,    1410.160542,     164.270025,    1014.982939,    1425.408125,     168.723130
5234,   7.563000,    1008.516073,    1409.726858,     164.142013,    1014.846325,    1425.042391,     168.617249
5235,   7.564000,    1008.315802,    1409.291506,     164.013415,    1014.708400,    1424.675226,     168.510780
5236,   7.565000,    1008.113742,    1408.854485,     163.884256,    1014.569163,    1424.306393,     168.403573
5237,   7.566000,    1007.909775,    1408.415914,     163.754523,    1014.428735,    1423.935175,     168.295793
5238,   7.567000,    1007.703900,    1407.975554,     163.624230,    1014.286876,    1423.562169,     168.187439
5239,   7.568000,    1007.496119,    1407.533765,     163.493364,    1014.143705,    1423.187494,     168.078497
5240,   7.569000,    1007.286429,    1407.090306,     163.361937,    1013.998866,    1422.811031,     167.968941
5241,   7.570000,    1007.074833,    1406.645298,     163.229964,    1013.852715,    1422.433019,     167.858838
5242,   7.571000,    1006.861329,    1406.198621,     163.097418,    1013.705015,    1422.052741,     167.748162
5243,   7.572000,    1006.645918,    1405.750513,     162.964325,    1013.555884,    1421.670198,     167.636966
5244,   7.573000,    1006.428480,    1405.300856,     162.830672,    1013.405085,    1421.286225,     167.525170
5245,   7.574000,    1006.209135,    1404.849529,     162.696486,    1013.252378,    1420.900702,     167.412704
5246,   7.575000,    1005.987883,    1404.396892,     162.561740,    1013.098001,    1420.513034,     167.299883
5247,   7.576000,    1005.764604,    1403.942585,     162.426447,    1012.942076,    1420.123100,     167.186420
5248,   7.577000,    1005.539417,    1403.486967,     162.290609,    1012.784719,    1419.731617,     167.072397
5249,   7.578000,    1005.312204,    1403.029680,     162.154237,    1012.625813,    1419.338703,     166.957882
5250,   7.579000,    1005.082965,    1402.571082,     162.017319,    1012.465358,    1418.943882,     166.842738
5251,   7.580000,    1004.851699,    1402.111053,     161.879868,    1012.303233,    1418.547153,     166.727158
5252,   7.581000,    1004.618526,    1401.649475,     161.741885,    1012.139916,    1418.148518,     166.610867
5253,   7.582000,    1004.383206,    1401.186585,     161.603369,    1011.975288,    1417.748332,     166.494139
5254,   7.583000,    1004.145980,    1400.722384,     161.464320,    1011.808872,    1417.346478,     166.376687
5255,   7.584000,    1003.906608,    1400.256634,     161.324738,    1011.640668,    1416.942835,     166.258771
5256,   7.585000,    1003.665328,    1399.789572,     161.184637,    1011.470914,    1416.537523,     166.140240
5257,   7.586000,    1003.421903,    1399.321198,     161.044017,    1011.299133,    1416.130781,     166.021094
5258,   7.587000,    1003.176451,    1398.851514,     160.902878,    1011.125684,    1415.722489,     165.901415
5259,   7.588000,    1002.928972,    1398.380399,     160.761206,    1010.950327,    1415.312290,     165.781177
5260,   7.589000,    1002.679348,    1397.908092,     160.619029,    1010.773420,    1414.900303,     165.660351
5261,   7.590000,    1002.427697,    1397.434354,     160.476346,    1010.594845,    1414.486647,     165.538896
5262,   7.591000,    1002.173901,    1396.959424,     160.333145,    1010.414720,    1414.071083,     165.416704
5263,   7.592000,    1001.918077,    1396.483302,     160.189424,    1010.233164,    1413.654089,     165.294075
5264,   7.593000,    1001.660109,    1396.005869,     160.045211,    1010.050058,    1413.235307,     165.170694
5265,   7.594000,    1001.399994,    1395.527124,     159.900493,    1009.865165,    1412.814617,     165.046918
5266,   7.595000,    1001.137853,    1395.047307,     159.755256,    1009.678245,    1412.392497,     164.922499
5267,   7.596000,    1000.873566,    1394.566178,     159.609541,    1009.489417,    1411.968589,     164.797520
5268,   7.597000,    1000.607014,    1394.083977,     159.463320,    1009.298563,    1411.542773,     164.671940
5269,   7.598000,    1000.338435,    1393.600464,     159.316594,    1009.105563,    1411.115170,     164.545773
5270,   7.599000,    1000.067711,    1393.115878,     159.169390,    1008.910894,    1410.686016,     164.419018
5271,   7.600000,     999.794841,    1392.630219,     159.021680,    1008.714557,    1410.255075,     164.291881
5272,   7.601000,     999.519825,    1392.143369,     158.873492,    1008.516788,    1409.822226,     164.164102
5273,   7.602000,     999.242604,    1391.655326,     158.724813,    1008.317351,    1409.387946,     164.035818
5274,   7.603000,     998.963237,    1391.166329,     158.575655,    1008.116007,    1408.952117,     163.907109
5275,   7.604000,     998.681664,    1390.676141,     158.426006,    1007.912755,    1408.514857,     163.777773
5276,   7.605000,     998.397887,    1390.184999,     158.275892,    1007.707119,    1408.075809,     163.647999
5277,   7.606000,     998.111963,    1389.692783,     158.125286,    1007.499456,    1407.634974,     163.517652
5278,   7.607000,     997.823775,    1389.199495,     157.974216,    1007.290006,    1407.192707,     163.386772
5279,   7.608000,     997.533441,    1388.705254,     157.822668,    1007.078648,    1406.749010,     163.255345
5280,   7.609000,     997.240841,    1388.209939,     157.670655,    1006.865382,    1406.303644,     163.123441
5281,   7.610000,     996.946037,    1387.713671,     157.518178,    1006.650448,    1405.856729,     162.990949
5282,   7.611000,     996.649027,    1387.216449,     157.365223,    1006.433725,    1405.408502,     162.857924
5283,   7.612000,     996.349752,    1386.718273,     157.211817,    1006.215096,    1404.958725,     162.724244
5284,   7.613000,     996.048272,    1386.219263,     157.057946,    1005.994439,    1404.507399,     162.589935
5285,   7.614000,     995.744526,    1385.719180,     156.903611,    1005.771518,    1404.054880,     162.455161
5286,   7.615000,     995.438516,    1385.218263,     156.748825,    1005.546331,    1403.601170,     162.319719
5287,   7.616000,     995.130301,    1384.716511,     156.593575,    1005.319238,    1403.145790,     162.183620
5288,   7.617000,     994.819760,    1384.213805,     156.437888,    1005.090356,    1402.688742,     162.047003
5289,   7.618000,     994.506955,    1383.710265,     156.281736,    1004.860044,    1402.230382,     161.909744
5290,   7.619000,     994.191945,    1383.205891,     156.125147,    1004.627943,    1401.770830,     161.771910
5291,   7.620000,     993.874609,    1382.700682,     155.968107,    1004.393578,    1401.309967,     161.633380
5292,   7.621000,     993.554950,    1382.194757,     155.810631,    1004.156947,    1400.847197,     161.494427
5293,   7.622000,     993.233085,    1381.687999,     155.652717,    1003.918171,    1400.382996,     161.354927
5294,   7.623000,     992.908835,    1381.180406,     155.494352,    1003.677130,    1399.917364,     161.214826
5295,   7.624000,     992.582381,    1380.672097,     155.335564,    1003.434420,    1399.450541,     161.074247
5296,   7.625000,     992.253542,    1380.163074,     155.176338,    1003.189802,    1398.982048,     160.933231
5297,   7.626000,     991.922438,    1379.653335,     155.016676,    1002.943158,    1398.512244,     160.791628
5298,   7.627000,     991.589010,    1379.142880,     154.856590,    1002.694249,    1398.041129,     160.649615
5299,   7.628000,     991.253257,    1378.631711,     154.696080,    1002.443433,    1397.568703,     160.507246
5300,   7.629000,     990.915120,    1378.119946,     154.535147,    1002.190471,    1397.094965,     160.364372
5301,   7.630000,     990.574718,    1377.607465,     154.373791,    1001.935124,    1396.619797,     160.221171
5302,   7.631000,     990.231991,    1377.094388,     154.212011,    1001.677752,    1396.143675,     160.077504
5303,   7.632000,     989.886880,    1376.580596,     154.049808,    1001.418471,    1395.666599,     159.933428
5304,   7.633000,     989.539504,    1376.066327,     153.887208,    1001.157284,    1395.187616,     159.788847
5305,   7.634000,     989.189684,    1375.551343,     153.724172,    1000.893950,    1394.707799,     159.643897
5306,   7.635000,     988.837600,    1375.035882,     153.560739,    1000.628471,    1394.227386,     159.498250
5307,   7.636000,     988.483071,    1374.519825,     153.396896,    1000.360250,    1393.745422,     159.352179
5308,   7.637000,     988.126278,    1374.003291,     153.232658,    1000.090003,    1393.262267,     159.205699
5309,   7.638000,     987.767041,    1373.486161,     153.067995,     999.817848,    1392.778397,     159.058686
5310,   7.639000,     987.405479,    1372.968554,     152.902951,     999.543786,    1392.293692,     158.911099
5311,   7.640000,     987.041533,    1372.450471,     152.737496,     999.267757,    1391.807199,     158.763103
5312,   7.641000,     986.675203,    1371.932030,     152.571646,     998.989105,    1391.319156,     158.614450
5313,   7.642000,     986.306548,    1371.412992,     152.405399,     998.707771,    1390.830636,     158.465143
5314,   7.643000,     985.935450,    1370.893598,     152.238756,     998.423994,    1390.341043,     158.315206
5315,   7.644000,     985.562027,    1370.373726,     152.071730,     998.138487,    1389.850020,     158.164792
5316,   7.645000,     985.186160,    1369.853497,     151.904322,     997.851253,    1389.358044,     158.013763
5317,   7.646000,     984.807909,    1369.332790,     151.736518,     997.561991,    1388.864994,     157.862132
5318,   7.647000,     984.427273,    1368.811846,     151.568345,     997.270346,    1388.370514,     157.709997
5319,   7.648000,     984.044254,    1368.290424,     151.399776,     996.976137,    1387.875199,     157.557328
5320,   7.649000,     983.658850,    1367.768764,     151.230838,     996.679485,    1387.378812,     157.404141
5321,   7.650000,     983.271003,    1367.246866,     151.061518,     996.380925,    1386.881828,     157.250694
5322,   7.651000,     982.880771,    1366.724491,     150.891829,     996.080637,    1386.384845,     157.096741
5323,   7.652000,     982.488155,    1366.201997,     150.721771,     995.778263,    1385.886312,     156.942475
5324,   7.653000,     982.093096,    1365.679145,     150.551330,     995.473385,    1385.386348,     156.788031
5325,   7.654000,     981.695652,    1365.156054,     150.380535,     995.165884,    1384.885788,     156.633177
5326,   7.655000,     981.295824,    1364.632726,     150.209370,     994.856119,    1384.384871,     156.478063
5327,   7.656000,     980.893493,    1364.109278,     150.037837,     994.544387,    1383.883119,     156.322581
5328,   7.657000,     980.488837,    1363.585591,     149.865962,     994.230688,    1383.380175,     156.166757
5329,   7.658000,     980.081737,    1363.061666,     149.693704,     993.914604,    1382.876635,     156.010550
5330,   7.659000,     979.672194,    1362.537622,     149.521105,     993.595839,    1382.372499,     155.853879
5331,   7.660000,     979.260206,    1362.013459,     149.348151,     993.274629,    1381.867290,     155.696799
5332,   7.661000,     978.845835,    1361.489177,     149.174856,     992.951155,    1381.361127,     155.539130
5333,   7.662000,     978.429019,    1360.964775,     149.001205,     992.625654,    1380.854130,     155.381094
5334,   7.663000,     978.009820,    1360.440373,     148.827199,     992.298067,    1380.346537,     155.222346
5335,   7.664000,     977.588177,    1359.915733,     148.652852,     991.968334,    1379.837751,     155.063326
5336,   7.665000,     977.164090,    1359.391212,     148.478177,     991.636097,    1379.328012,     154.903650
5337,   7.666000,     976.737559,    1358.866572,     148.303146,     991.300941,    1378.817558,     154.743441
5338,   7.667000,     976.308644,    1358.341932,     148.127788,     990.963340,    1378.306866,     154.582631
5339,   7.668000,     975.877285,    1357.817173,     147.952088,     990.624011,    1377.795577,     154.421507
5340,   7.669000,     975.443482,    1357.292533,     147.776060,     990.282774,    1377.283335,     154.259781
5341,   7.670000,     975.007296,    1356.768012,     147.599705,     989.938617,    1376.771212,     154.097551
5342,   7.671000,     974.568605,    1356.243372,     147.423008,     989.591420,    1376.258135,     153.934910
5343,   7.672000,     974.127531,    1355.718970,     147.245997,     989.242017,    1375.743985,     153.771614
5344,   7.673000,     973.684013,    1355.194569,     147.068658,     988.891065,    1375.230074,     153.607881
5345,   7.674000,     973.238051,    1354.670286,     146.891005,     988.538027,    1374.715686,     153.443902
5346,   7.675000,     972.789705,    1354.146123,     146.713023,     988.182485,    1374.200463,     153.279636
5347,   7.676000,     972.338915,    1353.622079,     146.534742,     987.824142,    1373.684764,     153.115096
5348,   7.677000,     971.885681,    1353.098154,     146.356132,     987.463474,    1373.168945,     152.950257
5349,   7.678000,     971.430004,    1352.574468,     146.177209,     987.101018,    1372.652411,     152.785144
5350,   7.679000,     970.971942,    1352.051020,     145.997985,     986.736298,    1372.135162,     152.619716
5351,   7.680000,     970.511377,    1351.527691,     145.818446,     986.368835,    1371.617794,     152.454002
5352,   7.681000,     970.048487,    1351.004601,     145.638594,     985.998690,    1371.099830,     152.287865
5353,   7.682000,     969.583094,    1350.481868,     145.458454,     985.626459,    1370.581031,     152.121604
5354,   7.683000,     969.115317,    1349.959254,     145.278014,     985.251963,    1370.062113,     151.954811
5355,   7.684000,     968.645096,    1349.436998,     145.097260,     984.875083,    1369.542718,     151.787594
5356,   7.685000,     968.172491,    1348.914981,     144.916233,     984.495819,    1369.022131,     151.620036
5357,   7.686000,     967.697442,    1348.393321,     144.734891,     984.113991,    1368.501306,     151.452082
5358,   7.687000,     967.219949,    1347.872019,     144.553263,     983.729541,    1367.980719,     151.283526
5359,   7.688000,     966.740072,    1347.351074,     144.371361,     983.342648,    1367.459297,     151.114780
5360,   7.689000,     966.257751,    1346.830487,     144.189159,     982.953429,    1366.937160,     150.945459
5361,   7.690000,     965.773046,    1346.310258,     144.006670,     982.561648,    1366.415739,     150.775743
5362,   7.691000,     965.285957,    1345.790386,     143.823908,     982.167065,    1365.894318,     150.605535
5363,   7.692000,     964.796424,    1345.270991,     143.640859,     981.770337,    1365.371943,     150.435039
5364,   7.693000,     964.304447,    1344.752073,     143.457537,     981.371582,    1364.849925,     150.264148
5365,   7.694000,     963.810146,    1344.233513,     143.273928,     980.970204,    1364.328027,     150.092669
5366,   7.695000,     963.313401,    1343.715549,     143.090059,     980.566561,    1363.805771,     149.920904
5367,   7.696000,     962.814271,    1343.197942,     142.905917,     980.161011,    1363.283515,     149.748797
5368,   7.697000,     962.312758,    1342.680931,     142.721502,     979.753256,    1362.761497,     149.576266
5369,   7.698000,     961.808860,    1342.164397,     142.536827,     979.342878,    1362.238765,     149.403298
5370,   7.699000,     961.302519,    1341.648459,     142.351879,     978.929818,    1361.715436,     149.230126
5371,   7.700000,     960.793853,    1341.132998,     142.166686,     978.514433,    1361.192942,     149.056707
5372,   7.701000,     960.282803,    1340.618134,     141.981219,     978.096843,    1360.670328,     148.883057
5373,   7.702000,     959.769368,    1340.103865,     141.795492,     977.676749,    1360.146046,     148.709078
5374,   7.703000,     959.253550,    1339.590311,     141.609520,     977.253973,    1359.622240,     148.534731
5375,   7.704000,     958.735347,    1339.077234,     141.423301,     976.828575,    1359.099150,     148.360096
5376,   7.705000,     958.214819,    1338.564873,     141.236824,     976.401210,    1358.574510,     148.185093
5377,   7.706000,     957.691908,    1338.053107,     141.050100,     975.971580,    1358.050227,     148.009803
5378,   7.707000,     957.166612,    1337.542176,     140.863117,     975.538790,    1357.526779,     147.834172
5379,   7.708000,     956.638992,    1337.031841,     140.675915,     975.103080,    1357.002258,     147.658240
5380,   7.709000,     956.108987,    1336.522222,     140.488453,     974.665523,    1356.477618,     147.481802
5381,   7.710000,     955.576718,    1336.013317,     140.300760,     974.225998,    1355.954409,     147.305269
5382,   7.711000,     955.042064,    1335.505128,     140.112834,     973.783672,    1355.431318,     147.128231
5383,   7.712000,     954.505026,    1334.997773,     139.924662,     973.338664,    1354.907274,     146.950851
5384,   7.713000,     953.965724,    1334.491134,     139.736272,     972.891152,    1354.384303,     146.773156
5385,   7.714000,     953.424096,    1333.985329,     139.547650,     972.441494,    1353.862405,     146.595189
5386,   7.715000,     952.880144,    1333.480358,     139.358795,     971.989930,    1353.339434,     146.416730
5387,   7.716000,     952.333868,    1332.976222,     139.169722,     971.535921,    1352.816820,     146.237956
5388,   7.717000,     951.785266,    1332.472920,     138.980416,     971.078813,    1352.295518,     146.059033
5389,   7.718000,     951.234341,    1331.970453,     138.790892,     970.619202,    1351.773858,     145.879699
5390,   7.719000,     950.681150,    1331.468821,     138.601163,     970.157266,    1351.251721,     145.699970
5391,   7.720000,     950.125694,    1330.968142,     138.411202,     969.693601,    1350.730419,     145.520063
5392,   7.721000,     949.567914,    1330.468416,     138.221036,     969.228089,    1350.209117,     145.339773
5393,   7.722000,     949.007869,    1329.969525,     138.030665,     968.759477,    1349.686861,     145.159155
5394,   7.723000,     948.445559,    1329.471707,     137.840075,     968.288243,    1349.165320,     144.978306
5395,   7.724000,     947.880983,    1328.974724,     137.649280,     967.814922,    1348.645091,     144.797210
5396,   7.725000,     947.314143,    1328.478813,     137.458281,     967.339218,    1348.124504,     144.615991
5397,   7.726000,     946.745038,    1327.983856,     137.267077,     966.860533,    1347.603202,     144.434322
5398,   7.727000,     946.173668,    1327.489972,     137.075681,     966.379642,    1347.082853,     144.252366
5399,   7.728000,     945.600092,    1326.997042,     136.884081,     965.896726,    1346.562982,     144.070328
5400,   7.729000,     945.024312,    1326.505184,     136.692289,     965.410829,    1346.043587,     143.887975
5401,   7.730000,     944.446266,    1326.014400,     136.500306,     964.922130,    1345.524788,     143.705254
5402,   7.731000,     943.865955,    1325.524569,     136.308132,     964.431643,    1345.006824,     143.522301
5403,   7.732000,     943.283498,    1325.035930,     136.115766,     963.939428,    1344.489217,     143.339074
5404,   7.733000,     942.698836,    1324.548483,     135.923223,     963.444412,    1343.972087,     143.155615
5405,   7.734000,     942.111909,    1324.061990,     135.730489,     962.946296,    1343.455911,     142.971651
5406,   7.735000,     941.522896,    1323.576808,     135.537564,     962.445974,    1342.939973,     142.787318
5407,   7.736000,     940.931618,    1323.092699,     135.344474,     961.943626,    1342.424750,     142.602848
5408,   7.737000,     940.338194,    1322.609782,     135.151207,     961.438835,    1341.910481,     142.417996
5409,   7.738000,     939.742625,    1322.127938,     134.957762,     960.931242,    1341.396451,     142.232979
5410,   7.739000,     939.144850,    1321.647406,     134.764140,     960.421562,    1340.882301,     142.047663
5411,   7.740000,     938.544989,    1321.168065,     134.570354,     959.909916,    1340.368986,     141.862209
5412,   7.741000,     937.942922,    1320.690036,     134.376404,     959.395707,    1339.856982,     141.676524
5413,   7.742000,     937.338769,    1320.213199,     134.182276,     958.879352,    1339.344621,     141.490470
5414,   7.743000,     936.732471,    1319.737554,     133.987999,     958.360791,    1338.832617,     141.304374
5415,   7.744000,     936.124086,    1319.263220,     133.793557,     957.839131,    1338.321447,     141.117869
5416,   7.745000,     935.513556,    1318.790197,     133.598951,     957.314551,    1337.810397,     140.931350
5417,   7.746000,     934.900939,    1318.318486,     133.404195,     956.788480,    1337.299943,     140.744435
5418,   7.747000,     934.286237,    1317.848206,     133.209275,     956.260622,    1336.790562,     140.557329
5419,   7.748000,     933.669448,    1317.379117,     133.014218,     955.729961,    1336.282015,     140.369977
5420,   7.749000,     933.050632,    1316.911459,     132.818998,     955.196857,    1335.773945,     140.182447
5421,   7.750000,     932.429731,    1316.445112,     132.623641,     954.661429,    1335.266829,     139.994590
5422,   7.751000,     931.806803,    1315.980196,     132.428134,     954.123318,    1334.761143,     139.806664
5423,   7.752000,     931.181788,    1315.516710,     132.232490,     953.583360,    1334.256172,     139.618178
5424,   7.753000,     930.554748,    1315.054536,     132.036709,     953.041017,    1333.751559,     139.429569
5425,   7.754000,     929.925740,    1314.593911,     131.840778,     952.496409,    1333.248377,     139.240646
5426,   7.755000,     929.294646,    1314.134598,     131.644725,     951.949298,    1332.746625,     139.051409
5427,   7.756000,     928.661585,    1313.676834,     131.448521,     951.399803,    1332.245588,     138.862008
5428,   7.757000,     928.026557,    1313.220501,     131.252194,     950.848401,    1331.745028,     138.672320
5429,   7.758000,     927.389562,    1312.765598,     131.055744,     950.294673,    1331.245303,     138.482290
5430,   7.759000,     926.750541,    1312.312365,     130.859171,     949.738443,    1330.746293,     138.292070
5431,   7.760000,     926.109612,    1311.860442,     130.662461,     949.180067,    1330.247879,     138.101658
5432,   7.761000,     925.466716,    1311.410189,     130.465643,     948.619306,    1329.750657,     137.911123
5433,   7.762000,     924.821854,    1310.961485,     130.268687,     948.056579,    1329.254389,     137.720383
5434,   7.763000,     924.175084,    1310.514212,     130.071636,     947.491705,    1328.758359,     137.529629
5435,   7.764000,     923.526406,    1310.068607,     129.874449,     946.924031,    1328.263164,     137.338698
5436,   7.765000,     922.875822,    1309.624553,     129.677166,     946.354747,    1327.769518,     137.147507
5437,   7.766000,     922.223389,    1309.182167,     129.479759,     945.782900,    1327.276587,     136.956194
5438,   7.767000,     921.569049,    1308.741331,     129.282258,     945.207953,    1326.784492,     136.764785
5439,   7.768000,     920.912802,    1308.302045,     129.084647,     944.631159,    1326.294065,     136.573403
5440,   7.769000,     920.254707,    1307.864428,     128.886926,     944.052100,    1325.804591,     136.381693
5441,   7.770000,     919.594824,    1307.428598,     128.689110,     943.470716,    1325.316191,     136.189792
5442,   7.771000,     918.933034,    1306.994319,     128.491185,     942.887545,    1324.828982,     135.997795
5443,   7.772000,     918.269455,    1306.561708,     128.293178,     942.302585,    1324.343324,     135.805485
5444,   7.773000,     917.604089,    1306.130767,     128.095062,     941.715419,    1323.858619,     135.612996
5445,   7.774000,     916.936874,    1305.701613,     127.896863,     941.125393,    1323.375106,     135.420153
5446,   7.775000,     916.267931,    1305.274129,     127.698583,     940.533459,    1322.893262,     135.227145
5447,   7.776000,     915.597141,    1304.848313,     127.500193,     939.939499,    1322.412610,     135.033878
5448,   7.777000,     914.924681,    1304.424286,     127.301735,     939.343512,    1321.932793,     134.840433
5449,   7.778000,     914.250433,    1304.002047,     127.103195,     938.745797,    1321.454287,     134.646880
5450,   7.779000,     913.574398,    1303.581476,     126.904573,     938.146055,    1320.976853,     134.452902
5451,   7.780000,     912.896693,    1303.162813,     126.705869,     937.543809,    1320.500374,     134.258911
5452,   7.781000,     912.217259,    1302.745819,     126.507084,     936.938882,    1320.025444,     134.064606
5453,   7.782000,     911.536157,    1302.330613,     126.308229,     936.332107,    1319.551349,     133.870355
5454,   7.783000,     910.853326,    1301.917315,     126.109307,     935.723782,    1319.078088,     133.675777
5455,   7.784000,     910.168886,    1301.505804,     125.910316,     935.113013,    1318.606734,     133.481076
5456,   7.785000,     909.482718,    1301.096082,     125.711257,     934.499919,    1318.136454,     133.286265
5457,   7.786000,     908.794940,    1300.688267,     125.512130,     933.885157,    1317.667127,     133.091372
5458,   7.787000,     908.105552,    1300.282359,     125.312934,     933.267713,    1317.199588,     132.896398
5459,   7.788000,     907.414556,    1299.878240,     125.113698,     932.648003,    1316.733241,     132.701327
5460,   7.789000,     906.721890,    1299.476027,     124.914393,     932.026565,    1316.268325,     132.506011
5461,   7.790000,     906.027675,    1299.075723,     124.715033,     931.403339,    1315.804720,     132.310641
5462,   7.791000,     905.331910,    1298.677325,     124.515619,     930.778027,    1315.342188,     132.114846
5463,   7.792000,     904.634535,    1298.280716,     124.316150,     930.150747,    1314.881682,     131.919189
5464,   7.793000,     903.935611,    1297.886133,     124.116640,     929.521203,    1314.422846,     131.723299
5465,   7.794000,     903.235197,    1297.493577,     123.917076,     928.889096,    1313.965440,     131.527245
5466,   7.795000,     902.533233,    1297.102809,     123.717484,     928.255677,    1313.509583,     131.330877
5467,   7.796000,     901.829779,    1296.714067,     123.517838,     927.620351,    1313.055158,     131.134660
5468,   7.797000,     901.124835,    1296.327353,     123.318150,     926.983416,    1312.602282,     130.938169
5469,   7.798000,     900.418401,    1295.942545,     123.118435,     926.344752,    1312.151194,     130.741869
5470,   7.799000,     899.710476,    1295.559764,     122.918680,     925.703824,    1311.701298,     130.545242
5471,   7.800000,     899.001181,    1295.178890,     122.718897,     925.060630,    1311.252832,     130.348723
5472,   7.801000,     898.290396,    1294.800162,     122.519073,     924.415529,    1310.806394,     130.151836
5473,   7.802000,     897.578180,    1294.423342,     122.319235,     923.768938,    1310.361266,     129.955031
5474,   7.803000,     896.864593,    1294.048548,     122.119356,     923.120618,    1309.917092,     129.758240
5475,   7.804000,     896.149635,    1293.675900,     121.919464,     922.469854,    1309.474945,     129.561162
5476,   7.805000,     895.433247,    1293.305278,     121.719544,     921.817005,    1309.033871,     129.363919
5477,   7.806000,     894.715548,    1292.936563,     121.519611,     921.162069,    1308.594346,     129.166500
5478,   7.807000,     893.996477,    1292.570114,     121.319664,     920.505285,    1308.156848,     128.969080
5479,   7.808000,     893.276095,    1292.205572,     121.119704,     919.847071,    1307.720423,     128.771264
5480,   7.809000,     892.554402,    1291.843176,     120.919729,     919.186175,    1307.285666,     128.573530
5481,   7.810000,     891.831458,    1291.482925,     120.719741,     918.523848,    1306.852937,     128.375577
5482,   7.811000,     891.107142,    1291.124701,     120.519753,     917.860389,    1306.422234,     128.177352
5483,   7.812000,     890.381634,    1290.768623,     120.319752,     917.194664,    1305.993080,     127.979181
5484,   7.813000,     889.654815,    1290.414691,     120.119750,     916.527331,    1305.565596,     127.780941
5485,   7.814000,     888.926804,    1290.062904,     119.919749,     915.858388,    1305.139780,     127.582674
5486,   7.815000,     888.197541,    1289.713144,     119.719761,     915.187657,    1304.716110,     127.384175
5487,   7.816000,     887.467086,    1289.365649,     119.519759,     914.515555,    1304.294109,     127.185854
5488,   7.817000,     886.735439,    1289.020181,     119.319757,     913.841844,    1303.873777,     126.987396
5489,   7.818000,     886.002541,    1288.676858,     119.119756,     913.166046,    1303.455353,     126.789061
5490,   7.819000,     885.268450,    1288.335800,     118.919754,     912.488878,    1303.038716,     126.590576
5491,   7.820000,     884.533226,    1287.996769,     118.719753,     911.809564,    1302.623510,     126.391927
5492,   7.821000,     883.796751,    1287.660003,     118.519751,     911.128640,    1302.210569,     126.193414
5493,   7.822000,     883.059144,    1287.325263,     118.319749,     910.445452,    1301.798820,     125.994655
5494,   7.823000,     882.320344,    1286.992788,     118.119762,     909.760892,    1301.388860,     125.795979
5495,   7.824000,     881.580412,    1286.662459,     117.919760,     909.074605,    1300.981045,     125.596947
5496,   7.825000,     880.839288,    1286.334395,     117.719758,     908.387125,    1300.574422,     125.398038
5497,   7.826000,     880.097091,    1286.008358,     117.519757,     907.698095,    1300.169468,     125.199048
5498,   7.827000,     879.353702,    1285.684586,     117.319755,     907.006323,    1299.766421,     124.999688
5499,   7.828000,     878.609180,    1285.362959,     117.119754,     906.312764,    1299.365401,     124.800397
5500,   7.829000,     877.863586,    1285.043597,     116.919752,     905.618191,    1298.966527,     124.600778
5501,   7.830000,     877.116859,    1284.726381,     116.719750,     904.922187,    1298.569560,     124.401500
5502,   7.831000,     876.368999,    1284.411311,     116.519749,     904.225707,    1298.174262,     124.201594
5503,   7.832000,     875.620067,    1284.098506,     116.319761,     903.527558,    1297.781229,     124.002057
5504,   7.833000,     874.870062,    1283.787966,     116.119759,     902.826965,    1297.390223,     123.802452
5505,   7.834000,     874.118984,    1283.479452,     115.919758,     902.125239,    1297.001243,     123.602873
5506,   7.835000,     873.366773,    1283.173323,     115.719756,     901.422143,    1296.614170,     123.403623
5507,   7.836000,     872.613549,    1282.869339,     115.519754,     900.718093,    1296.229243,     123.204086
5508,   7.837000,     871.859252,    1282.567620,     115.319753,     900.012851,    1295.846462,     123.004686
5509,   7.838000,     871.103883,    1282.268047,     115.119751,     899.305224,    1295.465708,     122.805299
5510,   7.839000,     870.347500,    1281.970739,     114.919750,     898.595631,    1295.086980,     122.605802
5511,   7.840000,     869.590044,    1281.675696,     114.719762,     897.884667,    1294.710279,     122.406552
5512,   7.841000,     868.831575,    1281.382799,     114.519753,     897.172332,    1294.335723,     122.207001
5513,   7.842000,     868.072093,    1281.092167,     114.319758,     896.458685,    1293.963075,     122.007396
5514,   7.843000,     867.311597,    1280.803919,     114.119757,     895.743966,    1293.592095,     121.807722
5515,   7.844000,     866.550148,    1280.517697,     113.919755,     895.027637,    1293.223023,     121.607953
5516,   7.845000,     865.787625,    1280.233860,     113.719754,     894.309819,    1292.856216,     121.408074
5517,   7.846000,     865.024149,    1279.952288,     113.519752,     893.591344,    1292.491555,     121.208059
5518,   7.847000,     864.259660,    1279.672861,     113.319757,     892.871618,    1292.129040,     121.007948
5519,   7.848000,     863.494277,    1279.395819,     113.119756,     892.150521,    1291.768312,     120.807878
5520,   7.849000,     862.727880,    1279.120922,     112.919754,     891.427815,    1291.409254,     120.607713
5521,   7.850000,     861.960530,    1278.848410,     112.719753,     890.702963,    1291.052103,     120.407438
5522,   7.851000,     861.192226,    1278.578043,     112.519758,     889.977515,    1290.697336,     120.207409
5523,   7.852000,     860.422969,    1278.310061,     112.319756,     889.250576,    1290.344834,     120.007271
5524,   7.853000,     859.652758,    1278.044343,     112.119755,     888.523161,    1289.994597,     119.807160
5525,   7.854000,     858.881712,    1277.780890,     111.919753,     887.794614,    1289.646029,     119.607363
5526,   7.855000,     858.109653,    1277.519703,     111.719758,     887.063980,    1289.299846,     119.407607
5527,   7.856000,     857.336760,    1277.260780,     111.519757,     886.332035,    1288.955927,     119.207770
5528,   7.857000,     856.562912,    1277.004123,     111.319755,     885.598898,    1288.614154,     119.008123
5529,   7.858000,     855.788171,    1276.749849,     111.119753,     884.864688,    1288.274288,     118.808477
5530,   7.859000,     855.012596,    1276.497722,     110.919752,     884.129167,    1287.936568,     118.609008
5531,   7.860000,     854.236126,    1276.247978,     110.719757,     883.392811,    1287.601233,     118.409102
5532,   7.861000,     853.458762,    1276.000619,     110.519755,     882.655501,    1287.268281,     118.209469
5533,   7.862000,     852.680504,    1275.755405,     110.319754,     881.916881,    1286.937475,     118.009645
5534,   7.863000,     851.901472,    1275.512576,     110.119752,     881.176770,    1286.608696,     117.809657
5535,   7.864000,     851.121545,    1275.272131,     109.919757,     880.435526,    1286.281943,     117.609669
5536,   7.865000,     850.340784,    1275.033951,     109.719756,     879.693627,    1285.957575,     117.409299
5537,   7.866000,     849.559247,    1274.798036,     109.519754,     878.950536,    1285.635591,     117.209147
5538,   7.867000,     848.776817,    1274.564505,     109.319753,     878.205836,    1285.315990,     117.008476
5539,   7.868000,     847.993612,    1274.333239,     109.119758,     877.460241,    1284.998417,     116.808256
5540,   7.869000,     847.209632,    1274.104357,     108.919756,     876.712918,    1284.682870,     116.607981
5541,   7.870000,     846.424818,    1273.877740,     108.719755,     875.964999,    1284.368992,     116.407665
5542,   7.871000,     845.639169,    1273.653388,     108.519753,     875.215590,    1284.057498,     116.207623
5543,   7.872000,     844.852805,    1273.431540,     108.319758,     874.465406,    1283.748507,     116.007512
5544,   7.873000,     844.065666,    1273.211956,     108.119757,     873.714387,    1283.441544,     115.807606
5545,   7.874000,     843.277752,    1272.994637,     107.919755,     872.962654,    1283.136487,     115.607837
5546,   7.875000,     842.489064,    1272.779703,     107.719754,     872.209787,    1282.833576,     115.408135
5547,   7.876000,     841.699660,    1272.567153,     107.519752,     871.455491,    1282.532692,     115.208516
5548,   7.877000,     840.909481,    1272.356987,     107.319757,     870.700359,    1282.234669,     115.008706
5549,   7.878000,     840.118647,    1272.149086,     107.119756,     869.944990,    1281.938910,     114.808978
5550,   7.879000,     839.327037,    1271.943569,     106.919754,     869.187832,    1281.645179,     114.609236
5551,   7.880000,     838.534713,    1271.740317,     106.719752,     868.429303,    1281.353474,     114.409453
5552,   7.881000,     837.741673,    1271.539569,     106.519758,     867.668867,    1281.064272,     114.209465
5553,   7.882000,     836.947918,    1271.341085,     106.319756,     866.907656,    1280.777216,     114.009313
5554,   7.883000,     836.153507,    1271.144986,     106.119754,     866.146028,    1280.492783,     113.809168
5555,   7.884000,     835.358381,    1270.951271,     105.919753,     865.383983,    1280.210733,     113.609002
5556,   7.885000,     834.562600,    1270.759821,     105.719758,     864.620507,    1279.930592,     113.408823
5557,   7.886000,     833.766162,    1270.570874,     105.519756,     863.855898,    1279.652953,     113.208432
5558,   7.887000,     832.969069,    1270.384192,     105.319755,     863.090456,    1279.377341,     113.008355
5559,   7.888000,     832.171321,    1270.199895,     105.119753,     862.324655,    1279.103994,     112.808210
5560,   7.889000,     831.372976,    1270.018101,     104.919758,     861.558676,    1278.832912,     112.608243
5561,   7.890000,     830.573916,    1269.838572,     104.719757,     860.790789,    1278.564334,     112.408269
5562,   7.891000,     829.774320,    1269.661427,     104.519755,     860.022008,    1278.297901,     112.208458
5563,   7.892000,     828.974068,    1269.486666,     104.319754,     859.251618,    1278.033495,     112.008539
5564,   7.893000,     828.173161,    1269.314289,     104.119752,     858.479857,    1277.771354,     111.808742
5565,   7.894000,     827.371716,    1269.144297,     103.919757,     857.707679,    1277.511239,     111.608911
5566,   7.895000,     826.569676,    1268.976688,     103.719756,     856.934428,    1277.253747,     111.409005
5567,   7.896000,     825.767040,    1268.811464,     103.519754,     856.160641,    1276.998639,     111.208990
5568,   7.897000,     824.963808,    1268.648744,     103.319752,     855.385661,    1276.745796,     111.009132
5569,   7.898000,     824.160039,    1268.488288,     103.119758,     854.609966,    1276.495457,     110.809103
5570,   7.899000,     823.355734,    1268.330216,     102.919756,     853.833199,    1276.247144,     110.609210
5571,   7.900000,     822.550833,    1268.174648,     102.719755,     853.055358,    1276.001096,     110.409052
5572,   7.901000,     821.745396,    1268.021345,     102.519753,     852.276862,    1275.757313,     110.208982
5573,   7.902000,     820.939422,    1267.870545,     102.319758,     851.498246,    1275.515795,     110.008666
5574,   7.903000,     820.132971,    1267.722130,     102.119757,     850.719094,    1275.276780,     109.808535
5575,   7.904000,     819.325984,    1267.576098,     101.919755,     849.939585,    1275.040269,     109.608226
5576,   7.905000,     818.518460,    1267.432451,     101.719753,     849.158466,    1274.806023,     109.407978
5577,   7.906000,     817.710459,    1267.291307,     101.519752,     848.375797,    1274.574041,     109.207990
5578,   7.907000,     816.901982,    1267.152548,     101.319757,     847.592771,    1274.344325,     109.007756
5579,   7.908000,     816.093028,    1267.016172,     101.119755,     846.808970,    1274.116755,     108.807905
5580,   7.909000,     815.283597,    1266.882181,     100.919754,     846.024096,    1273.891568,     108.608136
5581,   7.910000,     814.473689,    1266.750574,     100.719752,     845.238507,    1273.668766,     108.408250
5582,   7.911000,     813.663304,    1266.621470,     100.519757,     844.452083,    1273.448110,     108.208529
5583,   7.912000,     812.852502,    1266.494751,     100.319756,     843.664706,    1273.229957,     108.008684
5584,   7.913000,     812.041283,    1266.370416,     100.119754,     842.876256,    1273.014069,     107.809127
5585,   7.914000,     811.229587,    1266.248584,      99.919753,     842.088044,    1272.800684,     107.609357
5586,   7.915000,     810.417473,    1266.129136,      99.719758,     841.299355,    1272.589564,     107.409513
5587,   7.916000,     809.604943,    1266.012073,      99.519756,     840.510190,    1272.380710,     107.209593
5588,   7.917000,     808.792055,    1265.897512,      99.319755,     839.719832,    1272.174001,     107.009571
5589,   7.918000,     807.978690,    1265.785336,      99.119753,     838.928342,    1271.969795,     106.809446
5590,   7.919000,     807.165027,    1265.675545,      98.919758,     838.136017,    1271.768212,     106.609329
5591,   7.920000,     806.350887,    1265.568256,      98.719757,     837.342680,    1271.569014,     106.409047
5592,   7.921000,     805.536449,    1265.463352,      98.519755,     836.548626,    1271.372199,     106.208615
5593,   7.922000,     804.721653,    1265.360951,      98.319753,     835.753679,    1271.177769,     106.008327
5594,   7.923000,     803.906441,    1265.260935,      98.119752,     834.958375,    1270.985842,     105.808257
5595,   7.924000,     803.090930,    1265.163302,      97.919757,     834.162474,    1270.795941,     105.608235
5596,   7.925000,     802.275062,    1265.068173,      97.719756,     833.366454,    1270.608544,     105.408158
5597,   7.926000,     801.458895,    1264.975429,      97.519754,     832.569957,    1270.423293,     105.208279
5598,   7.927000,     800.642371,    1264.885187,      97.319752,     831.773579,    1270.240426,     105.008462
5599,   7.928000,     799.825549,    1264.797330,      97.119758,     830.975533,    1270.059824,     104.808645
5600,   7.929000,     799.008429,    1264.711976,      96.919756,     830.177248,    1269.881725,     104.608923
5601,   7.930000,     798.191011,    1264.629006,      96.719754,     829.377592,    1269.706011,     104.408922
5602,   7.931000,     797.373295,    1264.548540,      96.519753,     828.577816,    1269.532561,     104.209132
5603,   7.932000,     796.555281,    1264.470458,      96.319758,     827.777863,    1269.361615,     104.009253
5604,   7.933000,     795.737028,    1264.394760,      96.119756,     826.976418,    1269.193053,     103.809129
5605,   7.934000,     794.918537,    1264.321685,      95.919755,     826.174378,    1269.026875,     103.609113
5606,   7.935000,     794.099748,    1264.250875,      95.719753,     825.371206,    1268.863082,     103.408921
5607,   7.936000,     793.280721,    1264.182687,      95.519758,     824.567974,    1268.701434,     103.209008
5608,   7.937000,     792.461455,    1264.116764,      95.319757,     823.764265,    1268.542409,     103.008494
5609,   7.938000,     791.642010,    1264.053464,      95.119755,     822.960258,    1268.386006,     102.808417
5610,   7.939000,     790.822327,    1263.992429,      94.919754,     822.155535,    1268.231869,     102.608136
5611,   7.940000,     790.002406,    1263.934016,      94.719752,     821.350634,    1268.080235,     102.408004
5612,   7.941000,     789.182305,    1263.877988,      94.519757,     820.544600,    1267.930984,     102.208146
5613,   7.942000,     788.361967,    1263.824344,      94.319756,     819.738686,    1267.784119,     102.008049
5614,   7.943000,     787.541509,    1263.773203,      94.119754,     818.931818,    1267.639756,     101.808068
5615,   7.944000,     786.720872,    1263.724566,      93.919752,     818.124592,    1267.497420,     101.608169
5616,   7.945000,     785.900056,    1263.678312,      93.719758,     817.317247,    1267.357588,     101.408276
5617,   7.946000,     785.079062,    1263.634562,      93.519756,     816.509247,    1267.220378,     101.208561
5618,   7.947000,     784.257889,    1263.593316,      93.319754,     815.700650,    1267.085314,     101.008717
5619,   7.948000,     783.436656,    1263.554454,      93.119753,     814.890265,    1266.952634,     100.808866
5620,   7.949000,     782.615244,    1263.518095,      92.919758,     814.080298,    1266.822338,     100.609014
5621,   7.950000,     781.793714,    1263.484120,      92.719757,     813.269794,    1266.694427,     100.409095
5622,   7.951000,     780.972064,    1263.452649,      92.519755,     812.460363,    1266.569018,     100.209230
5623,   7.952000,     780.150294,    1263.423562,      92.319753,     811.650276,    1266.446114,     100.009351
5624,   7.953000,     779.328465,    1263.396978,      92.119752,     810.839057,    1266.325712,      99.809336
5625,   7.954000,     778.506517,    1263.372898,      91.919757,     810.026586,    1266.207695,      99.609191
5626,   7.955000,     777.684510,    1263.351202,      91.719755,     809.214711,    1266.092181,      99.408895
5627,   7.956000,     776.862383,    1263.332009,      91.519754,     808.402419,    1265.979052,      99.208771
5628,   7.957000,     776.040256,    1263.315320,      91.319752,     807.589769,    1265.868425,      99.008564
5629,   7.958000,     775.218010,    1263.301015,      91.119757,     806.776285,    1265.760303,      98.808385
5630,   7.959000,     774.395764,    1263.289213,      90.919756,     805.961907,    1265.654683,      98.608349
5631,   7.960000,     773.573458,    1263.279796,      90.719754,     805.146992,    1265.551329,      98.408307
5632,   7.961000,     772.751153,    1263.272882,      90.519753,     804.332018,    1265.450239,      98.208387
5633,   7.962000,     771.928787,    1263.268471,      90.319758,     803.517759,    1265.351415,      98.008427
5634,   7.963000,     771.106422,    1263.266563,      90.119756,     802.703023,    1265.255094,      97.808726
5635,   7.964000,     770.284057,    1263.267040,      89.919755,     801.888049,    1265.161157,      97.608902
5636,   7.965000,     769.461691,    1263.269901,      89.719753,     801.072419,    1265.069842,      97.409071
5637,   7.966000,     768.639326,    1263.275266,      89.519758,     800.257027,    1264.980912,      97.209083
5638,   7.967000,     767.817020,    1263.283134,      89.319757,     799.440742,    1264.894485,      97.009348
5639,   7.968000,     766.994715,    1263.293505,      89.119755,     798.624039,    1264.810443,      96.809080
5640,   7.969000,     766.172469,    1263.306260,      88.919753,     797.806382,    1264.728785,      96.609180
5641,   7.970000,     765.350223,    1263.321519,      88.719752,     796.988726,    1264.649868,      96.409049
5642,   7.971000,     764.528096,    1263.339162,      88.519757,     796.171188,    1264.573574,      96.208699
5643,   7.972000,     763.706028,    1263.359308,      88.319755,     795.352995,    1264.499426,      96.008568
5644,   7.973000,     762.883961,    1263.381958,      88.119754,     794.534802,    1264.427662,      95.808109
5645,   7.974000,     762.062073,    1263.406992,      87.919752,     793.716073,    1264.358401,      95.608059
5646,   7.975000,     761.240184,    1263.434529,      87.719758,     792.897105,    1264.291644,      95.407887
5647,   7.976000,     760.418475,    1263.464451,      87.519756,     792.077780,    1264.227509,      95.207906
5648,   7.977000,     759.596825,    1263.496995,      87.319754,     791.259050,    1264.165521,      95.008054
5649,   7.978000,     758.775294,    1263.531804,      87.119753,     790.440083,    1264.105916,      94.808032
5650,   7.979000,     757.953882,    1263.569236,      86.919758,     789.621770,    1264.048815,      94.608270
5651,   7.980000,     757.132649,    1263.609052,      86.719756,     788.802207,    1263.994098,      94.408412
5652,   7.981000,     756.311536,    1263.651252,      86.519755,     787.982285,    1263.941884,      94.208717
5653,   7.982000,     755.490541,    1263.695955,      86.319753,     787.161946,    1263.892055,      94.009091
5654,   7.983000,     754.669726,    1263.743162,      86.119758,     786.341548,    1263.844609,      93.809247
5655,   7.984000,     753.849089,    1263.792753,      85.919757,     785.521328,    1263.799667,      93.609266
5656,   7.985000,     753.028631,    1263.844848,      85.719755,     784.700453,    1263.757229,      93.409373
5657,   7.986000,     752.208352,    1263.899446,      85.519754,     783.880055,    1263.717413,      93.209536
5658,   7.987000,     751.388252,    1263.956428,      85.319752,     783.058763,    1263.679981,      93.009555
5659,   7.988000,     750.568390,    1264.015794,      85.119757,     782.237649,    1263.645053,      92.809451
5660,   7.989000,     749.748707,    1264.077663,      84.919756,     781.415820,    1263.612509,      92.609340
5661,   7.990000,     748.929262,    1264.142036,      84.719754,     780.594826,    1263.582349,      92.409174
5662,   7.991000,     748.109996,    1264.208794,      84.519752,     779.773653,    1263.554811,      92.208824
5663,   7.992000,     747.291028,    1264.278054,      84.319758,     778.953493,    1263.529778,      92.008488
5664,   7.993000,     746.472299,    1264.349699,      84.119756,     778.132439,    1263.507247,      91.808329
5665,   7.994000,     745.653749,    1264.423847,      83.919754,     777.310371,    1263.487101,      91.608048
5666,   7.995000,     744.835556,    1264.500380,      83.719753,     776.487350,    1263.469458,      91.408026
5667,   7.996000,     744.017601,    1264.579415,      83.519758,     775.664985,    1263.453960,      91.207990
5668,   7.997000,     743.199885,    1264.660835,      83.319756,     774.843574,    1263.441086,      91.008036
5669,   7.998000,     742.382467,    1264.744759,      83.119755,     774.023056,    1263.430595,      90.808171
5670,   7.999000,     741.565406,    1264.831185,      82.919753,     773.202181,    1263.422489,      90.608484
5671,   8.000000,     740.748584,    1264.919877,      82.719759,     772.379458,    1263.416886,      90.408701
5672,   8.001000,     739.932120,    1265.011191,      82.519757,     771.557331,    1263.413668,      90.208897
5673,   8.002000,     739.115953,    1265.104771,      82.319755,     770.735145,    1263.412833,      90.009128
5674,   8.003000,     738.300085,    1265.200853,      82.119754,     769.914091,    1263.414383,      89.809160
5675,   8.004000,     737.484634,    1265.299439,      81.919752,     769.092798,    1263.418198,      89.609227
5676,   8.005000,     736.669481,    1265.400410,      81.719757,     768.271506,    1263.424158,      89.409266
5677,   8.006000,     735.854685,    1265.503764,      81.519756,     767.448425,    1263.432503,      89.209087
5678,   8.007000,     735.040247,    1265.609622,      81.319754,     766.625762,    1263.443112,      89.008969
5679,   8.008000,     734.226167,    1265.717864,      81.119753,     765.803337,    1263.455987,      88.808831
5680,   8.009000,     733.412504,    1265.828609,      80.919758,     764.982343,    1263.471127,      88.608365
5681,   8.010000,     732.599199,    1265.941739,      80.719756,     764.161229,    1263.488889,      88.408241
5682,   8.011000,     731.786311,    1266.057253,      80.519755,     763.339758,    1263.509274,      88.208061
5683,   8.012000,     730.973840,    1266.175270,      80.319753,     762.517929,    1263.532400,      88.008053
5684,   8.013000,     730.161786,    1266.295671,      80.119758,     761.696398,    1263.558149,      87.808045
5685,   8.014000,     729.350150,    1266.418457,      79.919757,     760.875404,    1263.586283,      87.608139
5686,   8.015000,     728.538930,    1266.543746,      79.719755,     760.054529,    1263.617039,      87.408397
5687,   8.016000,     727.728188,    1266.671419,      79.519753,     759.234071,    1263.650656,      87.208477
5688,   8.017000,     726.917863,    1266.801476,      79.319752,     758.413017,    1263.687134,      87.008632
5689,   8.018000,     726.107955,    1266.934037,      79.119757,     757.592678,    1263.726234,      86.808877
5690,   8.019000,     725.298584,    1267.068863,      78.919755,     756.771326,    1263.767958,      86.609066
5691,   8.020000,     724.489629,    1267.206192,      78.719754,     755.951464,    1263.812065,      86.409092
5692,   8.021000,     723.681211,    1267.346025,      78.519752,     755.130410,    1263.858914,      86.209254
5693,   8.022000,     722.873271,    1267.488122,      78.319757,     754.309833,    1263.908386,      86.009280
5694,   8.023000,     722.065806,    1267.632723,      78.119756,     753.489196,    1263.960600,      85.809203
5695,   8.024000,     721.258819,    1267.779708,      77.919754,     752.669454,    1264.014959,      85.609161
5696,   8.025000,     720.452428,    1267.929077,      77.719753,     751.850545,    1264.071465,      85.409050
5697,   8.026000,     719.646513,    1268.080831,      77.519758,     751.031220,    1264.130354,      85.208912
5698,   8.027000,     718.841136,    1268.234968,      77.319756,     750.212073,    1264.191508,      85.008569
5699,   8.028000,     718.036294,    1268.391490,      77.119755,     749.392927,    1264.255047,      84.808451
5700,   8.029000,     717.231989,    1268.550515,      76.919753,     748.574674,    1264.320970,      84.608251
5701,   8.030000,     716.428280,    1268.711925,      76.719758,     747.756362,    1264.389277,      84.408188
5702,   8.031000,     715.625107,    1268.875599,      76.519757,     746.937692,    1264.460087,      84.208125
5703,   8.032000,     714.822531,    1269.041777,      76.319755,     746.119201,    1264.533281,      84.008082
5704,   8.033000,     714.020550,    1269.210339,      76.119754,     745.301366,    1264.608979,      83.808306
5705,   8.034000,     713.219106,    1269.381285,      75.919752,     744.483411,    1264.687061,      83.608448
5706,   8.035000,     712.418318,    1269.554615,      75.719757,     743.666112,    1264.767528,      83.408740
5707,   8.036000,     711.618125,    1269.730330,      75.519756,     742.848337,    1264.850378,      83.208889
5708,   8.037000,     710.818529,    1269.908309,      75.319754,     742.030978,    1264.935732,      83.008997
5709,   8.038000,     710.019529,    1270.088792,      75.119752,     741.214871,    1265.023589,      82.809227
5710,   8.039000,     709.221244,    1270.271659,      74.919758,     740.399480,    1265.113950,      82.609308
5711,   8.040000,     708.423555,    1270.456910,      74.719756,     739.584744,    1265.206695,      82.409367
5712,   8.041000,     707.626462,    1270.644426,      74.519754,     738.768518,    1265.301943,      82.209209
5713,   8.042000,     706.830084,    1270.834327,      74.319753,     737.952530,    1265.399694,      82.009207
5714,   8.043000,     706.034362,    1271.026731,      74.119758,     737.136424,    1265.499592,      81.808768
5715,   8.044000,     705.239356,    1271.221399,      73.919756,     736.322641,    1265.601754,      81.608644
5716,   8.045000,     704.445004,    1271.418452,      73.719755,     735.509336,    1265.706301,      81.408198
5717,   8.046000,     703.651309,    1271.617889,      73.519753,     734.695911,    1265.813470,      81.208060
5718,   8.047000,     702.858329,    1271.819592,      73.319758,     733.881831,    1265.923142,      81.007956
5719,   8.048000,     702.066064,    1272.023678,      73.119757,     733.068109,    1266.035080,      80.807879
5720,   8.049000,     701.274514,    1272.230148,      72.919755,     732.254982,    1266.149402,      80.608103
5721,   8.050000,     700.483680,    1272.439003,      72.719754,     731.443107,    1266.266227,      80.408136
5722,   8.051000,     699.693620,    1272.650242,      72.519752,     730.632365,    1266.385555,      80.208346
5723,   8.052000,     698.904276,    1272.863746,      72.319757,     729.821861,    1266.507268,      80.008645
5724,   8.053000,     698.115647,    1273.079515,      72.119756,     729.010940,    1266.631603,      79.808868
5725,   8.054000,     697.327793,    1273.297787,      71.919754,     728.200197,    1266.758442,      79.609290
5726,   8.055000,     696.540713,    1273.518324,      71.719753,     727.389991,    1266.887426,      79.409480
5727,   8.056000,     695.754409,    1273.741126,      71.519758,     726.579964,    1267.018676,      79.209554
5728,   8.057000,     694.968879,    1273.966432,      71.319756,     725.770891,    1267.152309,      79.009634
5729,   8.058000,     694.184124,    1274.193883,      71.119755,     724.962175,    1267.288566,      78.809537
5730,   8.059000,     693.400204,    1274.423838,      70.919753,     724.154592,    1267.427206,      78.609508
5731,   8.060000,     692.617059,    1274.655938,      70.719758,     723.346651,    1267.568231,      78.409363
5732,   8.061000,     691.834748,    1274.890423,      70.519757,     722.538888,    1267.711401,      78.209040
5733,   8.062000,     691.053212,    1275.127292,      70.319755,     721.731305,    1267.856836,      78.008772
5734,   8.063000,     690.272510,    1275.366426,      70.119753,     720.925212,    1268.004775,      77.808477
5735,   8.064000,     689.492702,    1275.607944,      69.919752,     720.120132,    1268.155336,      77.608257
5736,   8.065000,     688.713729,    1275.851607,      69.719757,     719.315469,    1268.308282,      77.408132
5737,   8.066000,     687.935591,    1276.097775,      69.519755,     718.511343,    1268.463850,      77.207905
5738,   8.067000,     687.158287,    1276.346087,      69.319754,     717.707396,    1268.621802,      77.007910
5739,   8.068000,     686.381876,    1276.596785,      69.119752,     716.903269,    1268.782139,      76.807922
5740,   8.069000,     685.606360,    1276.849747,      68.919757,     716.099739,    1268.944979,      76.608051
5741,   8.070000,     684.831679,    1277.104974,      68.719756,     715.297282,    1269.110322,      76.408247
5742,   8.071000,     684.057951,    1277.362585,      68.519754,     714.495897,    1269.277930,      76.208580
5743,   8.072000,     683.285117,    1277.622461,      68.319753,     713.695347,    1269.447803,      76.008715
5744,   8.073000,     682.513177,    1277.884603,      68.119758,     712.894499,    1269.619942,      75.808939
5745,   8.074000,     681.742132,    1278.149009,      67.919756,     712.094069,    1269.794345,      75.609033
5746,   8.075000,     680.972040,    1278.415680,      67.719755,     711.294472,    1269.971132,      75.409387
5747,   8.076000,     680.202901,    1278.684616,      67.519753,     710.496128,    1270.150423,      75.209323
5748,   8.077000,     679.434657,    1278.955817,      67.319758,     709.699094,    1270.331979,      75.009404
5749,   8.078000,     678.667367,    1279.229403,      67.119757,     708.901525,    1270.515919,      74.809163
5750,   8.079000,     677.901089,    1279.505134,      66.919755,     708.104432,    1270.702243,      74.609025
5751,   8.080000,     677.135706,    1279.783130,      66.719754,     707.307696,    1270.890951,      74.408750
5752,   8.081000,     676.371336,    1280.063510,      66.519752,     706.511617,    1271.081805,      74.208469
5753,   8.082000,     675.607979,    1280.346036,      66.319757,     705.716848,    1271.275043,      74.008317
5754,   8.083000,     674.845576,    1280.630827,      66.119756,     704.922080,    1271.470547,      73.808035
5755,   8.084000,     674.084127,    1280.917883,      65.919754,     704.127908,    1271.668792,      73.607945
5756,   8.085000,     673.323750,    1281.207204,      65.719752,     703.335106,    1271.869302,      73.407765
5757,   8.086000,     672.564328,    1281.498671,      65.519758,     702.543199,    1272.072315,      73.207716
5758,   8.087000,     671.805978,    1281.792521,      65.319756,     701.751709,    1272.277951,      73.008206
5759,   8.088000,     671.048641,    1282.088518,      65.119754,     700.960159,    1272.485495,      72.808355
5760,   8.089000,     670.292318,    1282.386661,      64.919753,     700.170219,    1272.695541,      72.608674
5761,   8.090000,     669.537067,    1282.687187,      64.719758,     699.381351,    1272.908211,      72.408960
5762,   8.091000,     668.782830,    1282.989860,      64.519756,     698.593557,    1273.123145,      72.209156
5763,   8.092000,     668.029726,    1283.294797,      64.319755,     697.806299,    1273.340225,      72.009325
5764,   8.093000,     667.277634,    1283.601880,      64.119753,     697.019160,    1273.559570,      71.809501
5765,   8.094000,     666.526616,    1283.911228,      63.919758,     696.232319,    1273.781300,      71.609486
5766,   8.095000,     665.776670,    1284.222841,      63.719757,     695.447147,    1274.005413,      71.409478
5767,   8.096000,     665.027857,    1284.536481,      63.519755,     694.662571,    1274.231911,      71.209298
5768,   8.097000,     664.280117,    1284.852505,      63.319754,     693.878293,    1274.460316,      71.009058
5769,   8.098000,     663.533449,    1285.170674,      63.119752,     693.095028,    1274.690866,      70.808783
5770,   8.099000,     662.787914,    1285.490990,      62.919757,     692.312658,    1274.923682,      70.608556
5771,   8.100000,     662.043512,    1285.813451,      62.719756,     691.531122,    1275.159001,      70.408343
5772,   8.101000,     661.300242,    1286.138177,      62.519754,     690.750062,    1275.396824,      70.208279
5773,   8.102000,     660.558105,    1286.465168,      62.319752,     689.970732,    1275.637031,      70.008162
5774,   8.103000,     659.817100,    1286.794186,      62.119758,     689.192116,    1275.879741,      69.808146
5775,   8.104000,     659.077287,    1287.125468,      61.919756,     688.413978,    1276.124716,      69.608220
5776,   8.105000,     658.338606,    1287.458897,      61.719755,     687.636495,    1276.372194,      69.408307
5777,   8.106000,     657.601058,    1287.794471,      61.519753,     686.860144,    1276.621699,      69.208565
5778,   8.107000,     656.864703,    1288.132191,      61.319758,     686.085224,    1276.873469,      69.008577
5779,   8.108000,     656.129539,    1288.472056,      61.119757,     685.310423,    1277.127624,      68.808876
5780,   8.109000,     655.395567,    1288.814187,      60.919755,     684.536517,    1277.384281,      68.608861
5781,   8.110000,     654.662788,    1289.158344,      60.719753,     683.763623,    1277.643085,      68.409010
5782,   8.111000,     653.931260,    1289.504647,      60.519752,     682.991743,    1277.904034,      68.209261
5783,   8.112000,     653.200865,    1289.853215,      60.319757,     682.220578,    1278.167129,      68.009129
5784,   8.113000,     652.471721,    1290.203810,      60.119755,     681.450725,    1278.432369,      67.809182
5785,   8.114000,     651.743829,    1290.556550,      59.919754,     680.681646,    1278.699875,      67.609078
5786,   8.115000,     651.017129,    1290.911436,      59.719752,     679.914117,    1278.969765,      67.408961
5787,   8.116000,     650.291681,    1291.268468,      59.519757,     679.146409,    1279.242158,      67.208686
5788,   8.117000,     649.567544,    1291.627526,      59.319763,     678.379774,    1279.516578,      67.008609
5789,   8.118000,     648.844659,    1291.988730,      59.119782,     677.614212,    1279.793024,      66.808327
5790,   8.119000,     648.123085,    1292.352080,      58.919800,     676.849723,    1280.071974,      66.607984
5791,   8.120000,     647.402763,    1292.717457,      58.719833,     676.086724,    1280.353189,      66.407942
5792,   8.121000,     646.683812,    1293.084979,      58.519879,     675.324261,    1280.636907,      66.207749
5793,   8.122000,     645.966232,    1293.454528,      58.319946,     674.562275,    1280.923009,      66.007727
5794,   8.123000,     645.249963,    1293.826103,      58.120026,     673.801482,    1281.211376,      65.807985
5795,   8.124000,     644.535065,    1294.199705,      57.920127,     673.041999,    1281.501651,      65.608106
5796,   8.125000,     643.821597,    1294.575453,      57.720255,     672.283828,    1281.794190,      65.408419
5797,   8.126000,     643.109500,    1294.953108,      57.520404,     671.526432,    1282.089114,      65.208827
5798,   8.127000,     642.398775,    1295.332789,      57.320580,     670.769572,    1282.386303,      65.009208
5799,   8.128000,     641.689539,    1295.714617,      57.120790,     670.014322,    1282.685995,      64.809452
5800,   8.129000,     640.981734,    1296.098351,      56.921028,     669.260323,    1282.987833,      64.609676
5801,   8.130000,     640.275419,    1296.483994,      56.721299,     668.507159,    1283.291698,      64.409784
5802,   8.131000,     639.570534,    1296.871781,      56.521612,     667.755127,    1283.597589,      64.209857
5803,   8.132000,     638.867199,    1297.261357,      56.321958,     667.003691,    1283.905864,      64.009760
5804,   8.133000,     638.165295,    1297.653079,      56.122350,     666.253328,    1284.216285,      63.809314
5805,   8.134000,     637.464941,    1298.046589,      55.922782,     665.504456,    1284.528732,      63.609094
5806,   8.135000,     636.766136,    1298.442125,      55.723258,     664.757133,    1284.843326,      63.408649
5807,   8.136000,     636.068881,    1298.839569,      55.523786,     664.010704,    1285.160065,      63.208469
5808,   8.137000,     635.373175,    1299.238920,      55.324362,     663.264334,    1285.479188,      63.008133
5809,   8.138000,     634.679019,    1299.640179,      55.124992,     662.518620,    1285.800219,      62.807886
5810,   8.139000,     633.986473,    1300.043344,      54.925677,     661.774576,    1286.123514,      62.607857
5811,   8.140000,     633.295536,    1300.448418,      54.726419,     661.032498,    1286.449194,      62.407800
5812,   8.141000,     632.606208,    1300.855279,      54.527217,     660.292745,    1286.777020,      62.208024
5813,   8.142000,     631.918550,    1301.264048,      54.328083,     659.553647,    1287.106872,      62.008180
5814,   8.143000,     631.232500,    1301.674604,      54.129007,     658.814311,    1287.438989,      61.808253
5815,   8.144000,     630.548060,    1302.087069,      53.929999,     658.075809,    1287.773252,      61.608552
5816,   8.145000,     629.865348,    1302.501321,      53.731063,     657.339275,    1288.109899,      61.408831
5817,   8.146000,     629.184306,    1302.917480,      53.532195,     656.604528,    1288.448811,      61.209041
5818,   8.147000,     628.504932,    1303.335309,      53.333399,     655.870795,    1288.789511,      61.009265
5819,   8.148000,     627.827346,    1303.755045,      53.134681,     655.138135,    1289.132237,      60.809495
5820,   8.149000,     627.151430,    1304.176450,      52.936039,     654.406130,    1289.477229,      60.609494
5821,   8.150000,     626.477242,    1304.599643,      52.737479,     653.674960,    1289.824486,      60.409608
5822,   8.151000,     625.804782,    1305.024624,      52.539000,     652.944982,    1290.173650,      60.209477
5823,   8.152000,     625.134110,    1305.451393,      52.340607,     652.217031,    1290.525198,      60.009564
5824,   8.153000,     624.465227,    1305.879831,      52.142299,     651.491046,    1290.878534,      59.809310
5825,   8.154000,     623.798132,    1306.309938,      51.944080,     650.766313,    1291.234016,      59.609007
5826,   8.155000,     623.132765,    1306.741834,      51.745954,     650.042355,    1291.591763,      59.409013
5827,   8.156000,     622.469246,    1307.175279,      51.547923,     649.319172,    1291.952014,      59.208765
5828,   8.157000,     621.807575,    1307.610512,      51.349984,     648.597121,    1292.314172,      59.008641
5829,   8.158000,     621.147752,    1308.047414,      51.152147,     647.877157,    1292.678237,      58.808707
5830,   8.159000,     620.489717,    1308.485985,      50.954410,     647.158206,    1293.044329,      58.608678
5831,   8.160000,     619.833589,    1308.926105,      50.756775,     646.441162,    1293.412685,      58.409039
5832,   8.161000,     619.179308,    1309.367895,      50.559246,     645.724893,    1293.783188,      58.209515
5833,   8.162000,     618.526876,    1309.811234,      50.361826,     645.009518,    1294.155478,      58.009862
5834,   8.163000,     617.876351,    1310.256243,      50.164512,     644.295573,    1294.529915,      57.810380
5835,   8.164000,     617.227733,    1310.702801,      49.967314,     643.583059,    1294.906259,      57.611088
5836,   8.165000,     616.581082,    1311.151028,      49.770229,     642.872453,    1295.284748,      57.411606
5837,   8.166000,     615.936279,    1311.600685,      49.573260,     642.164409,    1295.665145,      57.212192
5838,   8.167000,     615.293443,    1312.051892,      49.376411,     641.457200,    1296.047330,      57.012709
5839,   8.168000,     614.652574,    1312.504768,      49.179681,     640.751064,    1296.431422,      56.813114
5840,   8.169000,     614.013612,    1312.958956,      48.983077,     640.045822,    1296.817541,      56.613464
5841,   8.170000,     613.376677,    1313.414812,      48.786600,     639.341891,    1297.205687,      56.413650
5842,   8.171000,     612.741709,    1313.872099,      48.590249,     638.639867,    1297.595620,      56.214103
5843,   8.172000,     612.108707,    1314.330816,      48.394028,     637.940466,    1297.987342,      56.014269
5844,   8.173000,     611.477673,    1314.790964,      48.197940,     637.242436,    1298.380971,      55.814407
5845,   8.174000,     610.848725,    1315.252662,      48.001989,     636.545300,    1298.776746,      55.614761
5846,   8.175000,     610.221744,    1315.715671,      47.806174,     635.849297,    1299.174547,      55.415285
5847,   8.176000,     609.596789,    1316.180229,      47.610500,     635.154366,    1299.574375,      55.215977
5848,   8.177000,     608.973920,    1316.646099,      47.414968,     634.461462,    1299.975753,      55.016747
5849,   8.178000,     608.353078,    1317.113280,      47.219577,     633.771181,    1300.379157,      54.817637
5850,   8.179000,     607.734263,    1317.582011,      47.024336,     633.081913,    1300.784588,      54.618765
5851,   8.180000,     607.117593,    1318.051934,      46.829242,     632.394493,    1301.192045,      54.419843
5852,   8.181000,     606.502950,    1318.523288,      46.634298,     631.708205,    1301.601291,      54.221047
5853,   8.182000,     605.890393,    1318.995953,      46.439511,     631.023347,    1302.012324,      54.022213
5854,   8.183000,     605.279922,    1319.469929,      46.244878,     630.340278,    1302.425265,      53.823547
5855,   8.184000,     604.671538,    1319.945216,      46.050402,     629.659474,    1302.840114,      53.624809
5856,   8.185000,     604.065299,    1320.421696,      45.856087,     628.980219,    1303.256512,      53.426020
5857,   8.186000,     603.461206,    1320.899487,      45.661935,     628.302455,    1303.674459,      53.227538
5858,   8.187000,     602.859259,    1321.378589,      45.467948,     627.626121,    1304.094434,      53.028776
5859,   8.188000,     602.259398,    1321.858883,      45.274127,     626.951873,    1304.516435,      52.830468
5860,   8.189000,     601.661682,    1322.340369,      45.080475,     626.279294,    1304.939747,      52.631959
5861,   8.190000,     601.066172,    1322.823048,      44.886996,     625.608265,    1305.364609,      52.433443
5862,   8.191000,     600.472808,    1323.307037,      44.693691,     624.938190,    1305.791259,      52.235286
5863,   8.192000,     599.881589,    1323.792100,      44.500561,     624.269903,    1306.219935,      52.036889
5864,   8.193000,     599.292576,    1324.278235,      44.307611,     623.604000,    1306.650281,      51.838906
5865,   8.194000,     598.705709,    1324.765682,      44.114843,     622.940123,    1307.082057,      51.641131
5866,   8.195000,     598.121107,    1325.254083,      43.922255,     622.278571,    1307.515860,      51.443335
5867,   8.196000,     597.538650,    1325.743675,      43.729856,     621.618867,    1307.951570,      51.245646
5868,   8.197000,     596.958458,    1326.234460,      43.537641,     620.960176,    1308.388591,      51.048199
5869,   8.198000,     596.380472,    1326.726198,      43.345620,     620.303392,    1308.826923,      50.850892
5870,   8.199000,     595.804691,    1327.219009,      43.153787,     619.648933,    1309.267402,      50.653738
5871,   8.200000,     595.231116,    1327.712893,      42.962153,     618.996620,    1309.709311,      50.456540
5872,   8.201000,     594.659865,    1328.207731,      42.770713,     618.346214,    1310.152531,      50.259448
5873,   8.202000,     594.090760,    1328.703642,      42.579474,     617.697299,    1310.597420,      50.062507
5874,   8.203000,     593.523979,    1329.200625,      42.388437,     617.050231,    1311.044335,      49.865456
5875,   8.204000,     592.959464,    1329.698443,      42.197602,     616.405129,    1311.493278,      49.668306
5876,   8.205000,     592.397153,    1330.197334,      42.006975,     615.761638,    1311.943054,      49.471449
5877,   8.206000,     591.837168,    1330.697179,      41.816553,     615.119934,    1312.393904,      49.274446
5878,   8.207000,     591.279447,    1331.197858,      41.626345,     614.480674,    1312.846661,      49.077771
5879,   8.208000,     590.723991,    1331.699491,      41.436350,     613.843739,    1313.301325,      48.880795
5880,   8.209000,     590.170860,    1332.202077,      41.246566,     613.208830,    1313.757420,      48.684274
5881,   8.210000,     589.620054,    1332.705379,      41.057005,     612.575352,    1314.214826,      48.487895
5882,   8.211000,     589.071512,    1333.209753,      40.867662,     611.943603,    1314.673662,      48.291681
5883,   8.212000,     588.525236,    1333.714843,      40.678541,     611.314535,    1315.134168,      48.095726
5884,   8.213000,     587.981343,    1334.220767,      40.489641,     610.687315,    1315.595984,      47.900154
5885,   8.214000,     587.439716,    1334.727526,      40.300975,     610.062480,    1316.058874,      47.704777
5886,   8.215000,     586.900473,    1335.235119,      40.112533,     609.438956,    1316.523075,      47.509505
5887,   8.216000,     586.363494,    1335.743546,      39.924324,     608.817041,    1316.989422,      47.314506
5888,   8.217000,     585.828900,    1336.252570,      39.736347,     608.197212,    1317.456841,      47.119733
5889,   8.218000,     585.296631,    1336.762428,      39.548605,     607.579410,    1317.925096,      46.925018
5890,   8.219000,     584.766686,    1337.273002,      39.361103,     606.963813,    1318.394899,      46.730437
5891,   8.220000,     584.239125,    1337.784410,      39.173843,     606.350422,    1318.865895,      46.535821
5892,   8.221000,     583.713889,    1338.296413,      38.986822,     605.739415,    1319.338202,      46.341317
5893,   8.222000,     583.190978,    1338.809013,      38.800051,     605.129957,    1319.811463,      46.146978
5894,   8.223000,     582.670510,    1339.322329,      38.613525,     604.523301,    1320.285916,      45.952697
5895,   8.224000,     582.152367,    1339.836359,      38.427249,     603.919148,    1320.762038,      45.758644
5896,   8.225000,     581.636548,    1340.350986,      38.241222,     603.316188,    1321.239114,      45.564622
5897,   8.226000,     581.123173,    1340.866208,      38.055451,     602.715671,    1321.717381,      45.370372
5898,   8.227000,     580.612123,    1341.382027,      37.869939,     602.117538,    1322.197556,      45.176435
5899,   8.228000,     580.103517,    1341.898441,      37.684684,     601.521254,    1322.678566,      44.982717
5900,   8.229000,     579.597235,    1342.415333,      37.499689,     600.927413,    1323.161125,      44.789259
5901,   8.230000,     579.093337,    1342.932820,      37.314959,     600.335836,    1323.645353,      44.595992
5902,   8.231000,     578.591883,    1343.450785,      37.130493,     599.746168,    1324.130177,      44.403111
5903,   8.232000,     578.092813,    1343.969345,      36.946296,     599.158466,    1324.616194,      44.210233
5904,   8.233000,     577.596128,    1344.488382,      36.762370,     598.572791,    1325.103760,      44.017885
5905,   8.234000,     577.101827,    1345.007896,      36.578716,     597.989559,    1325.592637,      43.825919
5906,   8.235000,     576.609910,    1345.527768,      36.395336,     597.408712,    1326.082468,      43.633957
5907,   8.236000,     576.120436,    1346.048117,      36.212235,     596.830010,    1326.573133,      43.442158
5908,   8.237000,     575.633347,    1346.568942,      36.029412,     596.253633,    1327.064872,      43.250650
5909,   8.238000,     575.148702,    1347.090125,      35.846872,     595.679581,    1327.557445,      43.059292
5910,   8.239000,     574.666440,    1347.611785,      35.664615,     595.107257,    1328.050971,      42.868111
5911,   8.240000,     574.186563,    1348.133683,      35.482645,     594.537437,    1328.545690,      42.676842
5912,   8.241000,     573.709130,    1348.655939,      35.300962,     593.970180,    1329.041123,      42.485843
5913,   8.242000,     573.234141,    1349.178553,      35.119573,     593.405068,    1329.536915,      42.295086
5914,   8.243000,     572.761536,    1349.701524,      34.938473,     592.841625,    1330.033898,      42.104404
5915,   8.244000,     572.291374,    1350.224853,      34.757672,     592.280626,    1330.531955,      41.913767
5916,   8.245000,     571.823597,    1350.748301,      34.577167,     591.722488,    1331.030726,      41.723402
5917,   8.246000,     571.358323,    1351.272106,      34.396962,     591.166019,    1331.530333,      41.533206
5918,   8.247000,     570.895374,    1351.796150,      34.217062,     590.611458,    1332.030773,      41.343241
5919,   8.248000,     570.434928,    1352.320433,      34.037466,     590.059459,    1332.532406,      41.153399
5920,   8.249000,     569.976866,    1352.844834,      33.858173,     589.509904,    1333.035231,      40.964220
5921,   8.250000,     569.521248,    1353.369594,      33.679195,     588.962734,    1333.539128,      40.774952
5922,   8.251000,     569.068074,    1353.894353,      33.500524,     588.417947,    1334.044218,      40.586128
5923,   8.252000,     568.617284,    1354.419351,      33.322167,     587.875128,    1334.549665,      40.397741
5924,   8.253000,     568.168938,    1354.944587,      33.144128,     587.334335,    1335.056305,      40.209320
5925,   8.254000,     567.723036,    1355.469823,      32.966407,     586.796165,    1335.563898,      40.021292
5926,   8.255000,     567.279577,    1355.995178,      32.789006,     586.261034,    1336.072087,      39.833609
5927,   8.256000,     566.838562,    1356.520653,      32.611930,     585.728109,    1336.580992,      39.646096
5928,   8.257000,     566.399932,    1357.046127,      32.435178,     585.197389,    1337.090492,      39.458874
5929,   8.258000,     565.963745,    1357.571721,      32.258755,     584.669173,    1337.600708,      39.271648
5930,   8.259000,     565.530002,    1358.097315,      32.082659,     584.143162,    1338.111520,      39.084975
5931,   8.260000,     565.098643,    1358.622909,      31.906897,     583.619535,    1338.622808,      38.898173
5932,   8.261000,     564.669788,    1359.148622,      31.731467,     583.098412,    1339.134336,      38.711972
5933,   8.262000,     564.243317,    1359.674215,      31.556376,     582.579434,    1339.646816,      38.525730
5934,   8.263000,     563.819289,    1360.199809,      31.381625,     582.062364,    1340.159893,      38.339501
5935,   8.264000,     563.397646,    1360.725284,      31.207213,     581.548035,    1340.672970,      38.153717
5936,   8.265000,     562.978446,    1361.250758,      31.033145,     581.035793,    1341.187239,      37.967977
5937,   8.266000,     562.561691,    1361.776114,      30.859423,     580.525339,    1341.701865,      37.782619
5938,   8.267000,     562.147379,    1362.301350,      30.686052,     580.017567,    1342.217326,      37.597323
5939,   8.268000,     561.735451,    1362.826586,      30.513030,     579.512894,    1342.733383,      37.412392
5940,   8.269000,     561.325967,    1363.351583,      30.340359,     579.010189,    1343.250275,      37.227775
5941,   8.270000,     560.918927,    1363.876343,      30.168044,     578.509390,    1343.767762,      37.043459
5942,   8.271000,     560.514271,    1364.401102,      29.996087,     578.011572,    1344.285846,      36.859396
5943,   8.272000,     560.112000,    1364.925504,      29.824489,     577.516079,    1344.804645,      36.675869
5944,   8.273000,     559.712172,    1365.449786,      29.653253,     577.022493,    1345.324159,      36.492464
5945,   8.274000,     559.314787,    1365.973830,      29.482382,     576.532066,    1345.844030,      36.309197
5946,   8.275000,     558.919787,    1366.497636,      29.311876,     576.044619,    1346.363783,      36.126547
5947,   8.276000,     558.527172,    1367.021203,      29.141740,     575.558960,    1346.884012,      35.944291
5948,   8.277000,     558.137000,    1367.544413,      28.971975,     575.075388,    1347.404718,      35.762065
5949,   8.278000,     557.749212,    1368.067384,      28.802583,     574.594617,    1347.925305,      35.580170
5950,   8.279000,     557.363868,    1368.589997,      28.633567,     574.116170,    1348.446012,      35.398804
5951,   8.280000,     556.980848,    1369.112372,      28.464929,     573.639870,    1348.967314,      35.217616
5952,   8.281000,     556.600273,    1369.634271,      28.296671,     573.165715,    1349.489331,      35.036729
5953,   8.282000,     556.222081,    1370.155931,      28.128795,     572.694421,    1350.010514,      34.855985
5954,   8.283000,     555.846274,    1370.677114,      27.961305,     572.225571,    1350.531816,      34.675655
5955,   8.284000,     555.472851,    1371.197939,      27.794203,     571.758568,    1351.054072,      34.495426
5956,   8.285000,     555.101871,    1371.718407,      27.627490,     571.294069,    1351.576805,      34.315441
5957,   8.286000,     554.733217,    1372.238398,      27.461168,     570.832491,    1352.099657,      34.135841
5958,   8.287000,     554.366946,    1372.757912,      27.295239,     570.373178,    1352.622867,      33.956606
5959,   8.288000,     554.003060,    1373.276949,      27.129708,     569.915771,    1353.146672,      33.777444
5960,   8.289000,     553.641498,    1373.795509,      26.964576,     569.461405,    1353.670835,      33.598585
5961,   8.290000,     553.282320,    1374.313593,      26.799844,     569.009960,    1354.194880,      33.420163
5962,   8.291000,     552.925527,    1374.831080,      26.635515,     568.560004,    1354.718924,      33.242145
5963,   8.292000,     552.571118,    1375.348091,      26.471592,     568.112195,    1355.244040,      33.064225
5964,   8.293000,     552.219033,    1375.864506,      26.308077,     567.668080,    1355.769038,      32.886541
5965,   8.294000,     551.869333,    1376.380444,      26.144970,     567.226291,    1356.293321,      32.709298
5966,   8.295000,     551.521897,    1376.895785,      25.982279,     566.786230,    1356.817961,      32.532799
5967,   8.296000,     551.176906,    1377.410412,      25.820000,     566.348791,    1357.342958,      32.356437
5968,   8.297000,     550.834179,    1377.924442,      25.658138,     565.914035,    1357.867360,      32.180149
5969,   8.298000,     550.493836,    1378.437877,      25.496697,     565.481067,    1358.391523,      32.004224
5970,   8.299000,     550.155818,    1378.950715,      25.335677,     565.050304,    1358.916402,      31.828818
5971,   8.300000,     549.820065,    1379.462838,      25.175080,     564.622879,    1359.440446,      31.654095
5972,   8.301000,     549.486697,    1379.974246,      25.014909,     564.198136,    1359.964371,      31.479382
5973,   8.302000,     549.155593,    1380.484939,      24.855166,     563.775063,    1360.488653,      31.305069
5974,   8.303000,     548.826873,    1380.994916,      24.695855,     563.353717,    1361.012697,      31.131271
5975,   8.304000,     548.500419,    1381.504178,      24.536976,     562.935054,    1361.536384,      30.957450
5976,   8.305000,     548.176229,    1382.012725,      24.378533,     562.519848,    1362.060547,      30.784072
5977,   8.306000,     547.854364,    1382.520437,      24.220529,     562.106967,    1362.584710,      30.611074
5978,   8.307000,     547.534823,    1383.027434,      24.062963,     561.695755,    1363.108397,      30.438161
5979,   8.308000,     547.217548,    1383.533597,      23.905840,     561.286628,    1363.632321,      30.265685
5980,   8.309000,     546.902537,    1384.038925,      23.749160,     560.880303,    1364.156723,      30.093762
5981,   8.310000,     546.589792,    1384.543419,      23.592928,     560.477078,    1364.680767,      29.922171
5982,   8.311000,     546.279311,    1385.046959,      23.437145,     560.076177,    1365.203977,      29.750859
5983,   8.312000,     545.971155,    1385.549784,      23.281813,     559.677422,    1365.727425,      29.579722
5984,   8.313000,     545.665205,    1386.051655,      23.126935,     559.280872,    1366.250873,      29.409200
5985,   8.314000,     545.361519,    1386.552691,      22.972513,     558.886766,    1366.774082,      29.239026
5986,   8.315000,     545.060039,    1387.052655,      22.818549,     558.495224,    1367.296457,      29.069265
5987,   8.316000,     544.760883,    1387.551785,      22.665045,     558.106184,    1367.818594,      28.899873
5988,   8.317000,     544.463873,    1388.049960,      22.512005,     557.719111,    1368.340492,      28.730993
5989,   8.318000,     544.169128,    1388.547182,      22.359429,     557.334185,    1368.861675,      28.562348
5990,   8.319000,     543.876588,    1389.043450,      22.207320,     556.952119,    1369.382501,      28.394177
5991,   8.320000,     543.586314,    1389.538646,      22.055681,     556.572735,    1369.903088,      28.226537
5992,   8.321000,     543.298185,    1390.032887,      21.904516,     556.195736,    1370.422602,      28.058931
5993,   8.322000,     543.012321,    1390.526056,      21.753823,     555.820763,    1370.941997,      27.891965
5994,   8.323000,     542.728603,    1391.018271,      21.603607,     555.448472,    1371.461630,      27.725208
5995,   8.324000,     542.447090,    1391.509295,      21.453870,     555.078804,    1371.980429,      27.558808
5996,   8.325000,     542.167723,    1391.999364,      21.304613,     554.711044,    1372.498393,      27.392680
5997,   8.326000,     541.890562,    1392.488241,      21.155842,     554.345369,    1373.016953,      27.226975
5998,   8.327000,     541.615605,    1392.976046,      21.007555,     553.982258,    1373.535395,      27.061640
5999,   8.328000,     541.342795,    1393.462777,      20.859756,     553.621590,    1374.052644,      26.896774
6000,   8.329000,     541.072071,    1393.948317,      20.712448,     553.263128,    1374.569416,      26.732343
6001,   8.330000,     540.803552,    1394.432664,      20.565631,     552.906811,    1375.086308,      26.568377
6002,   8.331000,     540.537179,    1394.915938,      20.419312,     552.552938,    1375.602603,      26.404914
6003,   8.332000,     540.272892,    1395.397902,      20.273487,     552.201807,    1376.117945,      26.241711
6004,   8.333000,     540.010810,    1395.878792,      20.128163,     551.853716,    1376.632929,      26.079040
6005,   8.334000,     539.750755,    1396.358371,      19.983341,     551.507592,    1377.147198,      25.916738
6006,   8.335000,     539.492846,    1396.836758,      19.839022,     551.163077,    1377.660513,      25.754832
6007,   8.336000,     539.237082,    1397.313952,      19.695209,     550.820470,    1378.173113,      25.593296
6008,   8.337000,     538.983345,    1397.789836,      19.551907,     550.480664,    1378.685236,      25.431993
6009,   8.338000,     538.731754,    1398.264408,      19.409113,     550.144017,    1379.196405,      25.271314
6010,   8.339000,     538.482249,    1398.737669,      19.266835,     549.809694,    1379.706264,      25.111109
6011,   8.340000,     538.234770,    1399.209738,      19.125071,     549.476624,    1380.215883,      24.951458
6012,   8.341000,     537.989378,    1399.680376,      18.983824,     549.145162,    1380.724907,      24.792123
6013,   8.342000,     537.746012,    1400.149703,      18.843099,     548.816621,    1381.232977,      24.633337
6014,   8.343000,     537.504733,    1400.617719,      18.702895,     548.491359,    1381.740570,      24.474888
6015,   8.344000,     537.265480,    1401.084304,      18.563216,     548.168421,    1382.247686,      24.316783
6016,   8.345000,     537.028253,    1401.549578,      18.424065,     547.846973,    1382.753730,      24.159219
6017,   8.346000,     536.793113,    1402.013421,      18.285441,     547.527492,    1383.259296,      24.002036
6018,   8.347000,     536.559939,    1402.475834,      18.147350,     547.210693,    1383.764982,      23.845336
6019,   8.348000,     536.328733,    1402.936935,      18.009793,     546.896935,    1384.269118,      23.689116
6020,   8.349000,     536.099613,    1403.396487,      17.872773,     546.585858,    1384.771705,      23.533284
6021,   8.350000,     535.872400,    1403.854609,      17.736290,     546.276569,    1385.274291,      23.377861
6022,   8.351000,     535.647273,    1404.311180,      17.600347,     545.968950,    1385.776043,      23.222577
6023,   8.352000,     535.424054,    1404.766440,      17.464949,     545.663416,    1386.276484,      23.067948
6024,   8.353000,     535.202801,    1405.220032,      17.330096,     545.360386,    1386.775970,      22.913818
6025,   8.354000,     534.983516,    1405.672193,      17.195788,     545.059860,    1387.275577,      22.760202
6026,   8.355000,     534.766197,    1406.122804,      17.062033,     544.761837,    1387.773395,      22.607113
6027,   8.356000,     534.550786,    1406.571984,      16.928829,     544.465840,    1388.269544,      22.454578
6028,   8.357000,     534.337342,    1407.019496,      16.796180,     544.171691,    1388.765335,      22.302603
6029,   8.358000,     534.125805,    1407.465458,      16.664087,     543.879390,    1389.260411,      22.151004
6030,   8.359000,     533.916235,    1407.909870,      16.532553,     543.589056,    1389.753699,      21.999983
6031,   8.360000,     533.708513,    1408.352613,      16.401581,     543.301344,    1390.246153,      21.849369
6032,   8.361000,     533.502698,    1408.793807,      16.271172,     543.016493,    1390.737891,      21.699277
6033,   8.362000,     533.298790,    1409.233332,      16.141328,     542.733669,    1391.228199,      21.549501
6034,   8.363000,     533.096790,    1409.671307,      16.012055,     542.452335,    1391.717315,      21.400173
6035,   8.364000,     532.896638,    1410.107493,      15.883350,     542.172551,    1392.205477,      21.251408
6036,   8.365000,     532.698333,    1410.542130,      15.755220,     541.895151,    1392.692924,      21.102926
6037,   8.366000,     532.501876,    1410.975099,      15.627661,     541.621029,    1393.179655,      20.955201
6038,   8.367000,     532.307267,    1411.406279,      15.500675,     541.349530,    1393.664718,      20.807763
6039,   8.368000,     532.114506,    1411.835909,      15.374262,     541.079819,    1394.148588,      20.660764
6040,   8.369000,     531.923532,    1412.263751,      15.248423,     540.811598,    1394.631386,      20.514374
6041,   8.370000,     531.734407,    1412.689924,      15.123156,     540.545285,    1395.113111,      20.368404
6042,   8.371000,     531.547010,    1413.114429,      14.998462,     540.281177,    1395.593762,      20.222491
6043,   8.372000,     531.361401,    1413.537264,      14.874340,     540.019572,    1396.072984,      20.076971
6044,   8.373000,     531.177580,    1413.958311,      14.750794,     539.760470,    1396.551013,      19.932073
6045,   8.374000,     530.995548,    1414.377689,      14.627818,     539.503515,    1397.027969,      19.787864
6046,   8.375000,     530.815184,    1414.795280,      14.505416,     539.248288,    1397.503495,      19.644237
6047,   8.376000,     530.636609,    1415.211201,      14.383588,     538.994968,    1397.978067,      19.501396
6048,   8.377000,     530.459702,    1415.625334,      14.262331,     538.743675,    1398.450971,      19.359323
6049,   8.378000,     530.284584,    1416.037798,      14.141648,     538.494289,    1398.922443,      19.217770
6050,   8.379000,     530.111074,    1416.448474,      14.021538,     538.247287,    1399.393082,      19.076944
6051,   8.380000,     529.939294,    1416.857481,      13.902001,     538.003027,    1399.861932,      18.936508
6052,   8.381000,     529.769123,    1417.264700,      13.783037,     537.761092,    1400.328994,      18.796667
6053,   8.382000,     529.600680,    1417.670131,      13.664646,     537.520707,    1400.795221,      18.657295
6054,   8.383000,     529.433846,    1418.073773,      13.546827,     537.281513,    1401.260495,      18.518379
6055,   8.384000,     529.268682,    1418.475747,      13.429582,     537.044108,    1401.723623,      18.379709
6056,   8.385000,     529.105127,    1418.875933,      13.312910,     536.809146,    1402.185798,      18.241688
6057,   8.386000,     528.943181,    1419.274211,      13.196810,     536.576569,    1402.647018,      18.103910
6058,   8.387000,     528.782785,    1419.670820,      13.081284,     536.346138,    1403.106332,      17.966642
6059,   8.388000,     528.624058,    1420.065641,      12.966330,     536.117852,    1403.564334,      17.829842
6060,   8.389000,     528.466880,    1420.458674,      12.851949,     535.891414,    1404.021025,      17.693475
6061,   8.390000,     528.311253,    1420.849919,      12.738142,     535.666466,    1404.476285,      17.557715
6062,   8.391000,     528.157175,    1421.239376,      12.624907,     535.443068,    1404.929996,      17.422447
6063,   8.392000,     528.004646,    1421.627045,      12.512246,     535.221636,    1405.382037,      17.287704
6064,   8.393000,     527.853668,    1422.012806,      12.400157,     535.002351,    1405.832767,      17.153482
6065,   8.394000,     527.704179,    1422.396898,      12.288642,     534.785211,    1406.281948,      17.020019
6066,   8.395000,     527.556241,    1422.779083,      12.177699,     534.570217,    1406.729460,      16.887067
6067,   8.396000,     527.409792,    1423.159480,      12.067329,     534.357369,    1407.175183,      16.754707
6068,   8.397000,     527.264774,    1423.538089,      11.957532,     534.146369,    1407.619357,      16.623174
6069,   8.398000,     527.121305,    1423.914790,      11.848308,     533.936918,    1408.061981,      16.492229
6070,   8.399000,     526.979268,    1424.289823,      11.739657,     533.729255,    1408.502936,      16.361826
6071,   8.400000,     526.838660,    1424.662828,      11.631579,     533.523440,    1408.942461,      16.232107
6072,   8.401000,     526.699543,    1425.034165,      11.524074,     533.319473,    1409.380198,      16.103083
6073,   8.402000,     526.561856,    1425.403595,      11.417142,     533.117592,    1409.816504,      15.974469
6074,   8.403000,     526.425540,    1425.771117,      11.310783,     532.917857,    1410.251141,      15.846471
6075,   8.404000,     526.290715,    1426.136851,      11.204996,     532.720327,    1410.684109,      15.719004
6076,   8.405000,     526.157200,    1426.500797,      11.099783,     532.524526,    1411.115646,      15.592060
6077,   8.406000,     526.025116,    1426.862836,      10.995143,     532.330334,    1411.545634,      15.465447
6078,   8.407000,     525.894403,    1427.222967,      10.891076,     532.137811,    1411.974072,      15.339452
6079,   8.408000,     525.765121,    1427.581310,      10.787581,     531.946898,    1412.400723,      15.213854
6080,   8.409000,     525.637090,    1427.937746,      10.684660,     531.757593,    1412.825584,      15.088781
6081,   8.410000,     525.510490,    1428.292394,      10.582312,     531.569958,    1413.248897,      14.964282
6082,   8.411000,     525.385201,    1428.645134,      10.480536,     531.384349,    1413.670778,      14.840321
6083,   8.412000,     525.261223,    1428.995967,      10.379334,     531.200826,    1414.090753,      14.716838
6084,   8.413000,     525.138557,    1429.345012,      10.278704,     531.019330,    1414.508581,      14.594069
6085,   8.414000,     525.017202,    1429.692030,      10.178648,     530.839324,    1414.924741,      14.471718
6086,   8.415000,     524.897158,    1430.037260,      10.079164,     530.660927,    1415.339470,      14.349927
6087,   8.416000,     524.778426,    1430.380702,       9.980254,     530.484021,    1415.752649,      14.228842
6088,   8.417000,     524.660945,    1430.722117,       9.881915,     530.308545,    1416.163564,      14.108365
6089,   8.418000,     524.544716,    1431.061625,       9.784150,     530.134559,    1416.572452,      13.988407
6090,   8.419000,     524.429739,    1431.399345,       9.686959,     529.962420,    1416.980267,      13.869244
6091,   8.420000,     524.316013,    1431.735158,       9.590340,     529.792309,    1417.386293,      13.750586
6092,   8.421000,     524.203539,    1432.069063,       9.494294,     529.623985,    1417.789936,      13.632542
6093,   8.422000,     524.092257,    1432.401061,       9.398821,     529.457390,    1418.192148,      13.515179
6094,   8.423000,     523.982227,    1432.731152,       9.303921,     529.292643,    1418.592930,      13.398307
6095,   8.424000,     523.873389,    1433.059335,       9.209594,     529.129803,    1418.991804,      13.282211
6096,   8.425000,     523.765743,    1433.385611,       9.115840,     528.968453,    1419.388890,      13.166674
6097,   8.426000,     523.659289,    1433.709979,       9.022659,     528.808355,    1419.783711,      13.051650
6098,   8.427000,     523.553967,    1434.032440,       8.930051,     528.649390,    1420.177221,      12.937198
6099,   8.428000,     523.449898,    1434.352875,       8.838015,     528.491795,    1420.569062,      12.823272
6100,   8.429000,     523.346901,    1434.671521,       8.746553,     528.335810,    1420.958996,      12.710000
6101,   8.430000,     523.245096,    1434.988260,       8.655664,     528.181732,    1421.347022,      12.597053
6102,   8.431000,     523.144424,    1435.303092,       8.565348,     528.029382,    1421.733618,      12.484771
6103,   8.432000,     523.044884,    1435.615897,       8.475605,     527.878523,    1422.118545,      12.372996
6104,   8.433000,     522.946477,    1435.926795,       8.386434,     527.729034,    1422.501445,      12.261848
6105,   8.434000,     522.849202,    1436.235785,       8.297837,     527.581036,    1422.882557,      12.151131
6106,   8.435000,     522.753000,    1436.542869,       8.209812,     527.434826,    1423.262000,      12.041168
6107,   8.436000,     522.657871,    1436.848044,       8.122361,     527.289867,    1423.639536,      11.931658
6108,   8.437000,     522.563875,    1437.151313,       8.035482,     527.146220,    1424.015403,      11.822754
6109,   8.438000,     522.470891,    1437.452555,       7.949177,     527.003825,    1424.389243,      11.714451
6110,   8.439000,     522.379041,    1437.751889,       7.863444,     526.862919,    1424.760938,      11.606659
6111,   8.440000,     522.288203,    1438.049316,       7.778284,     526.723325,    1425.131202,      11.499367
6112,   8.441000,     522.198439,    1438.344717,       7.693698,     526.585340,    1425.499678,      11.392775
6113,   8.442000,     522.109687,    1438.638330,       7.609684,     526.448965,    1425.865889,      11.286568
6114,   8.443000,     522.021949,    1438.929796,       7.526243,     526.314080,    1426.229954,      11.181082
6115,   8.444000,     521.935284,    1439.219475,       7.443375,     526.180744,    1426.591992,      11.075973
6116,   8.445000,     521.849632,    1439.507127,       7.361080,     526.048958,    1426.952481,      10.971613
6117,   8.446000,     521.764934,    1439.792871,       7.279359,     525.918543,    1427.311420,      10.867838
6118,   8.447000,     521.681249,    1440.076590,       7.198209,     525.789380,    1427.668571,      10.764617
6119,   8.448000,     521.598577,    1440.358520,       7.117633,     525.661647,    1428.023934,      10.661956
6120,   8.449000,     521.516860,    1440.638304,       7.037630,     525.535166,    1428.376913,      10.560002
6121,   8.450000,     521.436155,    1440.916181,       6.958200,     525.409877,    1428.727984,      10.458506
6122,   8.451000,     521.356404,    1441.192150,       6.879343,     525.285721,    1429.077625,      10.357623
6123,   8.452000,     521.277606,    1441.466212,       6.801059,     525.162756,    1429.425955,      10.257274
6124,   8.453000,     521.199703,    1441.738248,       6.723348,     525.041163,    1429.772139,      10.157355
6125,   8.454000,     521.122813,    1442.008257,       6.646209,     524.920940,    1430.115700,      10.058166
6126,   8.455000,     521.046817,    1442.276359,       6.569644,     524.802029,    1430.457354,       9.959568
6127,   8.456000,     520.971715,    1442.542553,       6.493652,     524.684429,    1430.797815,       9.861416
6128,   8.457000,     520.897567,    1442.806721,       6.418232,     524.568260,    1431.137085,       9.764012
6129,   8.458000,     520.824313,    1443.068862,       6.343386,     524.453461,    1431.473970,       9.667093
6130,   8.459000,     520.751953,    1443.329096,       6.269112,     524.339855,    1431.808233,       9.570848
6131,   8.460000,     520.680487,    1443.587303,       6.195411,     524.227679,    1432.140708,       9.475183
6132,   8.461000,     520.609915,    1443.843603,       6.122284,     524.116635,    1432.471752,       9.380131
6133,   8.462000,     520.540237,    1444.097996,       6.049729,     524.006665,    1432.801127,       9.285673
6134,   8.463000,     520.471394,    1444.350243,       5.977748,     523.897827,    1433.128357,       9.191719
6135,   8.464000,     520.403445,    1444.600701,       5.906339,     523.790061,    1433.453441,       9.098596
6136,   8.465000,     520.336330,    1444.849014,       5.835501,     523.683369,    1433.776379,       9.005876
6137,   8.466000,     520.270050,    1445.095420,       5.765232,     523.577750,    1434.097528,       8.913703
6138,   8.467000,     520.204604,    1445.339918,       5.695529,     523.473263,    1434.417129,       8.822189
6139,   8.468000,     520.139933,    1445.582509,       5.626390,     523.370028,    1434.734821,       8.731175
6140,   8.469000,     520.076156,    1445.823073,       5.557813,     523.268044,    1435.050249,       8.640701
6141,   8.470000,     520.013154,    1446.061730,       5.489795,     523.167253,    1435.363412,       8.550838
6142,   8.471000,     519.950926,    1446.298480,       5.422335,     523.067772,    1435.674787,       8.461375
6143,   8.472000,     519.889534,    1446.533203,       5.355429,     522.969484,    1435.984492,       8.372518
6144,   8.473000,     519.828856,    1446.766138,       5.289077,     522.872329,    1436.292291,       8.284120
6145,   8.474000,     519.769013,    1446.997046,       5.223274,     522.776306,    1436.597943,       8.196273
6146,   8.475000,     519.709885,    1447.226167,       5.158020,     522.681355,    1436.901689,       8.108960
6147,   8.476000,     519.651532,    1447.453380,       5.093311,     522.587359,    1437.203288,       8.022145
6148,   8.477000,     519.593894,    1447.678685,       5.029146,     522.494495,    1437.503219,       7.935923
6149,   8.478000,     519.537032,    1447.902083,       4.965522,     522.402644,    1437.801242,       7.850259
6150,   8.479000,     519.480884,    1448.123574,       4.902437,     522.311866,    1438.097477,       7.765134
6151,   8.480000,     519.425452,    1448.343277,       4.839889,     522.221982,    1438.391685,       7.680589
6152,   8.481000,     519.370735,    1448.561072,       4.777874,     522.133112,    1438.683748,       7.596716
6153,   8.482000,     519.316673,    1448.777080,       4.716392,     522.045195,    1438.973784,       7.513401
6154,   8.483000,     519.263387,    1448.991179,       4.655440,     521.958292,    1439.262152,       7.430678
6155,   8.484000,     519.210696,    1449.203491,       4.595015,     521.872520,    1439.548850,       7.348660
6156,   8.485000,     519.158781,    1449.414015,       4.535115,     521.787703,    1439.833879,       7.267361
6157,   8.486000,     519.107461,    1449.622631,       4.475738,     521.703720,    1440.116644,       7.186665
6158,   8.487000,     519.056797,    1449.829459,       4.416881,     521.620810,    1440.397263,       7.106613
6159,   8.488000,     519.006848,    1450.034499,       4.358543,     521.538973,    1440.676212,       7.027130
6160,   8.489000,     518.957496,    1450.237751,       4.300721,     521.458328,    1440.953016,       6.948188
6161,   8.490000,     518.908858,    1450.439215,       4.243412,     521.378636,    1441.227913,       6.869920
6162,   8.491000,     518.860757,    1450.638890,       4.186615,     521.299779,    1441.501021,       6.792300
6163,   8.492000,     518.813372,    1450.836778,       4.130326,     521.221638,    1441.772103,       6.715057
6164,   8.493000,     518.766522,    1451.032877,       4.074545,     521.144509,    1442.040920,       6.638405
6165,   8.494000,     518.720329,    1451.227307,       4.019268,     521.068513,    1442.307711,       6.562256
6166,   8.495000,     518.674731,    1451.419830,       3.964494,     520.993531,    1442.572832,       6.486682
6167,   8.496000,     518.629730,    1451.610684,       3.910219,     520.919383,    1442.835927,       6.411588
6168,   8.497000,     518.585324,    1451.799870,       3.856442,     520.846009,    1443.097234,       6.337026
6169,   8.498000,     518.541515,    1451.987267,       3.803160,     520.773411,    1443.356514,       6.263023
6170,   8.499000,     518.498302,    1452.172875,       3.750371,     520.701826,    1443.613529,       6.189582
6171,   8.500000,     518.455625,    1452.356815,       3.698074,     520.631254,    1443.868518,       6.116676
6172,   8.501000,     518.413484,    1452.539086,       3.646264,     520.561635,    1444.121718,       6.044269
6173,   8.502000,     518.371940,    1452.719569,       3.594941,     520.492792,    1444.373131,       5.972426
6174,   8.503000,     518.330932,    1452.898383,       3.544101,     520.424724,    1444.622636,       5.901166
6175,   8.504000,     518.290460,    1453.075409,       3.493743,     520.357370,    1444.870234,       5.830502
6176,   8.505000,     518.250585,    1453.250647,       3.443865,     520.290852,    1445.115924,       5.760402
6177,   8.506000,     518.211186,    1453.424215,       3.394463,     520.225346,    1445.359707,       5.690954
6178,   8.507000,     518.172324,    1453.596115,       3.345536,     520.160615,    1445.601463,       5.621967
6179,   8.508000,     518.133998,    1453.766227,       3.297082,     520.096660,    1445.841193,       5.553559
6180,   8.509000,     518.096149,    1453.934669,       3.249098,     520.033300,    1446.079016,       5.485769
6181,   8.510000,     518.058836,    1454.101324,       3.201581,     519.970715,    1446.314931,       5.418487
6182,   8.511000,     518.022001,    1454.266191,       3.154530,     519.908905,    1446.549058,       5.351785
6183,   8.512000,     517.985702,    1454.429388,       3.107942,     519.848108,    1446.781278,       5.285661
6184,   8.513000,     517.949879,    1454.590917,       3.061816,     519.788027,    1447.011590,       5.220079
6185,   8.514000,     517.914534,    1454.750657,       3.016148,     519.728839,    1447.239995,       5.154970
6186,   8.515000,     517.879665,    1454.908729,       2.970936,     519.670367,    1447.466373,       5.090391
6187,   8.516000,     517.845273,    1455.065012,       2.926178,     519.612551,    1447.690725,       5.026387
6188,   8.517000,     517.811358,    1455.219507,       2.881872,     519.555509,    1447.913408,       4.962983
6189,   8.518000,     517.777920,    1455.372334,       2.838016,     519.499302,    1448.134184,       4.899996
6190,   8.519000,     517.744899,    1455.523491,       2.794607,     519.443750,    1448.353171,       4.837591
6191,   8.520000,     517.712355,    1455.672860,       2.751643,     519.388914,    1448.570490,       4.775718
6192,   8.521000,     517.680228,    1455.820441,       2.709121,     519.334793,    1448.786020,       4.714356
6193,   8.522000,     517.648578,    1455.966353,       2.667040,     519.281387,    1448.999405,       4.653542
6194,   8.523000,     517.617345,    1456.110477,       2.625397,     519.228697,    1449.211121,       4.593220
6195,   8.524000,     517.586589,    1456.252933,       2.584189,     519.176602,    1449.421048,       4.533429
6196,   8.525000,     517.556190,    1456.393600,       2.543416,     519.125164,    1449.629188,       4.474125
6197,   8.526000,     517.526269,    1456.532598,       2.503073,     519.074261,    1449.835539,       4.415394
6198,   8.527000,     517.496705,    1456.669807,       2.463159,     519.024134,    1450.040102,       4.357227
6199,   8.528000,     517.467618,    1456.805348,       2.423671,     518.974662,    1450.242877,       4.299459
6200,   8.529000,     517.438889,    1456.939101,       2.384608,     518.925786,    1450.443864,       4.242278
6201,   8.530000,     517.410576,    1457.071185,       2.345967,     518.877625,    1450.642943,       4.185674
6202,   8.531000,     517.382681,    1457.201481,       2.307746,     518.830061,    1450.840235,       4.129652
6203,   8.532000,     517.355144,    1457.330108,       2.269942,     518.783092,    1451.035857,       4.074047
6204,   8.533000,     517.328024,    1457.456946,       2.232553,     518.736720,    1451.229572,       4.018986
6205,   8.534000,     517.301321,    1457.581997,       2.195577,     518.691063,    1451.421499,       3.964479
6206,   8.535000,     517.274916,    1457.705379,       2.159012,     518.646002,    1451.611876,       3.910470
6207,   8.536000,     517.248929,    1457.827091,       2.122855,     518.601418,    1451.800227,       3.856917
6208,   8.537000,     517.223358,    1457.946897,       2.087103,     518.557489,    1451.987028,       3.803872
6209,   8.538000,     517.198086,    1458.065152,       2.051756,     518.514037,    1452.172160,       3.751250
6210,   8.539000,     517.173171,    1458.181500,       2.016810,     518.471241,    1452.355266,       3.699124
6211,   8.540000,     517.148674,    1458.296299,       1.982262,     518.428922,    1452.536583,       3.647458
6212,   8.541000,     517.124474,    1458.409190,       1.948112,     518.387139,    1452.716112,       3.596250
6213,   8.542000,     517.100632,    1458.520412,       1.914356,     518.345952,    1452.893972,       3.545572
6214,   8.543000,     517.077208,    1458.629966,       1.880993,     518.305242,    1453.070164,       3.495373
6215,   8.544000,     517.054021,    1458.737731,       1.848019,     518.265069,    1453.244567,       3.445538
6216,   8.545000,     517.031252,    1458.843827,       1.815433,     518.225491,    1453.417182,       3.396178
6217,   8.546000,     517.008781,    1458.948135,       1.783232,     518.186450,    1453.588247,       3.347298
6218,   8.547000,     516.986609,    1459.050655,       1.751414,     518.147886,    1453.757286,       3.298801
6219,   8.548000,     516.964793,    1459.151506,       1.719977,     518.109977,    1453.924537,       3.250820
6220,   8.549000,     516.943336,    1459.250569,       1.688919,     518.072546,    1454.090118,       3.203353
6221,   8.550000,     516.922176,    1459.347963,       1.658237,     518.035650,    1454.253912,       3.156295
6222,   8.551000,     516.901314,    1459.443569,       1.627928,     517.999232,    1454.416037,       3.109746
6223,   8.552000,     516.880751,    1459.537506,       1.597991,     517.963290,    1454.576492,       3.063771
6224,   8.553000,     516.860485,    1459.629655,       1.568423,     517.927885,    1454.735279,       3.018260
6225,   8.554000,     516.840577,    1459.720135,       1.539223,     517.892897,    1454.892278,       2.973325
6226,   8.555000,     516.820967,    1459.808826,       1.510387,     517.858386,    1455.047607,       2.928809
6227,   8.556000,     516.801596,    1459.895730,       1.481913,     517.824411,    1455.201387,       2.884655
6228,   8.557000,     516.782582,    1459.980965,       1.453800,     517.790914,    1455.353379,       2.840936
6229,   8.558000,     516.763806,    1460.064411,       1.426044,     517.757773,    1455.503583,       2.797750
6230,   8.559000,     516.745329,    1460.146189,       1.398644,     517.725170,    1455.651879,       2.754987
6231,   8.560000,     516.727149,    1460.226297,       1.371598,     517.692983,    1455.798507,       2.712619
6232,   8.561000,     516.709268,    1460.304499,       1.344902,     517.661214,    1455.943584,       2.670648
6233,   8.562000,     516.691625,    1460.381031,       1.318554,     517.629862,    1456.086755,       2.629073
6234,   8.563000,     516.674280,    1460.455894,       1.292554,     517.598987,    1456.228018,       2.588061
6235,   8.564000,     516.657174,    1460.528970,       1.266897,     517.568588,    1456.367731,       2.547460
6236,   8.565000,     516.640365,    1460.600376,       1.241582,     517.538488,    1456.505537,       2.507229
6237,   8.566000,     516.623855,    1460.669994,       1.216607,     517.508805,    1456.641674,       2.467357
6238,   8.567000,     516.607523,    1460.737824,       1.191968,     517.479599,    1456.776142,       2.427971
6239,   8.568000,     516.591489,    1460.803986,       1.167665,     517.450750,    1456.908822,       2.388960
6240,   8.569000,     516.575754,    1460.868478,       1.143694,     517.422318,    1457.039952,       2.350317
6241,   8.570000,     516.560197,    1460.931063,       1.120054,     517.394304,    1457.169294,       2.312124
6242,   8.571000,     516.544938,    1460.992098,       1.096741,     517.366648,    1457.296968,       2.274348
6243,   8.572000,     516.529918,    1461.051226,       1.073755,     517.339349,    1457.422972,       2.236985
6244,   8.573000,     516.515136,    1461.108804,       1.051092,     517.312467,    1457.547188,       2.200013
6245,   8.574000,     516.500533,    1461.164474,       1.028750,     517.286003,    1457.669735,       2.163471
6246,   8.575000,     516.486228,    1461.218476,       1.006726,     517.259896,    1457.790375,       2.127348
6247,   8.576000,     516.472161,    1461.270809,       0.985020,     517.234206,    1457.909346,       2.091691
6248,   8.577000,     516.458333,    1461.321354,       0.963628,     517.208874,    1458.026528,       2.056435
6249,   8.578000,     516.444743,    1461.370111,       0.942547,     517.183900,    1458.141923,       2.021674
6250,   8.579000,     516.431332,    1461.417198,       0.921777,     517.159283,    1458.255649,       1.987209
6251,   8.580000,     516.418159,    1461.462617,       0.901313,     517.135024,    1458.367586,       1.953153
6252,   8.581000,     516.405225,    1461.506248,       0.881155,     517.111123,    1458.477855,       1.919429
6253,   8.582000,     516.392529,    1461.548090,       0.861300,     517.087579,    1458.586574,       1.886150
6254,   8.583000,     516.380012,    1461.588264,       0.841745,     517.064333,    1458.693385,       1.853205
6255,   8.584000,     516.367733,    1461.626649,       0.822489,     517.041445,    1458.798528,       1.820761
6256,   8.585000,     516.355634,    1461.663365,       0.803528,     517.018914,    1458.902001,       1.788620
6257,   8.586000,     516.343772,    1461.698294,       0.784861,     516.996682,    1459.003687,       1.756934
6258,   8.587000,     516.332090,    1461.731434,       0.766486,     516.974866,    1459.103703,       1.725593
6259,   8.588000,     516.320646,    1461.763024,       0.748399,     516.953290,    1459.201932,       1.694657
6260,   8.589000,     516.309381,    1461.792707,       0.730600,     516.932070,    1459.298372,       1.664041
6261,   8.590000,     516.298294,    1461.820722,       0.713085,     516.911089,    1459.393024,       1.633804
6262,   8.591000,     516.287446,    1461.847067,       0.695852,     516.890526,    1459.485888,       1.603984
6263,   8.592000,     516.276777,    1461.871624,       0.678898,     516.870201,    1459.577084,       1.574506
6264,   8.593000,     516.266286,    1461.894393,       0.662223,     516.850173,    1459.666371,       1.545426
6265,   8.594000,     516.256034,    1461.915493,       0.645823,     516.830444,    1459.754109,       1.516648
6266,   8.595000,     516.245902,    1461.934805,       0.629696,     516.811013,    1459.839940,       1.488239
6267,   8.596000,     516.236007,    1461.952448,       0.613839,     516.791940,    1459.924102,       1.460154
6268,   8.597000,     516.226292,    1461.968303,       0.598251,     516.773105,    1460.006595,       1.432398
6269,   8.598000,     516.216695,    1461.982489,       0.582930,     516.754568,    1460.087419,       1.405017
6270,   8.599000,     516.207337,    1461.994886,       0.567872,     516.736329,    1460.166454,       1.377974
6271,   8.600000,     516.198158,    1462.005615,       0.553075,     516.718328,    1460.243940,       1.351300
6272,   8.601000,     516.189098,    1462.014556,       0.538538,     516.700566,    1460.319519,       1.324987
6273,   8.602000,     516.180277,    1462.021828,       0.524258,     516.683102,    1460.393548,       1.299012
6274,   8.603000,     516.171575,    1462.027311,       0.510233,     516.665936,    1460.465789,       1.273393
6275,   8.604000,     516.163051,    1462.031007,       0.496460,     516.649008,    1460.536361,       1.248088
6276,   8.605000,     516.154706,    1462.033033,       0.482937,     516.632438,    1460.605025,       1.223126
6277,   8.606000,     516.146541,    1462.033391,       0.469662,     516.616046,    1460.672140,       1.198535
6278,   8.607000,     516.138494,    1462.031960,       0.456632,     516.599953,    1460.737348,       1.174290
6279,   8.608000,     516.130686,    1462.028742,       0.443846,     516.584098,    1460.800767,       1.150362
6280,   8.609000,     516.122937,    1462.023973,       0.431301,     516.568482,    1460.862517,       1.126770
6281,   8.610000,     516.115427,    1462.017417,       0.418994,     516.553104,    1460.922480,       1.103498
6282,   8.611000,     516.108036,    1462.009311,       0.406924,     516.538084,    1460.980654,       1.080563
6283,   8.612000,     516.100764,    1461.999536,       0.395088,     516.523302,    1461.037040,       1.057991
6284,   8.613000,     516.093671,    1461.988091,       0.383483,     516.508698,    1461.091757,       1.035725
6285,   8.614000,     516.086757,    1461.975098,       0.372108,     516.494393,    1461.144805,       1.013789
6286,   8.615000,     516.079962,    1461.960435,       0.360960,     516.480267,    1461.195946,       0.992169
6287,   8.616000,     516.073287,    1461.944222,       0.350037,     516.466320,    1461.245537,       0.970841
6288,   8.617000,     516.066790,    1461.926460,       0.339337,     516.452670,    1461.293340,       0.949824
6289,   8.618000,     516.060412,    1461.907148,       0.328857,     516.439199,    1461.339474,       0.929107
6290,   8.619000,     516.054153,    1461.886287,       0.318595,     516.425967,    1461.383820,       0.908690
6291,   8.620000,     516.048074,    1461.863995,       0.308549,     516.412914,    1461.426497,       0.888577
6292,   8.621000,     516.042113,    1461.840153,       0.298716,     516.400099,    1461.467385,       0.868744
6293,   8.622000,     516.036332,    1461.814761,       0.289094,     516.387522,    1461.506605,       0.849197
6294,   8.623000,     516.030610,    1461.787939,       0.279682,     516.375124,    1461.544156,       0.829947
6295,   8.624000,     516.025066,    1461.759806,       0.270476,     516.363084,    1461.579800,       0.810971
6296,   8.625000,     516.019642,    1461.730123,       0.261474,     516.351163,    1461.613894,       0.792307
6297,   8.626000,     516.014338,    1461.699009,       0.252674,     516.339362,    1461.646199,       0.773940
6298,   8.627000,     516.009152,    1461.666465,       0.244073,     516.327918,    1461.676717,       0.755860
6299,   8.628000,     516.004086,    1461.632609,       0.235671,     516.316593,    1461.705565,       0.738065
6300,   8.629000,     515.999138,    1461.597323,       0.227463,     516.305387,    1461.732626,       0.720567
6301,   8.630000,     515.994310,    1461.560726,       0.219448,     516.294539,    1461.757898,       0.703349
6302,   8.631000,     515.989602,    1461.522818,       0.211623,     516.283810,    1461.781502,       0.686410
6303,   8.632000,     515.985072,    1461.483479,       0.203987,     516.273201,    1461.803436,       0.669740
6304,   8.633000,     515.980601,    1461.442947,       0.196537,     516.262829,    1461.823583,       0.653371
6305,   8.634000,     515.976250,    1461.401105,       0.189270,     516.252637,    1461.842060,       0.637239
6306,   8.635000,     515.972018,    1461.357951,       0.182185,     516.242623,    1461.858869,       0.621383
6307,   8.636000,     515.967846,    1461.313605,       0.175279,     516.232908,    1461.873889,       0.605828
6308,   8.637000,     515.963852,    1461.267948,       0.168550,     516.223192,    1461.887121,       0.590504
6309,   8.638000,     515.959918,    1461.221099,       0.161995,     516.213834,    1461.898804,       0.575503
6310,   8.639000,     515.956104,    1461.173058,       0.155612,     516.204596,    1461.908698,       0.560775
6311,   8.640000,     515.952408,    1461.123824,       0.149399,     516.195536,    1461.916924,       0.546312
6312,   8.641000,     515.948772,    1461.073399,       0.143354,     516.186655,    1461.923480,       0.532090
6313,   8.642000,     515.945315,    1461.021781,       0.137474,     516.177952,    1461.928368,       0.518074
6314,   8.643000,     515.941918,    1460.969090,       0.131757,     516.169429,    1461.931467,       0.504303
6315,   8.644000,     515.938580,    1460.915208,       0.126201,     516.161025,    1461.933017,       0.490760
6316,   8.645000,     515.935361,    1460.860252,       0.120803,     516.152799,    1461.932898,       0.477470
6317,   8.646000,     515.932262,    1460.804224,       0.115562,     516.144753,    1461.931348,       0.464424
6318,   8.647000,     515.929222,    1460.747123,       0.110474,     516.136885,    1461.928248,       0.451606
6319,   8.648000,     515.926301,    1460.688949,       0.105538,     516.129076,    1461.923838,       0.439034
6320,   8.649000,     515.923440,    1460.629702,       0.100751,     516.121507,    1461.917996,       0.426693
6321,   8.650000,     515.920699,    1460.569382,       0.096111,     516.114056,    1461.910844,       0.414599
6322,   8.651000,     515.918076,    1460.508108,       0.091616,     516.106784,    1461.902022,       0.402739
6323,   8.652000,     515.915453,    1460.445762,       0.087263,     516.099572,    1461.891651,       0.391115
6324,   8.653000,     515.912950,    1460.382462,       0.083050,     516.092598,    1461.879492,       0.379712
6325,   8.654000,     515.910566,    1460.318208,       0.078976,     516.085744,    1461.865783,       0.368548
6326,   8.655000,     515.908241,    1460.253000,       0.075036,     516.079068,    1461.850166,       0.357588
6327,   8.656000,     515.905976,    1460.186958,       0.071230,     516.072512,    1461.833000,       0.346855
6328,   8.657000,     515.903831,    1460.119843,       0.067555,     516.066074,    1461.814165,       0.336348
6329,   8.658000,     515.901685,    1460.051894,       0.064008,     516.059816,    1461.793542,       0.326071
6330,   8.659000,     515.899658,    1459.983110,       0.060588,     516.053677,    1461.771488,       0.316008
6331,   8.660000,     515.897751,    1459.913373,       0.057292,     516.047716,    1461.747646,       0.306156
6332,   8.661000,     515.895844,    1459.842801,       0.054117,     516.041875,    1461.722136,       0.296535
6333,   8.662000,     515.894055,    1459.771395,       0.051063,     516.036212,    1461.695075,       0.287100
6334,   8.663000,     515.892327,    1459.699154,       0.048125,     516.030610,    1461.666584,       0.277891
6335,   8.664000,     515.890658,    1459.626198,       0.045302,     516.025186,    1461.636424,       0.268878
6336,   8.665000,     515.889049,    1459.552407,       0.042592,     516.019821,    1461.604595,       0.260045
6337,   8.666000,     515.887558,    1459.477782,       0.039992,     516.014516,    1461.571574,       0.251423
6338,   8.667000,     515.886068,    1459.402442,       0.037500,     516.009390,    1461.537242,       0.242998
6339,   8.668000,     515.884638,    1459.326267,       0.035114,     516.004384,    1461.501479,       0.234745
6340,   8.669000,     515.883327,    1459.249496,       0.032831,     515.999496,    1461.464524,       0.226691
6341,   8.670000,     515.882015,    1459.172010,       0.030649,     515.994668,    1461.426497,       0.218805
6342,   8.671000,     515.880823,    1459.093809,       0.028567,     515.990019,    1461.387157,       0.211302
6343,   8.672000,     515.879631,    1459.014893,       0.026580,     515.985489,    1461.346507,       0.203996
6344,   8.673000,     515.878499,    1458.935261,       0.024688,     515.981078,    1461.304784,       0.196785
6345,   8.674000,     515.877426,    1458.855033,       0.022889,     515.976727,    1461.261630,       0.189665
6346,   8.675000,     515.876472,    1458.774209,       0.021178,     515.972555,    1461.217403,       0.182724
6347,   8.676000,     515.875518,    1458.692789,       0.019555,     515.968502,    1461.171865,       0.175877
6348,   8.677000,     515.874565,    1458.610773,       0.018018,     515.964508,    1461.125135,       0.169169
6349,   8.678000,     515.873730,    1458.528161,       0.016563,     515.960693,    1461.077213,       0.162652
6350,   8.679000,     515.872896,    1458.444953,       0.015188,     515.956938,    1461.028218,       0.156303
6351,   8.680000,     515.872180,    1458.361268,       0.013892,     515.953302,    1460.977912,       0.150100
6352,   8.681000,     515.871465,    1458.276987,       0.012672,     515.949786,    1460.926533,       0.144101
6353,   8.682000,     515.870750,    1458.192110,       0.011525,     515.946329,    1460.873961,       0.138291
6354,   8.683000,     515.870154,    1458.106875,       0.010450,     515.942931,    1460.820317,       0.132673
6355,   8.684000,     515.869558,    1458.021045,       0.009443,     515.939713,    1460.765481,       0.127239
6356,   8.685000,     515.869021,    1457.934856,       0.008504,     515.936613,    1460.709572,       0.121987
6357,   8.686000,     515.868485,    1457.848191,       0.007629,     515.933514,    1460.652709,       0.116887
6358,   8.687000,     515.868008,    1457.761049,       0.006816,     515.930533,    1460.594773,       0.111970
6359,   8.688000,     515.867531,    1457.673430,       0.006063,     515.927613,    1460.535765,       0.107201
6360,   8.689000,     515.867174,    1457.585573,       0.005368,     515.924811,    1460.475802,       0.102565
6361,   8.690000,     515.866756,    1457.497239,       0.004728,     515.922070,    1460.414886,       0.098051
6362,   8.691000,     515.866458,    1457.408428,       0.004141,     515.919507,    1460.353017,       0.093664
6363,   8.692000,     515.866101,    1457.319379,       0.003604,     515.916944,    1460.290074,       0.089396
6364,   8.693000,     515.865803,    1457.229972,       0.003117,     515.914440,    1460.226178,       0.085244
6365,   8.694000,     515.865564,    1457.140207,       0.002675,     515.912116,    1460.161328,       0.081226
6366,   8.695000,     515.865326,    1457.050204,       0.002277,     515.909851,    1460.095525,       0.077305
6367,   8.696000,     515.865147,    1456.959844,       0.001921,     515.907645,    1460.028768,       0.073501
6368,   8.697000,     515.864968,    1456.869245,       0.001604,     515.905499,    1459.961295,       0.069824
6369,   8.698000,     515.864789,    1456.778407,       0.001323,     515.903354,    1459.892869,       0.066271
6370,   8.699000,     515.864611,    1456.687331,       0.001078,     515.901387,    1459.823608,       0.062855
6371,   8.700000,     515.864491,    1456.596017,       0.000865,     515.899539,    1459.753394,       0.059578
6372,   8.701000,     515.864372,    1456.504464,       0.000682,     515.897632,    1459.682465,       0.056427
6373,   8.702000,     515.864313,    1456.412673,       0.000527,     515.895784,    1459.610701,       0.053418
6374,   8.703000,     515.864253,    1456.320763,       0.000397,     515.894055,    1459.538221,       0.050529
6375,   8.704000,     515.864193,    1456.228614,       0.000291,     515.892446,    1459.464908,       0.047771
6376,   8.705000,     515.864134,    1456.136465,       0.000205,     515.890777,    1459.390759,       0.045149
6377,   8.706000,     515.864074,    1456.044078,       0.000139,     515.889227,    1459.315896,       0.042647
6378,   8.707000,     515.864074,    1455.951571,       0.000088,     515.887737,    1459.240437,       0.040236
6379,   8.708000,     515.864015,    1455.859065,       0.000052,     515.886366,    1459.164143,       0.037933
6380,   8.709000,     515.864015,    1455.766320,       0.000027,     515.884995,    1459.087133,       0.035736
6381,   8.710000,     515.864015,    1455.673695,       0.000012,     515.883744,    1459.009528,       0.033617
6382,   8.711000,     515.864015,    1455.580831,       0.000004,     515.882492,    1458.931088,       0.031572
6383,   8.712000,     515.864015,    1455.488086,       0.000001,     515.881300,    1458.852172,       0.029626
6384,   8.713000,     515.864015,    1455.395222,       0.000000,     515.880227,    1458.772421,       0.027745
6385,   8.714000,     515.864015,    1455.302358,       0.000000,     515.879154,    1458.692193,       0.025944
6386,   8.715000,     515.864015,    1455.209613,       0.000000,     515.878081,    1458.611369,       0.024203
6387,   8.716000,     515.864015,    1455.116749,       0.000000,     515.877068,    1458.530068,       0.022538
6388,   8.717000,     515.864015,    1455.024004,       0.000000,     515.876293,    1458.448052,       0.020941
6389,   8.718000,     515.864015,    1454.931259,       0.000000,     515.875459,    1458.365440,       0.019423
6390,   8.719000,     515.864015,    1454.838514,       0.000000,     515.874565,    1458.282351,       0.017981
6391,   8.720000,     515.864015,    1454.745889,       0.000000,     515.873790,    1458.198786,       0.016621
6392,   8.721000,     515.864015,    1454.653263,       0.000000,     515.873075,    1458.114743,       0.015346
6393,   8.722000,     515.864015,    1454.560637,       0.000000,     515.872419,    1458.030105,       0.014162
6394,   8.723000,     515.864015,    1454.468131,       0.000000,     515.871823,    1457.945108,       0.013058
6395,   8.724000,     515.864015,    1454.375744,       0.000000,     515.871167,    1457.859516,       0.012033
6396,   8.725000,     515.864015,    1454.283476,       0.000000,     515.870512,    1457.773566,       0.011078
6397,   8.726000,     515.864015,    1454.191208,       0.000000,     515.869975,    1457.687140,       0.010190
6398,   8.727000,     515.864015,    1454.099178,       0.000000,     515.869439,    1457.600355,       0.009368
6399,   8.728000,     515.864015,    1454.007149,       0.000000,     515.869021,    1457.513094,       0.008603
6400,   8.729000,     515.864015,    1453.915238,       0.000000,     515.868545,    1457.425356,       0.007892
6401,   8.730000,     515.864015,    1453.823447,       0.000000,     515.868127,    1457.337379,       0.007226
6402,   8.731000,     515.864015,    1453.731894,       0.000000,     515.867710,    1457.249045,       0.006604
6403,   8.732000,     515.864015,    1453.640342,       0.000000,     515.867293,    1457.160354,       0.006024
6404,   8.733000,     515.864015,    1453.549027,       0.000000,     515.866995,    1457.071304,       0.005476
6405,   8.734000,     515.864015,    1453.457832,       0.000000,     515.866637,    1456.982017,       0.004966
6406,   8.735000,     515.864015,    1453.366876,       0.000000,     515.866399,    1456.892490,       0.004478
6407,   8.736000,     515.864015,    1453.276038,       0.000000,     515.866160,    1456.802726,       0.004024
6408,   8.737000,     515.864015,    1453.185439,       0.000000,     515.865922,    1456.712723,       0.003595
6409,   8.738000,     515.864015,    1453.094959,       0.000000,     515.865684,    1456.622362,       0.003197
6410,   8.739000,     515.864015,    1453.004718,       0.000000,     515.865505,    1456.532001,       0.002835
6411,   8.740000,     515.864015,    1452.914596,       0.000000,     515.865326,    1456.441402,       0.002500
6412,   8.741000,     515.864015,    1452.824831,       0.000000,     515.865147,    1456.350565,       0.002198
6413,   8.742000,     515.864015,    1452.735186,       0.000000,     515.865088,    1456.259489,       0.001928
6414,   8.743000,     515.864015,    1452.645779,       0.000000,     515.864909,    1456.168294,       0.001688
6415,   8.744000,     515.864015,    1452.556610,       0.000000,     515.864789,    1456.076860,       0.001483
6416,   8.745000,     515.864015,    1452.467799,       0.000000,     515.864730,    1455.985308,       0.001307
6417,   8.746000,     515.864015,    1452.379107,       0.000000,     515.864670,    1455.893517,       0.001158
6418,   8.747000,     515.864015,    1452.290773,       0.000000,     515.864611,    1455.801725,       0.001034
6419,   8.748000,     515.864015,    1452.202678,       0.000000,     515.864551,    1455.709815,       0.000923
6420,   8.749000,     515.864015,    1452.114820,       0.000000,     515.864432,    1455.617785,       0.000830
6421,   8.750000,     515.864015,    1452.027321,       0.000000,     515.864372,    1455.525637,       0.000753
6422,   8.751000,     515.864015,    1451.940060,       0.000000,     515.864313,    1455.433488,       0.000687
6423,   8.752000,     515.864015,    1451.853037,       0.000000,     515.864253,    1455.341339,       0.000623
6424,   8.753000,     515.864015,    1451.766491,       0.000000,     515.864193,    1455.249190,       0.000554
6425,   8.754000,     515.864015,    1451.680183,       0.000000,     515.864193,    1455.157042,       0.000488
6426,   8.755000,     515.864015,    1451.594114,       0.000000,     515.864134,    1455.064893,       0.000422
6427,   8.756000,     515.864015,    1451.508522,       0.000000,     515.864074,    1454.972863,       0.000345
6428,   8.757000,     515.864015,    1451.423168,       0.000000,     515.864015,    1454.880834,       0.000275
6429,   8.758000,     515.864015,    1451.338291,       0.000000,     515.864015,    1454.788804,       0.000213
6430,   8.759000,     515.864015,    1451.253653,       0.000000,     515.864015,    1454.696894,       0.000151
6431,   8.760000,     515.864015,    1451.169372,       0.000000,     515.863955,    1454.605103,       0.000103
6432,   8.761000,     515.864015,    1451.085567,       0.000000,     515.863955,    1454.513192,       0.000068
6433,   8.762000,     515.864015,    1451.002121,       0.000000,     515.863955,    1454.421520,       0.000041
6434,   8.763000,     515.864015,    1450.919032,       0.000000,     515.863955,    1454.329729,       0.000027
6435,   8.764000,     515.864015,    1450.836301,       0.000000,     515.863955,    1454.238057,       0.000014
6436,   8.765000,     515.864015,    1450.754046,       0.000000,     515.863955,    1454.146385,       0.000020
6437,   8.766000,     515.864015,    1450.672150,       0.000000,     515.863955,    1454.054713,       0.000020
6438,   8.767000,     515.864015,    1450.590730,       0.000000,     515.863955,    1453.963161,       0.000027
6439,   8.768000,     515.864015,    1450.509667,       0.000000,     515.863955,    1453.871846,       0.000034
6440,   8.769000,     515.864015,    1450.429201,       0.000000,     515.863955,    1453.780413,       0.000034
6441,   8.770000,     515.864015,    1450.348973,       0.000000,     515.863955,    1453.689337,       0.000027
6442,   8.771000,     515.864015,    1450.269341,       0.000000,     515.863955,    1453.598380,       0.000020
6443,   8.772000,     515.864015,    1450.190187,       0.000000,     515.863895,    1453.507543,       0.000013
6444,   8.773000,     515.864015,    1450.111389,       0.000000,     515.863895,    1453.416944,      -0.000007
6445,   8.774000,     515.864015,    1450.033188,       0.000000,     515.863895,    1453.326583,      -0.000020
6446,   8.775000,     515.864015,    1449.955463,       0.000000,     515.863895,    1453.236461,      -0.000040
6447,   8.776000,     515.864015,    1449.878097,       0.000000,     515.863836,    1453.146338,      -0.000061
6448,   8.777000,     515.864015,    1449.801326,       0.000000,     515.863836,    1453.056574,      -0.000081
6449,   8.778000,     515.864015,    1449.725151,       0.000000,     515.863836,    1452.967048,      -0.000101
6450,   8.779000,     515.864015,    1449.649334,       0.000000,     515.863836,    1452.877641,      -0.000108
6451,   8.780000,     515.864015,    1449.574113,       0.000000,     515.863836,    1452.788472,      -0.000121
6452,   8.781000,     515.864015,    1449.499488,       0.000000,     515.863836,    1452.699542,      -0.000121
6453,   8.782000,     515.864015,    1449.425340,       0.000000,     515.863836,    1452.610731,      -0.000121
6454,   8.783000,     515.864015,    1449.351788,       0.000000,     515.863836,    1452.522278,      -0.000114
6455,   8.784000,     515.864015,    1449.278712,       0.000000,     515.863836,    1452.433944,      -0.000101
6456,   8.785000,     515.864015,    1449.206233,       0.000000,     515.863836,    1452.345848,      -0.000094
6457,   8.786000,     515.864015,    1449.134350,       0.000000,     515.863836,    1452.258110,      -0.000081
6458,   8.787000,     515.864015,    1449.063063,       0.000000,     515.863836,    1452.170491,      -0.000074
6459,   8.788000,     515.864015,    1448.992372,       0.000000,     515.863836,    1452.083230,      -0.000067
6460,   8.789000,     515.864015,    1448.922276,       0.000000,     515.863895,    1451.996207,      -0.000061
6461,   8.790000,     515.864015,    1448.852777,       0.000000,     515.863895,    1451.909542,      -0.000067
6462,   8.791000,     515.864015,    1448.783875,       0.000000,     515.863895,    1451.823235,      -0.000067
6463,   8.792000,     515.864015,    1448.715568,       0.000000,     515.863895,    1451.737285,      -0.000074
6464,   8.793000,     515.864015,    1448.647976,       0.000000,     515.863895,    1451.651573,      -0.000088
6465,   8.794000,     515.864015,    1448.580980,       0.000000,     515.863895,    1451.566339,      -0.000101
6466,   8.795000,     515.864015,    1448.514700,       0.000000,     515.863895,    1451.481223,      -0.000108
6467,   8.796000,     515.864015,    1448.448896,       0.000000,     515.863895,    1451.396704,      -0.000121
6468,   8.797000,     515.864015,    1448.383927,       0.000000,     515.863895,    1451.312542,      -0.000128
6469,   8.798000,     515.864015,    1448.319554,       0.000000,     515.863895,    1451.228619,      -0.000128
6470,   8.799000,     515.864015,    1448.255897,       0.000000,     515.863895,    1451.145172,      -0.000128
6471,   8.800000,     515.864015,    1448.192835,       0.000000,     515.863955,    1451.061964,      -0.000121
6472,   8.801000,     515.864015,    1448.130608,       0.000000,     515.863955,    1450.979233,      -0.000114
6473,   8.802000,     515.864015,    1448.068976,       0.000000,     515.863955,    1450.896859,      -0.000108
6474,   8.803000,     515.864015,    1448.008060,       0.000000,     515.863955,    1450.814843,      -0.000101
6475,   8.804000,     515.864015,    1447.947979,       0.000000,     515.863955,    1450.733304,      -0.000094
6476,   8.805000,     515.864015,    1447.888494,       0.000000,     515.863955,    1450.652122,      -0.000081
6477,   8.806000,     515.864015,    1447.829843,       0.000000,     515.863955,    1450.571299,      -0.000074
6478,   8.807000,     515.864015,    1447.771788,       0.000000,     515.863955,    1450.490952,      -0.000067
6479,   8.808000,     515.864015,    1447.714567,       0.000000,     515.863955,    1450.411081,      -0.000061
6480,   8.809000,     515.864015,    1447.658181,       0.000000,     515.863955,    1450.331569,      -0.000054
6481,   8.810000,     515.864015,    1447.602510,       0.000000,     515.863955,    1450.252652,      -0.000054
6482,   8.811000,     515.864015,    1447.547555,       0.000000,     515.863955,    1450.174093,      -0.000061
6483,   8.812000,     515.864015,    1447.493434,       0.000000,     515.863955,    1450.096130,      -0.000067
6484,   8.813000,     515.864015,    1447.440147,       0.000000,     515.863955,    1450.018525,      -0.000074
6485,   8.814000,     515.864015,    1447.387576,       0.000000,     515.863955,    1449.941516,      -0.000088
6486,   8.815000,     515.864015,    1447.335839,       0.000000,     515.863955,    1449.864984,      -0.000094
6487,   8.816000,     515.864015,    1447.284937,       0.000000,     515.863955,    1449.789047,      -0.000101
6488,   8.817000,     515.864015,    1447.234869,       0.000000,     515.863955,    1449.713588,      -0.000108
6489,   8.818000,     515.864015,    1447.185636,       0.000000,     515.863955,    1449.638605,      -0.000108
6490,   8.819000,     515.864015,    1447.137117,       0.000000,     515.863955,    1449.564219,      -0.000108
6491,   8.820000,     515.864015,    1447.089553,       0.000000,     515.863955,    1449.490428,      -0.000108
6492,   8.821000,     515.864015,    1447.042823,       0.000000,     515.863955,    1449.417114,      -0.000101
6493,   8.822000,     515.864015,    1446.997046,       0.000000,     515.863955,    1449.344277,      -0.000094
6494,   8.823000,     515.864015,    1446.951985,       0.000000,     515.863955,    1449.272156,      -0.000088
6495,   8.824000,     515.864015,    1446.907878,       0.000000,     515.863955,    1449.200511,      -0.000074
6496,   8.825000,     515.864015,    1446.864486,       0.000000,     515.863955,    1449.129343,      -0.000067
6497,   8.826000,     515.864015,    1446.822047,       0.000000,     515.863955,    1449.058890,      -0.000061
6498,   8.827000,     515.864015,    1446.780324,       0.000000,     515.863955,    1448.988914,      -0.000054
6499,   8.828000,     515.864015,    1446.739435,       0.000000,     515.863955,    1448.919535,      -0.000047
6500,   8.829000,     515.864015,    1446.699381,       0.000000,     515.863955,    1448.850870,      -0.000040
6501,   8.830000,     515.864015,    1446.660161,       0.000000,     515.863955,    1448.782802,      -0.000040
6502,   8.831000,     515.864015,    1446.621656,       0.000000,     515.863955,    1448.715329,      -0.000040
6503,   8.832000,     515.864015,    1446.583986,       0.000000,     515.863955,    1448.648453,      -0.000047
6504,   8.833000,     515.864015,    1446.547031,       0.000000,     515.863955,    1448.582172,      -0.000054
6505,   8.834000,     515.864015,    1446.510911,       0.000000,     515.863955,    1448.516726,      -0.000061
6506,   8.835000,     515.864015,    1446.475506,       0.000000,     515.863955,    1448.451757,      -0.000067
6507,   8.836000,     515.864015,    1446.440816,       0.000000,     515.863955,    1448.387504,      -0.000074
6508,   8.837000,     515.864015,    1446.406960,       0.000000,     515.863955,    1448.324084,      -0.000081
6509,   8.838000,     515.864015,    1446.373701,       0.000000,     515.863955,    1448.261261,      -0.000088
6510,   8.839000,     515.864015,    1446.341276,       0.000000,     515.863955,    1448.199034,      -0.000094
6511,   8.840000,     515.864015,    1446.309566,       0.000000,     515.863955,    1448.137641,      -0.000094
6512,   8.841000,     515.864015,    1446.278572,       0.000000,     515.863955,    1448.077083,      -0.000088
6513,   8.842000,     515.864015,    1446.248174,       0.000000,     515.863955,    1448.017120,      -0.000088
6514,   8.843000,     515.864015,    1446.218610,       0.000000,     515.863955,    1447.957754,      -0.000081
6515,   8.844000,     515.864015,    1446.189642,       0.000000,     515.863955,    1447.899342,      -0.000074
6516,   8.845000,     515.864015,    1446.161389,       0.000000,     515.863955,    1447.841644,      -0.000067
6517,   8.846000,     515.864015,    1446.133733,       0.000000,     515.863955,    1447.784543,      -0.000061
6518,   8.847000,     515.864015,    1446.106791,       0.000000,     515.863955,    1447.728395,      -0.000047
6519,   8.848000,     515.864015,    1446.080446,       0.000000,     515.863955,    1447.672844,      -0.000040
6520,   8.849000,     515.864015,    1446.054816,       0.000000,     515.863955,    1447.618008,      -0.000040
6521,   8.850000,     515.864015,    1446.029782,       0.000000,     515.863955,    1447.564006,      -0.000034
6522,   8.851000,     515.864015,    1446.005464,       0.000000,     515.863955,    1447.510719,      -0.000034
6523,   8.852000,     515.864015,    1445.981741,       0.000000,     515.863955,    1447.458148,      -0.000034
6524,   8.853000,     515.864015,    1445.958495,       0.000000,     515.863955,    1447.406292,      -0.000034
6525,   8.854000,     515.864015,    1445.935965,       0.000000,     515.863955,    1447.355390,      -0.000034
6526,   8.855000,     515.864015,    1445.914030,       0.000000,     515.863955,    1447.305083,      -0.000040
6527,   8.856000,     515.864015,    1445.892692,       0.000000,     515.863955,    1447.255611,      -0.000040
6528,   8.857000,     515.864015,    1445.871949,       0.000000,     515.863955,    1447.206974,      -0.000047
6529,   8.858000,     515.864015,    1445.851684,       0.000000,     515.863955,    1447.159052,      -0.000054
6530,   8.859000,     515.864015,    1445.832014,       0.000000,     515.863955,    1447.112083,      -0.000061
6531,   8.860000,     515.864015,    1445.812941,       0.000000,     515.863955,    1447.065830,      -0.000067
6532,   8.861000,     515.864015,    1445.794463,       0.000000,     515.864015,    1447.020292,      -0.000067
6533,   8.862000,     515.864015,    1445.776463,       0.000000,     515.863955,    1446.975589,      -0.000067
6534,   8.863000,     515.864015,    1445.758939,       0.000000,     515.863955,    1446.931839,      -0.000061
6535,   8.864000,     515.864015,    1445.742011,       0.000000,     515.863955,    1446.888685,      -0.000061
6536,   8.865000,     515.864015,    1445.725560,       0.000000,     515.863955,    1446.846366,      -0.000054
6537,   8.866000,     515.864015,    1445.709705,       0.000000,     515.863955,    1446.804881,      -0.000047
6538,   8.867000,     515.864015,    1445.694327,       0.000000,     515.863955,    1446.764231,      -0.000047
6539,   8.868000,     515.864015,    1445.679307,       0.000000,     515.863955,    1446.724296,      -0.000040
6540,   8.869000,     515.864015,    1445.664883,       0.000000,     515.863955,    1446.685076,      -0.000034
6541,   8.870000,     515.864015,    1445.650935,       0.000000,     515.863955,    1446.646690,      -0.000034
6542,   8.871000,     515.864015,    1445.637465,       0.000000,     515.863955,    1446.609139,      -0.000027
6543,   8.872000,     515.864015,    1445.624471,       0.000000,     515.863955,    1446.572185,      -0.000020
6544,   8.873000,     515.864015,    1445.611835,       0.000000,     515.863955,    1446.536064,      -0.000020
6545,   8.874000,     515.864015,    1445.599675,       0.000000,     515.864015,    1446.500659,      -0.000020
6546,   8.875000,     515.864015,    1445.587993,       0.000000,     515.863955,    1446.465969,      -0.000020
6547,   8.876000,     515.864015,    1445.576787,       0.000000,     515.863955,    1446.431994,      -0.000020
6548,   8.877000,     515.864015,    1445.565939,       0.000000,     515.864015,    1446.398854,      -0.000027
6549,   8.878000,     515.864015,    1445.555449,       0.000000,     515.864015,    1446.366310,      -0.000027
6550,   8.879000,     515.864015,    1445.545435,       0.000000,     515.863955,    1446.334481,      -0.000027
6551,   8.880000,     515.864015,    1445.535779,       0.000000,     515.863955,    1446.303368,      -0.000027
6552,   8.881000,     515.864015,    1445.526600,       0.000000,     515.863955,    1446.272969,      -0.000034
6553,   8.882000,     515.864015,    1445.517659,       0.000000,     515.863955,    1446.243167,      -0.000027
6554,   8.883000,     515.864015,    1445.509195,       0.000000,     515.863955,    1446.214199,      -0.000027
6555,   8.884000,     515.864015,    1445.501089,       0.000000,     515.863955,    1446.185827,      -0.000027
6556,   8.885000,     515.864015,    1445.493340,       0.000000,     515.863955,    1446.158051,      -0.000027
6557,   8.886000,     515.864015,    1445.485950,       0.000000,     515.863955,    1446.131110,      -0.000020
6558,   8.887000,     515.864015,    1445.478797,       0.000000,     515.863955,    1446.104646,      -0.000020
6559,   8.888000,     515.864015,    1445.472121,       0.000000,     515.863955,    1446.078897,      -0.000013
6560,   8.889000,     515.864015,    1445.465684,       0.000000,     515.863955,    1446.053743,      -0.000013
6561,   8.890000,     515.864015,    1445.459485,       0.000000,     515.863955,    1446.029305,      -0.000013
6562,   8.891000,     515.864015,    1445.453763,       0.000000,     515.863955,    1446.005344,      -0.000007
6563,   8.892000,     515.864015,    1445.448279,       0.000000,     515.863955,    1445.982218,      -0.000007
6564,   8.893000,     515.864015,    1445.443034,       0.000000,     515.864015,    1445.959449,       0.000000
6565,   8.894000,     515.864015,    1445.438147,       0.000000,     515.864015,    1445.937395,       0.000000
6566,   8.895000,     515.864015,    1445.433497,       0.000000,     515.863955,    1445.915937,       0.000000
6567,   8.896000,     515.864015,    1445.429087,       0.000000,     515.864015,    1445.894957,       0.000000
6568,   8.897000,     515.864015,    1445.424914,       0.000000,     515.864015,    1445.874572,       0.000000
6569,   8.898000,     515.864015,    1445.421100,       0.000000,     515.864015,    1445.854783,       0.000000
6570,   8.899000,     515.864015,    1445.417523,       0.000000,     515.863955,    1445.835471,       0.000000
6571,   8.900000,     515.864015,    1445.414066,       0.000000,     515.864015,    1445.816755,      -0.000007
6572,   8.901000,     515.864015,    1445.410967,       0.000000,     515.864015,    1445.798635,      -0.000007
6573,   8.902000,     515.864015,    1445.407987,       0.000000,     515.863955,    1445.780993,      -0.000007
6574,   8.903000,     515.864015,    1445.405364,       0.000000,     515.863955,    1445.763826,      -0.000007
6575,   8.904000,     515.864015,    1445.402741,       0.000000,     515.864015,    1445.747137,      -0.000007
6576,   8.905000,     515.864015,    1445.400476,       0.000000,     515.864015,    1445.731044,       0.000000
6577,   8.906000,     515.864015,    1445.398331,       0.000000,     515.864015,    1445.715427,       0.000000
6578,   8.907000,     515.864015,    1445.396423,       0.000000,     515.864015,    1445.700288,       0.000000
6579,   8.908000,     515.864015,    1445.394635,       0.000000,     515.864015,    1445.685625,       0.000000
6580,   8.909000,     515.864015,    1445.392966,       0.000000,     515.864015,    1445.671439,       0.000000
6581,   8.910000,     515.864015,    1445.391536,       0.000000,     515.864015,    1445.657730,       0.000007
6582,   8.911000,     515.864015,    1445.390224,       0.000000,     515.864015,    1445.644498,       0.000007
6583,   8.912000,     515.864015,    1445.389032,       0.000000,     515.864015,    1445.631742,       0.000007
6584,   8.913000,     515.864015,    1445.388079,       0.000000,     515.864015,    1445.619345,       0.000013
6585,   8.914000,     515.864015,    1445.387125,       0.000000,     515.864015,    1445.607424,       0.000013
6586,   8.915000,     515.864015,    1445.386291,       0.000000,     515.864015,    1445.595980,       0.000013
6587,   8.916000,     515.864015,    1445.385695,       0.000000,     515.864015,    1445.584893,       0.000013
6588,   8.917000,     515.864015,    1445.385098,       0.000000,     515.864015,    1445.574164,       0.000013
6589,   8.918000,     515.864015,    1445.384622,       0.000000,     515.864015,    1445.563793,       0.000013
6590,   8.919000,     515.864015,    1445.384145,       0.000000,     515.864015,    1445.554018,       0.000013
6591,   8.920000,     515.864015,    1445.383787,       0.000000,     515.864015,    1445.544481,       0.000013
6592,   8.921000,     515.864015,    1445.383549,       0.000000,     515.864015,    1445.535302,       0.000013
6593,   8.922000,     515.864015,    1445.383430,       0.000000,     515.864015,    1445.526481,       0.000013
6594,   8.923000,     515.864015,    1445.383191,       0.000000,     515.864015,    1445.518017,       0.000013
6595,   8.924000,     515.864015,    1445.383072,       0.000000,     515.864015,    1445.510030,       0.000013
6596,   8.925000,     515.864015,    1445.383072,       0.000000,     515.864015,    1445.502281,       0.000013
6597,   8.926000,     515.864015,    1445.383072,       0.000000,     515.864015,    1445.494890,       0.000013
6598,   8.927000,     515.864015,    1445.382953,       0.000000,     515.864015,    1445.487857,       0.000013
6599,   8.928000,     515.864015,    1445.382953,       0.000000,     515.864015,    1445.481181,       0.000013
6600,   8.929000,     515.864015,    1445.382953,       0.000000,     515.864015,    1445.474744,       0.000013
6601,   8.930000,     515.864015,    1445.382953,       0.000000,     515.864015,    1445.468664,       0.000013
6602,   8.931000,     515.864015,    1445.382953,       0.000000,     515.864015,    1445.462942,       0.000020
6603,   8.932000,     515.864015,    1445.382953,       0.000000,     515.864015,    1445.457339,       0.000020
6604,   8.933000,     515.864015,    1445.382953,       0.000000,     515.864015,    1445.452094,       0.000020
6605,   8.934000,     515.864015,    1445.382953,       0.000000,     515.864015,    1445.447087,       0.000020
6606,   8.935000,     515.864015,    1445.382953,       0.000000,     515.864015,    1445.442438,       0.000020
6607,   8.936000,     515.864015,    1445.382953,       0.000000,     515.864015,    1445.438027,       0.000027
6608,   8.937000,     515.864015,    1445.382953,       0.000000,     515.864015,    1445.433736,       0.000027
6609,   8.938000,     515.864015,    1445.382953,       0.000000,     515.864015,    1445.429802,       0.000027
6610,   8.939000,     515.864015,    1445.382953,       0.000000,     515.864015,    1445.426106,       0.000027
6611,   8.940000,     515.864015,    1445.382953,       0.000000,     515.864015,    1445.422530,       0.000027
6612,   8.941000,     515.864015,    1445.382953,       0.000000,     515.864015,    1445.419312,       0.000027
6613,   8.942000,     515.864015,    1445.382953,       0.000000,     515.864015,    1445.416212,       0.000027
6614,   8.943000,     515.864015,    1445.382953,       0.000000,     515.864015,    1445.413232,       0.000027
6615,   8.944000,     515.864015,    1445.382953,       0.000000,     515.864015,    1445.410609,       0.000027
6616,   8.945000,     515.864015,    1445.382953,       0.000000,     515.864015,    1445.408106,       0.000027
6617,   8.946000,     515.864015,    1445.382953,       0.000000,     515.864015,    1445.405722,       0.000027
6618,   8.947000,     515.864015,    1445.382953,       0.000000,     515.864015,    1445.403576,       0.000027
6619,   8.948000,     515.864015,    1445.382953,       0.000000,     515.864015,    1445.401549,       0.000027
6620,   8.949000,     515.864015,    1445.382953,       0.000000,     515.864015,    1445.399761,       0.000027
6621,   8.950000,     515.864015,    1445.382953,       0.000000,     515.864015,    1445.397973,       0.000027
6622,   8.951000,     515.864015,    1445.382953,       0.000000,     515.864015,    1445.396423,       0.000027
6623,   8.952000,     515.864015,    1445.382953,       0.000000,     515.864015,    1445.395112,       0.000027
6624,   8.953000,     515.864015,    1445.382953,       0.000000,     515.864015,    1445.393682,       0.000027
6625,   8.954000,     515.864015,    1445.382953,       0.000000,     515.864015,    1445.392489,       0.000027
6626,   8.955000,     515.864015,    1445.382953,       0.000000,     515.864015,    1445.391417,       0.000027
6627,   8.956000,     515.864015,    1445.382953,       0.000000,     515.864015,    1445.390463,       0.000027
6628,   8.957000,     515.864015,    1445.382953,       0.000000,     515.864015,    1445.389509,       0.000034
6629,   8.958000,     515.864015,    1445.382953,       0.000000,     515.864015,    1445.388794,       0.000034
6630,   8.959000,     515.864015,    1445.382953,       0.000000,     515.864015,    1445.387959,       0.000034
6631,   8.960000,     515.864015,    1445.382953,       0.000000,     515.864015,    1445.387363,       0.000034
6632,   8.961000,     515.864015,    1445.382953,       0.000000,     515.864015,    1445.386767,       0.000034
6633,   8.962000,     515.864015,    1445.382953,       0.000000,     515.864015,    1445.386171,       0.000027
6634,   8.963000,     515.864015,    1445.382953,       0.000000,     515.864015,    1445.385695,       0.000027
6635,   8.964000,     515.864015,    1445.382953,       0.000000,     515.864015,    1445.385337,       0.000027
6636,   8.965000,     515.864015,    1445.382953,       0.000000,     515.864015,    1445.384979,       0.000027
6637,   8.966000,     515.864015,    1445.382953,       0.000000,     515.864015,    1445.384741,       0.000027
6638,   8.967000,     515.864015,    1445.382953,       0.000000,     515.864015,    1445.384383,       0.000027
6639,   8.968000,     515.864015,    1445.382953,       0.000000,     515.864015,    1445.384145,       0.000027
6640,   8.969000,     515.864015,    1445.382953,       0.000000,     515.864015,    1445.383906,       0.000027
6641,   8.970000,     515.864015,    1445.382953,       0.000000,     515.864015,    1445.383787,       0.000027
6642,   8.971000,     515.864015,    1445.382953,       0.000000,     515.864015,    1445.383668,       0.000027
6643,   8.972000,     515.864015,    1445.382953,       0.000000,     515.864015,    1445.383430,       0.000027
6644,   8.973000,     515.864015,    1445.382953,       0.000000,     515.864015,    1445.383310,       0.000027
6645,   8.974000,     515.864015,    1445.382953,       0.000000,     515.864015,    1445.383310,       0.000027
6646,   8.975000,     515.864015,    1445.382953,       0.000000,     515.864015,    1445.383191,       0.000027
6647,   8.976000,     515.864015,    1445.382953,       0.000000,     515.864015,    1445.383072,       0.000027
6648,   8.977000,     515.864015,    1445.382953,       0.000000,     515.864015,    1445.383072,       0.000027
6649,   8.978000,     515.864015,    1445.382953,       0.000000,     515.864015,    1445.382953,       0.000027
6650,   8.979000,     515.864015,    1445.382953,       0.000000,     515.864015,    1445.382953,       0.000027
6651,   8.980000,     515.864015,    1445.382953,       0.000000,     515.864015,    1445.382833,       0.000027
6652,   8.984000,     515.864015,    1445.382953,       0.000000,     515.864015,    1445.382833,       0.000027
6653,   8.985000,     515.864015,    1445.382953,       0.000000,     515.864015,    1445.382833,       0.000020
6654,   8.986000,     515.864015,    1445.382953,       0.000000,     515.864015,    1445.382714,       0.000020
6655,   8.999000,     515.864015,    1445.382953,       0.000000,     515.864015,    1445.382714,       0.000020
6656,   9.000000,     515.864015,    1445.382953,       0.000000,     515.864015,    1445.382714,       0.000020
6657,   9.005000,     515.864015,    1445.382953,       0.000000,     515.864015,    1445.382714,       0.000020
6658,   9.006000,     515.864015,    1445.382953,       0.000000,     515.864015,    1445.382714,       0.000013
6659,   9.020000,     515.864015,    1445.382953,       0.000000,     515.864015,    1445.382714,       0.000013
6660,   9.021000,     515.864015,    1445.382953,       0.000000,     515.864015,    1445.382833,       0.000013
6661,   9.029000,     515.864015,    1445.382953,       0.000000,     515.864015,    1445.382833,       0.000013
6662,   9.030000,     515.864015,    1445.382953,       0.000000,     515.864015,    1445.382833,       0.000007
6663,   9.031000,     515.864015,    1445.382953,       0.000000,     515.864015,    1445.382833,       0.000013
6664,   9.036000,     515.864015,    1445.382953,       0.000000,     515.864015,    1445.382833,       0.000013
6665,   9.037000,     515.864015,    1445.382953,       0.000000,     515.864015,    1445.382833,       0.000007
6666,   9.038000,     515.864015,    1445.382953,       0.000000,     515.864015,    1445.382833,       0.000013
6667,   9.039000,     515.864015,    1445.382953,       0.000000,     515.864015,    1445.382833,       0.000013
6668,   9.040000,     515.864015,    1445.382953,       0.000000,     515.864015,    1445.382833,       0.000007
6669,   9.081000,     515.864015,    1445.382953,       0.000000,     515.864015,    1445.382833,       0.000007
6670,   9.082000,     515.864015,    1445.382953,       0.000000,     515.864015,    1445.382833,       0.000000
6671,   9.083000,     515.864015,    1445.382953,       0.000000,     515.864015,    1445.382833,       0.000000
6672,   9.084000,     515.864015,    1445.382953,       0.000000,     515.864015,    1445.382833,       0.000007
6673,   9.087000,     515.864015,    1445.382953,       0.000000,     515.864015,    1445.382833,       0.000007
6674,   9.088000,     515.864015,    1445.382953,       0.000000,     515.864015,    1445.382833,       0.000000
6675,   9.089000,     515.864015,    1445.382953,       0.000000,     515.864015,    1445.382833,       0.000007
6676,   9.090000,     515.864015,    1445.382953,       0.000000,     515.864015,    1445.382833,       0.000000
6677,   9.091000,     515.864015,    1445.382953,       0.000000,     515.864015,    1445.382953,       0.000000
6678,   9.092000,     515.864015,    1445.382953,       0.000000,     515.864015,    1445.382833,       0.000000
6679,   9.093000,     515.864015,    1445.382953,       0.000000,     515.864015,    1445.382833,       0.000000
6680,   9.094000,     515.864015,    1445.382953,       0.000000,     515.864015,    1445.382953,       0.000000
6681,   9.095000,     515.864015,    1445.382953,       0.000000,     515.864015,    1445.382953,       0.000007
6682,   9.096000,     515.864015,    1445.382953,       0.000000,     515.864015,    1445.382833,       0.000007
6683,   9.097000,     515.864015,    1445.382953,       0.000000,     515.864015,    1445.382953,       0.000007
6684,   9.098000,     515.864015,    1445.382953,       0.000000,     515.864015,    1445.382953,       0.000000
6685,   9.099000,     515.864015,    1445.382953,       0.000000,     515.864015,    1445.382953,       0.000007
6686,   9.100000,     515.864015,    1445.382953,       0.000000,     515.864015,    1445.382953,       0.000000
6687,   9.386000,     515.864015,    1445.382953,       0.000000,     515.864015,    1445.382953,       0.000000
6688,   9.387000,     515.864015,    1445.382953,       0.000000,     515.864015,    1445.382953,       0.000007
6689,   9.388000,     515.864015,    1445.382953,       0.000000,     515.864015,    1445.382953,       0.000000
6690,   9.435000,     515.864015,    1445.382953,       0.000000,     515.864015,    1445.382953,       0.000000
6691,   9.436000,     515.864015,    1445.382953,       0.000000,     515.864015,    1445.382953,       0.000007
6692,   9.437000,     515.864015,    1445.382953,       0.000000,     515.864015,    1445.382953,       0.000000
6693,   9.499000,     515.864015,    1445.382953,       0.000000,     515.864015,    1445.382953,       0.000000
